step,time_s,inventory_mol,input_mol,residual_mol,inventory_rate_mol_s,input_rate_mol_s,balance_rate_mol_s,predicted_rate_mol_s,predicted_integral_mol,loop_inventory_mol,supplied_inventory,current_A,capacity_Ah
0.000000000000000000e+00,0.000000000000000000e+00,2.669565878849998186e-01,0.000000000000000000e+00,0.000000000000000000e+00,2.767618298749157009e-18,0.000000000000000000e+00,2.767618298749157009e-18,-1.010334749750251098e-19,0.000000000000000000e+00,2.669565878850003737e-01,2.766810063355795450e-06,0.000000000000000000e+00,0.000000000000000000e+00
0.000000000000000000e+00,5.000000000000000000e+00,2.669565878850003182e-01,0.000000000000000000e+00,4.996003610813204432e-16,1.313008383605778582e-18,0.000000000000000000e+00,1.313008383605778582e-18,1.387263395869969576e-19,9.423216152992961954e-20,2.669565878850002627e-01,2.766810063355795450e-06,0.000000000000000000e+00,0.000000000000000000e+00
0.000000000000000000e+00,1.000000000000000000e+01,2.669565878849999851e-01,0.000000000000000000e+00,1.665334536937734811e-16,1.454733284716663719e-18,0.000000000000000000e+00,1.454733284716663719e-18,2.384473148565527931e-19,1.037166297638803996e-18,2.669565878850003737e-01,2.766810063355794179e-06,0.000000000000000000e+00,0.000000000000000000e+00
0.000000000000000000e+00,1.500000000000000000e+01,2.669565878850000962e-01,0.000000000000000000e+00,2.775557561562891351e-16,1.719240870204514505e-18,0.000000000000000000e+00,1.719240870204514505e-18,2.603318686625985906e-19,2.284114256436682455e-18,2.669565878850004848e-01,2.766810063355793332e-06,0.000000000000000000e+00,0.000000000000000000e+00
0.000000000000000000e+00,2.000000000000000000e+01,2.669565878850000962e-01,0.000000000000000000e+00,2.775557561562891351e-16,2.140217757954786107e-18,0.000000000000000000e+00,2.140217757954786107e-18,4.138787880664657847e-19,3.969640898259343394e-18,2.669565878850004848e-01,2.766810063355795026e-06,0.000000000000000000e+00,0.000000000000000000e+00
0.000000000000000000e+00,2.500000000000000000e+01,2.669565878850000962e-01,0.000000000000000000e+00,2.775557561562891351e-16,1.574150512857344185e-18,0.000000000000000000e+00,1.574150512857344185e-18,2.372244931108116136e-19,5.597399101202536889e-18,2.669565878850006513e-01,2.766810063355793755e-06,0.000000000000000000e+00,0.000000000000000000e+00
0.000000000000000000e+00,3.000000000000000000e+01,2.669565878849998741e-01,0.000000000000000000e+00,5.551115123125782702e-17,3.564145161761717726e-18,0.000000000000000000e+00,3.564145161761717726e-18,2.050213255587136791e-18,1.131599347294740790e-17,2.669565878850003182e-01,2.766810063355796297e-06,0.000000000000000000e+00,0.000000000000000000e+00
0.000000000000000000e+00,3.500000000000000000e+01,2.669565878850000407e-01,0.000000000000000000e+00,2.220446049250313081e-16,1.453855370364401838e-18,0.000000000000000000e+00,1.453855370364401838e-18,2.179849768209488634e-19,1.698648905396762204e-17,2.669565878850007068e-01,2.766810063355795450e-06,0.000000000000000000e+00,0.000000000000000000e+00
0.000000000000000000e+00,4.000000000000000000e+01,2.669565878850002627e-01,0.000000000000000000e+00,4.440892098500626162e-16,1.113437775639837794e-18,0.000000000000000000e+00,1.113437775639837794e-18,1.156393667505104100e-19,1.782054991289627022e-17,2.669565878850005958e-01,2.766810063355794179e-06,0.000000000000000000e+00,0.000000000000000000e+00
0.000000000000000000e+00,4.500000000000000000e+01,2.669565878850000962e-01,0.000000000000000000e+00,2.775557561562891351e-16,1.192866316124665254e-18,0.000000000000000000e+00,1.192866316124665254e-18,8.139246141304293332e-21,1.812999644512580698e-17,2.669565878850006513e-01,2.766810063355794602e-06,0.000000000000000000e+00,0.000000000000000000e+00
0.000000000000000000e+00,5.000000000000000000e+01,2.669565878850000407e-01,0.000000000000000000e+00,2.220446049250313081e-16,1.035064450870437295e-18,0.000000000000000000e+00,1.035064450870437295e-18,-4.625972867807455762e-21,1.813877962830954907e-17,2.669565878850006513e-01,2.766810063355795450e-06,0.000000000000000000e+00,0.000000000000000000e+00
0.000000000000000000e+00,5.500000000000000000e+01,2.669565878850001517e-01,0.000000000000000000e+00,3.330669073875469621e-16,1.306272768245786850e-18,0.000000000000000000e+00,1.306272768245786850e-18,2.556337038483095206e-20,1.819112312210210781e-17,2.669565878850007623e-01,2.766810063355795450e-06,0.000000000000000000e+00,0.000000000000000000e+00
0.000000000000000000e+00,6.000000000000000000e+01,2.669565878850000962e-01,0.000000000000000000e+00,2.775557561562891351e-16,1.404272899652825677e-18,0.000000000000000000e+00,1.404272899652825677e-18,-1.123448703411516036e-19,1.797416937221130619e-17,2.669565878850007068e-01,2.766810063355795450e-06,0.000000000000000000e+00,0.000000000000000000e+00
0.000000000000000000e+00,6.500000000000000000e+01,2.669565878849999851e-01,0.000000000000000000e+00,1.665334536937734811e-16,2.769434126947215103e-18,0.000000000000000000e+00,2.769434126947215103e-18,1.728438074963501935e-18,2.201440238376718356e-17,2.669565878850004848e-01,2.766810063355794602e-06,0.000000000000000000e+00,0.000000000000000000e+00
0.000000000000000000e+00,7.000000000000000000e+01,2.669565878850002627e-01,0.000000000000000000e+00,4.440892098500626162e-16,3.062248753680737405e-18,0.000000000000000000e+00,3.062248753680737405e-18,1.924598907864518583e-18,3.114699484083723293e-17,2.669565878850005403e-01,2.766810063355794602e-06,0.000000000000000000e+00,0.000000000000000000e+00
0.000000000000000000e+00,7.500000000000000000e+01,2.669565878849999296e-01,0.000000000000000000e+00,1.110223024625156540e-16,1.063702369398787288e-18,0.000000000000000000e+00,1.063702369398787288e-18,-1.981686780624109524e-19,3.546307041534250470e-17,2.669565878850004292e-01,2.766810063355794602e-06,0.000000000000000000e+00,0.000000000000000000e+00
0.000000000000000000e+00,8.000000000000000000e+01,2.669565878849999296e-01,0.000000000000000000e+00,1.110223024625156540e-16,8.531957423571006742e-19,0.000000000000000000e+00,8.531957423571006742e-19,-2.316321150118302318e-19,3.438856843265690097e-17,2.669565878850003737e-01,2.766810063355793755e-06,0.000000000000000000e+00,0.000000000000000000e+00
0.000000000000000000e+00,8.500000000000000000e+01,2.669565878850000407e-01,0.000000000000000000e+00,2.220446049250313081e-16,1.528239102876871665e-18,0.000000000000000000e+00,1.528239102876871665e-18,-1.095036646369271236e-19,3.353572898353500835e-17,2.669565878850001517e-01,2.766810063355793755e-06,0.000000000000000000e+00,0.000000000000000000e+00
0.000000000000000000e+00,9.000000000000000000e+01,2.669565878850003182e-01,0.000000000000000000e+00,4.996003610813204432e-16,2.161430529030684947e-18,0.000000000000000000e+00,2.161430529030684947e-18,1.007180552664333818e-18,3.577992120360352278e-17,2.669565878850002627e-01,2.766810063355793332e-06,0.000000000000000000e+00,0.000000000000000000e+00
0.000000000000000000e+00,9.500000000000000000e+01,2.669565878850002072e-01,0.000000000000000000e+00,3.885780586188047891e-16,3.106754338712757387e-18,0.000000000000000000e+00,3.106754338712757387e-18,2.134285117786696731e-18,4.363358537973109723e-17,2.669565878850005958e-01,2.766810063355794602e-06,0.000000000000000000e+00,0.000000000000000000e+00
0.000000000000000000e+00,1.000000000000000000e+02,2.669565878850000962e-01,0.000000000000000000e+00,2.775557561562891351e-16,2.761592984146020060e-18,0.000000000000000000e+00,2.761592984146020060e-18,2.187303074438836695e-18,5.443755586029492829e-17,2.669565878850005403e-01,2.766810063355795450e-06,0.000000000000000000e+00,0.000000000000000000e+00
0.000000000000000000e+00,1.050000000000000000e+02,2.669565878849999851e-01,0.000000000000000000e+00,1.665334536937734811e-16,3.455572555608871222e-18,0.000000000000000000e+00,3.455572555608871222e-18,2.159195618801813609e-18,6.530380259339654769e-17,2.669565878850004292e-01,2.766810063355793755e-06,0.000000000000000000e+00,0.000000000000000000e+00
0.000000000000000000e+00,1.100000000000000000e+02,2.669565878849999851e-01,0.000000000000000000e+00,1.665334536937734811e-16,3.074106749426452916e-18,0.000000000000000000e+00,3.074106749426452916e-18,1.749490938852039324e-18,7.507551898753118060e-17,2.669565878850003737e-01,2.766810063355793755e-06,0.000000000000000000e+00,0.000000000000000000e+00
0.000000000000000000e+00,1.150000000000000000e+02,2.669565878850002072e-01,0.000000000000000000e+00,3.885780586188047891e-16,2.396501634178095507e-18,0.000000000000000000e+00,2.396501634178095507e-18,1.147127314209675070e-18,8.231706462018546158e-17,2.669565878850002627e-01,2.766810063355794179e-06,0.000000000000000000e+00,0.000000000000000000e+00
0.000000000000000000e+00,1.200000000000000000e+02,2.669565878850001517e-01,0.000000000000000000e+00,3.330669073875469621e-16,2.179146058116413744e-18,0.000000000000000000e+00,2.179146058116413744e-18,8.337521066061636066e-19,8.726926317222505519e-17,2.669565878850001517e-01,2.766810063355795873e-06,0.000000000000000000e+00,0.000000000000000000e+00
0.000000000000000000e+00,1.250000000000000000e+02,2.669565878850000962e-01,0.000000000000000000e+00,2.775557561562891351e-16,1.449708179226231755e-18,0.000000000000000000e+00,1.449708179226231755e-18,1.507945932564225675e-19,8.973062992188152351e-17,2.669565878850002072e-01,2.766810063355795450e-06,0.000000000000000000e+00,0.000000000000000000e+00
0.000000000000000000e+00,1.300000000000000000e+02,2.669565878850003182e-01,0.000000000000000000e+00,4.996003610813204432e-16,1.625189287142531839e-18,0.000000000000000000e+00,1.625189287142531839e-18,5.410816747840989047e-20,9.024288682371860389e-17,2.669565878850001517e-01,2.766810063355794602e-06,0.000000000000000000e+00,0.000000000000000000e+00
0.000000000000000000e+00,1.350000000000000000e+02,2.669565878850002627e-01,0.000000000000000000e+00,4.440892098500626162e-16,1.462615887445694387e-18,0.000000000000000000e+00,1.462615887445694387e-18,2.160020386249210372e-19,9.091816233897692736e-17,2.669565878850000962e-01,2.766810063355794179e-06,0.000000000000000000e+00,0.000000000000000000e+00
0.000000000000000000e+00,1.400000000000000000e+02,2.669565878850003182e-01,0.000000000000000000e+00,4.996003610813204432e-16,1.779505414150056545e-18,0.000000000000000000e+00,1.779505414150056545e-18,1.606756043640912812e-19,9.185985644644945584e-17,2.669565878850001517e-01,2.766810063355794602e-06,0.000000000000000000e+00,0.000000000000000000e+00
0.000000000000000000e+00,1.450000000000000000e+02,2.669565878850003182e-01,0.000000000000000000e+00,4.996003610813204432e-16,1.729981660918091908e-18,0.000000000000000000e+00,1.729981660918091908e-18,2.398494924760763485e-19,9.286116918854987106e-17,2.669565878850003182e-01,2.766810063355795450e-06,0.000000000000000000e+00,0.000000000000000000e+00
0.000000000000000000e+00,1.500000000000000000e+02,2.669565878850001517e-01,0.000000000000000000e+00,3.330669073875469621e-16,1.850717964477494230e-18,0.000000000000000000e+00,1.850717964477494230e-18,3.075399856033283679e-19,9.422964288374838363e-17,2.669565878850002072e-01,2.766810063355795026e-06,0.000000000000000000e+00,0.000000000000000000e+00
0.000000000000000000e+00,1.550000000000000000e+02,2.669565878850000962e-01,0.000000000000000000e+00,2.775557561562891351e-16,1.525756492666837285e-18,0.000000000000000000e+00,1.525756492666837285e-18,3.490124068133306492e-19,9.587102386479002809e-17,2.669565878850001517e-01,2.766810063355794602e-06,0.000000000000000000e+00,0.000000000000000000e+00
0.000000000000000000e+00,1.600000000000000000e+02,2.669565878850001517e-01,0.000000000000000000e+00,3.330669073875469621e-16,1.557009413446680160e-18,0.000000000000000000e+00,1.557009413446680160e-18,3.127083918036434643e-19,9.752532586133246722e-17,2.669565878849999851e-01,2.766810063355793755e-06,0.000000000000000000e+00,0.000000000000000000e+00
0.000000000000000000e+00,1.650000000000000000e+02,2.669565878850002627e-01,0.000000000000000000e+00,4.440892098500626162e-16,1.945626657518479100e-18,0.000000000000000000e+00,1.945626657518479100e-18,4.653426564140693611e-19,9.947045348187675083e-17,2.669565878849999851e-01,2.766810063355792908e-06,0.000000000000000000e+00,0.000000000000000000e+00
0.000000000000000000e+00,1.700000000000000000e+02,2.669565878850003182e-01,0.000000000000000000e+00,4.996003610813204432e-16,1.762931367642708767e-18,0.000000000000000000e+00,1.762931367642708767e-18,3.724745898299958678e-19,1.015649965974869108e-16,2.669565878850001517e-01,2.766810063355796297e-06,0.000000000000000000e+00,0.000000000000000000e+00
0.000000000000000000e+00,1.750000000000000000e+02,2.669565878850003182e-01,0.000000000000000000e+00,4.996003610813204432e-16,1.580929797437059225e-18,0.000000000000000000e+00,1.580929797437059225e-18,2.131536474321714408e-19,1.030290671906423314e-16,2.669565878850003182e-01,2.766810063355797144e-06,0.000000000000000000e+00,0.000000000000000000e+00
0.000000000000000000e+00,1.800000000000000000e+02,2.669565878850003182e-01,0.000000000000000000e+00,4.996003610813204432e-16,1.613652681758333696e-18,0.000000000000000000e+00,1.613652681758333696e-18,2.056631817914517337e-19,1.040761092637013947e-16,2.669565878850003737e-01,2.766810063355796297e-06,0.000000000000000000e+00,0.000000000000000000e+00
0.000000000000000000e+00,1.850000000000000000e+02,2.669565878850002627e-01,0.000000000000000000e+00,4.440892098500626162e-16,1.524278248863726635e-18,0.000000000000000000e+00,1.524278248863726635e-18,1.421401881581177307e-19,1.049456176885753230e-16,2.669565878850005403e-01,2.766810063355794602e-06,0.000000000000000000e+00,0.000000000000000000e+00
0.000000000000000000e+00,1.900000000000000000e+02,2.669565878850003182e-01,0.000000000000000000e+00,4.996003610813204432e-16,1.368169414778527903e-18,0.000000000000000000e+00,1.368169414778527903e-18,2.141805640611780130e-19,1.058364195691235585e-16,2.669565878850006513e-01,2.766810063355794602e-06,0.000000000000000000e+00,0.000000000000000000e+00
0.000000000000000000e+00,1.950000000000000000e+02,2.669565878850002627e-01,0.000000000000000000e+00,4.440892098500626162e-16,1.340809292103257118e-18,0.000000000000000000e+00,1.340809292103257118e-18,1.375796046978026283e-19,1.067158199910210124e-16,2.669565878850004848e-01,2.766810063355795026e-06,0.000000000000000000e+00,0.000000000000000000e+00
0.000000000000000000e+00,2.000000000000000000e+02,2.669565878850001517e-01,0.000000000000000000e+00,3.330669073875469621e-16,1.442935750854751705e-18,0.000000000000000000e+00,1.442935750854751705e-18,1.290260918935250295e-19,1.073823342324993331e-16,2.669565878850004292e-01,2.766810063355795450e-06,0.000000000000000000e+00,0.000000000000000000e+00
0.000000000000000000e+00,2.050000000000000000e+02,2.669565878850003182e-01,0.000000000000000000e+00,4.996003610813204432e-16,1.313060379735780321e-18,0.000000000000000000e+00,1.313060379735780321e-18,2.413634121502504005e-19,1.083083079926087655e-16,2.669565878850003737e-01,2.766810063355796297e-06,0.000000000000000000e+00,0.000000000000000000e+00
0.000000000000000000e+00,2.100000000000000000e+02,2.669565878850004292e-01,0.000000000000000000e+00,6.106226635438360972e-16,1.693365470509166593e-18,0.000000000000000000e+00,1.693365470509166593e-18,3.961943107162661262e-20,1.090107651006634642e-16,2.669565878850003182e-01,2.766810063355795450e-06,0.000000000000000000e+00,0.000000000000000000e+00
0.000000000000000000e+00,2.150000000000000000e+02,2.669565878850003182e-01,0.000000000000000000e+00,4.996003610813204432e-16,1.653702341254942611e-18,0.000000000000000000e+00,1.653702341254942611e-18,1.687553821308298084e-19,1.095317021336696022e-16,2.669565878850000962e-01,2.766810063355795873e-06,0.000000000000000000e+00,0.000000000000000000e+00
0.000000000000000000e+00,2.200000000000000000e+02,2.669565878850003737e-01,0.000000000000000000e+00,5.551115123125782702e-16,1.335854662106069441e-18,0.000000000000000000e+00,1.335854662106069441e-18,1.617964400718744101e-19,1.103580816891763643e-16,2.669565878850000962e-01,2.766810063355796297e-06,0.000000000000000000e+00,0.000000000000000000e+00
0.000000000000000000e+00,2.250000000000000000e+02,2.669565878850003182e-01,0.000000000000000000e+00,4.996003610813204432e-16,1.735216146425401177e-18,0.000000000000000000e+00,1.735216146425401177e-18,2.327737688113490674e-19,1.113445072113844184e-16,2.669565878850000407e-01,2.766810063355796720e-06,0.000000000000000000e+00,0.000000000000000000e+00
0.000000000000000000e+00,2.300000000000000000e+02,2.669565878850003182e-01,0.000000000000000000e+00,4.996003610813204432e-16,1.169407731532152786e-18,0.000000000000000000e+00,1.169407731532152786e-18,2.890785610754709277e-19,1.126491380361014637e-16,2.669565878850000407e-01,2.766810063355796297e-06,0.000000000000000000e+00,0.000000000000000000e+00
0.000000000000000000e+00,2.350000000000000000e+02,2.669565878850003182e-01,0.000000000000000000e+00,4.996003610813204432e-16,1.206682447850899993e-18,0.000000000000000000e+00,1.206682447850899993e-18,1.999311595638138477e-19,1.138716623376996695e-16,2.669565878849999851e-01,2.766810063355796297e-06,0.000000000000000000e+00,0.000000000000000000e+00
0.000000000000000000e+00,2.400000000000000000e+02,2.669565878850003182e-01,0.000000000000000000e+00,4.996003610813204432e-16,1.254435214209420957e-18,0.000000000000000000e+00,1.254435214209420957e-18,2.578305225732579085e-19,1.150160665430423381e-16,2.669565878849998186e-01,2.766810063355795450e-06,0.000000000000000000e+00,0.000000000000000000e+00
0.000000000000000000e+00,2.450000000000000000e+02,2.669565878850004292e-01,0.000000000000000000e+00,6.106226635438360972e-16,1.892048568177932971e-18,0.000000000000000000e+00,1.892048568177932971e-18,3.821827613964513622e-19,1.166160997529666020e-16,2.669565878849998741e-01,2.766810063355796297e-06,0.000000000000000000e+00,0.000000000000000000e+00
0.000000000000000000e+00,2.500000000000000000e+02,2.669565878850004292e-01,0.000000000000000000e+00,6.106226635438360972e-16,1.246017232701518153e-18,0.000000000000000000e+00,1.246017232701518153e-18,2.244563897439352689e-19,1.181326976308175594e-16,2.669565878849997631e-01,2.766810063355794602e-06,0.000000000000000000e+00,0.000000000000000000e+00
0.000000000000000000e+00,2.550000000000000000e+02,2.669565878850003182e-01,0.000000000000000000e+00,4.996003610813204432e-16,1.592746456292491740e-18,0.000000000000000000e+00,1.592746456292491740e-18,2.698093106051053382e-19,1.193683618816901609e-16,2.669565878850000407e-01,2.766810063355795450e-06,0.000000000000000000e+00,0.000000000000000000e+00
0.000000000000000000e+00,2.600000000000000000e+02,2.669565878850003182e-01,0.000000000000000000e+00,4.996003610813204432e-16,1.279714873497804376e-18,0.000000000000000000e+00,1.279714873497804376e-18,1.932083512417099238e-19,1.205259060363072006e-16,2.669565878850000407e-01,2.766810063355797144e-06,0.000000000000000000e+00,0.000000000000000000e+00
0.000000000000000000e+00,2.650000000000000000e+02,2.669565878850002627e-01,0.000000000000000000e+00,4.440892098500626162e-16,1.554314145776935054e-18,0.000000000000000000e+00,1.554314145776935054e-18,2.652487271447131986e-19,1.216720487322732491e-16,2.669565878850002627e-01,2.766810063355795450e-06,0.000000000000000000e+00,0.000000000000000000e+00
0.000000000000000000e+00,2.700000000000000000e+02,2.669565878850003182e-01,0.000000000000000000e+00,4.996003610813204432e-16,1.550856899293207338e-18,0.000000000000000000e+00,1.550856899293207338e-18,1.462247291005261269e-19,1.227007323728863490e-16,2.669565878850004292e-01,2.766810063355796297e-06,0.000000000000000000e+00,0.000000000000000000e+00
0.000000000000000000e+00,2.750000000000000000e+02,2.669565878850004848e-01,0.000000000000000000e+00,6.661338147750939243e-16,1.677120682742064730e-18,0.000000000000000000e+00,1.677120682742064730e-18,2.732345858325888875e-19,1.237493806602191412e-16,2.669565878850002072e-01,2.766810063355795026e-06,0.000000000000000000e+00,0.000000000000000000e+00
0.000000000000000000e+00,2.800000000000000000e+02,2.669565878850004292e-01,0.000000000000000000e+00,6.106226635438360972e-16,1.132662945178719703e-18,0.000000000000000000e+00,1.132662945178719703e-18,2.625549787011400386e-19,1.250888545715534573e-16,2.669565878850003182e-01,2.766810063355792908e-06,0.000000000000000000e+00,0.000000000000000000e+00
0.000000000000000000e+00,2.850000000000000000e+02,2.669565878850004292e-01,0.000000000000000000e+00,6.106226635438360972e-16,1.494994587200959223e-18,0.000000000000000000e+00,1.494994587200959223e-18,3.063133288169570925e-19,1.265110253403487094e-16,2.669565878850004848e-01,2.766810063355793755e-06,0.000000000000000000e+00,0.000000000000000000e+00
0.000000000000000000e+00,2.900000000000000000e+02,2.669565878850003737e-01,0.000000000000000000e+00,5.551115123125782702e-16,1.736621129512648339e-18,0.000000000000000000e+00,1.736621129512648339e-18,3.108377817426546235e-19,1.280539031167477433e-16,2.669565878850004848e-01,2.766810063355795026e-06,0.000000000000000000e+00,0.000000000000000000e+00
0.000000000000000000e+00,2.950000000000000000e+02,2.669565878850003182e-01,0.000000000000000000e+00,4.996003610813204432e-16,1.300316057316270465e-18,0.000000000000000000e+00,1.300316057316270465e-18,2.630503717482112795e-19,1.294886235004749003e-16,2.669565878850005403e-01,2.766810063355795026e-06,0.000000000000000000e+00,0.000000000000000000e+00
0.000000000000000000e+00,3.000000000000000000e+02,2.669565878850004848e-01,0.000000000000000000e+00,6.661338147750939243e-16,2.181402009445403311e-18,0.000000000000000000e+00,2.181402009445403311e-18,6.062174867239260878e-19,1.316617931466552438e-16,2.669565878850005403e-01,2.766810063355794602e-06,0.000000000000000000e+00,0.000000000000000000e+00
0.000000000000000000e+00,3.050000000000000000e+02,2.669565878850004292e-01,0.000000000000000000e+00,6.106226635438360972e-16,1.661964974451287664e-18,0.000000000000000000e+00,1.661964974451287664e-18,3.380206298315559885e-19,1.340223884380439397e-16,2.669565878850004848e-01,2.766810063355793332e-06,0.000000000000000000e+00,0.000000000000000000e+00
0.000000000000000000e+00,3.100000000000000000e+02,2.669565878850004292e-01,0.000000000000000000e+00,6.106226635438360972e-16,1.646226155764094944e-18,0.000000000000000000e+00,1.646226155764094944e-18,3.667104751561986108e-19,1.357842162005133154e-16,2.669565878850003737e-01,2.766810063355793755e-06,0.000000000000000000e+00,0.000000000000000000e+00
0.000000000000000000e+00,3.150000000000000000e+02,2.669565878850004292e-01,0.000000000000000000e+00,6.106226635438360972e-16,1.757584473819280859e-18,0.000000000000000000e+00,1.757584473819280859e-18,4.281937942325681504e-19,1.377714768739852277e-16,2.669565878850005403e-01,2.766810063355794179e-06,0.000000000000000000e+00,0.000000000000000000e+00
0.000000000000000000e+00,3.200000000000000000e+02,2.669565878850004292e-01,0.000000000000000000e+00,6.106226635438360972e-16,1.972893482992617071e-18,0.000000000000000000e+00,1.972893482992617071e-18,4.189720488409690563e-19,1.398893914816690738e-16,2.669565878850006513e-01,2.766810063355794602e-06,0.000000000000000000e+00,0.000000000000000000e+00
0.000000000000000000e+00,3.250000000000000000e+02,2.669565878850005403e-01,0.000000000000000000e+00,7.216449660063517513e-16,1.634845001436630826e-18,0.000000000000000000e+00,1.634845001436630826e-18,5.196892651074365484e-19,1.422360447665400832e-16,2.669565878850006513e-01,2.766810063355795450e-06,0.000000000000000000e+00,0.000000000000000000e+00
0.000000000000000000e+00,3.300000000000000000e+02,2.669565878850004292e-01,0.000000000000000000e+00,6.106226635438360972e-16,1.560784424353567915e-18,0.000000000000000000e+00,1.560784424353567915e-18,4.005285580577523792e-19,1.445365893244530478e-16,2.669565878850007623e-01,2.766810063355796297e-06,0.000000000000000000e+00,0.000000000000000000e+00
0.000000000000000000e+00,3.350000000000000000e+02,2.669565878850004292e-01,0.000000000000000000e+00,6.106226635438360972e-16,1.570697960597915285e-18,0.000000000000000000e+00,1.570697960597915285e-18,1.783386959131148233e-19,1.459837574593802174e-16,2.669565878850007068e-01,2.766810063355796720e-06,0.000000000000000000e+00,0.000000000000000000e+00
0.000000000000000000e+00,3.400000000000000000e+02,2.669565878850004292e-01,0.000000000000000000e+00,6.106226635438360972e-16,1.513964257810780604e-18,0.000000000000000000e+00,1.513964257810780604e-18,1.397718775707515871e-19,1.467790338930898942e-16,2.669565878850007623e-01,2.766810063355795450e-06,0.000000000000000000e+00,0.000000000000000000e+00
0.000000000000000000e+00,3.450000000000000000e+02,2.669565878850004848e-01,0.000000000000000000e+00,6.661338147750939243e-16,1.673853857964730550e-18,0.000000000000000000e+00,1.673853857964730550e-18,2.829121325179922475e-19,1.478357439183117615e-16,2.669565878850007623e-01,2.766810063355795450e-06,0.000000000000000000e+00,0.000000000000000000e+00
0.000000000000000000e+00,3.500000000000000000e+02,2.669565878850004292e-01,0.000000000000000000e+00,6.106226635438360972e-16,1.194487401041411553e-18,0.000000000000000000e+00,1.194487401041411553e-18,-1.157736483997620180e-20,1.485140808375068031e-16,2.669565878850007623e-01,2.766810063355796297e-06,0.000000000000000000e+00,0.000000000000000000e+00
0.000000000000000000e+00,3.550000000000000000e+02,2.669565878850004292e-01,0.000000000000000000e+00,6.106226635438360972e-16,2.058074320192524900e-18,0.000000000000000000e+00,2.058074320192524900e-18,3.864225219593040762e-19,1.494511937303051259e-16,2.669565878850007623e-01,2.766810063355796297e-06,0.000000000000000000e+00,0.000000000000000000e+00
0.000000000000000000e+00,3.600000000000000000e+02,2.669565878850004292e-01,0.000000000000000000e+00,6.106226635438360972e-16,1.444387140671013971e-18,0.000000000000000000e+00,1.444387140671013971e-18,5.057303308407258725e-20,1.505436826179135583e-16,2.669565878850007623e-01,2.766810063355796297e-06,0.000000000000000000e+00,0.000000000000000000e+00
0.000000000000000000e+00,3.650000000000000000e+02,2.669565878850004292e-01,0.000000000000000000e+00,6.106226635438360972e-16,1.447398427682518943e-18,0.000000000000000000e+00,1.447398427682518943e-18,2.884481896322426985e-19,1.513912356747043558e-16,2.669565878850007068e-01,2.766810063355795450e-06,0.000000000000000000e+00,0.000000000000000000e+00
0.000000000000000000e+00,3.700000000000000000e+02,2.669565878850004848e-01,0.000000000000000000e+00,6.661338147750939243e-16,1.263142897367969457e-18,0.000000000000000000e+00,1.263142897367969457e-18,1.316481561377180659e-19,1.524414765391292546e-16,2.669565878850007623e-01,2.766810063355795026e-06,0.000000000000000000e+00,0.000000000000000000e+00
0.000000000000000000e+00,3.750000000000000000e+02,2.669565878850004848e-01,0.000000000000000000e+00,6.661338147750939243e-16,1.446677386772129924e-18,0.000000000000000000e+00,1.446677386772129924e-18,2.443802909706474777e-19,1.533815476569001761e-16,2.669565878850007623e-01,2.766810063355795026e-06,0.000000000000000000e+00,0.000000000000000000e+00
0.000000000000000000e+00,3.800000000000000000e+02,2.669565878850004848e-01,0.000000000000000000e+00,6.661338147750939243e-16,1.523736092399350222e-18,0.000000000000000000e+00,1.523736092399350222e-18,2.210175326853874804e-19,1.545450422160402697e-16,2.669565878850008733e-01,2.766810063355794602e-06,0.000000000000000000e+00,0.000000000000000000e+00
0.000000000000000000e+00,3.850000000000000000e+02,2.669565878850005958e-01,0.000000000000000000e+00,7.771561172376095783e-16,1.320597774945012557e-18,0.000000000000000000e+00,1.320597774945012557e-18,1.594839243735858815e-19,1.554962958586877062e-16,2.669565878850007623e-01,2.766810063355794602e-06,0.000000000000000000e+00,0.000000000000000000e+00
0.000000000000000000e+00,3.900000000000000000e+02,2.669565878850005958e-01,0.000000000000000000e+00,7.771561172376095783e-16,1.421426832686778876e-18,0.000000000000000000e+00,1.421426832686778876e-18,-4.080219496528984068e-20,1.557930001822084447e-16,2.669565878850007068e-01,2.766810063355794602e-06,0.000000000000000000e+00,0.000000000000000000e+00
0.000000000000000000e+00,3.950000000000000000e+02,2.669565878850006513e-01,0.000000000000000000e+00,8.326672684688674053e-16,1.361903627871193707e-18,0.000000000000000000e+00,1.361903627871193707e-18,4.945540472088891555e-21,1.557033585459754324e-16,2.669565878850006513e-01,2.766810063355795450e-06,0.000000000000000000e+00,0.000000000000000000e+00
0.000000000000000000e+00,4.000000000000000000e+02,2.669565878850005403e-01,0.000000000000000000e+00,7.216449660063517513e-16,1.137613847619333610e-18,0.000000000000000000e+00,1.137613847619333610e-18,-1.682264706785198674e-20,1.556736657794860369e-16,2.669565878850008178e-01,2.766810063355795450e-06,0.000000000000000000e+00,0.000000000000000000e+00
0.000000000000000000e+00,4.050000000000000000e+02,2.669565878850005403e-01,0.000000000000000000e+00,7.216449660063517513e-16,1.429001717416665163e-18,0.000000000000000000e+00,1.429001717416665163e-18,1.780979472177190176e-19,1.560768540298606961e-16,2.669565878850008178e-01,2.766810063355795026e-06,0.000000000000000000e+00,0.000000000000000000e+00
0.000000000000000000e+00,4.100000000000000000e+02,2.669565878850005958e-01,0.000000000000000000e+00,7.771561172376095783e-16,1.333776197527406404e-18,0.000000000000000000e+00,1.333776197527406404e-18,-1.310640866157147029e-19,1.561944386813657184e-16,2.669565878850007623e-01,2.766810063355794602e-06,0.000000000000000000e+00,0.000000000000000000e+00
0.000000000000000000e+00,4.150000000000000000e+02,2.669565878850005403e-01,0.000000000000000000e+00,7.216449660063517513e-16,1.401241368347532452e-18,0.000000000000000000e+00,1.401241368347532452e-18,1.623120743432345212e-19,1.562725586506845133e-16,2.669565878850007623e-01,2.766810063355795450e-06,0.000000000000000000e+00,0.000000000000000000e+00
0.000000000000000000e+00,4.200000000000000000e+02,2.669565878850005403e-01,0.000000000000000000e+00,7.216449660063517513e-16,9.569414247495494964e-19,0.000000000000000000e+00,9.569414247495494964e-19,8.504288239246214471e-20,1.568909460425237627e-16,2.669565878850007623e-01,2.766810063355795450e-06,0.000000000000000000e+00,0.000000000000000000e+00
0.000000000000000000e+00,4.250000000000000000e+02,2.669565878850005958e-01,0.000000000000000000e+00,7.771561172376095783e-16,1.221747972832057098e-18,0.000000000000000000e+00,1.221747972832057098e-18,1.873546694041778816e-19,1.575719399220153658e-16,2.669565878850007623e-01,2.766810063355795450e-06,0.000000000000000000e+00,0.000000000000000000e+00
0.000000000000000000e+00,4.300000000000000000e+02,2.669565878850006513e-01,0.000000000000000000e+00,8.326672684688674053e-16,1.225802338685384741e-18,0.000000000000000000e+00,1.225802338685384741e-18,-5.322839428841223317e-20,1.579072556098047761e-16,2.669565878850008178e-01,2.766810063355795450e-06,0.000000000000000000e+00,0.000000000000000000e+00
0.000000000000000000e+00,4.350000000000000000e+02,2.669565878850006513e-01,0.000000000000000000e+00,8.326672684688674053e-16,1.310546669319405742e-18,0.000000000000000000e+00,1.310546669319405742e-18,-1.980135092165211684e-19,1.572791508510424411e-16,2.669565878850008178e-01,2.766810063355795450e-06,0.000000000000000000e+00,0.000000000000000000e+00
0.000000000000000000e+00,4.400000000000000000e+02,2.669565878850005958e-01,0.000000000000000000e+00,7.771561172376095783e-16,1.137261909712146298e-18,0.000000000000000000e+00,1.137261909712146298e-18,-8.156070931120923966e-20,1.565802153047231212e-16,2.669565878850007623e-01,2.766810063355794602e-06,0.000000000000000000e+00,0.000000000000000000e+00
0.000000000000000000e+00,4.450000000000000000e+02,2.669565878850005958e-01,0.000000000000000000e+00,7.771561172376095783e-16,8.728666972956434869e-19,0.000000000000000000e+00,8.728666972956434869e-19,-3.346902151520764274e-19,1.555395879935649109e-16,2.669565878850008178e-01,2.766810063355794602e-06,0.000000000000000000e+00,0.000000000000000000e+00
0.000000000000000000e+00,4.500000000000000000e+02,2.669565878850005958e-01,0.000000000000000000e+00,7.771561172376095783e-16,8.235299610624600047e-19,0.000000000000000000e+00,8.235299610624600047e-19,-1.973967196044850602e-19,1.542093706566735149e-16,2.669565878850008733e-01,2.766810063355794602e-06,0.000000000000000000e+00,0.000000000000000000e+00
0.000000000000000000e+00,4.550000000000000000e+02,2.669565878850005403e-01,0.000000000000000000e+00,7.216449660063517513e-16,9.325320853899960271e-19,0.000000000000000000e+00,9.325320853899960271e-19,-1.620693319883215436e-19,1.533107055276915091e-16,2.669565878850008733e-01,2.766810063355794602e-06,0.000000000000000000e+00,0.000000000000000000e+00
0.000000000000000000e+00,4.600000000000000000e+02,2.669565878850006513e-01,0.000000000000000000e+00,8.326672684688674053e-16,1.395488780105095841e-18,0.000000000000000000e+00,1.395488780105095841e-18,-3.052598761711051969e-19,1.521423825072929531e-16,2.669565878850008733e-01,2.766810063355795026e-06,0.000000000000000000e+00,0.000000000000000000e+00
0.000000000000000000e+00,4.650000000000000000e+02,2.669565878850006513e-01,0.000000000000000000e+00,8.326672684688674053e-16,1.001258555899781195e-18,0.000000000000000000e+00,1.001258555899781195e-18,-2.605751878973521491e-19,1.507277948471218020e-16,2.669565878850010399e-01,2.766810063355795450e-06,0.000000000000000000e+00,0.000000000000000000e+00
0.000000000000000000e+00,4.700000000000000000e+02,2.669565878850005958e-01,0.000000000000000000e+00,7.771561172376095783e-16,6.573541840411276463e-19,0.000000000000000000e+00,6.573541840411276463e-19,-2.415149075019067707e-19,1.494725696086236439e-16,2.669565878850009844e-01,2.766810063355795450e-06,0.000000000000000000e+00,0.000000000000000000e+00
0.000000000000000000e+00,4.750000000000000000e+02,2.669565878850006513e-01,0.000000000000000000e+00,8.326672684688674053e-16,1.442692283114422867e-18,0.000000000000000000e+00,1.442692283114422867e-18,-3.726905331182308155e-19,1.479370560070732980e-16,2.669565878850009844e-01,2.766810063355795026e-06,0.000000000000000000e+00,0.000000000000000000e+00
0.000000000000000000e+00,4.800000000000000000e+02,2.669565878850006513e-01,0.000000000000000000e+00,8.326672684688674053e-16,1.266948905600651372e-18,0.000000000000000000e+00,1.266948905600651372e-18,-2.839882354183723841e-19,1.462953590857317843e-16,2.669565878850009288e-01,2.766810063355795450e-06,0.000000000000000000e+00,0.000000000000000000e+00
0.000000000000000000e+00,4.850000000000000000e+02,2.669565878850006513e-01,0.000000000000000000e+00,8.326672684688674053e-16,7.902000521007135336e-19,0.000000000000000000e+00,7.902000521007135336e-19,-2.534445600382301653e-19,1.449517770970902729e-16,2.669565878850010399e-01,2.766810063355796297e-06,0.000000000000000000e+00,0.000000000000000000e+00
0.000000000000000000e+00,4.900000000000000000e+02,2.669565878850007068e-01,0.000000000000000000e+00,8.881784197001252323e-16,8.518756671630921910e-19,0.000000000000000000e+00,8.518756671630921910e-19,-1.260398887300342382e-19,1.440030659751696003e-16,2.669565878850009288e-01,2.766810063355796297e-06,0.000000000000000000e+00,0.000000000000000000e+00
0.000000000000000000e+00,4.950000000000000000e+02,2.669565878850007623e-01,0.000000000000000000e+00,9.436895709313830594e-16,1.191641967117954209e-18,0.000000000000000000e+00,1.191641967117954209e-18,-1.582284240912072803e-19,1.432923951931164973e-16,2.669565878850008733e-01,2.766810063355796297e-06,0.000000000000000000e+00,0.000000000000000000e+00
0.000000000000000000e+00,5.000000000000000000e+02,2.669565878850007068e-01,0.000000000000000000e+00,8.881784197001252323e-16,1.016029689926532173e-18,0.000000000000000000e+00,1.016029689926532173e-18,-4.134840242592572737e-19,1.418631140722403448e-16,2.669565878850008178e-01,2.766810063355796720e-06,0.000000000000000000e+00,0.000000000000000000e+00
0.000000000000000000e+00,5.050000000000000000e+02,2.669565878850007623e-01,0.000000000000000000e+00,9.436895709313830594e-16,1.030795840045738368e-18,0.000000000000000000e+00,1.030795840045738368e-18,-2.850163057875173217e-19,1.401168632471234037e-16,2.669565878850007623e-01,2.766810063355796297e-06,0.000000000000000000e+00,0.000000000000000000e+00
0.000000000000000000e+00,5.100000000000000000e+02,2.669565878850006513e-01,0.000000000000000000e+00,8.326672684688674053e-16,9.617382323748400408e-19,0.000000000000000000e+00,9.617382323748400408e-19,-2.125811153083939767e-19,1.388728696943836273e-16,2.669565878850008178e-01,2.766810063355796720e-06,0.000000000000000000e+00,0.000000000000000000e+00
0.000000000000000000e+00,5.150000000000000000e+02,2.669565878850007068e-01,0.000000000000000000e+00,8.881784197001252323e-16,9.075698512614554691e-19,0.000000000000000000e+00,9.075698512614554691e-19,-3.688496252212829526e-19,1.374192928430594377e-16,2.669565878850008733e-01,2.766810063355796297e-06,0.000000000000000000e+00,0.000000000000000000e+00
0.000000000000000000e+00,5.200000000000000000e+02,2.669565878850008178e-01,0.000000000000000000e+00,9.992007221626408864e-16,7.812209485203323582e-19,0.000000000000000000e+00,7.812209485203323582e-19,-3.916808599248922710e-19,1.355179666301940056e-16,2.669565878850008178e-01,2.766810063355795873e-06,0.000000000000000000e+00,0.000000000000000000e+00
0.000000000000000000e+00,5.250000000000000000e+02,2.669565878850008733e-01,0.000000000000000000e+00,1.054711873393898713e-15,1.019255376978791775e-18,0.000000000000000000e+00,1.019255376978791775e-18,-2.349311156659738018e-19,1.339514366912168316e-16,2.669565878850009288e-01,2.766810063355795450e-06,0.000000000000000000e+00,0.000000000000000000e+00
0.000000000000000000e+00,5.300000000000000000e+02,2.669565878850008178e-01,0.000000000000000000e+00,9.992007221626408864e-16,1.387031809170117574e-18,0.000000000000000000e+00,1.387031809170117574e-18,-3.415453805676150911e-19,1.325102454506328605e-16,2.669565878850009288e-01,2.766810063355795873e-06,0.000000000000000000e+00,0.000000000000000000e+00
0.000000000000000000e+00,5.350000000000000000e+02,2.669565878850007623e-01,0.000000000000000000e+00,9.436895709313830594e-16,7.816681944380442535e-19,0.000000000000000000e+00,7.816681944380442535e-19,-2.266871514077185778e-19,1.310896641206945279e-16,2.669565878850009288e-01,2.766810063355795873e-06,0.000000000000000000e+00,0.000000000000000000e+00
0.000000000000000000e+00,5.400000000000000000e+02,2.669565878850008733e-01,0.000000000000000000e+00,1.054711873393898713e-15,8.497402116212530809e-19,0.000000000000000000e+00,8.497402116212530809e-19,-3.154397383433222247e-19,1.297343468963169160e-16,2.669565878850008733e-01,2.766810063355795450e-06,0.000000000000000000e+00,0.000000000000000000e+00
0.000000000000000000e+00,5.450000000000000000e+02,2.669565878850008178e-01,0.000000000000000000e+00,9.992007221626408864e-16,8.211361812567492618e-19,0.000000000000000000e+00,8.211361812567492618e-19,-3.377394494651758047e-19,1.281013989267956806e-16,2.669565878850009844e-01,2.766810063355795450e-06,0.000000000000000000e+00,0.000000000000000000e+00
0.000000000000000000e+00,5.500000000000000000e+02,2.669565878850007068e-01,0.000000000000000000e+00,8.881784197001252323e-16,8.703835437518660905e-19,0.000000000000000000e+00,8.703835437518660905e-19,-5.374940452224543889e-19,1.259133151900766056e-16,2.669565878850009288e-01,2.766810063355796297e-06,0.000000000000000000e+00,0.000000000000000000e+00
0.000000000000000000e+00,5.550000000000000000e+02,2.669565878850007068e-01,0.000000000000000000e+00,8.881784197001252323e-16,6.697495644911386206e-19,0.000000000000000000e+00,6.697495644911386206e-19,-4.514493654315470201e-19,1.234409566634415967e-16,2.669565878850009288e-01,2.766810063355796720e-06,0.000000000000000000e+00,0.000000000000000000e+00
0.000000000000000000e+00,5.600000000000000000e+02,2.669565878850007068e-01,0.000000000000000000e+00,8.881784197001252323e-16,1.279112013580747304e-18,0.000000000000000000e+00,1.279112013580747304e-18,-3.920921406825021791e-19,1.213321028981564719e-16,2.669565878850008178e-01,2.766810063355797567e-06,0.000000000000000000e+00,0.000000000000000000e+00
0.000000000000000000e+00,5.650000000000000000e+02,2.669565878850007068e-01,0.000000000000000000e+00,8.881784197001252323e-16,1.543794168989080598e-18,0.000000000000000000e+00,1.543794168989080598e-18,-2.646874693743664855e-19,1.196901538730143042e-16,2.669565878850008733e-01,2.766810063355797991e-06,0.000000000000000000e+00,0.000000000000000000e+00
0.000000000000000000e+00,5.700000000000000000e+02,2.669565878850007068e-01,0.000000000000000000e+00,8.881784197001252323e-16,9.262470926696128174e-19,0.000000000000000000e+00,9.262470926696128174e-19,-4.198929321237612218e-19,1.179787028692689778e-16,2.669565878850009288e-01,2.766810063355798414e-06,0.000000000000000000e+00,0.000000000000000000e+00
0.000000000000000000e+00,5.750000000000000000e+02,2.669565878850007068e-01,0.000000000000000000e+00,8.881784197001252323e-16,1.023201347504091348e-18,0.000000000000000000e+00,1.023201347504091348e-18,-4.704746690328371338e-19,1.157527838663774931e-16,2.669565878850008733e-01,2.766810063355798414e-06,0.000000000000000000e+00,0.000000000000000000e+00
0.000000000000000000e+00,5.800000000000000000e+02,2.669565878850006513e-01,0.000000000000000000e+00,8.326672684688674053e-16,3.517451973883371809e-19,0.000000000000000000e+00,3.517451973883371809e-19,-3.948503370630973139e-19,1.135894713511376472e-16,2.669565878850009288e-01,2.766810063355798838e-06,0.000000000000000000e+00,0.000000000000000000e+00
0.000000000000000000e+00,5.850000000000000000e+02,2.669565878850005958e-01,0.000000000000000000e+00,7.771561172376095783e-16,1.104310350293624201e-18,0.000000000000000000e+00,1.104310350293624201e-18,-3.616490437741543512e-19,1.116982228990445200e-16,2.669565878850010399e-01,2.766810063355799261e-06,0.000000000000000000e+00,0.000000000000000000e+00
0.000000000000000000e+00,5.900000000000000000e+02,2.669565878850007623e-01,0.000000000000000000e+00,9.436895709313830594e-16,8.434880863698104195e-19,0.000000000000000000e+00,8.434880863698104195e-19,-3.980897677896498640e-19,1.097988758701350106e-16,2.669565878850009844e-01,2.766810063355799685e-06,0.000000000000000000e+00,0.000000000000000000e+00
0.000000000000000000e+00,5.950000000000000000e+02,2.669565878850008178e-01,0.000000000000000000e+00,9.992007221626408864e-16,8.874418219995470827e-19,0.000000000000000000e+00,8.874418219995470827e-19,-3.245915301470360348e-19,1.079921726252932949e-16,2.669565878850009288e-01,2.766810063355799685e-06,0.000000000000000000e+00,0.000000000000000000e+00
0.000000000000000000e+00,6.000000000000000000e+02,2.669565878850008733e-01,0.000000000000000000e+00,1.054711873393898713e-15,8.635951862703912902e-19,0.000000000000000000e+00,8.635951862703912902e-19,-4.693766450753159927e-19,1.060072521872374179e-16,2.669565878850009844e-01,2.766810063355799261e-06,0.000000000000000000e+00,0.000000000000000000e+00
1.000000000000000000e+00,6.000000000000001137e+02,2.669565878850008733e-01,0.000000000000000000e+00,1.054711873393898713e-15,1.429791614965258972e-18,0.000000000000000000e+00,1.429791614965258972e-18,-4.065758146820641628e-20,1.060072521872374179e-16,2.669565878850009844e-01,2.766810063355799261e-06,5.000000000000000000e+00,4.665149160826916753e-17
1.000000000000000000e+00,6.050000000000001137e+02,2.669565878850007068e-01,0.000000000000000000e+00,8.881784197001252323e-16,3.707632616721523444e-16,0.000000000000000000e+00,3.707632616721523444e-16,3.696248493910425648e-16,1.029967731711173277e-15,2.669565878850006513e-01,2.766810063355798838e-06,5.000000000000000000e+00,6.944444444443859457e-03
1.000000000000000000e+00,6.100000000000001137e+02,2.669565878850007623e-01,0.000000000000000000e+00,9.436895709313830594e-16,3.006628149573864484e-16,0.000000000000000000e+00,3.006628149573864484e-16,2.993787130093489290e-16,2.702476637712152209e-15,2.669565878850008178e-01,2.766810063355797144e-06,5.000000000000000000e+00,1.388888888888883608e-02
1.000000000000000000e+00,6.150000000000001137e+02,2.669565878850007623e-01,0.000000000000000000e+00,9.436895709313830594e-16,-3.669251859815536587e-15,0.000000000000000000e+00,-3.669251859815536587e-15,-3.670439400007587116e-15,-5.725175079783443260e-15,2.669565878850010399e-01,2.766810063355798838e-06,5.000000000000000000e+00,2.083333333333346749e-02
1.000000000000000000e+00,6.200000000000001137e+02,2.669565878850008178e-01,0.000000000000000000e+00,9.992007221626408864e-16,-1.691584426786324480e-14,0.000000000000000000e+00,-1.691584426786324480e-14,-1.691735198650935745e-14,-5.719465354607580547e-14,2.669565878850007068e-01,2.766810063355800108e-06,5.000000000000000000e+00,2.777777777777747786e-02
1.000000000000000000e+00,6.250000000000001137e+02,2.669565878850007068e-01,0.000000000000000000e+00,8.881784197001252323e-16,-8.617686100310939512e-15,0.000000000000000000e+00,-8.617686100310939512e-15,-8.618614448421130225e-15,-1.210345696334020120e-13,2.669565878850009844e-01,2.766810063355800955e-06,5.000000000000000000e+00,3.472222222222147436e-02
1.000000000000000000e+00,6.300000000000001137e+02,2.669565878850007623e-01,0.000000000000000000e+00,9.436895709313830594e-16,-3.414091654784651153e-15,0.000000000000000000e+00,-3.414091654784651153e-15,-3.415321546624064397e-15,-1.511194096210149986e-13,2.669565878850008733e-01,2.766810063355798838e-06,5.000000000000000000e+00,4.166666666666555413e-02
1.000000000000000000e+00,6.350000000000001137e+02,2.669565878850007068e-01,0.000000000000000000e+00,8.881784197001252323e-16,-6.595066289957762784e-16,0.000000000000000000e+00,-6.595066289957762784e-16,-6.603163924933513895e-16,-1.613085044688085381e-13,2.669565878850006513e-01,2.766810063355798838e-06,5.000000000000000000e+00,4.861111111110978655e-02
1.000000000000000000e+00,6.400000000000001137e+02,2.669565878850008178e-01,0.000000000000000000e+00,9.992007221626408864e-16,-2.125937501127467266e-15,0.000000000000000000e+00,-2.125937501127467266e-15,-2.127202968350665191e-15,-1.682773028709185795e-13,2.669565878850008178e-01,2.766810063355800532e-06,5.000000000000000000e+00,5.555555555555401898e-02
1.000000000000000000e+00,6.450000000000001137e+02,2.669565878850009844e-01,0.000000000000000000e+00,1.165734175856414367e-15,7.138658154187682570e-16,0.000000000000000000e+00,7.138658154187682570e-16,7.124699051216931700e-16,-1.718141355289910096e-13,2.669565878850009288e-01,2.766810063355801802e-06,5.000000000000000000e+00,6.249999999999825140e-02
1.000000000000000000e+00,6.500000000000001137e+02,2.669565878850007068e-01,0.000000000000000000e+00,8.881784197001252323e-16,1.837802642273150822e-14,0.000000000000000000e+00,1.837802642273150822e-14,1.837683041220998514e-14,-1.240908847356618138e-13,2.669565878850012064e-01,2.766810063355801379e-06,5.000000000000000000e+00,6.944444444444240749e-02
1.000000000000000000e+00,6.550000000000001137e+02,2.669565878850008733e-01,0.000000000000000000e+00,1.054711873393898713e-15,5.150316750770350671e-14,0.000000000000000000e+00,5.150316750770350671e-14,5.150168011784812816e-14,5.060539158948345685e-14,2.669565878850010399e-01,2.766810063355800532e-06,5.000000000000000000e+00,7.638888888888663298e-02
1.000000000000000000e+00,6.600000000000001137e+02,2.669565878850009844e-01,0.000000000000000000e+00,1.165734175856414367e-15,1.054589968412129874e-13,0.000000000000000000e+00,1.054589968412129874e-13,1.054579854838739658e-13,4.430045555937886792e-13,2.669565878850008178e-01,2.766810063355801379e-06,5.000000000000000000e+00,8.333333333333087234e-02
1.000000000000000000e+00,6.650000000000001137e+02,2.669565878850009288e-01,0.000000000000000000e+00,1.110223024625156540e-15,1.950748116101748419e-13,0.000000000000000000e+00,1.950748116101748419e-13,1.950735393666880660e-13,1.194333367720193809e-12,2.669565878850005958e-01,2.766810063355800532e-06,5.000000000000000000e+00,9.027777777777509782e-02
1.000000000000000000e+00,6.700000000000001137e+02,2.669565878850007623e-01,0.000000000000000000e+00,9.436895709313830594e-16,4.838821604145025768e-13,0.000000000000000000e+00,4.838821604145025768e-13,4.838810558835393572e-13,2.891719855845762165e-12,2.669565878850007623e-01,2.766810063355801379e-06,5.000000000000000000e+00,9.722222222221926780e-02
1.000000000000000000e+00,6.750000000000001137e+02,2.669565878850008733e-01,0.000000000000000000e+00,1.054711873393898713e-15,1.164749408575672940e-12,0.000000000000000000e+00,1.164749408575672940e-12,1.164748441264047175e-12,7.013293598714728497e-12,2.669565878850011509e-01,2.766810063355802226e-06,5.000000000000000000e+00,1.041666666666634933e-01
1.000000000000000000e+00,6.800000000000001137e+02,2.669565878850010399e-01,0.000000000000000000e+00,1.221245327087672194e-15,2.357059249928454558e-12,0.000000000000000000e+00,2.357059249928454558e-12,2.357058126762766499e-12,1.581781001878176188e-11,2.669565878850008178e-01,2.766810063355801379e-06,5.000000000000000000e+00,1.111111111111077326e-01
1.000000000000000000e+00,6.850000000000001137e+02,2.669565878850009288e-01,0.000000000000000000e+00,1.110223024625156540e-15,4.942078660912820054e-12,0.000000000000000000e+00,4.942078660912820054e-12,4.942077302271972658e-12,3.406564859136860977e-11,2.669565878850008178e-01,2.766810063355801379e-06,5.000000000000000000e+00,1.180555555555519581e-01
1.000000000000000000e+00,6.900000000000001137e+02,2.669565878850009844e-01,0.000000000000000000e+00,1.165734175856414367e-15,1.354272554830119463e-11,0.000000000000000000e+00,1.354272554830119463e-11,1.354272417102562239e-11,8.027765227461259739e-11,2.669565878850010399e-01,2.766810063355801802e-06,5.000000000000000000e+00,1.249999999999961420e-01
1.000000000000000000e+00,6.950000000000001137e+02,2.669565878850009288e-01,0.000000000000000000e+00,1.110223024625156540e-15,3.174706994551112701e-11,0.000000000000000000e+00,3.174706994551112701e-11,3.174706896295290820e-11,1.935021351095589368e-10,2.669565878850009288e-01,2.766810063355801802e-06,5.000000000000000000e+00,1.319444444444404230e-01
1.000000000000000000e+00,7.000000000000001137e+02,2.669565878850008178e-01,0.000000000000000000e+00,9.992007221626408864e-16,7.993574863986684098e-12,0.000000000000000000e+00,7.993574863986684098e-12,7.993573357962103880e-12,2.928537409118464670e-10,2.669565878850011509e-01,2.766810063355801379e-06,5.000000000000000000e+00,1.388888888888847040e-01
1.000000000000000000e+00,7.050000000000001137e+02,2.669565878850010399e-01,0.000000000000000000e+00,1.221245327087672194e-15,9.396864810253847955e-12,0.000000000000000000e+00,9.396864810253847955e-12,9.396863370297837623e-12,3.363298327324963208e-10,2.669565878850010399e-01,2.766810063355801379e-06,5.000000000000000000e+00,1.458333333333289294e-01
1.000000000000000000e+00,7.100000000000001137e+02,2.669565878850008178e-01,0.000000000000000000e+00,9.992007221626408864e-16,2.985811637268732249e-12,0.000000000000000000e+00,2.985811637268732249e-12,2.985810683509633641e-12,3.672865178670149989e-10,2.669565878850012619e-01,2.766810063355802226e-06,5.000000000000000000e+00,1.527777777777731827e-01
1.000000000000000000e+00,7.150000000000001137e+02,2.669565878850009844e-01,0.000000000000000000e+00,1.165734175856414367e-15,2.219675628739072037e-12,0.000000000000000000e+00,2.219675628739072037e-12,2.219674585194481020e-12,3.803002310387752856e-10,2.669565878850008178e-01,2.766810063355801379e-06,5.000000000000000000e+00,1.597222222222174637e-01
1.000000000000000000e+00,7.200000000000001137e+02,2.669565878850008733e-01,0.000000000000000000e+00,1.054711873393898713e-15,9.799815987995494360e-13,0.000000000000000000e+00,9.799815987995494360e-13,9.799799081217867164e-13,3.882993672720659549e-10,2.669565878850010399e-01,2.766810063355800955e-06,5.000000000000000000e+00,1.666666666666617447e-01
1.000000000000000000e+00,7.250000000000001137e+02,2.669565878850009288e-01,0.000000000000000000e+00,1.110223024625156540e-15,9.262349310386504275e-12,0.000000000000000000e+00,9.262349310386504275e-12,9.262348310887626515e-12,4.139051878195894880e-10,2.669565878850010399e-01,2.766810063355800955e-06,5.000000000000000000e+00,1.736111111111059702e-01
1.000000000000000000e+00,7.300000000000001137e+02,2.669565878850009844e-01,0.000000000000000000e+00,1.165734175856414367e-15,9.455989302394138957e-12,0.000000000000000000e+00,9.455989302394138957e-12,9.455988521429761588e-12,4.607010299003829582e-10,2.669565878850007068e-01,2.766810063355802226e-06,5.000000000000000000e+00,1.805555555555502234e-01
1.000000000000000000e+00,7.350000000000001137e+02,2.669565878850009288e-01,0.000000000000000000e+00,1.110223024625156540e-15,7.817564338116842620e-12,0.000000000000000000e+00,7.817564338116842620e-12,7.817563640161694083e-12,5.038849103043615974e-10,2.669565878850013174e-01,2.766810063355801802e-06,5.000000000000000000e+00,1.874999999999945044e-01
1.000000000000000000e+00,7.400000000000001137e+02,2.669565878850008733e-01,0.000000000000000000e+00,1.054711873393898713e-15,4.310944369491018224e-13,0.000000000000000000e+00,4.310944369491018224e-13,4.310935187653869988e-13,5.245065532016793001e-10,2.669565878850007068e-01,2.766810063355801379e-06,5.000000000000000000e+00,1.944444444444387854e-01
1.000000000000000000e+00,7.450000000000001137e+02,2.669565878850009288e-01,0.000000000000000000e+00,1.110223024625156540e-15,4.714252060012032175e-13,0.000000000000000000e+00,4.714252060012032175e-13,4.714242454658410311e-13,5.267628476122573702e-10,2.669565878850009288e-01,2.766810063355800955e-06,5.000000000000000000e+00,2.013888888888831219e-01
1.000000000000000000e+00,7.500000000000001137e+02,2.669565878850010954e-01,0.000000000000000000e+00,1.276756478318930021e-15,-5.870712851399270682e-14,0.000000000000000000e+00,-5.870712851399270682e-14,-5.870811107221152181e-14,5.277946379482414440e-10,2.669565878850009844e-01,2.766810063355803496e-06,5.000000000000000000e+00,2.083333333333275972e-01
1.000000000000000000e+00,7.550000000000001137e+02,2.669565878850009844e-01,0.000000000000000000e+00,1.165734175856414367e-15,1.897312466641806750e-14,0.000000000000000000e+00,1.897312466641806750e-14,1.897178804842730021e-14,5.276952971406819834e-10,2.669565878850009288e-01,2.766810063355804343e-06,5.000000000000000000e+00,2.152777777777720725e-01
1.000000000000000000e+00,7.600000000000001137e+02,2.669565878850010954e-01,0.000000000000000000e+00,1.276756478318930021e-15,1.219104027797013323e-15,0.000000000000000000e+00,1.219104027797013323e-15,1.217923263868540829e-15,5.277457714189627230e-10,2.669565878850012064e-01,2.766810063355802226e-06,5.000000000000000000e+00,2.222222222222165477e-01
1.000000000000000000e+00,7.650000000000001137e+02,2.669565878850010399e-01,0.000000000000000000e+00,1.221245327087672194e-15,2.141273540857274726e-14,0.000000000000000000e+00,2.141273540857274726e-14,2.141156480903964182e-14,5.278023451391449935e-10,2.669565878850009288e-01,2.766810063355803073e-06,5.000000000000000000e+00,2.291666666666610230e-01
1.000000000000000000e+00,7.700000000000001137e+02,2.669565878850009844e-01,0.000000000000000000e+00,1.165734175856414367e-15,-1.887078275759901391e-14,0.000000000000000000e+00,-1.887078275759901391e-14,-1.887164503713931879e-14,5.278086949385747443e-10,2.669565878850012064e-01,2.766810063355802226e-06,5.000000000000000000e+00,2.361111111111054983e-01
1.000000000000000000e+00,7.750000000000001137e+02,2.669565878850010954e-01,0.000000000000000000e+00,1.276756478318930021e-15,-1.563758345902999114e-16,0.000000000000000000e+00,-1.563758345902999114e-16,-1.572042328127146171e-16,5.277611228153998642e-10,2.669565878850009844e-01,2.766810063355801802e-06,5.000000000000000000e+00,2.430555555555499736e-01
1.000000000000000000e+00,7.800000000000001137e+02,2.669565878850009288e-01,0.000000000000000000e+00,1.110223024625156540e-15,-1.118012339608107086e-14,0.000000000000000000e+00,-1.118012339608107086e-14,-1.118137192264532370e-14,5.277327763750112191e-10,2.669565878850009288e-01,2.766810063355802226e-06,5.000000000000000000e+00,2.499999999999944766e-01
1.000000000000000000e+00,7.850000000000001137e+02,2.669565878850009844e-01,0.000000000000000000e+00,1.165734175856414367e-15,-1.848612815559189104e-14,0.000000000000000000e+00,-1.848612815559189104e-14,-1.848779681049798201e-14,5.276586034531783608e-10,2.669565878850011509e-01,2.766810063355801379e-06,5.000000000000000000e+00,2.569444444444389242e-01
1.000000000000000000e+00,7.900000000000001137e+02,2.669565878850009288e-01,0.000000000000000000e+00,1.110223024625156540e-15,-1.595343865692933072e-14,0.000000000000000000e+00,-1.595343865692933072e-14,-1.595479729777672662e-14,5.275724969679076741e-10,2.669565878850008733e-01,2.766810063355803496e-06,5.000000000000000000e+00,2.638888888888833995e-01
1.000000000000000000e+00,7.950000000000001137e+02,2.669565878850008733e-01,0.000000000000000000e+00,1.054711873393898713e-15,-2.606942439697945701e-14,0.000000000000000000e+00,-2.606942439697945701e-14,-2.607084063606726620e-14,5.274674328730730641e-10,2.669565878850008733e-01,2.766810063355802226e-06,5.000000000000000000e+00,2.708333333333278747e-01
1.000000000000000000e+00,8.000000000000001137e+02,2.669565878850009844e-01,0.000000000000000000e+00,1.165734175856414367e-15,-2.025711819423833826e-14,0.000000000000000000e+00,-2.025711819423833826e-14,-2.025828709970554919e-14,5.273516100537336320e-10,2.669565878850008733e-01,2.766810063355803073e-06,5.000000000000000000e+00,2.777777777777723500e-01
1.000000000000000000e+00,8.050000000000001137e+02,2.669565878850009844e-01,0.000000000000000000e+00,1.165734175856414367e-15,-1.772198246442410752e-14,0.000000000000000000e+00,-1.772198246442410752e-14,-1.772333602307381989e-14,5.272566559959266836e-10,2.669565878850009844e-01,2.766810063355804767e-06,5.000000000000000000e+00,2.847222222222168253e-01
1.000000000000000000e+00,8.100000000000001137e+02,2.669565878850010399e-01,0.000000000000000000e+00,1.221245327087672194e-15,-2.271219914614167057e-14,0.000000000000000000e+00,-2.271219914614167057e-14,-2.271367975973347109e-14,5.271555634564696654e-10,2.669565878850010399e-01,2.766810063355802649e-06,5.000000000000000000e+00,2.916666666666613006e-01
1.000000000000000000e+00,8.150000000000001137e+02,2.669565878850010399e-01,0.000000000000000000e+00,1.221245327087672194e-15,-2.801036312616300705e-14,0.000000000000000000e+00,-2.801036312616300705e-14,-2.801143885800602001e-14,5.270287506599253167e-10,2.669565878850010954e-01,2.766810063355803073e-06,5.000000000000000000e+00,2.986111111111057759e-01
1.000000000000000000e+00,8.200000000000001137e+02,2.669565878850010399e-01,0.000000000000000000e+00,1.221245327087672194e-15,-2.110465936126099118e-14,0.000000000000000000e+00,-2.110465936126099118e-14,-2.110557923904170935e-14,5.269059581146826973e-10,2.669565878850009288e-01,2.766810063355803073e-06,5.000000000000000000e+00,3.055555555555502512e-01
1.000000000000000000e+00,8.250000000000001137e+02,2.669565878850009844e-01,0.000000000000000000e+00,1.165734175856414367e-15,-1.926944389642193389e-14,0.000000000000000000e+00,-1.926944389642193389e-14,-1.927083980671900898e-14,5.268050170670682956e-10,2.669565878850007623e-01,2.766810063355802649e-06,5.000000000000000000e+00,3.124999999999947264e-01
1.000000000000000000e+00,8.300000000000001137e+02,2.669565878850010954e-01,0.000000000000000000e+00,1.276756478318930021e-15,-2.123598334940329790e-14,0.000000000000000000e+00,-2.123598334940329790e-14,-2.123694727289727330e-14,5.267037475993692548e-10,2.669565878850012064e-01,2.766810063355802226e-06,5.000000000000000000e+00,3.194444444444392017e-01
1.000000000000000000e+00,8.350000000000001137e+02,2.669565878850012064e-01,0.000000000000000000e+00,1.387778780781445676e-15,-1.789795525328208292e-14,0.000000000000000000e+00,-1.789795525328208292e-14,-1.789905131391582999e-14,5.266059076029022221e-10,2.669565878850012619e-01,2.766810063355803920e-06,5.000000000000000000e+00,3.263888888888836770e-01
1.000000000000000000e+00,8.400000000000001137e+02,2.669565878850009288e-01,0.000000000000000000e+00,1.110223024625156540e-15,-1.685175436694219542e-14,0.000000000000000000e+00,-1.685175436694219542e-14,-1.685281485219215780e-14,5.265190279374869521e-10,2.669565878850009288e-01,2.766810063355803920e-06,5.000000000000000000e+00,3.333333333333280968e-01
1.000000000000000000e+00,8.450000000000001137e+02,2.669565878850010399e-01,0.000000000000000000e+00,1.221245327087672194e-15,-1.938766936706790012e-14,0.000000000000000000e+00,-1.938766936706790012e-14,-1.938902631384940151e-14,5.264284233345718482e-10,2.669565878850012619e-01,2.766810063355803496e-06,5.000000000000000000e+00,3.402777777777725721e-01
1.000000000000000000e+00,8.500000000000001137e+02,2.669565878850009844e-01,0.000000000000000000e+00,1.165734175856414367e-15,-2.092863913855796953e-14,0.000000000000000000e+00,-2.092863913855796953e-14,-2.092960983831552296e-14,5.263276267441914359e-10,2.669565878850008733e-01,2.766810063355803920e-06,5.000000000000000000e+00,3.472222222222170473e-01
1.000000000000000000e+00,8.550000000000001137e+02,2.669565878850011509e-01,0.000000000000000000e+00,1.332267629550187849e-15,-1.419318221979049000e-14,0.000000000000000000e+00,-1.419318221979049000e-14,-1.419380733010556367e-14,5.262398182012703832e-10,2.669565878850009844e-01,2.766810063355804343e-06,5.000000000000000000e+00,3.541666666666615781e-01
1.000000000000000000e+00,8.600000000000001137e+02,2.669565878850010954e-01,0.000000000000000000e+00,1.276756478318930021e-15,-1.391901459542321806e-14,0.000000000000000000e+00,-1.391901459542321806e-14,-1.392000731803740010e-14,5.261695336646500258e-10,2.669565878850012619e-01,2.766810063355802649e-06,5.000000000000000000e+00,3.611111111111060534e-01
1.000000000000000000e+00,8.650000000000001137e+02,2.669565878850012064e-01,0.000000000000000000e+00,1.387778780781445676e-15,-1.731082589556329210e-14,0.000000000000000000e+00,-1.731082589556329210e-14,-1.731197955443745246e-14,5.260914536974688387e-10,2.669565878850008733e-01,2.766810063355804343e-06,5.000000000000000000e+00,3.680555555555504732e-01
1.000000000000000000e+00,8.700000000000001137e+02,2.669565878850011509e-01,0.000000000000000000e+00,1.332267629550187849e-15,-1.730532356953792816e-14,0.000000000000000000e+00,-1.730532356953792816e-14,-1.730638405478789055e-14,5.260049077884457753e-10,2.669565878850010954e-01,2.766810063355804343e-06,5.000000000000000000e+00,3.749999999999949485e-01
1.000000000000000000e+00,8.750000000000001137e+02,2.669565878850011509e-01,0.000000000000000000e+00,1.332267629550187849e-15,-9.346154763740371907e-15,0.000000000000000000e+00,-9.346154763740371907e-15,-9.347161038881710016e-15,5.259382739257116013e-10,2.669565878850010399e-01,2.766810063355803920e-06,5.000000000000000000e+00,3.819444444444394238e-01
1.000000000000000000e+00,8.800000000000001137e+02,2.669565878850010954e-01,0.000000000000000000e+00,1.276756478318930021e-15,-1.267849079845603799e-14,0.000000000000000000e+00,-1.267849079845603799e-14,-1.267968172677987754e-14,5.258832068187974473e-10,2.669565878850008733e-01,2.766810063355802649e-06,5.000000000000000000e+00,3.888888888888838991e-01
1.000000000000000000e+00,8.850000000000001137e+02,2.669565878850012064e-01,0.000000000000000000e+00,1.387778780781445676e-15,-1.806851380754120884e-14,0.000000000000000000e+00,-1.806851380754120884e-14,-1.806992496443133450e-14,5.258063328020694193e-10,2.669565878850009844e-01,2.766810063355802649e-06,5.000000000000000000e+00,3.958333333333283743e-01
1.000000000000000000e+00,8.900000000000001137e+02,2.669565878850009844e-01,0.000000000000000000e+00,1.165734175856414367e-15,-1.022801092952219104e-14,0.000000000000000000e+00,-1.022801092952219104e-14,-1.022881052862439910e-14,5.257355859633367800e-10,2.669565878850009844e-01,2.766810063355804767e-06,5.000000000000000000e+00,4.027777777777728496e-01
1.000000000000000000e+00,8.950000000000001137e+02,2.669565878850011509e-01,0.000000000000000000e+00,1.332267629550187849e-15,-4.465300199908706080e-15,0.000000000000000000e+00,-4.465300199908706080e-15,-4.465864323851577444e-15,5.256988492762055900e-10,2.669565878850009844e-01,2.766810063355800532e-06,5.000000000000000000e+00,4.097222222222173249e-01
1.000000000000000000e+00,9.000000000000001137e+02,2.669565878850010954e-01,0.000000000000000000e+00,1.276756478318930021e-15,-1.256430398090258027e-14,0.000000000000000000e+00,-1.256430398090258027e-14,-1.256508663934584324e-14,5.256562718987975965e-10,2.669565878850010399e-01,2.766810063355804343e-06,5.000000000000000000e+00,4.166666666666618002e-01
1.000000000000000000e+00,9.050000000000001137e+02,2.669565878850010954e-01,0.000000000000000000e+00,1.276756478318930021e-15,-2.127008150772796702e-14,0.000000000000000000e+00,-2.127008150772796702e-14,-2.127084383738049589e-14,5.255716820726057806e-10,2.669565878850014840e-01,2.766810063355804767e-06,5.000000000000000000e+00,4.236111111111062755e-01
1.000000000000000000e+00,9.100000000000001137e+02,2.669565878850010399e-01,0.000000000000000000e+00,1.221245327087672194e-15,-2.387731668201248381e-15,0.000000000000000000e+00,-2.387731668201248381e-15,-2.388914126195615384e-15,5.255125326776968403e-10,2.669565878850012064e-01,2.766810063355801802e-06,5.000000000000000000e+00,4.305555555555507508e-01
1.000000000000000000e+00,9.150000000000001137e+02,2.669565878850011509e-01,0.000000000000000000e+00,1.332267629550187849e-15,1.172225836364171325e-16,0.000000000000000000e+00,1.172225836364171325e-16,1.162451076152856699e-16,5.255068510051503895e-10,2.669565878850012064e-01,2.766810063355806461e-06,5.000000000000000000e+00,4.374999999999952260e-01
1.000000000000000000e+00,9.200000000000001137e+02,2.669565878850012064e-01,0.000000000000000000e+00,1.387778780781445676e-15,-1.859712335300009456e-14,0.000000000000000000e+00,-1.859712335300009456e-14,-1.859780775562147603e-14,5.254606470985303740e-10,2.669565878850013174e-01,2.766810063355803920e-06,5.000000000000000000e+00,4.444444444444396458e-01
1.000000000000000000e+00,9.250000000000001137e+02,2.669565878850013174e-01,0.000000000000000000e+00,1.498801083243961330e-15,-2.573146502728856921e-14,0.000000000000000000e+00,-2.573146502728856921e-14,-2.573281011560880904e-14,5.253498205538522983e-10,2.669565878850015950e-01,2.766810063355804767e-06,5.000000000000000000e+00,4.513888888888841211e-01
1.000000000000000000e+00,9.300000000000001137e+02,2.669565878850010954e-01,0.000000000000000000e+00,1.276756478318930021e-15,2.244537021522940989e-14,0.000000000000000000e+00,2.244537021522940989e-14,2.244459263898383045e-14,5.253416000101607359e-10,2.669565878850009844e-01,2.766810063355804767e-06,5.000000000000000000e+00,4.583333333333286519e-01
1.000000000000000000e+00,9.350000000000001137e+02,2.669565878850012619e-01,0.000000000000000000e+00,1.443289932012703503e-15,6.055648604091912190e-14,0.000000000000000000e+00,6.055648604091912190e-14,6.055530697105654392e-14,5.255490997591858368e-10,2.669565878850012064e-01,2.766810063355803496e-06,5.000000000000000000e+00,4.652777777777730717e-01
1.000000000000000000e+00,9.400000000000001137e+02,2.669565878850012064e-01,0.000000000000000000e+00,1.387778780781445676e-15,-6.647487464997436923e-15,0.000000000000000000e+00,-6.647487464997436923e-15,-6.648371767394370413e-15,5.256838670971949923e-10,2.669565878850007623e-01,2.766810063355805190e-06,5.000000000000000000e+00,4.722222222222176025e-01
1.000000000000000000e+00,9.450000000000001137e+02,2.669565878850011509e-01,0.000000000000000000e+00,1.332267629550187849e-15,-3.142672482924629973e-14,0.000000000000000000e+00,-3.142672482924629973e-14,-3.142820544283810025e-14,5.255886756541694111e-10,2.669565878850011509e-01,2.766810063355807308e-06,5.000000000000000000e+00,4.791666666666620222e-01
1.000000000000000000e+00,9.500000000000001137e+02,2.669565878850012064e-01,0.000000000000000000e+00,1.387778780781445676e-15,-7.047497080272385750e-15,0.000000000000000000e+00,-7.047497080272385750e-15,-7.048881132108199277e-15,5.254924829377320453e-10,2.669565878850012064e-01,2.766810063355805614e-06,5.000000000000000000e+00,4.861111111111064975e-01
1.000000000000000000e+00,9.550000000000001137e+02,2.669565878850012619e-01,0.000000000000000000e+00,1.443289932012703503e-15,3.394833513695877381e-15,0.000000000000000000e+00,3.394833513695877381e-15,3.393569740538573964e-15,5.254833446592531213e-10,2.669565878850016505e-01,2.766810063355804343e-06,5.000000000000000000e+00,4.930555555555509173e-01
1.000000000000000000e+00,9.600000000000001137e+02,2.669565878850012619e-01,0.000000000000000000e+00,1.443289932012703503e-15,1.966642452187750134e-14,0.000000000000000000e+00,1.966642452187750134e-14,1.966519463003808810e-14,5.255409915701795629e-10,2.669565878850011509e-01,2.766810063355805190e-06,5.000000000000000000e+00,4.999999999999953371e-01
1.000000000000000000e+00,9.650000000000001137e+02,2.669565878850010954e-01,0.000000000000000000e+00,1.276756478318930021e-15,3.127621723891457761e-14,0.000000000000000000e+00,3.127621723891457761e-14,3.127505510971094471e-14,5.256683421945289355e-10,2.669565878850012064e-01,2.766810063355803920e-06,5.000000000000000000e+00,5.069444444444397568e-01
1.000000000000000000e+00,9.700000000000001137e+02,2.669565878850012619e-01,0.000000000000000000e+00,1.443289932012703503e-15,-3.804912656647785330e-15,0.000000000000000000e+00,-3.804912656647785330e-15,-3.805664821904947148e-15,5.257370156702484505e-10,2.669565878850010954e-01,2.766810063355806884e-06,5.000000000000000000e+00,5.138888888888841766e-01
1.000000000000000000e+00,9.750000000000001137e+02,2.669565878850012064e-01,0.000000000000000000e+00,1.387778780781445676e-15,-7.163897703136787309e-14,0.000000000000000000e+00,-7.163897703136787309e-14,-7.164046611528914615e-14,5.255484003429054653e-10,2.669565878850009844e-01,2.766810063355805614e-06,5.000000000000000000e+00,5.208333333333285964e-01
1.000000000000000000e+00,9.800000000000001137e+02,2.669565878850013174e-01,0.000000000000000000e+00,1.498801083243961330e-15,-1.189547389084978646e-13,0.000000000000000000e+00,-1.189547389084978646e-13,-1.189558840970425524e-13,5.250719094673746360e-10,2.669565878850013729e-01,2.766810063355804767e-06,5.000000000000000000e+00,5.277777777777731272e-01
1.000000000000000000e+00,9.850000000000001137e+02,2.669565878850012619e-01,0.000000000000000000e+00,1.443289932012703503e-15,-1.422711232677842386e-13,0.000000000000000000e+00,-1.422711232677842386e-13,-1.422722972554491330e-13,5.244188390139934068e-10,2.669565878850010954e-01,2.766810063355804343e-06,5.000000000000000000e+00,5.347222222222175469e-01
1.000000000000000000e+00,9.900000000000001137e+02,2.669565878850012619e-01,0.000000000000000000e+00,1.443289932012703503e-15,-1.162861649963049804e-13,0.000000000000000000e+00,-1.162861649963049804e-13,-1.162870899562833821e-13,5.237724405459640755e-10,2.669565878850012619e-01,2.766810063355804767e-06,5.000000000000000000e+00,5.416666666666619667e-01
1.000000000000000000e+00,9.950000000000001137e+02,2.669565878850012619e-01,0.000000000000000000e+00,1.443289932012703503e-15,-4.462524642347143189e-14,0.000000000000000000e+00,-4.462524642347143189e-14,-4.462665758036155755e-14,5.233701561771224632e-10,2.669565878850013729e-01,2.766810063355806461e-06,5.000000000000000000e+00,5.486111111111063865e-01
1.000000000000000000e+00,1.000000000000000114e+03,2.669565878850012619e-01,0.000000000000000000e+00,1.443289932012703503e-15,9.248624002061722749e-15,0.000000000000000000e+00,9.248624002061722749e-15,9.247482201648823952e-15,5.232817082386756813e-10,2.669565878850012619e-01,2.766810063355804767e-06,5.000000000000000000e+00,5.555555555555508063e-01
1.000000000000000000e+00,1.005000000000000114e+03,2.669565878850013174e-01,0.000000000000000000e+00,1.498801083243961330e-15,-6.658230553274052665e-14,0.000000000000000000e+00,-6.658230553274052665e-14,-6.658373024215780839e-14,5.231383676185744089e-10,2.669565878850009844e-01,2.766810063355803920e-06,5.000000000000000000e+00,5.624999999999953371e-01
1.000000000000000000e+00,1.010000000000000114e+03,2.669565878850012064e-01,0.000000000000000000e+00,1.387778780781445676e-15,-1.307461896995348871e-13,0.000000000000000000e+00,-1.307461896995348871e-13,-1.307470570612728755e-13,5.226450406503158322e-10,2.669565878850011509e-01,2.766810063355803920e-06,5.000000000000000000e+00,5.694444444444397568e-01
1.000000000000000000e+00,1.015000000000000114e+03,2.669565878850012064e-01,0.000000000000000000e+00,1.387778780781445676e-15,-2.389626175972395239e-13,0.000000000000000000e+00,-2.389626175972395239e-13,-2.389639000051216669e-13,5.217207632576498458e-10,2.669565878850011509e-01,2.766810063355805614e-06,5.000000000000000000e+00,5.763888888888841766e-01
1.000000000000000000e+00,1.020000000000000114e+03,2.669565878850013174e-01,0.000000000000000000e+00,1.498801083243961330e-15,-2.939461215124665461e-13,0.000000000000000000e+00,-2.939461215124665461e-13,-2.939473158289221746e-13,5.203884852180647362e-10,2.669565878850012619e-01,2.766810063355806884e-06,5.000000000000000000e+00,5.833333333333285964e-01
1.000000000000000000e+00,1.025000000000000000e+03,2.669565878850012619e-01,0.000000000000000000e+00,1.443289932012703503e-15,-2.117068930644443181e-13,0.000000000000000000e+00,-2.117068930644443181e-13,-2.117076757228875811e-13,5.191243477391852118e-10,2.669565878850010954e-01,2.766810063355804767e-06,5.000000000000000000e+00,5.902777777777729051e-01
1.000000000000000000e+00,1.030000000000000000e+03,2.669565878850013174e-01,0.000000000000000000e+00,1.498801083243961330e-15,-2.736795978643818961e-14,0.000000000000000000e+00,-2.736795978643818961e-14,-2.736866282378441068e-14,5.185266568928185318e-10,2.669565878850013729e-01,2.766810063355806461e-06,5.000000000000000000e+00,5.972222222222172139e-01
1.000000000000000000e+00,1.035000000000000000e+03,2.669565878850012064e-01,0.000000000000000000e+00,1.387778780781445676e-15,8.871407026957850439e-14,0.000000000000000000e+00,8.871407026957850439e-14,8.871329946959650298e-14,5.186800184844330621e-10,2.669565878850012619e-01,2.766810063355806461e-06,5.000000000000000000e+00,6.041666666666616337e-01
1.000000000000000000e+00,1.040000000000000000e+03,2.669565878850013729e-01,0.000000000000000000e+00,1.554312234475219157e-15,3.718407553436955948e-14,0.000000000000000000e+00,3.718407553436955948e-14,3.718326068867430084e-14,5.189947598848287391e-10,2.669565878850012619e-01,2.766810063355806037e-06,5.000000000000000000e+00,6.111111111111059424e-01
1.000000000000000000e+00,1.045000000000000000e+03,2.669565878850012064e-01,0.000000000000000000e+00,1.387778780781445676e-15,-1.042524492298260719e-13,0.000000000000000000e+00,-1.042524492298260719e-13,-1.042533148974981658e-13,5.188270847493066794e-10,2.669565878850012619e-01,2.766810063355804767e-06,5.000000000000000000e+00,6.180555555555503622e-01
1.000000000000000000e+00,1.050000000000000000e+03,2.669565878850012064e-01,0.000000000000000000e+00,1.387778780781445676e-15,-4.715571601818582814e-13,0.000000000000000000e+00,-4.715571601818582814e-13,-4.715581478222747799e-13,5.173875560925072470e-10,2.669565878850013729e-01,2.766810063355806037e-06,5.000000000000000000e+00,6.249999999999946709e-01
1.000000000000000000e+00,1.055000000000000000e+03,2.669565878850013174e-01,0.000000000000000000e+00,1.498801083243961330e-15,-6.388394113297952981e-13,0.000000000000000000e+00,-6.388394113297952981e-13,-6.388403345957078053e-13,5.146115598864622906e-10,2.669565878850013174e-01,2.766810063355803920e-06,5.000000000000000000e+00,6.319444444444390907e-01
1.000000000000000000e+00,1.060000000000000000e+03,2.669565878850012619e-01,0.000000000000000000e+00,1.443289932012703503e-15,-4.244780864152454536e-13,0.000000000000000000e+00,-4.244780864152454536e-13,-4.244793180011507613e-13,5.119532607549701442e-10,2.669565878850010399e-01,2.766810063355805614e-06,5.000000000000000000e+00,6.388888888888833995e-01
1.000000000000000000e+00,1.065000000000000000e+03,2.669565878850011509e-01,0.000000000000000000e+00,1.332267629550187849e-15,-7.357257706709641187e-14,0.000000000000000000e+00,-7.357257706709641187e-14,-7.357379679454045807e-14,5.107081279679809161e-10,2.669565878850012064e-01,2.766810063355806037e-06,5.000000000000000000e+00,6.458333333333278192e-01
1.000000000000000000e+00,1.070000000000000000e+03,2.669565878850013174e-01,0.000000000000000000e+00,1.498801083243961330e-15,3.287233427628176441e-13,0.000000000000000000e+00,3.287233427628176441e-13,3.287224533782230271e-13,5.113459996094401225e-10,2.669565878850015950e-01,2.766810063355809426e-06,5.000000000000000000e+00,6.527777777777722390e-01
1.000000000000000000e+00,1.075000000000000000e+03,2.669565878850013729e-01,0.000000000000000000e+00,1.554312234475219157e-15,5.776870613274052990e-13,0.000000000000000000e+00,5.776870613274052990e-13,5.776859805133646025e-13,5.136120206941690916e-10,2.669565878850013729e-01,2.766810063355804343e-06,5.000000000000000000e+00,6.597222222222165477e-01
1.000000000000000000e+00,1.080000000000000000e+03,2.669565878850012064e-01,0.000000000000000000e+00,1.387778780781445676e-15,1.450002566475740162e-13,0.000000000000000000e+00,1.450002566475740162e-13,1.449989691574941897e-13,5.154187330683462386e-10,2.669565878850013174e-01,2.766810063355804343e-06,5.000000000000000000e+00,6.666666666666609675e-01
1.000000000000000000e+00,1.085000000000000000e+03,2.669565878850013174e-01,0.000000000000000000e+00,1.498801083243961330e-15,-7.993057577577664108e-13,0.000000000000000000e+00,-7.993057577577664108e-13,-7.993062846122596030e-13,5.137829647797093251e-10,2.669565878850013729e-01,2.766810063355805190e-06,5.000000000000000000e+00,6.736111111111052763e-01
1.000000000000000000e+00,1.090000000000000000e+03,2.669565878850014284e-01,0.000000000000000000e+00,1.609823385706476984e-15,-1.429369148812486418e-12,0.000000000000000000e+00,-1.429369148812486418e-12,-1.429369975516642938e-12,5.082112741293870687e-10,2.669565878850012619e-01,2.766810063355803920e-06,5.000000000000000000e+00,6.805555555555496960e-01
1.000000000000000000e+00,1.095000000000000000e+03,2.669565878850013174e-01,0.000000000000000000e+00,1.498801083243961330e-15,-1.457385868073885621e-12,0.000000000000000000e+00,-1.457385868073885621e-12,-1.457386931947267372e-12,5.009943818607272929e-10,2.669565878850015395e-01,2.766810063355804343e-06,5.000000000000000000e+00,6.874999999999940048e-01
1.000000000000000000e+00,1.100000000000000000e+03,2.669565878850013174e-01,0.000000000000000000e+00,1.498801083243961330e-15,-6.900966275746704681e-13,0.000000000000000000e+00,-6.900966275746704681e-13,-6.900974153153114146e-13,4.956256709925708460e-10,2.669565878850013174e-01,2.766810063355806461e-06,5.000000000000000000e+00,6.944444444444384246e-01
1.000000000000000000e+00,1.105000000000000000e+03,2.669565878850015395e-01,0.000000000000000000e+00,1.720845688168992638e-15,1.189888994084474516e-12,0.000000000000000000e+00,1.189888994084474516e-12,1.189887920046697398e-12,4.968751472543993109e-10,2.669565878850013174e-01,2.766810063355804343e-06,5.000000000000000000e+00,7.013888888888827333e-01
1.000000000000000000e+00,1.110000000000000000e+03,2.669565878850013729e-01,0.000000000000000000e+00,1.554312234475219157e-15,2.421554845749920859e-12,0.000000000000000000e+00,2.421554845749920859e-12,2.421553936036535508e-12,5.059037518946073932e-10,2.669565878850015395e-01,2.766810063355806461e-06,5.000000000000000000e+00,7.083333333333271531e-01
1.000000000000000000e+00,1.115000000000000000e+03,2.669565878850013729e-01,0.000000000000000000e+00,1.554312234475219157e-15,1.504568259531272739e-12,0.000000000000000000e+00,1.504568259531272739e-12,1.504566828045591879e-12,5.157190538048127117e-10,2.669565878850014284e-01,2.766810063355804767e-06,5.000000000000000000e+00,7.152777777777714618e-01
1.000000000000000000e+00,1.120000000000000000e+03,2.669565878850014284e-01,0.000000000000000000e+00,1.609823385706476984e-15,-1.566006303582376247e-13,0.000000000000000000e+00,-1.566006303582376247e-13,-1.566013994641537316e-13,5.190889673762663070e-10,2.669565878850012619e-01,2.766810063355806037e-06,5.000000000000000000e+00,7.222222222222158816e-01
1.000000000000000000e+00,1.125000000000000000e+03,2.669565878850012064e-01,0.000000000000000000e+00,1.387778780781445676e-15,-3.245100775551776340e-12,0.000000000000000000e+00,-3.245100775551776340e-12,-3.245101868224278298e-12,5.105847092070452270e-10,2.669565878850010954e-01,2.766810063355806461e-06,5.000000000000000000e+00,7.291666666666604124e-01
1.000000000000000000e+00,1.130000000000000000e+03,2.669565878850013174e-01,0.000000000000000000e+00,1.498801083243961330e-15,-5.539640903114151360e-12,0.000000000000000000e+00,-5.539640903114151360e-12,-5.539642109289068250e-12,4.886228492632618606e-10,2.669565878850014840e-01,2.766810063355809002e-06,5.000000000000000000e+00,7.361111111111046101e-01
1.000000000000000000e+00,1.135000000000000000e+03,2.669565878850012619e-01,0.000000000000000000e+00,1.443289932012703503e-15,-3.850092865505770623e-12,0.000000000000000000e+00,-3.850092865505770623e-12,-3.850093654940477464e-12,4.651485098526879963e-10,2.669565878850013174e-01,2.766810063355807731e-06,5.000000000000000000e+00,7.430555555555491409e-01
1.000000000000000000e+00,1.140000000000000000e+03,2.669565878850012619e-01,0.000000000000000000e+00,1.443289932012703503e-15,1.435081186643063361e-12,0.000000000000000000e+00,1.435081186643063361e-12,1.435080263377150854e-12,4.591109763737796798e-10,2.669565878850014840e-01,2.766810063355808579e-06,5.000000000000000000e+00,7.499999999999933387e-01
1.000000000000000000e+00,1.145000000000000000e+03,2.669565878850014284e-01,0.000000000000000000e+00,1.609823385706476984e-15,6.792260391554495041e-12,0.000000000000000000e+00,6.792260391554495041e-12,6.792259248060016248e-12,4.796793251523725975e-10,2.669565878850012619e-01,2.766810063355805614e-06,5.000000000000000000e+00,7.569444444444378695e-01
1.000000000000000000e+00,1.150000000000000000e+03,2.669565878850014284e-01,0.000000000000000000e+00,1.609823385706476984e-15,1.019530556441335112e-11,0.000000000000000000e+00,1.019530556441335112e-11,1.019530444971799253e-11,5.221482343968176195e-10,2.669565878850015395e-01,2.766810063355807308e-06,5.000000000000000000e+00,7.638888888888820672e-01
1.000000000000000000e+00,1.155000000000000000e+03,2.669565878850014284e-01,0.000000000000000000e+00,1.609823385706476984e-15,7.522264441114229205e-12,0.000000000000000000e+00,7.522264441114229205e-12,7.522263390793374610e-12,5.664421539980960373e-10,2.669565878850013729e-01,2.766810063355807731e-06,5.000000000000000000e+00,7.708333333333265980e-01
1.000000000000000000e+00,1.160000000000000000e+03,2.669565878850013174e-01,0.000000000000000000e+00,1.498801083243961330e-15,-5.449318317277736939e-12,0.000000000000000000e+00,-5.449318317277736939e-12,-5.449319274424967337e-12,5.716245142890170555e-10,2.669565878850013174e-01,2.766810063355808579e-06,5.000000000000000000e+00,7.777777777777707957e-01
1.000000000000000000e+00,1.165000000000000000e+03,2.669565878850015395e-01,0.000000000000000000e+00,1.720845688168992638e-15,-1.657504461374109672e-11,0.000000000000000000e+00,-1.657504461374109672e-11,-1.657504577417623446e-11,5.165636016675140510e-10,2.669565878850013174e-01,2.766810063355807308e-06,5.000000000000000000e+00,7.847222222222153265e-01
1.000000000000000000e+00,1.170000000000000000e+03,2.669565878850013729e-01,0.000000000000000000e+00,1.554312234475219157e-15,-1.906817383162543247e-11,0.000000000000000000e+00,-1.906817383162543247e-11,-1.906817508015199673e-11,4.274555495316934731e-10,2.669565878850013729e-01,2.766810063355806461e-06,5.000000000000000000e+00,7.916666666666595242e-01
1.000000000000000000e+00,1.175000000000000000e+03,2.669565878850015950e-01,0.000000000000000000e+00,1.776356839400250465e-15,-1.292488850863394989e-11,0.000000000000000000e+00,-1.292488850863394989e-11,-1.292488944545238955e-11,3.474728882176825074e-10,2.669565878850013729e-01,2.766810063355806037e-06,5.000000000000000000e+00,7.986111111111039440e-01
1.000000000000000000e+00,1.180000000000000000e+03,2.669565878850013174e-01,0.000000000000000000e+00,1.498801083243961330e-15,1.284915170817651012e-11,0.000000000000000000e+00,1.284915170817651012e-11,1.284915082895631087e-11,3.472835416764423106e-10,2.669565878850014284e-01,2.766810063355804767e-06,5.000000000000000000e+00,8.055555555555484748e-01
1.000000000000000000e+00,1.185000000000000000e+03,2.669565878850014284e-01,0.000000000000000000e+00,1.609823385706476984e-15,3.255674924801128106e-11,0.000000000000000000e+00,3.255674924801128106e-11,3.255674837387327950e-11,4.607982896835162865e-10,2.669565878850013174e-01,2.766810063355805190e-06,5.000000000000000000e+00,8.124999999999930056e-01
1.000000000000000000e+00,1.190000000000000000e+03,2.669565878850014284e-01,0.000000000000000000e+00,1.609823385706476984e-15,1.461777473019251414e-11,0.000000000000000000e+00,1.461777473019251414e-11,1.461777384080791952e-11,5.787345952202192841e-10,2.669565878850012619e-01,2.766810063355807308e-06,5.000000000000000000e+00,8.194444444444375364e-01
1.000000000000000000e+00,1.195000000000000000e+03,2.669565878850014284e-01,0.000000000000000000e+00,1.609823385706476984e-15,-7.173581153196387922e-12,0.000000000000000000e+00,-7.173581153196387922e-12,-7.173581900279447400e-12,5.973450750715404644e-10,2.669565878850014284e-01,2.766810063355808155e-06,5.000000000000000000e+00,8.263888888888819562e-01
1.000000000000000000e+00,1.200000000000000000e+03,2.669565878850015395e-01,0.000000000000000000e+00,1.720845688168992638e-15,-9.527501068629356390e-12,0.000000000000000000e+00,-9.527501068629356390e-12,-9.527501976648675847e-12,5.555923653792201563e-10,2.669565878850014840e-01,2.766810063355806461e-06,5.000000000000000000e+00,8.333333333333263759e-01
1.000000000000000000e+00,1.205000000000000000e+03,2.669565878850014284e-01,0.000000000000000000e+00,1.609823385706476984e-15,-9.269124232264350227e-13,0.000000000000000000e+00,-9.269124232264350227e-13,-9.269132194374054418e-13,5.294563273890049530e-10,2.669565878850012064e-01,2.766810063355807731e-06,5.000000000000000000e+00,8.402777777777707957e-01
1.000000000000000000e+00,1.210000000000000000e+03,2.669565878850014284e-01,0.000000000000000000e+00,1.609823385706476984e-15,1.540838692802668636e-11,0.000000000000000000e+00,1.540838692802668636e-11,1.540838620127241761e-11,5.656600098435924835e-10,2.669565878850014284e-01,2.766810063355805190e-06,5.000000000000000000e+00,8.472222222222153265e-01
1.000000000000000000e+00,1.215000000000000000e+03,2.669565878850013174e-01,0.000000000000000000e+00,1.498801083243961330e-15,7.138207207399091536e-12,0.000000000000000000e+00,7.138207207399091536e-12,7.138206306156035658e-12,6.220264911121636167e-10,2.669565878850016505e-01,2.766810063355807731e-06,5.000000000000000000e+00,8.541666666666597463e-01
1.000000000000000000e+00,1.220000000000000000e+03,2.669565878850014284e-01,0.000000000000000000e+00,1.609823385706476984e-15,-4.739866587058754605e-12,0.000000000000000000e+00,-4.739866587058754605e-12,-4.739867564534775736e-12,6.280223379662167665e-10,2.669565878850013174e-01,2.766810063355805614e-06,5.000000000000000000e+00,8.611111111111041660e-01
1.000000000000000000e+00,1.225000000000000000e+03,2.669565878850014284e-01,0.000000000000000000e+00,1.609823385706476984e-15,-1.077044010889486453e-11,0.000000000000000000e+00,-1.077044010889486453e-11,-1.077044105079550187e-11,5.892465664278910724e-10,2.669565878850014284e-01,2.766810063355808155e-06,5.000000000000000000e+00,8.680555555555485858e-01
1.000000000000000000e+00,1.230000000000000000e+03,2.669565878850013174e-01,0.000000000000000000e+00,1.498801083243961330e-15,2.048912045072865534e-12,0.000000000000000000e+00,2.048912045072865534e-12,2.048911194651786491e-12,5.674427417875317840e-10,2.669565878850013729e-01,2.766810063355807308e-06,5.000000000000000000e+00,8.749999999999931166e-01
1.000000000000000000e+00,1.235000000000000000e+03,2.669565878850015395e-01,0.000000000000000000e+00,1.720845688168992638e-15,2.807944103470384756e-12,0.000000000000000000e+00,2.807944103470384756e-12,2.807943139546890780e-12,5.795848776230284771e-10,2.669565878850015395e-01,2.766810063355807731e-06,5.000000000000000000e+00,8.819444444444375364e-01
1.000000000000000000e+00,1.240000000000000000e+03,2.669565878850015395e-01,0.000000000000000000e+00,1.720845688168992638e-15,-6.816154296529746554e-12,0.000000000000000000e+00,-6.816154296529746554e-12,-6.816155065635662660e-12,5.695643478078065474e-10,2.669565878850013174e-01,2.766810063355808155e-06,5.000000000000000000e+00,8.888888888888821782e-01
1.000000000000000000e+00,1.245000000000000000e+03,2.669565878850015395e-01,0.000000000000000000e+00,1.720845688168992638e-15,-8.501583009627722287e-12,0.000000000000000000e+00,-8.501583009627722287e-12,-8.501583941363964267e-12,5.312700002903074801e-10,2.669565878850018725e-01,2.766810063355807308e-06,5.000000000000000000e+00,8.958333333333267090e-01
1.000000000000000000e+00,1.250000000000000000e+03,2.669565878850014840e-01,0.000000000000000000e+00,1.665334536937734811e-15,7.976510165536802172e-12,0.000000000000000000e+00,7.976510165536802172e-12,7.976509537038355309e-12,5.299573142794934577e-10,2.669565878850015395e-01,2.766810063355806884e-06,5.000000000000000000e+00,9.027777777777713508e-01
1.000000000000000000e+00,1.255000000000000000e+03,2.669565878850015395e-01,0.000000000000000000e+00,1.720845688168992638e-15,6.350264532154013125e-12,0.000000000000000000e+00,6.350264532154013125e-12,6.350263883326775528e-12,5.657742478304062848e-10,2.669565878850013174e-01,2.766810063355805190e-06,5.000000000000000000e+00,9.097222222222158816e-01
1.000000000000000000e+00,1.260000000000000000e+03,2.669565878850014284e-01,0.000000000000000000e+00,1.609823385706476984e-15,-7.523739552380004358e-12,0.000000000000000000e+00,-7.523739552380004358e-12,-7.523740436682401292e-12,5.628405564470172204e-10,2.669565878850015395e-01,2.766810063355806884e-06,5.000000000000000000e+00,9.166666666666603014e-01
1.000000000000000000e+00,1.265000000000000000e+03,2.669565878850015950e-01,0.000000000000000000e+00,1.776356839400250465e-15,-1.477948273882973354e-11,0.000000000000000000e+00,-1.477948273882973354e-11,-1.477948373494047951e-11,5.070824960179600184e-10,2.669565878850015950e-01,2.766810063355808155e-06,5.000000000000000000e+00,9.236111111111049432e-01
1.000000000000000000e+00,1.270000000000000000e+03,2.669565878850015395e-01,0.000000000000000000e+00,1.720845688168992638e-15,1.361664481934173401e-11,0.000000000000000000e+00,1.361664481934173401e-11,1.361664417390262821e-11,5.041753971153653901e-10,2.669565878850013729e-01,2.766810063355807308e-06,5.000000000000000000e+00,9.305555555555494740e-01
1.000000000000000000e+00,1.275000000000000000e+03,2.669565878850014840e-01,0.000000000000000000e+00,1.665334536937734811e-15,1.533007664496384426e-11,0.000000000000000000e+00,1.533007664496384426e-11,1.533007608931023086e-11,5.765421977733975378e-10,2.669565878850015950e-01,2.766810063355808155e-06,5.000000000000000000e+00,9.374999999999940048e-01
1.000000000000000000e+00,1.280000000000000000e+03,2.669565878850015950e-01,0.000000000000000000e+00,1.776356839400250465e-15,-1.425005399731437208e-11,0.000000000000000000e+00,-1.425005399731437208e-11,-1.425005486637017597e-11,5.792422508307476750e-10,2.669565878850015395e-01,2.766810063355806884e-06,5.000000000000000000e+00,9.444444444444385356e-01
1.000000000000000000e+00,1.285000000000000000e+03,2.669565878850015395e-01,0.000000000000000000e+00,1.720845688168992638e-15,-3.013515896240284708e-11,0.000000000000000000e+00,-3.013515896240284708e-11,-3.013516006354567851e-11,4.682792135059580388e-10,2.669565878850014840e-01,2.766810063355809002e-06,5.000000000000000000e+00,9.513888888888830664e-01
1.000000000000000000e+00,1.290000000000000000e+03,2.669565878850015395e-01,0.000000000000000000e+00,1.720845688168992638e-15,1.900368510693523430e-11,0.000000000000000000e+00,1.900368510693523430e-11,1.900368428361920957e-11,4.404505240561418665e-10,2.669565878850014840e-01,2.766810063355808155e-06,5.000000000000000000e+00,9.583333333333277082e-01
1.000000000000000000e+00,1.295000000000000000e+03,2.669565878850015395e-01,0.000000000000000000e+00,1.720845688168992638e-15,4.190394145770545004e-11,0.000000000000000000e+00,4.190394145770545004e-11,4.190394051749887858e-11,5.927195860589370868e-10,2.669565878850015950e-01,2.766810063355808579e-06,5.000000000000000000e+00,9.652777777777720170e-01
1.000000000000000000e+00,1.300000000000000000e+03,2.669565878850015395e-01,0.000000000000000000e+00,1.720845688168992638e-15,-1.850693334476058438e-11,0.000000000000000000e+00,-1.850693334476058438e-11,-1.850693412572496175e-11,6.512121020383718789e-10,2.669565878850017615e-01,2.766810063355808155e-06,5.000000000000000000e+00,9.722222222222163257e-01
1.000000000000000000e+00,1.305000000000000000e+03,2.669565878850015395e-01,0.000000000000000000e+00,1.720845688168992638e-15,-4.150638749258854510e-12,0.000000000000000000e+00,-4.150638749258854510e-12,-4.150639396392026212e-12,5.945681682330794090e-10,2.669565878850015395e-01,2.766810063355809426e-06,5.000000000000000000e+00,9.791666666666606345e-01
1.000000000000000000e+00,1.310000000000000000e+03,2.669565878850015395e-01,0.000000000000000000e+00,1.720845688168992638e-15,1.503397786714296205e-11,0.000000000000000000e+00,1.503397786714296205e-11,1.503397703366254196e-11,6.217765123262556984e-10,2.669565878850014840e-01,2.766810063355808155e-06,5.000000000000000000e+00,9.861111111111050542e-01
1.000000000000000000e+00,1.315000000000000000e+03,2.669565878850016505e-01,0.000000000000000000e+00,1.831867990631508292e-15,-6.095639001424488918e-12,0.000000000000000000e+00,-6.095639001424488918e-12,-6.095639635005133464e-12,6.441223558228992196e-10,2.669565878850013729e-01,2.766810063355808155e-06,5.000000000000000000e+00,9.930555555555494740e-01
1.000000000000000000e+00,1.320000000000000000e+03,2.669565878850015395e-01,0.000000000000000000e+00,1.720845688168992638e-15,-3.597010720963328412e-11,0.000000000000000000e+00,-3.597010720963328412e-11,-3.597010814475765789e-11,5.389579863734922412e-10,2.669565878850017615e-01,2.766810063355809426e-06,5.000000000000000000e+00,9.999999999999938938e-01
1.000000000000000000e+00,1.325000000000000000e+03,2.669565878850015395e-01,0.000000000000000000e+00,1.720845688168992638e-15,-1.146530292310109916e-12,0.000000000000000000e+00,-1.146530292310109916e-12,-1.146530880150975311e-12,4.461663888112206582e-10,2.669565878850014840e-01,2.766810063355806461e-06,5.000000000000000000e+00,1.006944444444438203e+00
1.000000000000000000e+00,1.330000000000000000e+03,2.669565878850014840e-01,0.000000000000000000e+00,1.665334536937734811e-15,2.296177473420230042e-11,0.000000000000000000e+00,2.296177473420230042e-11,2.296177416160802807e-11,5.007044970148632902e-10,2.669565878850014840e-01,2.766810063355809002e-06,5.000000000000000000e+00,1.013888888888882622e+00
1.000000000000000000e+00,1.335000000000000000e+03,2.669565878850014840e-01,0.000000000000000000e+00,1.665334536937734811e-15,-2.791573724703630757e-11,0.000000000000000000e+00,-2.791573724703630757e-11,-2.791573813303277040e-11,4.883195870863014343e-10,2.669565878850015395e-01,2.766810063355808579e-06,5.000000000000000000e+00,1.020833333333326820e+00
1.000000000000000000e+00,1.340000000000000000e+03,2.669565878850015395e-01,0.000000000000000000e+00,1.720845688168992638e-15,5.808370101621600223e-12,0.000000000000000000e+00,5.808370101621600223e-12,5.808369379949529163e-12,4.330511652035933313e-10,2.669565878850014284e-01,2.766810063355808155e-06,5.000000000000000000e+00,1.027777777777771240e+00
1.000000000000000000e+00,1.345000000000000000e+03,2.669565878850015395e-01,0.000000000000000000e+00,1.720845688168992638e-15,2.474056509926001249e-11,0.000000000000000000e+00,2.474056509926001249e-11,2.474056423359234039e-11,5.094234992374480051e-10,2.669565878850014840e-01,2.766810063355808155e-06,5.000000000000000000e+00,1.034722222222215660e+00
1.000000000000000000e+00,1.350000000000000000e+03,2.669565878850016505e-01,0.000000000000000000e+00,1.831867990631508292e-15,-3.658935233654325367e-11,0.000000000000000000e+00,-3.658935233654325367e-11,-3.658935326319729796e-11,4.798015266634356112e-10,2.669565878850018170e-01,2.766810063355811543e-06,5.000000000000000000e+00,1.041666666666660079e+00
1.000000000000000000e+00,1.355000000000000000e+03,2.669565878850015950e-01,0.000000000000000000e+00,1.776356839400250465e-15,3.238321842125892192e-12,0.000000000000000000e+00,3.238321842125892192e-12,3.238321377951837096e-12,3.964239469503219590e-10,2.669565878850014284e-01,2.766810063355807731e-06,5.000000000000000000e+00,1.048611111111104499e+00
1.000000000000000000e+00,1.360000000000000000e+03,2.669565878850015395e-01,0.000000000000000000e+00,1.720845688168992638e-15,1.728630208945461724e-11,0.000000000000000000e+00,1.728630208945461724e-11,1.728630138980540281e-11,4.477355038697150588e-10,2.669565878850014840e-01,2.766810063355809002e-06,5.000000000000000000e+00,1.055555555555548697e+00
1.000000000000000000e+00,1.365000000000000000e+03,2.669565878850015395e-01,0.000000000000000000e+00,1.720845688168992638e-15,-3.304225474368106472e-11,0.000000000000000000e+00,-3.304225474368106472e-11,-3.304225548907005830e-11,4.083456186215534201e-10,2.669565878850016505e-01,2.766810063355809849e-06,5.000000000000000000e+00,1.062499999999993117e+00
1.000000000000000000e+00,1.370000000000000000e+03,2.669565878850015395e-01,0.000000000000000000e+00,1.720845688168992638e-15,-1.461998003129266754e-11,0.000000000000000000e+00,-1.461998003129266754e-11,-1.461998083936209922e-11,2.891900278004730263e-10,2.669565878850017615e-01,2.766810063355809002e-06,5.000000000000000000e+00,1.069444444444437314e+00
1.000000000000000000e+00,1.375000000000000000e+03,2.669565878850014840e-01,0.000000000000000000e+00,1.665334536937734811e-15,3.687893930124849784e-11,0.000000000000000000e+00,3.687893930124849784e-11,3.687893854738917478e-11,3.448374220705407152e-10,2.669565878850014284e-01,2.766810063355806884e-06,5.000000000000000000e+00,1.076388888888881734e+00
1.000000000000000000e+00,1.380000000000000000e+03,2.669565878850017060e-01,0.000000000000000000e+00,1.887379141862766119e-15,-1.003294071899498568e-11,0.000000000000000000e+00,-1.003294071899498568e-11,-1.003294138645694812e-11,4.119524149728712818e-10,2.669565878850018725e-01,2.766810063355810273e-06,5.000000000000000000e+00,1.083333333333325932e+00
1.000000000000000000e+00,1.385000000000000000e+03,2.669565878850017060e-01,0.000000000000000000e+00,1.887379141862766119e-15,-2.027221848775826590e-12,0.000000000000000000e+00,-2.027221848775826590e-12,-2.027222470498009875e-12,3.818020053304838868e-10,2.669565878850015950e-01,2.766810063355807731e-06,5.000000000000000000e+00,1.090277777777770130e+00
1.000000000000000000e+00,1.390000000000000000e+03,2.669565878850017060e-01,0.000000000000000000e+00,1.887379141862766119e-15,3.834328891178483134e-13,0.000000000000000000e+00,3.834328891178483134e-13,3.834322724778627123e-13,3.776925298354335189e-10,2.669565878850019280e-01,2.766810063355806037e-06,5.000000000000000000e+00,1.097222222222214327e+00
1.000000000000000000e+00,1.395000000000000000e+03,2.669565878850017060e-01,0.000000000000000000e+00,1.887379141862766119e-15,-9.332834662425029681e-13,0.000000000000000000e+00,-9.332834662425029681e-13,-9.332841726679809782e-13,3.763179000849582233e-10,2.669565878850017615e-01,2.766810063355807308e-06,5.000000000000000000e+00,1.104166666666658525e+00
1.000000000000000000e+00,1.400000000000000000e+03,2.669565878850014840e-01,0.000000000000000000e+00,1.665334536937734811e-15,3.001490860867449262e-13,0.000000000000000000e+00,3.001490860867449262e-13,3.001485439856586834e-13,3.747350610132524175e-10,2.669565878850017060e-01,2.766810063355809002e-06,5.000000000000000000e+00,1.111111111111102723e+00
1.000000000000000000e+00,1.405000000000000000e+03,2.669565878850015395e-01,0.000000000000000000e+00,1.720845688168992638e-15,-2.249445746858869111e-13,0.000000000000000000e+00,-2.249445746858869111e-13,-2.249452794172990266e-13,3.749230691746733167e-10,2.669565878850015950e-01,2.766810063355809426e-06,5.000000000000000000e+00,1.118055555555546920e+00
1.000000000000000000e+00,1.410000000000000000e+03,2.669565878850015950e-01,0.000000000000000000e+00,1.776356839400250465e-15,1.286993040893087692e-13,0.000000000000000000e+00,1.286993040893087692e-13,1.286985214308655062e-13,3.746824522797072329e-10,2.669565878850019836e-01,2.766810063355809426e-06,5.000000000000000000e+00,1.124999999999991340e+00
1.000000000000000000e+00,1.415000000000000000e+03,2.669565878850016505e-01,0.000000000000000000e+00,1.831867990631508292e-15,-2.198029491707817473e-14,0.000000000000000000e+00,-2.198029491707817473e-14,-2.198082346563726142e-14,3.749492465246203035e-10,2.669565878850016505e-01,2.766810063355807731e-06,5.000000000000000000e+00,1.131944444444435316e+00
1.000000000000000000e+00,1.420000000000000000e+03,2.669565878850015395e-01,0.000000000000000000e+00,1.720845688168992638e-15,1.866202233979236125e-13,0.000000000000000000e+00,1.866202233979236125e-13,1.866193594243174131e-13,3.753608428645170039e-10,2.669565878850015395e-01,2.766810063355806461e-06,5.000000000000000000e+00,1.138888888888879514e+00
1.000000000000000000e+00,1.425000000000000000e+03,2.669565878850017060e-01,0.000000000000000000e+00,1.887379141862766119e-15,-4.695203237705183885e-14,0.000000000000000000e+00,-4.695203237705183885e-14,-4.695285908120835905e-14,3.757100091153747765e-10,2.669565878850013729e-01,2.766810063355807308e-06,5.000000000000000000e+00,1.145833333333323933e+00
1.000000000000000000e+00,1.430000000000000000e+03,2.669565878850015950e-01,0.000000000000000000e+00,1.776356839400250465e-15,-5.770475853335461924e-13,0.000000000000000000e+00,-5.770475853335461924e-13,-5.770483256403420927e-13,3.741500061535709004e-10,2.669565878850017060e-01,2.766810063355809849e-06,5.000000000000000000e+00,1.152777777777768575e+00
1.000000000000000000e+00,1.435000000000000000e+03,2.669565878850015950e-01,0.000000000000000000e+00,1.776356839400250465e-15,2.149684239210331027e-13,0.000000000000000000e+00,2.149684239210331027e-13,2.149679749935710579e-13,3.732448052769539728e-10,2.669565878850016505e-01,2.766810063355812390e-06,5.000000000000000000e+00,1.159722222222213217e+00
1.000000000000000000e+00,1.440000000000000000e+03,2.669565878850016505e-01,0.000000000000000000e+00,1.831867990631508292e-15,6.071489068882468532e-13,0.000000000000000000e+00,6.071489068882468532e-13,6.071482716135364124e-13,3.753000958934717415e-10,2.669565878850015950e-01,2.766810063355807308e-06,5.000000000000000000e+00,1.166666666666657637e+00
1.000000000000000000e+00,1.445000000000000000e+03,2.669565878850017060e-01,0.000000000000000000e+00,1.887379141862766119e-15,-3.007940576303658187e-13,0.000000000000000000e+00,-3.007940576303658187e-13,-3.007947657499097233e-13,3.760659796581308082e-10,2.669565878850013174e-01,2.766810063355808155e-06,5.000000000000000000e+00,1.173611111111102279e+00
1.000000000000000000e+00,1.450000000000000000e+03,2.669565878850016505e-01,0.000000000000000000e+00,1.831867990631508292e-15,-2.490077236202634103e-13,0.000000000000000000e+00,-2.490077236202634103e-13,-2.490081522189347210e-13,3.746914723632086971e-10,2.669565878850013729e-01,2.766810063355807308e-06,5.000000000000000000e+00,1.180555555555546698e+00
1.000000000000000000e+00,1.455000000000000000e+03,2.669565878850015950e-01,0.000000000000000000e+00,1.776356839400250465e-15,-9.775652645227853044e-14,0.000000000000000000e+00,-9.775652645227853044e-14,-9.775706685929887868e-14,3.738245593155131131e-10,2.669565878850016505e-01,2.766810063355809849e-06,5.000000000000000000e+00,1.187499999999991340e+00
1.000000000000000000e+00,1.460000000000000000e+03,2.669565878850015395e-01,0.000000000000000000e+00,1.720845688168992638e-15,3.192273580351033535e-13,0.000000000000000000e+00,3.192273580351033535e-13,3.192266888790750226e-13,3.743782333705625534e-10,2.669565878850015950e-01,2.766810063355809002e-06,5.000000000000000000e+00,1.194444444444435982e+00
1.000000000000000000e+00,1.465000000000000000e+03,2.669565878850016505e-01,0.000000000000000000e+00,1.831867990631508292e-15,-6.218961299707045920e-14,0.000000000000000000e+00,-6.218961299707045920e-14,-6.219005684233482045e-14,3.750208249506544039e-10,2.669565878850017060e-01,2.766810063355809849e-06,5.000000000000000000e+00,1.201388888888880402e+00
1.000000000000000000e+00,1.470000000000000000e+03,2.669565878850015395e-01,0.000000000000000000e+00,1.720845688168992638e-15,-3.148650976991622386e-13,0.000000000000000000e+00,-3.148650976991622386e-13,-3.148658193712332992e-13,3.740781852601204836e-10,2.669565878850014840e-01,2.766810063355808155e-06,5.000000000000000000e+00,1.208333333333325044e+00
1.000000000000000000e+00,1.475000000000000000e+03,2.669565878850016505e-01,0.000000000000000000e+00,1.831867990631508292e-15,-1.795211182942409167e-13,0.000000000000000000e+00,-1.795211182942409167e-13,-1.795218298019166103e-13,3.728422161371876089e-10,2.669565878850015950e-01,2.766810063355809002e-06,5.000000000000000000e+00,1.215277777777769685e+00
1.000000000000000000e+00,1.480000000000000000e+03,2.669565878850016505e-01,0.000000000000000000e+00,1.831867990631508292e-15,1.162745098229507612e-13,0.000000000000000000e+00,1.162745098229507612e-13,1.162736407671468783e-13,3.726840956646006845e-10,2.669565878850015950e-01,2.766810063355807308e-06,5.000000000000000000e+00,1.222222222222214105e+00
1.000000000000000000e+00,1.485000000000000000e+03,2.669565878850017615e-01,0.000000000000000000e+00,1.942890293094023946e-15,1.360013447346264392e-13,0.000000000000000000e+00,1.360013447346264392e-13,1.360006857429934754e-13,3.733147814808760354e-10,2.669565878850013174e-01,2.766810063355808155e-06,5.000000000000000000e+00,1.229166666666658747e+00
1.000000000000000000e+00,1.490000000000000000e+03,2.669565878850015395e-01,0.000000000000000000e+00,1.720845688168992638e-15,-2.726442457760304416e-13,0.000000000000000000e+00,-2.726442457760304416e-13,-2.726451046674389575e-13,3.729731704335649217e-10,2.669565878850018170e-01,2.766810063355807308e-06,5.000000000000000000e+00,1.236111111111103167e+00
1.000000000000000000e+00,1.495000000000000000e+03,2.669565878850016505e-01,0.000000000000000000e+00,1.831867990631508292e-15,-2.604933413072330062e-13,0.000000000000000000e+00,-2.604933413072330062e-13,-2.604939172896371391e-13,3.716403228786722315e-10,2.669565878850016505e-01,2.766810063355809002e-06,5.000000000000000000e+00,1.243055555555547809e+00
1.000000000000000000e+00,1.500000000000000000e+03,2.669565878850016505e-01,0.000000000000000000e+00,1.831867990631508292e-15,-8.303454495164896976e-14,0.000000000000000000e+00,-8.303454495164896976e-14,-8.303527678811539747e-14,3.707814998934778501e-10,2.669565878850017060e-01,2.766810063355809426e-06,5.000000000000000000e+00,1.249999999999992450e+00
1.000000000000000000e+00,1.505000000000000000e+03,2.669565878850017060e-01,0.000000000000000000e+00,1.887379141862766119e-15,2.267609927955605009e-13,0.000000000000000000e+00,2.267609927955605009e-13,2.267603897081020559e-13,3.711408126757778168e-10,2.669565878850018725e-01,2.766810063355810696e-06,5.000000000000000000e+00,1.256944444444436870e+00
1.000000000000000000e+00,1.510000000000000000e+03,2.669565878850016505e-01,0.000000000000000000e+00,1.831867990631508292e-15,-9.561669083455251461e-14,0.000000000000000000e+00,-9.561669083455251461e-14,-9.561731425080169378e-14,3.714686703644210677e-10,2.669565878850018725e-01,2.766810063355809426e-06,5.000000000000000000e+00,1.263888888888881512e+00
1.000000000000000000e+00,1.515000000000000000e+03,2.669565878850017615e-01,0.000000000000000000e+00,1.942890293094023946e-15,-4.061106174111685230e-13,0.000000000000000000e+00,-4.061106174111685230e-13,-4.061113509417008452e-13,3.702143487014398113e-10,2.669565878850015395e-01,2.766810063355808579e-06,5.000000000000000000e+00,1.270833333333326154e+00
1.000000000000000000e+00,1.520000000000000000e+03,2.669565878850015950e-01,0.000000000000000000e+00,1.776356839400250465e-15,-3.366818068372030848e-13,0.000000000000000000e+00,-3.366818068372030848e-13,-3.366823489382893275e-13,3.683573644517398359e-10,2.669565878850018725e-01,2.766810063355809849e-06,5.000000000000000000e+00,1.277777777777770574e+00
1.000000000000000000e+00,1.525000000000000000e+03,2.669565878850016505e-01,0.000000000000000000e+00,1.831867990631508292e-15,1.675007856483286262e-13,0.000000000000000000e+00,1.675007856483286262e-13,1.675000012958194687e-13,3.679344085826336613e-10,2.669565878850016505e-01,2.766810063355809426e-06,5.000000000000000000e+00,1.284722222222215215e+00
1.000000000000000000e+00,1.530000000000000000e+03,2.669565878850017060e-01,0.000000000000000000e+00,1.887379141862766119e-15,3.435820082760797367e-13,0.000000000000000000e+00,3.435820082760797367e-13,3.435814949741137006e-13,3.692121123233084942e-10,2.669565878850016505e-01,2.766810063355809849e-06,5.000000000000000000e+00,1.291666666666659635e+00
1.000000000000000000e+00,1.535000000000000000e+03,2.669565878850017615e-01,0.000000000000000000e+00,1.942890293094023946e-15,-2.309573159890027094e-13,0.000000000000000000e+00,-2.309573159890027094e-13,-2.309579580399767282e-13,3.694936711656438366e-10,2.669565878850014840e-01,2.766810063355809002e-06,5.000000000000000000e+00,1.298611111111104277e+00
1.000000000000000000e+00,1.540000000000000000e+03,2.669565878850016505e-01,0.000000000000000000e+00,1.831867990631508292e-15,-5.870583628052837566e-13,0.000000000000000000e+00,-5.870583628052837566e-13,-5.870587626048348606e-13,3.674486293640318076e-10,2.669565878850016505e-01,2.766810063355811543e-06,5.000000000000000000e+00,1.305555555555548919e+00
1.000000000000000000e+00,1.545000000000000000e+03,2.669565878850018725e-01,0.000000000000000000e+00,2.053912595556539600e-15,-4.093914606189547056e-13,0.000000000000000000e+00,-4.093914606189547056e-13,-4.093918671947693877e-13,3.649575027895327970e-10,2.669565878850014840e-01,2.766810063355810696e-06,5.000000000000000000e+00,1.312499999999993339e+00
1.000000000000000000e+00,1.550000000000000000e+03,2.669565878850016505e-01,0.000000000000000000e+00,1.831867990631508292e-15,5.858524995965182225e-13,0.000000000000000000e+00,5.858524995965182225e-13,5.858520608334515448e-13,3.653986532736295024e-10,2.669565878850019280e-01,2.766810063355809002e-06,5.000000000000000000e+00,1.319444444444437980e+00
1.000000000000000000e+00,1.555000000000000000e+03,2.669565878850016505e-01,0.000000000000000000e+00,1.831867990631508292e-15,4.378792589480352826e-13,0.000000000000000000e+00,4.378792589480352826e-13,4.378785830157433737e-13,3.679579798832524897e-10,2.669565878850015395e-01,2.766810063355811543e-06,5.000000000000000000e+00,1.326388888888882622e+00
1.000000000000000000e+00,1.560000000000000000e+03,2.669565878850017060e-01,0.000000000000000000e+00,1.887379141862766119e-15,-3.702050940649660726e-13,0.000000000000000000e+00,-3.702050940649660726e-13,-3.702056039788003197e-13,3.681271623308448473e-10,2.669565878850015950e-01,2.766810063355808579e-06,5.000000000000000000e+00,1.333333333333327042e+00
1.000000000000000000e+00,1.565000000000000000e+03,2.669565878850017615e-01,0.000000000000000000e+00,1.942890293094023946e-15,-1.339059241365226499e-12,0.000000000000000000e+00,-1.339059241365226499e-12,-1.339059688598622649e-12,3.638539990994012899e-10,2.669565878850015950e-01,2.766810063355810696e-06,5.000000000000000000e+00,1.340277777777771684e+00
1.000000000000000000e+00,1.570000000000000000e+03,2.669565878850016505e-01,0.000000000000000000e+00,1.831867990631508292e-15,-1.199547798873441817e-13,0.000000000000000000e+00,-1.199547798873441817e-13,-1.199552372851356991e-13,3.602064617846918940e-10,2.669565878850019836e-01,2.766810063355808155e-06,5.000000000000000000e+00,1.347222222222216326e+00
1.000000000000000000e+00,1.575000000000000000e+03,2.669565878850017060e-01,0.000000000000000000e+00,1.887379141862766119e-15,1.354742659471098315e-12,0.000000000000000000e+00,1.354742659471098315e-12,1.354741993703201773e-12,3.632934286757370592e-10,2.669565878850017060e-01,2.766810063355810273e-06,5.000000000000000000e+00,1.354166666666660745e+00
1.000000000000000000e+00,1.580000000000000000e+03,2.669565878850018725e-01,0.000000000000000000e+00,2.053912595556539600e-15,1.500521576566424264e-12,0.000000000000000000e+00,1.500521576566424264e-12,1.500521115780500958e-12,3.704315864494463161e-10,2.669565878850016505e-01,2.766810063355811120e-06,5.000000000000000000e+00,1.361111111111105387e+00
1.000000000000000000e+00,1.585000000000000000e+03,2.669565878850017615e-01,0.000000000000000000e+00,1.942890293094023946e-15,-1.133580317287663508e-12,0.000000000000000000e+00,-1.133580317287663508e-12,-1.133580874635342801e-12,3.713489370523092114e-10,2.669565878850017615e-01,2.766810063355808579e-06,5.000000000000000000e+00,1.368055555555550029e+00
1.000000000000000000e+00,1.590000000000000000e+03,2.669565878850016505e-01,0.000000000000000000e+00,1.831867990631508292e-15,-3.028294412107945810e-12,0.000000000000000000e+00,-3.028294412107945810e-12,-3.028295003336942993e-12,3.609442473573784970e-10,2.669565878850015950e-01,2.766810063355811120e-06,5.000000000000000000e+00,1.374999999999994449e+00
1.000000000000000000e+00,1.595000000000000000e+03,2.669565878850017615e-01,0.000000000000000000e+00,1.942890293094023946e-15,-7.241172993253247592e-13,0.000000000000000000e+00,-7.241172993253247592e-13,-7.241176042571857707e-13,3.515632158383931751e-10,2.669565878850019280e-01,2.766810063355807731e-06,5.000000000000000000e+00,1.381944444444439091e+00
1.000000000000000000e+00,1.600000000000000000e+03,2.669565878850018170e-01,0.000000000000000000e+00,1.998401444325281773e-15,3.721785459844233895e-12,0.000000000000000000e+00,3.721785459844233895e-12,3.721784750030624096e-12,3.590573837028267709e-10,2.669565878850017060e-01,2.766810063355808155e-06,5.000000000000000000e+00,1.388888888888883733e+00
1.000000000000000000e+00,1.605000000000000000e+03,2.669565878850018170e-01,0.000000000000000000e+00,1.998401444325281773e-15,4.836589076017815819e-12,0.000000000000000000e+00,4.836589076017815819e-12,4.836588483094752741e-12,3.804533167856402130e-10,2.669565878850016505e-01,2.766810063355809849e-06,5.000000000000000000e+00,1.395833333333328152e+00
1.000000000000000000e+00,1.610000000000000000e+03,2.669565878850018725e-01,0.000000000000000000e+00,2.053912595556539600e-15,-2.247525238564373334e-12,0.000000000000000000e+00,-2.247525238564373334e-12,-2.247525611258870126e-12,3.869259739652299195e-10,2.669565878850014284e-01,2.766810063355810273e-06,5.000000000000000000e+00,1.402777777777772794e+00
1.000000000000000000e+00,1.615000000000000000e+03,2.669565878850018170e-01,0.000000000000000000e+00,1.998401444325281773e-15,-7.455882563905599780e-12,0.000000000000000000e+00,-7.455882563905599780e-12,-7.455883187321848959e-12,3.626674519687781218e-10,2.669565878850015950e-01,2.766810063355809849e-06,5.000000000000000000e+00,1.409722222222217436e+00
1.000000000000000000e+00,1.620000000000000000e+03,2.669565878850017060e-01,0.000000000000000000e+00,1.887379141862766119e-15,-4.814872133808434373e-12,0.000000000000000000e+00,-4.814872133808434373e-12,-4.814872814822923966e-12,3.319905619634161895e-10,2.669565878850018170e-01,2.766810063355809426e-06,5.000000000000000000e+00,1.416666666666661856e+00
1.000000000000000000e+00,1.625000000000000000e+03,2.669565878850017060e-01,0.000000000000000000e+00,1.887379141862766119e-15,1.097433202526618828e-11,0.000000000000000000e+00,1.097433202526618828e-11,1.097433139168554374e-11,3.473892084055727389e-10,2.669565878850015950e-01,2.766810063355809849e-06,5.000000000000000000e+00,1.423611111111106498e+00
1.000000000000000000e+00,1.630000000000000000e+03,2.669565878850017060e-01,0.000000000000000000e+00,1.887379141862766119e-15,1.361503652739159617e-11,0.000000000000000000e+00,1.361503652739159617e-11,1.361503620721314211e-11,4.088626274028194535e-10,2.669565878850015395e-01,2.766810063355810273e-06,5.000000000000000000e+00,1.430555555555551139e+00
1.000000000000000000e+00,1.635000000000000000e+03,2.669565878850016505e-01,0.000000000000000000e+00,1.831867990631508292e-15,2.469122183188648956e-13,0.000000000000000000e+00,2.469122183188648956e-13,2.469119133870038840e-13,4.435174977043198185e-10,2.669565878850019836e-01,2.766810063355809002e-06,5.000000000000000000e+00,1.437499999999995559e+00
1.000000000000000000e+00,1.640000000000000000e+03,2.669565878850017615e-01,0.000000000000000000e+00,1.942890293094023946e-15,-2.457808575531596901e-11,0.000000000000000000e+00,-2.457808575531596901e-11,-2.457808627370013273e-11,3.826895618035369964e-10,2.669565878850015950e-01,2.766810063355811543e-06,5.000000000000000000e+00,1.444444444444439979e+00
1.000000000000000000e+00,1.645000000000000000e+03,2.669565878850017615e-01,0.000000000000000000e+00,1.942890293094023946e-15,9.459404220753080128e-13,0.000000000000000000e+00,9.459404220753080128e-13,9.459397851065316776e-13,3.236091955820529938e-10,2.669565878850017060e-01,2.766810063355812814e-06,5.000000000000000000e+00,1.451388888888884399e+00
1.000000000000000000e+00,1.650000000000000000e+03,2.669565878850017615e-01,0.000000000000000000e+00,1.942890293094023946e-15,1.640276298440308464e-11,0.000000000000000000e+00,1.640276298440308464e-11,1.640276247110111860e-11,3.669809512225721195e-10,2.669565878850017615e-01,2.766810063355809002e-06,5.000000000000000000e+00,1.458333333333328818e+00
1.000000000000000000e+00,1.655000000000000000e+03,2.669565878850017060e-01,0.000000000000000000e+00,1.887379141862766119e-15,1.207293908399818816e-12,0.000000000000000000e+00,1.207293908399818816e-12,1.207293203668406700e-12,4.110060904094959327e-10,2.669565878850017615e-01,2.766810063355810273e-06,5.000000000000000000e+00,1.465277777777773238e+00
1.000000000000000000e+00,1.660000000000000000e+03,2.669565878850018725e-01,0.000000000000000000e+00,2.053912595556539600e-15,-2.328327185593297502e-11,0.000000000000000000e+00,-2.328327185593297502e-11,-2.328327210665472741e-11,3.558161431520301310e-10,2.669565878850017615e-01,2.766810063355809426e-06,5.000000000000000000e+00,1.472222222222217880e+00
1.000000000000000000e+00,1.665000000000000000e+03,2.669565878850018170e-01,0.000000000000000000e+00,1.998401444325281773e-15,6.718715854666084536e-12,0.000000000000000000e+00,6.718715854666084536e-12,6.718715664930704351e-12,3.144047520477200733e-10,2.669565878850017615e-01,2.766810063355810696e-06,5.000000000000000000e+00,1.479166666666662300e+00
1.000000000000000000e+00,1.670000000000000000e+03,2.669565878850017060e-01,0.000000000000000000e+00,1.887379141862766119e-15,1.991087142708646007e-11,0.000000000000000000e+00,1.991087142708646007e-11,1.991087099679372287e-11,3.809787187020311414e-10,2.669565878850017060e-01,2.766810063355810273e-06,5.000000000000000000e+00,1.486111111111106720e+00
1.000000000000000000e+00,1.675000000000000000e+03,2.669565878850017060e-01,0.000000000000000000e+00,1.887379141862766119e-15,-1.628125860178445197e-11,0.000000000000000000e+00,-1.628125860178445197e-11,-1.628125903038312328e-11,3.900527486180576403e-10,2.669565878850017615e-01,2.766810063355812390e-06,5.000000000000000000e+00,1.493055555555550917e+00
1.000000000000000000e+00,1.680000000000000000e+03,2.669565878850018725e-01,0.000000000000000000e+00,2.053912595556539600e-15,-2.240283590012942180e-11,0.000000000000000000e+00,-2.240283590012942180e-11,-2.240283645070083752e-11,2.933425099153477383e-10,2.669565878850015950e-01,2.766810063355808155e-06,5.000000000000000000e+00,1.499999999999995337e+00
1.000000000000000000e+00,1.685000000000000000e+03,2.669565878850017615e-01,0.000000000000000000e+00,1.942890293094023946e-15,1.045957159046765478e-11,0.000000000000000000e+00,1.045957159046765478e-11,1.045957121438502620e-11,2.634843468245582100e-10,2.669565878850020391e-01,2.766810063355810696e-06,5.000000000000000000e+00,1.506944444444439757e+00
1.000000000000000000e+00,1.690000000000000000e+03,2.669565878850018725e-01,0.000000000000000000e+00,2.053912595556539600e-15,-4.466184786908709847e-12,0.000000000000000000e+00,-4.466184786908709847e-12,-4.466185218895512947e-12,2.784678118132819931e-10,2.669565878850017060e-01,2.766810063355811120e-06,5.000000000000000000e+00,1.513888888888884177e+00
1.000000000000000000e+00,1.695000000000000000e+03,2.669565878850018725e-01,0.000000000000000000e+00,2.053912595556539600e-15,-2.489874425344248965e-11,0.000000000000000000e+00,-2.489874425344248965e-11,-2.489874461427852518e-11,2.050554872303468978e-10,2.669565878850017060e-01,2.766810063355812390e-06,5.000000000000000000e+00,1.520833333333328596e+00
1.000000000000000000e+00,1.700000000000000000e+03,2.669565878850016505e-01,0.000000000000000000e+00,1.831867990631508292e-15,2.172138043163209659e-11,0.000000000000000000e+00,2.172138043163209659e-11,2.172138007418419284e-11,1.971120758801110670e-10,2.669565878850018725e-01,2.766810063355811543e-06,5.000000000000000000e+00,1.527777777777773238e+00
1.000000000000000000e+00,1.705000000000000000e+03,2.669565878850018170e-01,0.000000000000000000e+00,1.998401444325281773e-15,1.831165969724823928e-14,0.000000000000000000e+00,1.831165969724823928e-14,1.831118366473188236e-14,2.514613040247333788e-10,2.669565878850017060e-01,2.766810063355809849e-06,5.000000000000000000e+00,1.534722222222217658e+00
1.000000000000000000e+00,1.710000000000000000e+03,2.669565878850017615e-01,0.000000000000000000e+00,1.942890293094023946e-15,1.971368929914747020e-12,0.000000000000000000e+00,1.971368929914747020e-12,1.971368420000912773e-12,2.564355030338974905e-10,2.669565878850015950e-01,2.766810063355812814e-06,5.000000000000000000e+00,1.541666666666661856e+00
1.000000000000000000e+00,1.715000000000000000e+03,2.669565878850018170e-01,0.000000000000000000e+00,1.998401444325281773e-15,2.030355511538697866e-12,0.000000000000000000e+00,2.030355511538697866e-12,2.030355108351014973e-12,2.664398118547773098e-10,2.669565878850018725e-01,2.766810063355808579e-06,5.000000000000000000e+00,1.548611111111106498e+00
1.000000000000000000e+00,1.720000000000000000e+03,2.669565878850018170e-01,0.000000000000000000e+00,1.998401444325281773e-15,-2.417476998748877004e-12,0.000000000000000000e+00,-2.417476998748877004e-12,-2.417477449370404943e-12,2.654720060022288349e-10,2.669565878850019280e-01,2.766810063355809849e-06,5.000000000000000000e+00,1.555555555555550917e+00
1.000000000000000000e+00,1.725000000000000000e+03,2.669565878850017615e-01,0.000000000000000000e+00,1.942890293094023946e-15,6.420518217293332691e-12,0.000000000000000000e+00,6.420518217293332691e-12,6.420517698909168972e-12,2.754796066260757450e-10,2.669565878850017615e-01,2.766810063355807308e-06,5.000000000000000000e+00,1.562499999999995337e+00
1.000000000000000000e+00,1.730000000000000000e+03,2.669565878850017615e-01,0.000000000000000000e+00,1.942890293094023946e-15,-4.859905135116450448e-12,0.000000000000000000e+00,-4.859905135116450448e-12,-4.859905650112482378e-12,2.793811367480674614e-10,2.669565878850017615e-01,2.766810063355811967e-06,5.000000000000000000e+00,1.569444444444439979e+00
1.000000000000000000e+00,1.735000000000000000e+03,2.669565878850016505e-01,0.000000000000000000e+00,1.831867990631508292e-15,2.004686571095443820e-12,0.000000000000000000e+00,2.004686571095443820e-12,2.004686135720508931e-12,2.722430879620875278e-10,2.669565878850017615e-01,2.766810063355810273e-06,5.000000000000000000e+00,1.576388888888884399e+00
1.000000000000000000e+00,1.740000000000000000e+03,2.669565878850016505e-01,0.000000000000000000e+00,1.831867990631508292e-15,7.373904485879611420e-12,0.000000000000000000e+00,7.373904485879611420e-12,7.373904140290168940e-12,2.956895636521142225e-10,2.669565878850017615e-01,2.766810063355808579e-06,5.000000000000000000e+00,1.583333333333328818e+00
1.000000000000000000e+00,1.745000000000000000e+03,2.669565878850018170e-01,0.000000000000000000e+00,1.998401444325281773e-15,-1.599813376663029169e-11,0.000000000000000000e+00,-1.599813376663029169e-11,-1.599813424943907162e-11,2.741289883792419658e-10,2.669565878850016505e-01,2.766810063355811120e-06,5.000000000000000000e+00,1.590277777777773460e+00
1.000000000000000000e+00,1.750000000000000000e+03,2.669565878850018725e-01,0.000000000000000000e+00,2.053912595556539600e-15,1.768070750435756996e-11,0.000000000000000000e+00,1.768070750435756996e-11,1.768070719942570895e-11,2.783354207542085591e-10,2.669565878850017060e-01,2.766810063355812814e-06,5.000000000000000000e+00,1.597222222222217880e+00
1.000000000000000000e+00,1.755000000000000000e+03,2.669565878850019836e-01,0.000000000000000000e+00,2.164934898019055254e-15,-1.406482119355526028e-11,0.000000000000000000e+00,-1.406482119355526028e-11,-1.406482149848712129e-11,2.873751350065550283e-10,2.669565878850018170e-01,2.766810063355811120e-06,5.000000000000000000e+00,1.604166666666662300e+00
1.000000000000000000e+00,1.760000000000000000e+03,2.669565878850017615e-01,0.000000000000000000e+00,1.942890293094023946e-15,-2.070808703279105462e-11,0.000000000000000000e+00,-2.070808703279105462e-11,-2.070808746816598950e-11,2.004428625899222513e-10,2.669565878850017615e-01,2.766810063355808579e-06,5.000000000000000000e+00,1.611111111111106720e+00
1.000000000000000000e+00,1.765000000000000000e+03,2.669565878850018170e-01,0.000000000000000000e+00,1.998401444325281773e-15,2.478897664394408284e-11,0.000000000000000000e+00,2.478897664394408284e-11,2.478897618824035722e-11,2.106450843901081706e-10,2.669565878850019280e-01,2.766810063355808155e-06,5.000000000000000000e+00,1.618055555555551139e+00
1.000000000000000000e+00,1.770000000000000000e+03,2.669565878850018725e-01,0.000000000000000000e+00,2.053912595556539600e-15,-1.604505559042431265e-11,0.000000000000000000e+00,-1.604505559042431265e-11,-1.604505596820100712e-11,2.325048849402065458e-10,2.669565878850015950e-01,2.766810063355812390e-06,5.000000000000000000e+00,1.624999999999995559e+00
1.000000000000000000e+00,1.775000000000000000e+03,2.669565878850017615e-01,0.000000000000000000e+00,1.942890293094023946e-15,1.539156388468852429e-11,0.000000000000000000e+00,1.539156388468852429e-11,1.539156355434567486e-11,2.308711539055682152e-10,2.669565878850018725e-01,2.766810063355809426e-06,5.000000000000000000e+00,1.631944444444439757e+00
1.000000000000000000e+00,1.780000000000000000e+03,2.669565878850017615e-01,0.000000000000000000e+00,1.942890293094023946e-15,-1.923565514906850141e-11,0.000000000000000000e+00,-1.923565514906850141e-11,-1.923565545061223063e-11,2.212609241649018258e-10,2.669565878850019280e-01,2.766810063355810273e-06,5.000000000000000000e+00,1.638888888888884177e+00
1.000000000000000000e+00,1.785000000000000000e+03,2.669565878850018170e-01,0.000000000000000000e+00,1.998401444325281773e-15,1.559143597920382290e-11,0.000000000000000000e+00,1.559143597920382290e-11,1.559143549300691118e-11,2.121503742708885272e-10,2.669565878850019836e-01,2.766810063355808579e-06,5.000000000000000000e+00,1.645833333333328818e+00
1.000000000000000000e+00,1.790000000000000000e+03,2.669565878850018725e-01,0.000000000000000000e+00,2.053912595556539600e-15,-1.555320864368150632e-11,0.000000000000000000e+00,-1.555320864368150632e-11,-1.555320906550391406e-11,2.122459403396460200e-10,2.669565878850017060e-01,2.766810063355811543e-06,5.000000000000000000e+00,1.652777777777773238e+00
1.000000000000000000e+00,1.795000000000000000e+03,2.669565878850018170e-01,0.000000000000000000e+00,1.998401444325281773e-15,4.267085050916035599e-12,0.000000000000000000e+00,4.267085050916035599e-12,4.267084705326593119e-12,1.840306294392027176e-10,2.669565878850016505e-01,2.766810063355811543e-06,5.000000000000000000e+00,1.659722222222217658e+00
1.000000000000000000e+00,1.800000000000000000e+03,2.669565878850019280e-01,0.000000000000000000e+00,2.109423746787797427e-15,3.370160880510238155e-12,0.000000000000000000e+00,3.370160880510238155e-12,3.370160636564749346e-12,2.031237427939310738e-10,2.669565878850016505e-01,2.766810063355810696e-06,5.000000000000000000e+00,1.666666666666661856e+00
2.000000000000000000e+00,1.800000000000000227e+03,2.669565878850019280e-01,0.000000000000000000e+00,2.109423746787797427e-15,4.015741036562580672e-19,0.000000000000000000e+00,4.015741036562580672e-19,-2.067210034881714954e-21,2.031237427939310738e-10,2.669565878850016505e-01,2.766810063355810696e-06,0.000000000000000000e+00,1.666666666666661856e+00
2.000000000000000000e+00,1.805000000000000227e+03,2.669565878850018725e-01,0.000000000000000000e+00,2.053912595556539600e-15,-4.305450277865354201e-12,0.000000000000000000e+00,-4.305450277865354201e-12,-4.305450617100296664e-12,1.923601162460123136e-10,2.669565878850015395e-01,2.766810063355813237e-06,0.000000000000000000e+00,1.666666666666661856e+00
2.000000000000000000e+00,1.810000000000000227e+03,2.669565878850018170e-01,0.000000000000000000e+00,1.998401444325281773e-15,-3.803578611775645694e-13,0.000000000000000000e+00,-3.803578611775645694e-13,-3.803582471123657015e-13,1.806455940854806577e-10,2.669565878850018170e-01,2.766810063355810696e-06,0.000000000000000000e+00,1.666666666666661856e+00
2.000000000000000000e+00,1.815000000000000227e+03,2.669565878850017615e-01,0.000000000000000000e+00,1.942890293094023946e-15,2.541316700398493486e-12,0.000000000000000000e+00,2.541316700398493486e-12,2.541316346046881874e-12,1.860479893328169359e-10,2.669565878850020946e-01,2.766810063355810696e-06,0.000000000000000000e+00,1.666666666666661856e+00
2.000000000000000000e+00,1.820000000000000227e+03,2.669565878850018170e-01,0.000000000000000000e+00,1.998401444325281773e-15,4.630589329803636107e-12,0.000000000000000000e+00,4.630589329803636107e-12,4.630588984765571705e-12,2.039777526598480727e-10,2.669565878850018725e-01,2.766810063355813661e-06,0.000000000000000000e+00,1.666666666666661856e+00
2.000000000000000000e+00,1.825000000000000227e+03,2.669565878850017615e-01,0.000000000000000000e+00,1.942890293094023946e-15,3.039961077445825768e-13,0.000000000000000000e+00,3.039961077445825768e-13,3.039956192498658019e-13,2.163142141698866807e-10,2.669565878850019836e-01,2.766810063355808155e-06,0.000000000000000000e+00,1.666666666666661856e+00
2.000000000000000000e+00,1.830000000000000227e+03,2.669565878850018725e-01,0.000000000000000000e+00,2.053912595556539600e-15,2.656631186133410022e-13,0.000000000000000000e+00,2.656631186133410022e-13,2.656625168341937019e-13,2.177383595100968272e-10,2.669565878850015950e-01,2.766810063355809426e-06,0.000000000000000000e+00,1.666666666666661856e+00
2.000000000000000000e+00,1.835000000000000227e+03,2.669565878850018170e-01,0.000000000000000000e+00,1.998401444325281773e-15,3.337418350346832011e-13,0.000000000000000000e+00,3.337418350346832011e-13,3.337414415397550512e-13,2.192368694060316906e-10,2.669565878850017060e-01,2.766810063355812390e-06,0.000000000000000000e+00,1.666666666666661856e+00
2.000000000000000000e+00,1.840000000000000227e+03,2.669565878850019836e-01,0.000000000000000000e+00,2.164934898019055254e-15,-2.778088583677419082e-15,0.000000000000000000e+00,-2.778088583677419082e-15,-2.778472336748615842e-15,2.200642768290392102e-10,2.669565878850018170e-01,2.766810063355812814e-06,0.000000000000000000e+00,1.666666666666661856e+00
2.000000000000000000e+00,1.845000000000000227e+03,2.669565878850017615e-01,0.000000000000000000e+00,1.942890293094023946e-15,1.091994232841095180e-14,0.000000000000000000e+00,1.091994232841095180e-14,1.091950409222708696e-14,2.200846294084279053e-10,2.669565878850016505e-01,2.766810063355811967e-06,0.000000000000000000e+00,1.666666666666661856e+00
2.000000000000000000e+00,1.850000000000000227e+03,2.669565878850018170e-01,0.000000000000000000e+00,1.998401444325281773e-15,3.786563128008605339e-14,0.000000000000000000e+00,3.786563128008605339e-14,3.786516591784107691e-14,2.202065910834530739e-10,2.669565878850017060e-01,2.766810063355809002e-06,0.000000000000000000e+00,1.666666666666661856e+00
2.000000000000000000e+00,1.855000000000000227e+03,2.669565878850018170e-01,0.000000000000000000e+00,1.998401444325281773e-15,-1.174180056253815672e-14,0.000000000000000000e+00,-1.174180056253815672e-14,-1.174218861996657227e-14,2.202718985266977709e-10,2.669565878850017615e-01,2.766810063355811120e-06,0.000000000000000000e+00,1.666666666666661856e+00
2.000000000000000000e+00,1.860000000000000227e+03,2.669565878850019280e-01,0.000000000000000000e+00,2.109423746787797427e-15,-1.083713016906292339e-14,0.000000000000000000e+00,-1.083713016906292339e-14,-1.083753735154513975e-14,2.202154492117689834e-10,2.669565878850019280e-01,2.766810063355811120e-06,0.000000000000000000e+00,1.666666666666661856e+00
2.000000000000000000e+00,1.865000000000000227e+03,2.669565878850018725e-01,0.000000000000000000e+00,2.053912595556539600e-15,4.627523275254744590e-15,0.000000000000000000e+00,4.627523275254744590e-15,4.627052332724338722e-15,2.201999229992219207e-10,2.669565878850019836e-01,2.766810063355811543e-06,0.000000000000000000e+00,1.666666666666661856e+00
2.000000000000000000e+00,1.870000000000000227e+03,2.669565878850018725e-01,0.000000000000000000e+00,2.053912595556539600e-15,8.703645679140921131e-15,0.000000000000000000e+00,8.703645679140921131e-15,8.703216724479724978e-15,2.202332486718649278e-10,2.669565878850017615e-01,2.766810063355813237e-06,0.000000000000000000e+00,1.666666666666661856e+00
2.000000000000000000e+00,1.875000000000000227e+03,2.669565878850018170e-01,0.000000000000000000e+00,1.998401444325281773e-15,-1.454598153875272835e-14,0.000000000000000000e+00,-1.454598153875272835e-14,-1.454634395405329562e-14,2.202186408537909935e-10,2.669565878850017615e-01,2.766810063355811967e-06,0.000000000000000000e+00,1.666666666666661856e+00
2.000000000000000000e+00,1.880000000000000227e+03,2.669565878850017615e-01,0.000000000000000000e+00,1.942890293094023946e-15,3.374528726137302920e-14,0.000000000000000000e+00,3.374528726137302920e-14,3.374497607735509793e-14,2.202666374340992637e-10,2.669565878850018725e-01,2.766810063355814508e-06,0.000000000000000000e+00,1.666666666666661856e+00
2.000000000000000000e+00,1.885000000000000227e+03,2.669565878850017615e-01,0.000000000000000000e+00,1.942890293094023946e-15,-1.172721138053345738e-15,0.000000000000000000e+00,-1.172721138053345738e-15,-1.173084945017580574e-15,2.203480671619301135e-10,2.669565878850017615e-01,2.766810063355811543e-06,0.000000000000000000e+00,1.666666666666661856e+00
2.000000000000000000e+00,1.890000000000000227e+03,2.669565878850018725e-01,0.000000000000000000e+00,2.053912595556539600e-15,-1.278865847940269545e-13,0.000000000000000000e+00,-1.278865847940269545e-13,-1.278869576139425329e-13,2.200254170555327179e-10,2.669565878850018170e-01,2.766810063355808579e-06,0.000000000000000000e+00,1.666666666666661856e+00
2.000000000000000000e+00,1.895000000000000227e+03,2.669565878850018725e-01,0.000000000000000000e+00,2.053912595556539600e-15,2.707833375253602159e-13,0.000000000000000000e+00,2.707833375253602159e-13,2.707829091664748525e-13,2.203826569344140333e-10,2.669565878850017615e-01,2.766810063355811120e-06,0.000000000000000000e+00,1.666666666666661856e+00
2.000000000000000000e+00,1.900000000000000227e+03,2.669565878850017615e-01,0.000000000000000000e+00,1.942890293094023946e-15,-2.380513445350610682e-14,0.000000000000000000e+00,-2.380513445350610682e-14,-2.380548199037100057e-14,2.210001005023543007e-10,2.669565878850017615e-01,2.766810063355811543e-06,0.000000000000000000e+00,1.666666666666661856e+00
2.000000000000000000e+00,1.905000000000000227e+03,2.669565878850019280e-01,0.000000000000000000e+00,2.109423746787797427e-15,-9.807371244041396336e-13,0.000000000000000000e+00,-9.807371244041396336e-13,-9.807376112253632996e-13,2.184887427693149575e-10,2.669565878850018725e-01,2.766810063355810696e-06,0.000000000000000000e+00,1.666666666666661856e+00
2.000000000000000000e+00,1.910000000000000227e+03,2.669565878850018170e-01,0.000000000000000000e+00,1.998401444325281773e-15,1.572006743785940171e-12,0.000000000000000000e+00,1.572006743785940171e-12,1.572006445635803220e-12,2.199669148553410521e-10,2.669565878850016505e-01,2.766810063355811543e-06,0.000000000000000000e+00,1.666666666666661856e+00
2.000000000000000000e+00,1.915000000000000227e+03,2.669565878850018725e-01,0.000000000000000000e+00,2.053912595556539600e-15,3.033075064311902391e-13,0.000000000000000000e+00,3.033075064311902391e-13,3.033071352024433563e-13,2.246551988074366739e-10,2.669565878850018170e-01,2.766810063355811120e-06,0.000000000000000000e+00,1.666666666666661856e+00
2.000000000000000000e+00,1.920000000000000227e+03,2.669565878850018725e-01,0.000000000000000000e+00,2.053912595556539600e-15,-1.472934823699192474e-12,0.000000000000000000e+00,-1.472934823699192474e-12,-1.472935187541825563e-12,2.217311286765882185e-10,2.669565878850015395e-01,2.766810063355812390e-06,0.000000000000000000e+00,1.666666666666661856e+00
2.000000000000000000e+00,1.925000000000000227e+03,2.669565878850019280e-01,0.000000000000000000e+00,2.109423746787797427e-15,-3.298252218609560519e-12,0.000000000000000000e+00,-3.298252218609560519e-12,-3.298252586071977974e-12,2.098031592425537153e-10,2.669565878850019280e-01,2.766810063355809849e-06,0.000000000000000000e+00,1.666666666666661856e+00
2.000000000000000000e+00,1.930000000000000227e+03,2.669565878850019280e-01,0.000000000000000000e+00,2.109423746787797427e-15,3.576903969175048194e-15,0.000000000000000000e+00,3.576903969175048194e-15,3.576568660401592422e-15,2.015664691990247789e-10,2.669565878850017060e-01,2.766810063355810273e-06,0.000000000000000000e+00,1.666666666666661856e+00
2.000000000000000000e+00,1.935000000000000227e+03,2.669565878850018725e-01,0.000000000000000000e+00,2.053912595556539600e-15,2.810784598490050550e-12,0.000000000000000000e+00,2.810784598490050550e-12,2.810784133783273772e-12,2.086023709551339700e-10,2.669565878850019280e-01,2.766810063355810273e-06,0.000000000000000000e+00,1.666666666666661856e+00
2.000000000000000000e+00,1.940000000000000227e+03,2.669565878850019280e-01,0.000000000000000000e+00,2.109423746787797427e-15,6.880838746036315978e-13,0.000000000000000000e+00,6.880838746036315978e-13,6.880834214765946867e-13,2.173495398432836250e-10,2.669565878850014840e-01,2.766810063355809426e-06,0.000000000000000000e+00,1.666666666666661856e+00
2.000000000000000000e+00,1.945000000000000227e+03,2.669565878850019280e-01,0.000000000000000000e+00,2.109423746787797427e-15,-2.627772357812383292e-13,0.000000000000000000e+00,-2.627772357812383292e-13,-2.627777195647564071e-13,2.184128040980632325e-10,2.669565878850018725e-01,2.766810063355811120e-06,0.000000000000000000e+00,1.666666666666661856e+00
2.000000000000000000e+00,1.950000000000000227e+03,2.669565878850018725e-01,0.000000000000000000e+00,2.053912595556539600e-15,-3.764304383337487140e-12,0.000000000000000000e+00,-3.764304383337487140e-12,-3.764304776482721606e-12,2.083450978579445355e-10,2.669565878850020391e-01,2.766810063355813237e-06,0.000000000000000000e+00,1.666666666666661856e+00
2.000000000000000000e+00,1.955000000000000227e+03,2.669565878850019280e-01,0.000000000000000000e+00,2.109423746787797427e-15,-5.656346970806473106e-14,0.000000000000000000e+00,-5.656346970806473106e-14,-5.656383829084225341e-14,1.987929263210106124e-10,2.669565878850018725e-01,2.766810063355809426e-06,0.000000000000000000e+00,1.666666666666661856e+00
2.000000000000000000e+00,1.960000000000000227e+03,2.669565878850019836e-01,0.000000000000000000e+00,2.164934898019055254e-15,7.117374682091153379e-15,0.000000000000000000e+00,7.117374682091153379e-15,7.116963598204782657e-15,1.986693091342790262e-10,2.669565878850022056e-01,2.766810063355813237e-06,0.000000000000000000e+00,1.666666666666661856e+00
2.000000000000000000e+00,1.965000000000000227e+03,2.669565878850019836e-01,0.000000000000000000e+00,2.164934898019055254e-15,3.173615108564544302e-15,0.000000000000000000e+00,3.173615108564544302e-15,3.173109907774108279e-15,1.986950343180439780e-10,2.669565878850019280e-01,2.766810063355810696e-06,0.000000000000000000e+00,1.666666666666661856e+00
2.000000000000000000e+00,1.970000000000000227e+03,2.669565878850017615e-01,0.000000000000000000e+00,1.942890293094023946e-15,-3.969880785810247307e-17,0.000000000000000000e+00,-3.969880785810247307e-17,-4.008399720538066409e-17,1.987028668828204087e-10,2.669565878850017615e-01,2.766810063355811120e-06,0.000000000000000000e+00,1.666666666666661856e+00
2.000000000000000000e+00,1.975000000000000227e+03,2.669565878850018725e-01,0.000000000000000000e+00,2.053912595556539600e-15,3.505263957460784703e-16,0.000000000000000000e+00,3.505263957460784703e-16,3.501115521618021657e-16,1.987036419517077919e-10,2.669565878850016505e-01,2.766810063355812814e-06,0.000000000000000000e+00,1.666666666666661856e+00
2.000000000000000000e+00,1.980000000000000227e+03,2.669565878850018725e-01,0.000000000000000000e+00,2.053912595556539600e-15,4.044528271582447765e-16,0.000000000000000000e+00,4.044528271582447765e-16,4.040659162956954801e-16,1.987055273953789308e-10,2.669565878850018725e-01,2.766810063355809426e-06,0.000000000000000000e+00,1.666666666666661856e+00
2.000000000000000000e+00,1.985000000000000227e+03,2.669565878850017615e-01,0.000000000000000000e+00,1.942890293094023946e-15,-4.189776568229069628e-16,0.000000000000000000e+00,-4.189776568229069628e-16,-4.193215835921321585e-16,1.987054892562106951e-10,2.669565878850020391e-01,2.766810063355811543e-06,0.000000000000000000e+00,1.666666666666661856e+00
2.000000000000000000e+00,1.990000000000000227e+03,2.669565878850019280e-01,0.000000000000000000e+00,2.109423746787797427e-15,-8.679555209620598775e-16,0.000000000000000000e+00,-8.679555209620598775e-16,-8.683939838724138266e-16,1.987022699672920391e-10,2.669565878850018725e-01,2.766810063355811543e-06,0.000000000000000000e+00,1.666666666666661856e+00
2.000000000000000000e+00,1.995000000000000227e+03,2.669565878850018725e-01,0.000000000000000000e+00,2.053912595556539600e-15,-8.544244104491827071e-16,0.000000000000000000e+00,-8.544244104491827071e-16,-8.548973937428032452e-16,1.986979617388479872e-10,2.669565878850018170e-01,2.766810063355810696e-06,0.000000000000000000e+00,1.666666666666661856e+00
2.000000000000000000e+00,2.000000000000000227e+03,2.669565878850018725e-01,0.000000000000000000e+00,2.053912595556539600e-15,-2.347533597414409627e-15,0.000000000000000000e+00,-2.347533597414409627e-15,-2.347990853264611678e-15,1.986899545182304635e-10,2.669565878850022056e-01,2.766810063355811543e-06,0.000000000000000000e+00,1.666666666666661856e+00
2.000000000000000000e+00,2.005000000000000227e+03,2.669565878850018725e-01,0.000000000000000000e+00,2.053912595556539600e-15,-7.793482288162002765e-16,0.000000000000000000e+00,-7.793482288162002765e-16,-7.797655012566343883e-16,1.986821351273441748e-10,2.669565878850019280e-01,2.766810063355811967e-06,0.000000000000000000e+00,1.666666666666661856e+00
2.000000000000000000e+00,2.010000000000000227e+03,2.669565878850018725e-01,0.000000000000000000e+00,2.053912595556539600e-15,-1.487358050253481253e-15,0.000000000000000000e+00,-1.487358050253481253e-15,-1.487723054934882970e-15,1.986764664059536921e-10,2.669565878850020391e-01,2.766810063355814931e-06,0.000000000000000000e+00,1.666666666666661856e+00
2.000000000000000000e+00,2.015000000000000227e+03,2.669565878850018170e-01,0.000000000000000000e+00,1.998401444325281773e-15,-1.254925463878881225e-15,0.000000000000000000e+00,-1.254925463878881225e-15,-1.255377682276806719e-15,1.986696086541106507e-10,2.669565878850020391e-01,2.766810063355811120e-06,0.000000000000000000e+00,1.666666666666661856e+00
2.000000000000000000e+00,2.020000000000000227e+03,2.669565878850019836e-01,0.000000000000000000e+00,2.164934898019055254e-15,-1.471845364123312933e-15,0.000000000000000000e+00,-1.471845364123312933e-15,-1.472339785279890430e-15,1.986627893604417706e-10,2.669565878850018170e-01,2.766810063355811543e-06,0.000000000000000000e+00,1.666666666666661856e+00
2.000000000000000000e+00,2.025000000000000227e+03,2.669565878850019836e-01,0.000000000000000000e+00,2.164934898019055254e-15,-1.812088733894658412e-15,0.000000000000000000e+00,-1.812088733894658412e-15,-1.812384611449216010e-15,1.986545775494499456e-10,2.669565878850019836e-01,2.766810063355810696e-06,0.000000000000000000e+00,1.666666666666661856e+00
2.000000000000000000e+00,2.030000000000000227e+03,2.669565878850018725e-01,0.000000000000000000e+00,2.053912595556539600e-15,-1.759896363637061668e-15,0.000000000000000000e+00,-1.759896363637061668e-15,-1.760202013467072984e-15,1.986456460828876470e-10,2.669565878850018725e-01,2.766810063355811967e-06,0.000000000000000000e+00,1.666666666666661856e+00
2.000000000000000000e+00,2.035000000000000227e+03,2.669565878850017615e-01,0.000000000000000000e+00,1.942890293094023946e-15,-1.370643116159294361e-15,0.000000000000000000e+00,-1.370643116159294361e-15,-1.371006110175852554e-15,1.986378180625785583e-10,2.669565878850019280e-01,2.766810063355814084e-06,0.000000000000000000e+00,1.666666666666661856e+00
2.000000000000000000e+00,2.040000000000000227e+03,2.669565878850018725e-01,0.000000000000000000e+00,2.053912595556539600e-15,-1.195924138610352450e-15,0.000000000000000000e+00,-1.195924138610352450e-15,-1.196326288199939256e-15,1.986313997315826026e-10,2.669565878850020946e-01,2.766810063355812390e-06,0.000000000000000000e+00,1.666666666666661856e+00
2.000000000000000000e+00,2.045000000000000227e+03,2.669565878850017615e-01,0.000000000000000000e+00,1.942890293094023946e-15,-9.076372457101274552e-16,0.000000000000000000e+00,-9.076372457101274552e-16,-9.082078379917139776e-16,1.986261383962671249e-10,2.669565878850018170e-01,2.766810063355813237e-06,0.000000000000000000e+00,1.666666666666661856e+00
2.000000000000000000e+00,2.050000000000000000e+03,2.669565878850018725e-01,0.000000000000000000e+00,2.053912595556539600e-15,-1.038075956721437315e-15,0.000000000000000000e+00,-1.038075956721437315e-15,-1.038510493936880258e-15,1.986212716004372995e-10,2.669565878850017060e-01,2.766810063355813237e-06,0.000000000000000000e+00,1.666666666666661856e+00
2.000000000000000000e+00,2.055000000000000000e+03,2.669565878850019280e-01,0.000000000000000000e+00,2.109423746787797427e-15,-9.960406867867563272e-16,0.000000000000000000e+00,-9.960406867867563272e-16,-9.964789569755498511e-16,1.986161841268100213e-10,2.669565878850017615e-01,2.766810063355813661e-06,0.000000000000000000e+00,1.666666666666661856e+00
2.000000000000000000e+00,2.060000000000000000e+03,2.669565878850018170e-01,0.000000000000000000e+00,1.998401444325281773e-15,-7.307486793794300782e-16,0.000000000000000000e+00,-7.307486793794300782e-16,-7.312426835086723976e-16,1.986118648227088125e-10,2.669565878850020391e-01,2.766810063355811967e-06,0.000000000000000000e+00,1.666666666666661856e+00
2.000000000000000000e+00,2.065000000000000000e+03,2.669565878850019836e-01,0.000000000000000000e+00,2.164934898019055254e-15,-1.269647312157121729e-15,0.000000000000000000e+00,-1.269647312157121729e-15,-1.269988500956461334e-15,1.986068617447476608e-10,2.669565878850021501e-01,2.766810063355814084e-06,0.000000000000000000e+00,1.666666666666661856e+00
2.000000000000000000e+00,2.070000000000000000e+03,2.669565878850020391e-01,0.000000000000000000e+00,2.220446049250313081e-15,5.267807323367126152e-17,0.000000000000000000e+00,5.267807323367126152e-17,5.226032145728940065e-17,1.986038174242989001e-10,2.669565878850019836e-01,2.766810063355813237e-06,0.000000000000000000e+00,1.666666666666661856e+00
2.000000000000000000e+00,2.075000000000000000e+03,2.669565878850019280e-01,0.000000000000000000e+00,2.109423746787797427e-15,-1.789378341928692537e-15,0.000000000000000000e+00,-1.789378341928692537e-15,-1.789822335651686213e-15,1.985994735192634218e-10,2.669565878850020946e-01,2.766810063355810696e-06,0.000000000000000000e+00,1.666666666666661856e+00
2.000000000000000000e+00,2.080000000000000000e+03,2.669565878850019836e-01,0.000000000000000000e+00,2.164934898019055254e-15,1.023731227752155393e-15,0.000000000000000000e+00,1.023731227752155393e-15,1.023322921878319722e-15,1.985975572707289989e-10,2.669565878850021501e-01,2.766810063355812390e-06,0.000000000000000000e+00,1.666666666666661856e+00
2.000000000000000000e+00,2.085000000000000000e+03,2.669565878850018170e-01,0.000000000000000000e+00,1.998401444325281773e-15,-2.230019142043044878e-15,0.000000000000000000e+00,-2.230019142043044878e-15,-2.230454222299435481e-15,1.985945394424779339e-10,2.669565878850018725e-01,2.766810063355812814e-06,0.000000000000000000e+00,1.666666666666661856e+00
2.000000000000000000e+00,2.090000000000000000e+03,2.669565878850018170e-01,0.000000000000000000e+00,1.998401444325281773e-15,-6.212499508365532628e-16,0.000000000000000000e+00,-6.212499508365532628e-16,-6.217714593284045280e-16,1.985874088782738650e-10,2.669565878850017615e-01,2.766810063355812390e-06,0.000000000000000000e+00,1.666666666666661856e+00
2.000000000000000000e+00,2.095000000000000000e+03,2.669565878850019280e-01,0.000000000000000000e+00,2.109423746787797427e-15,2.647806152488257243e-15,0.000000000000000000e+00,2.647806152488257243e-15,2.647357827496406429e-15,1.985924728441942845e-10,2.669565878850017060e-01,2.766810063355814508e-06,0.000000000000000000e+00,1.666666666666661856e+00
2.000000000000000000e+00,2.100000000000000000e+03,2.669565878850019836e-01,0.000000000000000000e+00,2.164934898019055254e-15,-7.884932796202769523e-15,0.000000000000000000e+00,-7.884932796202769523e-15,-7.885259277930249861e-15,1.985793780905682028e-10,2.669565878850018170e-01,2.766810063355811543e-06,0.000000000000000000e+00,1.666666666666661856e+00
2.000000000000000000e+00,2.105000000000000000e+03,2.669565878850019836e-01,0.000000000000000000e+00,2.164934898019055254e-15,1.331830020797789889e-14,0.000000000000000000e+00,1.331830020797789889e-14,1.331780198216839248e-14,1.985929594473287980e-10,2.669565878850020391e-01,2.766810063355812390e-06,0.000000000000000000e+00,1.666666666666661856e+00
2.000000000000000000e+00,2.110000000000000000e+03,2.669565878850019280e-01,0.000000000000000000e+00,2.109423746787797427e-15,-2.215758677952135646e-14,0.000000000000000000e+00,-2.215758677952135646e-14,-2.215796868331335470e-14,1.985708590305759338e-10,2.669565878850015950e-01,2.766810063355812390e-06,0.000000000000000000e+00,1.666666666666661856e+00
2.000000000000000000e+00,2.115000000000000000e+03,2.669565878850019836e-01,0.000000000000000000e+00,2.164934898019055254e-15,3.142994048985886450e-14,0.000000000000000000e+00,3.142994048985886450e-14,3.142963453330754809e-14,1.985940381952009251e-10,2.669565878850019836e-01,2.766810063355809002e-06,0.000000000000000000e+00,1.666666666666661856e+00
2.000000000000000000e+00,2.120000000000000000e+03,2.669565878850019280e-01,0.000000000000000000e+00,2.109423746787797427e-15,-3.850345638506176007e-14,0.000000000000000000e+00,-3.850345638506176007e-14,-3.850378618117345578e-14,1.985763528160812592e-10,2.669565878850018725e-01,2.766810063355812390e-06,0.000000000000000000e+00,1.666666666666661856e+00
2.000000000000000000e+00,2.125000000000000000e+03,2.669565878850019836e-01,0.000000000000000000e+00,2.164934898019055254e-15,2.293883074461461572e-15,0.000000000000000000e+00,2.293883074461461572e-15,2.293400966158938409e-15,1.984858268530437185e-10,2.669565878850016505e-01,2.766810063355812390e-06,0.000000000000000000e+00,1.666666666666661856e+00
2.000000000000000000e+00,2.130000000000000000e+03,2.669565878850019280e-01,0.000000000000000000e+00,2.109423746787797427e-15,6.472778668215571703e-14,0.000000000000000000e+00,6.472778668215571703e-14,6.472734750994913284e-14,1.986533787242339838e-10,2.669565878850019836e-01,2.766810063355815355e-06,0.000000000000000000e+00,1.666666666666661856e+00
2.000000000000000000e+00,2.135000000000000000e+03,2.669565878850020391e-01,0.000000000000000000e+00,2.220446049250313081e-15,-1.810635700450972356e-13,0.000000000000000000e+00,-1.810635700450972356e-13,-1.810640330606183313e-13,1.983625370103573204e-10,2.669565878850019280e-01,2.766810063355814931e-06,0.000000000000000000e+00,1.666666666666661856e+00
2.000000000000000000e+00,2.140000000000000000e+03,2.669565878850018725e-01,0.000000000000000000e+00,2.053912595556539600e-15,3.659243820323670776e-13,0.000000000000000000e+00,3.659243820323670776e-13,3.659238817236715570e-13,1.988246866320149423e-10,2.669565878850016505e-01,2.766810063355817049e-06,0.000000000000000000e+00,1.666666666666661856e+00
2.000000000000000000e+00,2.145000000000000000e+03,2.669565878850020946e-01,0.000000000000000000e+00,2.275957200481570908e-15,-6.413149616599430144e-13,0.000000000000000000e+00,-6.413149616599430144e-13,-6.413153762604950098e-13,1.981362078956728877e-10,2.669565878850020391e-01,2.766810063355814084e-06,0.000000000000000000e+00,1.666666666666661856e+00
2.000000000000000000e+00,2.150000000000000000e+03,2.669565878850019280e-01,0.000000000000000000e+00,2.109423746787797427e-15,1.013934603097009179e-12,0.000000000000000000e+00,1.013934603097009179e-12,1.013934122152086682e-12,1.990677547604018561e-10,2.669565878850019280e-01,2.766810063355811967e-06,0.000000000000000000e+00,1.666666666666661856e+00
2.000000000000000000e+00,2.155000000000000000e+03,2.669565878850019280e-01,0.000000000000000000e+00,2.109423746787797427e-15,-1.324834880331538624e-12,0.000000000000000000e+00,-1.324834880331538624e-12,-1.324835318544435683e-12,1.982905017694209874e-10,2.669565878850018170e-01,2.766810063355814508e-06,0.000000000000000000e+00,1.666666666666661856e+00
2.000000000000000000e+00,2.160000000000000000e+03,2.669565878850019280e-01,0.000000000000000000e+00,2.109423746787797427e-15,2.472795772935118195e-13,0.000000000000000000e+00,2.472795772935118195e-13,2.472791528154774848e-13,1.955966113550985980e-10,2.669565878850019836e-01,2.766810063355812390e-06,0.000000000000000000e+00,1.666666666666661856e+00
2.000000000000000000e+00,2.165000000000000000e+03,2.669565878850019280e-01,0.000000000000000000e+00,2.109423746787797427e-15,2.143732608741529685e-12,0.000000000000000000e+00,2.143732608741529685e-12,2.143732178483427436e-12,2.015741396833458721e-10,2.669565878850019280e-01,2.766810063355815355e-06,0.000000000000000000e+00,1.666666666666661856e+00
2.000000000000000000e+00,2.170000000000000000e+03,2.669565878850019836e-01,0.000000000000000000e+00,2.164934898019055254e-15,-6.747618700258349686e-12,0.000000000000000000e+00,-6.747618700258349686e-12,-6.747619080554456169e-12,1.900644224281682991e-10,2.669565878850019836e-01,2.766810063355811543e-06,0.000000000000000000e+00,1.666666666666661856e+00
2.000000000000000000e+00,2.175000000000000000e+03,2.669565878850020946e-01,0.000000000000000000e+00,2.275957200481570908e-15,1.482420054484290056e-11,0.000000000000000000e+00,1.482420054484290056e-11,1.482420002078897597e-11,2.102558747787545796e-10,2.669565878850019280e-01,2.766810063355814084e-06,0.000000000000000000e+00,1.666666666666661856e+00
2.000000000000000000e+00,2.180000000000000000e+03,2.669565878850019836e-01,0.000000000000000000e+00,2.164934898019055254e-15,-2.770779712321718778e-11,0.000000000000000000e+00,-2.770779712321718778e-11,-2.770779756540968711e-11,1.780468809172028115e-10,2.669565878850018170e-01,2.766810063355814084e-06,0.000000000000000000e+00,1.666666666666661856e+00
2.000000000000000000e+00,2.185000000000000000e+03,2.669565878850020391e-01,0.000000000000000000e+00,2.220446049250313081e-15,-1.551139268741386471e-12,0.000000000000000000e+00,-1.551139268741386471e-12,-1.551139637264324596e-12,1.048995379105177719e-10,2.669565878850021501e-01,2.766810063355813237e-06,0.000000000000000000e+00,1.666666666666661856e+00
2.000000000000000000e+00,2.190000000000000000e+03,2.669565878850019836e-01,0.000000000000000000e+00,2.164934898019055254e-15,1.997833146246961181e-12,0.000000000000000000e+00,1.997833146246961181e-12,1.997832745011576802e-12,1.060162706798858967e-10,2.669565878850022056e-01,2.766810063355811120e-06,0.000000000000000000e+00,1.666666666666661856e+00
2.000000000000000000e+00,2.195000000000000000e+03,2.669565878850019836e-01,0.000000000000000000e+00,2.164934898019055254e-15,1.231829344133063462e-11,0.000000000000000000e+00,1.231829344133063462e-11,1.231829304663122391e-11,1.418065851589928886e-10,2.669565878850018170e-01,2.766810063355813237e-06,0.000000000000000000e+00,1.666666666666661856e+00
2.000000000000000000e+00,2.200000000000000000e+03,2.669565878850020391e-01,0.000000000000000000e+00,2.220446049250313081e-15,-6.651024399537306531e-12,0.000000000000000000e+00,-6.651024399537306531e-12,-6.651024714979009366e-12,1.559747559881234290e-10,2.669565878850018725e-01,2.766810063355809849e-06,0.000000000000000000e+00,1.666666666666661856e+00
2.000000000000000000e+00,2.205000000000000000e+03,2.669565878850021501e-01,0.000000000000000000e+00,2.331468351712828735e-15,6.973247766503793190e-12,0.000000000000000000e+00,6.973247766503793190e-12,6.973247369540154076e-12,1.567803126245262993e-10,2.669565878850019280e-01,2.766810063355812390e-06,0.000000000000000000e+00,1.666666666666661856e+00
2.000000000000000000e+00,2.210000000000000000e+03,2.669565878850018725e-01,0.000000000000000000e+00,2.053912595556539600e-15,-9.306661663598779792e-12,0.000000000000000000e+00,-9.306661663598779792e-12,-9.306662088622148697e-12,1.509467758268212921e-10,2.669565878850020946e-01,2.766810063355812814e-06,0.000000000000000000e+00,1.666666666666661856e+00
2.000000000000000000e+00,2.215000000000000000e+03,2.669565878850018725e-01,0.000000000000000000e+00,2.053912595556539600e-15,-1.815425907492346691e-11,0.000000000000000000e+00,-1.815425907492346691e-11,-1.815425952254254249e-11,8.229447179890957951e-11,2.669565878850018170e-01,2.766810063355812390e-06,0.000000000000000000e+00,1.666666666666661856e+00
2.000000000000000000e+00,2.220000000000000000e+03,2.669565878850018725e-01,0.000000000000000000e+00,2.053912595556539600e-15,6.736041604924403447e-12,0.000000000000000000e+00,6.736041604924403447e-12,6.736041204051625888e-12,5.374892600268229689e-11,2.669565878850019836e-01,2.766810063355814084e-06,0.000000000000000000e+00,1.666666666666661856e+00
2.000000000000000000e+00,2.225000000000000000e+03,2.669565878850018170e-01,0.000000000000000000e+00,1.998401444325281773e-15,8.175152475032743278e-12,0.000000000000000000e+00,8.175152475032743278e-12,8.175151963829867599e-12,9.102690892238603142e-11,2.669565878850017615e-01,2.766810063355811967e-06,0.000000000000000000e+00,1.666666666666661856e+00
2.000000000000000000e+00,2.230000000000000000e+03,2.669565878850020946e-01,0.000000000000000000e+00,2.275957200481570908e-15,3.285921500866557575e-12,0.000000000000000000e+00,3.285921500866557575e-12,3.285921084951510674e-12,1.196795915443394599e-10,2.669565878850018725e-01,2.766810063355813661e-06,0.000000000000000000e+00,1.666666666666661856e+00
2.000000000000000000e+00,2.235000000000000000e+03,2.669565878850020391e-01,0.000000000000000000e+00,2.220446049250313081e-15,-1.241003558160166321e-12,0.000000000000000000e+00,-1.241003558160166321e-12,-1.241003953519343032e-12,1.247918843729198953e-10,2.669565878850018170e-01,2.766810063355815778e-06,0.000000000000000000e+00,1.666666666666661856e+00
2.000000000000000000e+00,2.240000000000000000e+03,2.669565878850019280e-01,0.000000000000000000e+00,2.109423746787797427e-15,2.512009587650002500e-12,0.000000000000000000e+00,2.512009587650002500e-12,2.512009131290804500e-12,1.279693973173485458e-10,2.669565878850021501e-01,2.766810063355811967e-06,0.000000000000000000e+00,1.666666666666661856e+00
2.000000000000000000e+00,2.245000000000000000e+03,2.669565878850019280e-01,0.000000000000000000e+00,2.109423746787797427e-15,-7.997073259982441714e-12,0.000000000000000000e+00,-7.997073259982441714e-12,-7.997073761496305308e-12,1.142567357418347896e-10,2.669565878850021501e-01,2.766810063355813661e-06,0.000000000000000000e+00,1.666666666666661856e+00
2.000000000000000000e+00,2.250000000000000000e+03,2.669565878850019836e-01,0.000000000000000000e+00,2.164934898019055254e-15,2.993663351824054808e-11,0.000000000000000000e+00,2.993663351824054808e-11,2.993663318892552226e-11,1.691056343104078465e-10,2.669565878850019280e-01,2.766810063355810273e-06,0.000000000000000000e+00,1.666666666666661856e+00
2.000000000000000000e+00,2.255000000000000000e+03,2.669565878850020391e-01,0.000000000000000000e+00,2.220446049250313081e-15,-1.978514537217094549e-12,0.000000000000000000e+00,-1.978514537217094549e-12,-1.978514965793819724e-12,2.390009298682370649e-10,2.669565878850018725e-01,2.766810063355811967e-06,0.000000000000000000e+00,1.666666666666661856e+00
2.000000000000000000e+00,2.260000000000000000e+03,2.669565878850019836e-01,0.000000000000000000e+00,2.164934898019055254e-15,-4.513608974661013473e-12,0.000000000000000000e+00,-4.513608974661013473e-12,-4.513609418156298040e-12,2.227706189083618028e-10,2.669565878850020391e-01,2.766810063355812390e-06,0.000000000000000000e+00,1.666666666666661856e+00
2.000000000000000000e+00,2.265000000000000000e+03,2.669565878850019280e-01,0.000000000000000000e+00,2.109423746787797427e-15,-2.971117912267868374e-12,0.000000000000000000e+00,-2.971117912267868374e-12,-2.971118345768904345e-12,2.040587994985487885e-10,2.669565878850023721e-01,2.766810063355814508e-06,0.000000000000000000e+00,1.666666666666661856e+00
2.000000000000000000e+00,2.270000000000000000e+03,2.669565878850020391e-01,0.000000000000000000e+00,2.220446049250313081e-15,6.054558604437507333e-13,0.000000000000000000e+00,6.054558604437507333e-13,6.054553971655938356e-13,1.981446421270405226e-10,2.669565878850019280e-01,2.766810063355813237e-06,0.000000000000000000e+00,1.666666666666661856e+00
2.000000000000000000e+00,2.275000000000000000e+03,2.669565878850019836e-01,0.000000000000000000e+00,2.164934898019055254e-15,3.987579033713787651e-13,0.000000000000000000e+00,3.987579033713787651e-13,3.987574814898368073e-13,2.006551743236790835e-10,2.669565878850017615e-01,2.766810063355814508e-06,0.000000000000000000e+00,1.666666666666661856e+00
2.000000000000000000e+00,2.280000000000000000e+03,2.669565878850021501e-01,0.000000000000000000e+00,2.331468351712828735e-15,-5.267154660649782049e-13,0.000000000000000000e+00,-5.267154660649782049e-13,-5.267158955343101217e-13,2.003352782885679063e-10,2.669565878850020391e-01,2.766810063355811120e-06,0.000000000000000000e+00,1.666666666666661856e+00
2.000000000000000000e+00,2.285000000000000000e+03,2.669565878850018725e-01,0.000000000000000000e+00,2.053912595556539600e-15,2.179403661701294390e-12,0.000000000000000000e+00,2.179403661701294390e-12,2.179403289329224766e-12,2.044669967730552031e-10,2.669565878850020946e-01,2.766810063355813661e-06,0.000000000000000000e+00,1.666666666666661856e+00
2.000000000000000000e+00,2.290000000000000000e+03,2.669565878850019836e-01,0.000000000000000000e+00,2.164934898019055254e-15,-4.960749227356915646e-12,0.000000000000000000e+00,-4.960749227356915646e-12,-4.960749486770388681e-12,1.975136312794522753e-10,2.669565878850022056e-01,2.766810063355813237e-06,0.000000000000000000e+00,1.666666666666661856e+00
2.000000000000000000e+00,2.295000000000000000e+03,2.669565878850020946e-01,0.000000000000000000e+00,2.275957200481570908e-15,9.405743359179445988e-12,0.000000000000000000e+00,9.405743359179445988e-12,9.405743072825951675e-12,2.086261152445912010e-10,2.669565878850019280e-01,2.766810063355813237e-06,0.000000000000000000e+00,1.666666666666661856e+00
2.000000000000000000e+00,2.300000000000000000e+03,2.669565878850021501e-01,0.000000000000000000e+00,2.331468351712828735e-15,-1.473445542352287473e-11,0.000000000000000000e+00,-1.473445542352287473e-11,-1.473445584551799519e-11,1.953043333128610857e-10,2.669565878850022611e-01,2.766810063355815778e-06,0.000000000000000000e+00,1.666666666666661856e+00
2.000000000000000000e+00,2.305000000000000000e+03,2.669565878850019280e-01,0.000000000000000000e+00,2.109423746787797427e-15,2.068526316698082492e-11,0.000000000000000000e+00,2.068526316698082492e-11,2.068526269350091361e-11,2.101813504328183866e-10,2.669565878850020391e-01,2.766810063355812390e-06,0.000000000000000000e+00,1.666666666666661856e+00
2.000000000000000000e+00,2.310000000000000000e+03,2.669565878850019836e-01,0.000000000000000000e+00,2.164934898019055254e-15,-3.026443091833876486e-11,0.000000000000000000e+00,-3.026443091833876486e-11,-3.026443136450109136e-11,1.862334287553179277e-10,2.669565878850017615e-01,2.766810063355815778e-06,0.000000000000000000e+00,1.666666666666661856e+00
2.000000000000000000e+00,2.315000000000000000e+03,2.669565878850020946e-01,0.000000000000000000e+00,2.275957200481570908e-15,3.746798023648705775e-12,0.000000000000000000e+00,3.746798023648705775e-12,3.746797650861363614e-12,1.199393444712186201e-10,2.669565878850020946e-01,2.766810063355812390e-06,0.000000000000000000e+00,1.666666666666661856e+00
2.000000000000000000e+00,2.320000000000000000e+03,2.669565878850021501e-01,0.000000000000000000e+00,2.331468351712828735e-15,-1.066672821950199655e-11,0.000000000000000000e+00,-1.066672821950199655e-11,-1.066672857795338670e-11,1.026395171534885515e-10,2.669565878850025942e-01,2.766810063355816202e-06,0.000000000000000000e+00,1.666666666666661856e+00
2.000000000000000000e+00,2.325000000000000000e+03,2.669565878850022056e-01,0.000000000000000000e+00,2.386979502944086562e-15,6.251241037277356464e-12,0.000000000000000000e+00,6.251241037277356464e-12,6.251240768836430850e-12,9.160079763069616265e-11,2.669565878850023166e-01,2.766810063355811543e-06,0.000000000000000000e+00,1.666666666666661856e+00
2.000000000000000000e+00,2.330000000000000000e+03,2.669565878850020946e-01,0.000000000000000000e+00,2.275957200481570908e-15,2.799318241521594238e-12,0.000000000000000000e+00,2.799318241521594238e-12,2.799317699231150682e-12,1.142271938008651064e-10,2.669565878850018170e-01,2.766810063355812390e-06,0.000000000000000000e+00,1.666666666666661856e+00
2.000000000000000000e+00,2.335000000000000000e+03,2.669565878850019280e-01,0.000000000000000000e+00,2.109423746787797427e-15,-1.213221737370067281e-11,0.000000000000000000e+00,-1.213221737370067281e-11,-1.213221775159798379e-11,9.089494366994802726e-11,2.669565878850020946e-01,2.766810063355813661e-06,0.000000000000000000e+00,1.666666666666661856e+00
2.000000000000000000e+00,2.340000000000000000e+03,2.669565878850020391e-01,0.000000000000000000e+00,2.220446049250313081e-15,1.372408663654609235e-11,0.000000000000000000e+00,1.372408663654609235e-11,1.372408609769635582e-11,9.487461453519395249e-11,2.669565878850022611e-01,2.766810063355811967e-06,0.000000000000000000e+00,1.666666666666661856e+00
2.000000000000000000e+00,2.345000000000000000e+03,2.669565878850020391e-01,0.000000000000000000e+00,2.220446049250313081e-15,-1.353121570275080661e-11,0.000000000000000000e+00,-1.353121570275080661e-11,-1.353121611928544289e-11,9.535678948122123482e-11,2.669565878850023166e-01,2.766810063355812390e-06,0.000000000000000000e+00,1.666666666666661856e+00
2.000000000000000000e+00,2.350000000000000000e+03,2.669565878850021501e-01,0.000000000000000000e+00,2.331468351712828735e-15,1.051963390988397943e-11,0.000000000000000000e+00,1.051963390988397943e-11,1.051963353909647807e-11,8.782783303074881551e-11,2.669565878850025387e-01,2.766810063355812390e-06,0.000000000000000000e+00,1.666666666666661856e+00
2.000000000000000000e+00,2.355000000000000000e+03,2.669565878850019836e-01,0.000000000000000000e+00,2.164934898019055254e-15,-3.784942981858949253e-12,0.000000000000000000e+00,-3.784942981858949253e-12,-3.784943421242581529e-12,1.046645583253835508e-10,2.669565878850020946e-01,2.766810063355814084e-06,0.000000000000000000e+00,1.666666666666661856e+00
2.000000000000000000e+00,2.360000000000000000e+03,2.669565878850019836e-01,0.000000000000000000e+00,2.164934898019055254e-15,-7.826518396010256219e-12,0.000000000000000000e+00,-7.826518396010256219e-12,-7.826518894260864832e-12,7.563590253662492723e-11,2.669565878850019836e-01,2.766810063355814931e-06,0.000000000000000000e+00,1.666666666666661856e+00
2.000000000000000000e+00,2.365000000000000000e+03,2.669565878850022056e-01,0.000000000000000000e+00,2.386979502944086562e-15,1.739765955749517456e-11,0.000000000000000000e+00,1.739765955749517456e-11,1.739765914063254824e-11,9.956375315255413332e-11,2.669565878850018170e-01,2.766810063355813237e-06,0.000000000000000000e+00,1.666666666666661856e+00
2.000000000000000000e+00,2.370000000000000000e+03,2.669565878850020946e-01,0.000000000000000000e+00,2.275957200481570908e-15,-4.361619084800348676e-12,0.000000000000000000e+00,-4.361619084800348676e-12,-4.361619586378135398e-12,1.321538520381901836e-10,2.669565878850019280e-01,2.766810063355811543e-06,0.000000000000000000e+00,1.666666666666661856e+00
2.000000000000000000e+00,2.375000000000000000e+03,2.669565878850019836e-01,0.000000000000000000e+00,2.164934898019055254e-15,1.669614045866873432e-12,0.000000000000000000e+00,1.669614045866873432e-12,1.669613559913752998e-12,1.254238369720292268e-10,2.669565878850023166e-01,2.766810063355813237e-06,0.000000000000000000e+00,1.666666666666661856e+00
2.000000000000000000e+00,2.380000000000000000e+03,2.669565878850020946e-01,0.000000000000000000e+00,2.275957200481570908e-15,6.736630039715617977e-13,0.000000000000000000e+00,6.736630039715617977e-13,6.736626229750001450e-13,1.312820274292511084e-10,2.669565878850019280e-01,2.766810063355814931e-06,0.000000000000000000e+00,1.666666666666661856e+00
2.000000000000000000e+00,2.385000000000000000e+03,2.669565878850020391e-01,0.000000000000000000e+00,2.220446049250313081e-15,-5.751905467494592956e-13,0.000000000000000000e+00,-5.751905467494592956e-13,-5.751909823458540219e-13,1.315282065308239475e-10,2.669565878850022611e-01,2.766810063355812390e-06,0.000000000000000000e+00,1.666666666666661856e+00
2.000000000000000000e+00,2.390000000000000000e+03,2.669565878850022611e-01,0.000000000000000000e+00,2.442490654175344389e-15,2.829095997573598398e-13,0.000000000000000000e+00,2.829095997573598398e-13,2.829090881731697016e-13,1.307975017953922443e-10,2.669565878850019836e-01,2.766810063355813661e-06,0.000000000000000000e+00,1.666666666666661856e+00
2.000000000000000000e+00,2.395000000000000000e+03,2.669565878850019280e-01,0.000000000000000000e+00,2.109423746787797427e-15,-1.090365465940319427e-12,0.000000000000000000e+00,-1.090365465940319427e-12,-1.090365818155029682e-12,1.287788599704375807e-10,2.669565878850020391e-01,2.766810063355814508e-06,0.000000000000000000e+00,1.666666666666661856e+00
2.000000000000000000e+00,2.400000000000000000e+03,2.669565878850022611e-01,0.000000000000000000e+00,2.442490654175344389e-15,3.127062003570374605e-19,0.000000000000000000e+00,3.127062003570374605e-19,2.803155223770296059e-20,1.260529454951288927e-10,2.669565878850019836e-01,2.766810063355813661e-06,0.000000000000000000e+00,1.666666666666661856e+00
3.000000000000000000e+00,2.400000000000000455e+03,2.669565878850022611e-01,0.000000000000000000e+00,2.442490654175344389e-15,3.388131789017201356e-19,0.000000000000000000e+00,3.388131789017201356e-19,2.202285662861180882e-20,1.260529454951288927e-10,2.669565878850019836e-01,2.766810063355813661e-06,-5.000000000000000000e+00,1.666666666666661634e+00
3.000000000000000000e+00,2.405000000000000455e+03,2.669565878850020391e-01,0.000000000000000000e+00,2.220446049250313081e-15,-6.307419999707422620e-14,0.000000000000000000e+00,-6.307419999707422620e-14,-6.307459810255943572e-14,1.258952590549296357e-10,2.669565878850021501e-01,2.766810063355813237e-06,-5.000000000000000000e+00,1.659722222222220323e+00
3.000000000000000000e+00,2.410000000000000455e+03,2.669565878850022611e-01,0.000000000000000000e+00,2.442490654175344389e-15,-1.245978824672769325e-13,0.000000000000000000e+00,-1.245978824672769325e-13,-1.245983601938591839e-13,1.254260766591885892e-10,2.669565878850023721e-01,2.766810063355814508e-06,-5.000000000000000000e+00,1.652777777777777679e+00
3.000000000000000000e+00,2.415000000000000455e+03,2.669565878850019836e-01,0.000000000000000000e+00,2.164934898019055254e-15,-4.174561222961351015e-14,0.000000000000000000e+00,-4.174561222961351015e-14,-4.174605776894376591e-14,1.250102156142815818e-10,2.669565878850020391e-01,2.766810063355814508e-06,-5.000000000000000000e+00,1.645833333333333259e+00
3.000000000000000000e+00,2.420000000000000455e+03,2.669565878850020946e-01,0.000000000000000000e+00,2.275957200481570908e-15,-7.113667294111891692e-15,0.000000000000000000e+00,-7.113667294111891692e-15,-7.114228029922974039e-15,1.248880648997844149e-10,2.669565878850020391e-01,2.766810063355812390e-06,-5.000000000000000000e+00,1.638888888888889284e+00
3.000000000000000000e+00,2.425000000000000455e+03,2.669565878850020391e-01,0.000000000000000000e+00,2.220446049250313081e-15,-6.225791095767346794e-14,0.000000000000000000e+00,-6.225791095767346794e-14,-6.225829720469741591e-14,1.247146335866978640e-10,2.669565878850020391e-01,2.766810063355813661e-06,-5.000000000000000000e+00,1.631944444444445530e+00
3.000000000000000000e+00,2.430000000000000455e+03,2.669565878850022056e-01,0.000000000000000000e+00,2.386979502944086562e-15,2.383415865928398270e-14,0.000000000000000000e+00,2.383415865928398270e-14,2.383372497841498849e-14,1.246185721561321579e-10,2.669565878850020391e-01,2.766810063355811967e-06,-5.000000000000000000e+00,1.625000000000001776e+00
3.000000000000000000e+00,2.435000000000000455e+03,2.669565878850019836e-01,0.000000000000000000e+00,2.164934898019055254e-15,9.738823652681236065e-14,0.000000000000000000e+00,9.738823652681236065e-14,9.738775541209832021e-14,1.249216258571084412e-10,2.669565878850021501e-01,2.766810063355811120e-06,-5.000000000000000000e+00,1.618055555555558023e+00
3.000000000000000000e+00,2.440000000000000455e+03,2.669565878850021501e-01,0.000000000000000000e+00,2.331468351712828735e-15,-1.756368217097764584e-14,0.000000000000000000e+00,-1.756368217097764584e-14,-1.756421071953673252e-14,1.251211847188398451e-10,2.669565878850020391e-01,2.766810063355813237e-06,-5.000000000000000000e+00,1.611111111111114269e+00
3.000000000000000000e+00,2.445000000000000455e+03,2.669565878850020946e-01,0.000000000000000000e+00,2.275957200481570908e-15,-3.461484503436244864e-13,0.000000000000000000e+00,-3.461484503436244864e-13,-3.461488941888888476e-13,1.242119019565687812e-10,2.669565878850022611e-01,2.766810063355814084e-06,-5.000000000000000000e+00,1.604166666666670293e+00
3.000000000000000000e+00,2.450000000000000455e+03,2.669565878850021501e-01,0.000000000000000000e+00,2.331468351712828735e-15,7.392726025529788858e-14,0.000000000000000000e+00,7.392726025529788858e-14,7.392679269311100421e-14,1.235313467028293366e-10,2.669565878850019836e-01,2.766810063355814508e-06,-5.000000000000000000e+00,1.597222222222226540e+00
3.000000000000000000e+00,2.455000000000000455e+03,2.669565878850022056e-01,0.000000000000000000e+00,2.386979502944086562e-15,2.488898064696102447e-12,0.000000000000000000e+00,2.488898064696102447e-12,2.488897598827981457e-12,1.299384076816320677e-10,2.669565878850022056e-01,2.766810063355813661e-06,-5.000000000000000000e+00,1.590277777777782786e+00
3.000000000000000000e+00,2.460000000000000455e+03,2.669565878850020946e-01,0.000000000000000000e+00,2.275957200481570908e-15,-2.378527028926071679e-12,0.000000000000000000e+00,-2.378527028926071679e-12,-2.378527496488258564e-12,1.302143329374813750e-10,2.669565878850020391e-01,2.766810063355813237e-06,-5.000000000000000000e+00,1.583333333333338810e+00
3.000000000000000000e+00,2.465000000000000455e+03,2.669565878850022611e-01,0.000000000000000000e+00,2.442490654175344389e-15,-9.719540371654587785e-13,0.000000000000000000e+00,-9.719540371654587785e-13,-9.719545081157774519e-13,1.218381279259712849e-10,2.669565878850022056e-01,2.766810063355814931e-06,-5.000000000000000000e+00,1.576388888888894391e+00
3.000000000000000000e+00,2.470000000000000455e+03,2.669565878850022056e-01,0.000000000000000000e+00,2.386979502944086562e-15,1.014108766308596116e-12,0.000000000000000000e+00,1.014108766308596116e-12,1.014108442742010265e-12,1.219435127625368669e-10,2.669565878850019836e-01,2.766810063355812814e-06,-5.000000000000000000e+00,1.569444444444451303e+00
3.000000000000000000e+00,2.475000000000000455e+03,2.669565878850022056e-01,0.000000000000000000e+00,2.386979502944086562e-15,9.784494584995015454e-13,0.000000000000000000e+00,9.784494584995015454e-13,9.784488825170974124e-13,1.269249060756846361e-10,2.669565878850021501e-01,2.766810063355815778e-06,-5.000000000000000000e+00,1.562500000000007994e+00
3.000000000000000000e+00,2.480000000000000455e+03,2.669565878850020391e-01,0.000000000000000000e+00,2.220446049250313081e-15,-1.169983211604230106e-12,0.000000000000000000e+00,-1.169983211604230106e-12,-1.169983774034107082e-12,1.264460688468921120e-10,2.669565878850020391e-01,2.766810063355814084e-06,-5.000000000000000000e+00,1.555555555555564462e+00
3.000000000000000000e+00,2.485000000000000455e+03,2.669565878850020391e-01,0.000000000000000000e+00,2.220446049250313081e-15,3.304099344385996728e-15,0.000000000000000000e+00,3.304099344385996728e-15,3.303574183958699062e-15,1.235293683472667410e-10,2.669565878850019280e-01,2.766810063355812390e-06,-5.000000000000000000e+00,1.548611111111118932e+00
3.000000000000000000e+00,2.490000000000000455e+03,2.669565878850020391e-01,0.000000000000000000e+00,2.220446049250313081e-15,6.416349114350683447e-15,0.000000000000000000e+00,6.416349114350683447e-15,6.415717227772031739e-15,1.235536665757960678e-10,2.669565878850023166e-01,2.766810063355813661e-06,-5.000000000000000000e+00,1.541666666666674956e+00
3.000000000000000000e+00,2.495000000000000455e+03,2.669565878850021501e-01,0.000000000000000000e+00,2.331468351712828735e-15,2.195808910133295599e-14,0.000000000000000000e+00,2.195808910133295599e-14,2.195752497739008463e-14,1.236245996813089731e-10,2.669565878850020391e-01,2.766810063355817049e-06,-5.000000000000000000e+00,1.534722222222231203e+00
3.000000000000000000e+00,2.500000000000000455e+03,2.669565878850020946e-01,0.000000000000000000e+00,2.275957200481570908e-15,8.328868194087957200e-15,0.000000000000000000e+00,8.328868194087957200e-15,8.328402325966967334e-15,1.237003144995673658e-10,2.669565878850019280e-01,2.766810063355813661e-06,-5.000000000000000000e+00,1.527777777777787449e+00
3.000000000000000000e+00,2.505000000000000455e+03,2.669565878850020391e-01,0.000000000000000000e+00,2.220446049250313081e-15,3.887589848563383077e-15,0.000000000000000000e+00,3.887589848563383077e-15,3.886996925500305067e-15,1.237308529976960339e-10,2.669565878850020391e-01,2.766810063355813237e-06,-5.000000000000000000e+00,1.520833333333343695e+00
3.000000000000000000e+00,2.510000000000000455e+03,2.669565878850020391e-01,0.000000000000000000e+00,2.220446049250313081e-15,-3.445296348561499578e-15,0.000000000000000000e+00,-3.445296348561499578e-15,-3.445926541074256777e-15,1.237319556736570991e-10,2.669565878850020391e-01,2.766810063355814931e-06,-5.000000000000000000e+00,1.513888888888899720e+00
3.000000000000000000e+00,2.515000000000000455e+03,2.669565878850021501e-01,0.000000000000000000e+00,2.331468351712828735e-15,-1.653997847971683255e-15,0.000000000000000000e+00,-1.653997847971683255e-15,-1.654506067740035835e-15,1.237192045921350633e-10,2.669565878850020946e-01,2.766810063355813237e-06,-5.000000000000000000e+00,1.506944444444454634e+00
3.000000000000000000e+00,2.520000000000000455e+03,2.669565878850020946e-01,0.000000000000000000e+00,2.275957200481570908e-15,-3.807467308016704299e-15,0.000000000000000000e+00,-3.807467308016704299e-15,-3.807892518556225958e-15,1.237055485956693227e-10,2.669565878850020946e-01,2.766810063355813661e-06,-5.000000000000000000e+00,1.500000000000009992e+00
3.000000000000000000e+00,2.525000000000000455e+03,2.669565878850022611e-01,0.000000000000000000e+00,2.442490654175344389e-15,-2.402341292475490553e-14,0.000000000000000000e+00,-2.402341292475490553e-14,-2.402386693441463383e-14,1.236359691970368955e-10,2.669565878850020946e-01,2.766810063355812390e-06,-5.000000000000000000e+00,1.493055555555565128e+00
3.000000000000000000e+00,2.530000000000000455e+03,2.669565878850021501e-01,0.000000000000000000e+00,2.331468351712828735e-15,-1.968058691275559324e-14,0.000000000000000000e+00,-1.968058691275559324e-14,-1.968099348857027531e-14,1.235267070459794332e-10,2.669565878850023721e-01,2.766810063355814931e-06,-5.000000000000000000e+00,1.486111111111120486e+00
3.000000000000000000e+00,2.535000000000000455e+03,2.669565878850021501e-01,0.000000000000000000e+00,2.331468351712828735e-15,-2.427765833420275632e-14,0.000000000000000000e+00,-2.427765833420275632e-14,-2.427832579616519271e-14,1.234168087477675946e-10,2.669565878850022056e-01,2.766810063355814931e-06,-5.000000000000000000e+00,1.479166666666675622e+00
3.000000000000000000e+00,2.540000000000000455e+03,2.669565878850020946e-01,0.000000000000000000e+00,2.275957200481570908e-15,-1.270588045583845305e-14,0.000000000000000000e+00,-1.270588045583845305e-14,-1.270653944747141689e-14,1.233243465846585031e-10,2.669565878850023166e-01,2.766810063355814931e-06,-5.000000000000000000e+00,1.472222222222230981e+00
3.000000000000000000e+00,2.545000000000000455e+03,2.669565878850020946e-01,0.000000000000000000e+00,2.275957200481570908e-15,-5.318689282399202689e-15,0.000000000000000000e+00,-5.318689282399202689e-15,-5.319321168977854397e-15,1.232792819331173799e-10,2.669565878850023721e-01,2.766810063355817472e-06,-5.000000000000000000e+00,1.465277777777785895e+00
3.000000000000000000e+00,2.550000000000000455e+03,2.669565878850020391e-01,0.000000000000000000e+00,2.220446049250313081e-15,-1.390897894906414911e-14,0.000000000000000000e+00,-1.390897894906414911e-14,-1.390957356619312163e-14,1.232312096962794524e-10,2.669565878850020391e-01,2.766810063355814508e-06,-5.000000000000000000e+00,1.458333333333341031e+00
3.000000000000000000e+00,2.555000000000000455e+03,2.669565878850020946e-01,0.000000000000000000e+00,2.275957200481570908e-15,-3.132836058714755234e-15,0.000000000000000000e+00,-3.132836058714755234e-15,-3.133527237599714743e-15,1.231886019442699703e-10,2.669565878850023166e-01,2.766810063355813661e-06,-5.000000000000000000e+00,1.451388888888896389e+00
3.000000000000000000e+00,2.560000000000000455e+03,2.669565878850022056e-01,0.000000000000000000e+00,2.386979502944086562e-15,-1.724890439898721373e-14,0.000000000000000000e+00,-1.724890439898721373e-14,-1.724950409831386977e-14,1.231376443659301864e-10,2.669565878850019280e-01,2.766810063355814931e-06,-5.000000000000000000e+00,1.444444444444451525e+00
3.000000000000000000e+00,2.565000000000000455e+03,2.669565878850020946e-01,0.000000000000000000e+00,2.275957200481570908e-15,-4.455820207163035951e-15,0.000000000000000000e+00,-4.455820207163035951e-15,-4.456519856377468003e-15,1.230833793060434580e-10,2.669565878850022611e-01,2.766810063355811543e-06,-5.000000000000000000e+00,1.437500000000006883e+00
3.000000000000000000e+00,2.570000000000000455e+03,2.669565878850021501e-01,0.000000000000000000e+00,2.331468351712828735e-15,6.723733982777480023e-15,0.000000000000000000e+00,6.723733982777480023e-15,6.723178329164081202e-15,1.230890459522254246e-10,2.669565878850020946e-01,2.766810063355811967e-06,-5.000000000000000000e+00,1.430555555555562020e+00
3.000000000000000000e+00,2.575000000000000455e+03,2.669565878850020391e-01,0.000000000000000000e+00,2.220446049250313081e-15,-2.938772678982501385e-14,0.000000000000000000e+00,-2.938772678982501385e-14,-2.938856196431100659e-14,1.230323824931375573e-10,2.669565878850023721e-01,2.766810063355811543e-06,-5.000000000000000000e+00,1.423611111111116934e+00
3.000000000000000000e+00,2.580000000000000455e+03,2.669565878850022611e-01,0.000000000000000000e+00,2.442490654175344389e-15,4.085185016872508457e-14,0.000000000000000000e+00,4.085185016872508457e-14,4.085134194895673199e-14,1.230610394430991716e-10,2.669565878850021501e-01,2.766810063355814931e-06,-5.000000000000000000e+00,1.416666666666672292e+00
3.000000000000000000e+00,2.585000000000000455e+03,2.669565878850020391e-01,0.000000000000000000e+00,2.220446049250313081e-15,-7.371484472091724416e-14,0.000000000000000000e+00,-7.371484472091724416e-14,-7.371522080354582507e-14,1.229788797459626988e-10,2.669565878850022056e-01,2.766810063355813661e-06,-5.000000000000000000e+00,1.409722222222227428e+00
3.000000000000000000e+00,2.590000000000000455e+03,2.669565878850021501e-01,0.000000000000000000e+00,2.331468351712828735e-15,6.631410102032192500e-14,0.000000000000000000e+00,6.631410102032192500e-14,6.631342000583233254e-14,1.229603752439684151e-10,2.669565878850020391e-01,2.766810063355811967e-06,-5.000000000000000000e+00,1.402777777777782786e+00
3.000000000000000000e+00,2.595000000000000455e+03,2.669565878850023166e-01,0.000000000000000000e+00,2.498001805406602216e-15,1.999834624072036049e-14,0.000000000000000000e+00,1.999834624072036049e-14,1.999764150930824491e-14,1.231761528977562665e-10,2.669565878850018170e-01,2.766810063355815355e-06,-5.000000000000000000e+00,1.395833333333337922e+00
3.000000000000000000e+00,2.600000000000000455e+03,2.669565878850020946e-01,0.000000000000000000e+00,2.275957200481570908e-15,-3.468796701700666008e-13,0.000000000000000000e+00,-3.468796701700666008e-13,-3.468800564170905487e-13,1.223589468604868108e-10,2.669565878850022611e-01,2.766810063355815778e-06,-5.000000000000000000e+00,1.388888888888892836e+00
3.000000000000000000e+00,2.605000000000000455e+03,2.669565878850019836e-01,0.000000000000000000e+00,2.164934898019055254e-15,7.626973529194051860e-13,0.000000000000000000e+00,7.626973529194051860e-13,7.626968260649119938e-13,1.233984887846063644e-10,2.669565878850019280e-01,2.766810063355812390e-06,-5.000000000000000000e+00,1.381944444444448195e+00
3.000000000000000000e+00,2.610000000000000455e+03,2.669565878850021501e-01,0.000000000000000000e+00,2.331468351712828735e-15,-1.434581870885052318e-12,0.000000000000000000e+00,-1.434581870885052318e-12,-1.434582528182619388e-12,1.217187745293120959e-10,2.669565878850019280e-01,2.766810063355814084e-06,-5.000000000000000000e+00,1.375000000000003331e+00
3.000000000000000000e+00,2.615000000000000455e+03,2.669565878850020391e-01,0.000000000000000000e+00,2.220446049250313081e-15,2.108233672273168713e-12,0.000000000000000000e+00,2.108233672273168713e-12,2.108233091208566896e-12,1.234029009368769647e-10,2.669565878850021501e-01,2.766810063355815355e-06,-5.000000000000000000e+00,1.368055555555558689e+00
3.000000000000000000e+00,2.620000000000000455e+03,2.669565878850022611e-01,0.000000000000000000e+00,2.442490654175344389e-15,-1.439921810530032237e-12,0.000000000000000000e+00,-1.439921810530032237e-12,-1.439922474603862884e-12,1.250736774783887247e-10,2.669565878850021501e-01,2.766810063355814084e-06,-5.000000000000000000e+00,1.361111111111113825e+00
3.000000000000000000e+00,2.625000000000000455e+03,2.669565878850021501e-01,0.000000000000000000e+00,2.331468351712828735e-15,-5.681113504705636447e-12,0.000000000000000000e+00,-5.681113504705636447e-12,-5.681114062053315740e-12,1.072710861367457782e-10,2.669565878850020946e-01,2.766810063355815778e-06,-5.000000000000000000e+00,1.354166666666669183e+00
3.000000000000000000e+00,2.630000000000000455e+03,2.669565878850020946e-01,0.000000000000000000e+00,2.275957200481570908e-15,2.276102444270355213e-11,0.000000000000000000e+00,2.276102444270355213e-11,2.276102403951586924e-11,1.499708610804021619e-10,2.669565878850019836e-01,2.766810063355816202e-06,-5.000000000000000000e+00,1.347222222222224097e+00
3.000000000000000000e+00,2.635000000000000455e+03,2.669565878850021501e-01,0.000000000000000000e+00,2.331468351712828735e-15,-5.099241750285967920e-11,0.000000000000000000e+00,-5.099241750285967920e-11,-5.099241822453175026e-11,7.939237561786245935e-11,2.669565878850024276e-01,2.766810063355814508e-06,-5.000000000000000000e+00,1.340277777777779233e+00
3.000000000000000000e+00,2.640000000000000455e+03,2.669565878850022056e-01,0.000000000000000000e+00,2.386979502944086562e-15,1.099318962141486444e-10,0.000000000000000000e+00,1.099318962141486444e-10,1.099318956788238218e-10,2.267410692535926381e-10,2.669565878850022611e-01,2.766810063355816202e-06,-5.000000000000000000e+00,1.333333333333335036e+00
3.000000000000000000e+00,2.645000000000000455e+03,2.669565878850020946e-01,0.000000000000000000e+00,2.275957200481570908e-15,-1.306072075171098648e-11,0.000000000000000000e+00,-1.306072075171098648e-11,-1.306072138867976282e-11,4.689190049789527855e-10,2.669565878850021501e-01,2.766810063355815778e-06,-5.000000000000000000e+00,1.326388888888890838e+00
3.000000000000000000e+00,2.650000000000000455e+03,2.669565878850022611e-01,0.000000000000000000e+00,2.442490654175344389e-15,-1.688359930920695084e-11,0.000000000000000000e+00,-1.688359930920695084e-11,-1.688359965310232743e-11,3.940582023744975599e-10,2.669565878850022611e-01,2.766810063355816202e-06,-5.000000000000000000e+00,1.319444444444446640e+00
3.000000000000000000e+00,2.655000000000000455e+03,2.669565878850020946e-01,0.000000000000000000e+00,2.275957200481570908e-15,6.250215412774168949e-12,0.000000000000000000e+00,6.250215412774168949e-12,6.250214726677481673e-12,3.674747400584354455e-10,2.669565878850020946e-01,2.766810063355817049e-06,-5.000000000000000000e+00,1.312500000000002442e+00
3.000000000000000000e+00,2.660000000000000455e+03,2.669565878850020391e-01,0.000000000000000000e+00,2.220446049250313081e-15,1.334801975167668880e-11,0.000000000000000000e+00,1.334801975167668880e-11,1.334801918755274593e-11,4.164703248440110145e-10,2.669565878850020946e-01,2.766810063355814508e-06,-5.000000000000000000e+00,1.305555555555558245e+00
3.000000000000000000e+00,2.665000000000000455e+03,2.669565878850022611e-01,0.000000000000000000e+00,2.442490654175344389e-15,-8.781147643331828345e-12,0.000000000000000000e+00,-8.781147643331828345e-12,-8.781148229478627845e-12,4.278875022391963097e-10,2.669565878850022056e-01,2.766810063355812390e-06,-5.000000000000000000e+00,1.298611111111114047e+00
3.000000000000000000e+00,2.670000000000000455e+03,2.669565878850022611e-01,0.000000000000000000e+00,2.442490654175344389e-15,-1.420395609940880433e-11,0.000000000000000000e+00,-1.420395609940880433e-11,-1.420395669741406509e-11,3.704247399219645774e-10,2.669565878850020391e-01,2.766810063355816202e-06,-5.000000000000000000e+00,1.291666666666670071e+00
3.000000000000000000e+00,2.675000000000000455e+03,2.669565878850022056e-01,0.000000000000000000e+00,2.386979502944086562e-15,1.385814230161824465e-11,0.000000000000000000e+00,1.385814230161824465e-11,1.385814153081826264e-11,3.695602020054750713e-10,2.669565878850020391e-01,2.766810063355814508e-06,-5.000000000000000000e+00,1.284722222222225652e+00
3.000000000000000000e+00,2.680000000000000455e+03,2.669565878850022056e-01,0.000000000000000000e+00,2.386979502944086562e-15,1.582376807032380081e-11,0.000000000000000000e+00,1.582376807032380081e-11,1.582376736728645459e-11,4.437649742507368644e-10,2.669565878850020391e-01,2.766810063355816202e-06,-5.000000000000000000e+00,1.277777777777781676e+00
3.000000000000000000e+00,2.685000000000000455e+03,2.669565878850022611e-01,0.000000000000000000e+00,2.442490654175344389e-15,2.422703036179373742e-12,0.000000000000000000e+00,2.422703036179373742e-12,2.422702353470818255e-12,4.893811485526300465e-10,2.669565878850024276e-01,2.766810063355813237e-06,-5.000000000000000000e+00,1.270833333333337256e+00
3.000000000000000000e+00,2.690000000000000455e+03,2.669565878850021501e-01,0.000000000000000000e+00,2.331468351712828735e-15,-1.351176757150495886e-11,0.000000000000000000e+00,-1.351176757150495886e-11,-1.351176828470670045e-11,4.616584837245403410e-10,2.669565878850022611e-01,2.766810063355814508e-06,-5.000000000000000000e+00,1.263888888888893058e+00
3.000000000000000000e+00,2.695000000000000455e+03,2.669565878850022611e-01,0.000000000000000000e+00,2.442490654175344389e-15,1.586356501888375181e-11,0.000000000000000000e+00,1.586356501888375181e-11,1.586356430398794433e-11,4.675379737727434507e-10,2.669565878850022056e-01,2.766810063355815778e-06,-5.000000000000000000e+00,1.256944444444449083e+00
3.000000000000000000e+00,2.700000000000000455e+03,2.669565878850020946e-01,0.000000000000000000e+00,2.275957200481570908e-15,1.874635296712605370e-11,0.000000000000000000e+00,1.874635296712605370e-11,1.874635233693354094e-11,5.540627653750471639e-10,2.669565878850020946e-01,2.766810063355817049e-06,-5.000000000000000000e+00,1.250000000000004663e+00
3.000000000000000000e+00,2.705000000000000455e+03,2.669565878850022056e-01,0.000000000000000000e+00,2.386979502944086562e-15,-5.642875716796750749e-11,0.000000000000000000e+00,-5.642875716796750749e-11,-5.642875749661629102e-11,4.598567524758402887e-10,2.669565878850022611e-01,2.766810063355814508e-06,-5.000000000000000000e+00,1.243055555555560465e+00
3.000000000000000000e+00,2.710000000000000455e+03,2.669565878850020391e-01,0.000000000000000000e+00,2.220446049250313081e-15,-2.608146419783062900e-11,0.000000000000000000e+00,-2.608146419783062900e-11,-2.608146495168995205e-11,2.535811963550746810e-10,2.669565878850020946e-01,2.766810063355812390e-06,-5.000000000000000000e+00,1.236111111111116045e+00
3.000000000000000000e+00,2.715000000000000455e+03,2.669565878850022056e-01,0.000000000000000000e+00,2.386979502944086562e-15,1.566956961862771280e-11,0.000000000000000000e+00,1.566956961862771280e-11,1.566956879531168807e-11,2.275514559641290211e-10,2.669565878850022611e-01,2.766810063355814508e-06,-5.000000000000000000e+00,1.229166666666671626e+00
3.000000000000000000e+00,2.720000000000000455e+03,2.669565878850022611e-01,0.000000000000000000e+00,2.442490654175344389e-15,2.519743005961966667e-11,0.000000000000000000e+00,2.519743005961966667e-11,2.519742933455946382e-11,3.297189512888069008e-10,2.669565878850022056e-01,2.766810063355815355e-06,-5.000000000000000000e+00,1.222222222222227206e+00
3.000000000000000000e+00,2.725000000000000455e+03,2.669565878850022056e-01,0.000000000000000000e+00,2.386979502944086562e-15,4.063548664765860574e-12,0.000000000000000000e+00,4.063548664765860574e-12,4.063547971892909720e-12,4.028713945549378347e-10,2.669565878850019836e-01,2.766810063355815355e-06,-5.000000000000000000e+00,1.215277777777782786e+00
3.000000000000000000e+00,2.730000000000000455e+03,2.669565878850023721e-01,0.000000000000000000e+00,2.553512956637860043e-15,-2.608340544826793714e-11,0.000000000000000000e+00,-2.608340544826793714e-11,-2.608340631054747744e-11,3.478217487083014153e-10,2.669565878850021501e-01,2.766810063355814084e-06,-5.000000000000000000e+00,1.208333333333338366e+00
3.000000000000000000e+00,2.735000000000000455e+03,2.669565878850022056e-01,0.000000000000000000e+00,2.386979502944086562e-15,-3.333213085155318361e-11,0.000000000000000000e+00,-3.333213085155318361e-11,-3.333213163929382456e-11,1.992829038336981603e-10,2.669565878850022611e-01,2.766810063355814084e-06,-5.000000000000000000e+00,1.201388888888893947e+00
3.000000000000000000e+00,2.740000000000000455e+03,2.669565878850022056e-01,0.000000000000000000e+00,2.386979502944086562e-15,3.617534399748441321e-13,0.000000000000000000e+00,3.617534399748441321e-13,3.617525793893697217e-13,1.168569561839370232e-10,2.669565878850022611e-01,2.766810063355813661e-06,-5.000000000000000000e+00,1.194444444444449527e+00
3.000000000000000000e+00,2.745000000000000455e+03,2.669565878850022611e-01,0.000000000000000000e+00,2.442490654175344389e-15,3.190052727725968540e-12,0.000000000000000000e+00,3.190052727725968540e-12,3.190051911186207387e-12,1.257364674103759660e-10,2.669565878850021501e-01,2.766810063355815778e-06,-5.000000000000000000e+00,1.187500000000005107e+00
3.000000000000000000e+00,2.750000000000000455e+03,2.669565878850023166e-01,0.000000000000000000e+00,2.498001805406602216e-15,1.650480079484154677e-12,0.000000000000000000e+00,1.650480079484154677e-12,1.650479356118017722e-12,1.378377955786365288e-10,2.669565878850024276e-01,2.766810063355817896e-06,-5.000000000000000000e+00,1.180555555555560687e+00
3.000000000000000000e+00,2.755000000000000455e+03,2.669565878850023166e-01,0.000000000000000000e+00,2.498001805406602216e-15,1.172186269761139182e-12,0.000000000000000000e+00,1.172186269761139182e-12,1.172185480326432341e-12,1.448944576697476539e-10,2.669565878850024276e-01,2.766810063355814084e-06,-5.000000000000000000e+00,1.173611111111116267e+00
3.000000000000000000e+00,2.760000000000000455e+03,2.669565878850022611e-01,0.000000000000000000e+00,2.442490654175344389e-15,-1.012817867768189828e-12,0.000000000000000000e+00,-1.012817867768189828e-12,-1.012818384458287653e-12,1.452928754094180157e-10,2.669565878850023166e-01,2.766810063355814508e-06,-5.000000000000000000e+00,1.166666666666671848e+00
3.000000000000000000e+00,2.765000000000000455e+03,2.669565878850022611e-01,0.000000000000000000e+00,2.442490654175344389e-15,7.169543550424734013e-13,0.000000000000000000e+00,7.169543550424734013e-13,7.169535927128208724e-13,1.445532134300543487e-10,2.669565878850022611e-01,2.766810063355814084e-06,-5.000000000000000000e+00,1.159722222222227428e+00
3.000000000000000000e+00,2.770000000000000455e+03,2.669565878850022056e-01,0.000000000000000000e+00,2.386979502944086562e-15,-4.661830275108636013e-13,0.000000000000000000e+00,-4.661830275108636013e-13,-4.661836407627174134e-13,1.451801383099296074e-10,2.669565878850022611e-01,2.766810063355815778e-06,-5.000000000000000000e+00,1.152777777777783008e+00
3.000000000000000000e+00,2.775000000000000455e+03,2.669565878850023166e-01,0.000000000000000000e+00,2.498001805406602216e-15,2.609811076016016473e-12,0.000000000000000000e+00,2.609811076016016473e-12,2.609810296745704999e-12,1.505392049498870763e-10,2.669565878850022611e-01,2.766810063355814084e-06,-5.000000000000000000e+00,1.145833333333338810e+00
3.000000000000000000e+00,2.780000000000000455e+03,2.669565878850022611e-01,0.000000000000000000e+00,2.442490654175344389e-15,4.839997536597567124e-12,0.000000000000000000e+00,4.839997536597567124e-12,4.839996742080662599e-12,1.691637225469529953e-10,2.669565878850023166e-01,2.766810063355814084e-06,-5.000000000000000000e+00,1.138888888888894613e+00
3.000000000000000000e+00,2.785000000000000455e+03,2.669565878850021501e-01,0.000000000000000000e+00,2.331468351712828735e-15,4.085512445928599079e-12,0.000000000000000000e+00,4.085512445928599079e-12,4.085511622612574348e-12,1.914774934586860877e-10,2.669565878850021501e-01,2.766810063355814931e-06,-5.000000000000000000e+00,1.131944444444450415e+00
3.000000000000000000e+00,2.790000000000000455e+03,2.669565878850023721e-01,0.000000000000000000e+00,2.553512956637860043e-15,-2.150698740735652870e-12,0.000000000000000000e+00,-2.150698740735652870e-12,-2.150699342129045420e-12,1.963145241598949100e-10,2.669565878850024832e-01,2.766810063355814931e-06,-5.000000000000000000e+00,1.125000000000006217e+00
3.000000000000000000e+00,2.795000000000000455e+03,2.669565878850022611e-01,0.000000000000000000e+00,2.442490654175344389e-15,2.381771668590439497e-11,0.000000000000000000e+00,2.381771668590439497e-11,2.381771584225957951e-11,2.504820654102212452e-10,2.669565878850022056e-01,2.766810063355817472e-06,-5.000000000000000000e+00,1.118055555555562020e+00
3.000000000000000000e+00,2.800000000000000455e+03,2.669565878850022056e-01,0.000000000000000000e+00,2.386979502944086562e-15,1.716464370946991017e-11,0.000000000000000000e+00,1.716464370946991017e-11,1.716464304878421131e-11,3.529379626378307223e-10,2.669565878850025387e-01,2.766810063355814508e-06,-5.000000000000000000e+00,1.111111111111117822e+00
3.000000000000000000e+00,2.805000000000000455e+03,2.669565878850024276e-01,0.000000000000000000e+00,2.609024107869117870e-15,-1.981527682687117195e-11,0.000000000000000000e+00,-1.981527682687117195e-11,-1.981527758750675858e-11,3.463113762910243541e-10,2.669565878850024276e-01,2.766810063355814084e-06,-5.000000000000000000e+00,1.104166666666673624e+00
3.000000000000000000e+00,2.810000000000000455e+03,2.669565878850023166e-01,0.000000000000000000e+00,2.498001805406602216e-15,-1.418169280739591670e-11,0.000000000000000000e+00,-1.418169280739591670e-11,-1.418169373913215868e-11,2.613189479744270609e-10,2.669565878850022611e-01,2.766810063355814931e-06,-5.000000000000000000e+00,1.097222222222229204e+00
3.000000000000000000e+00,2.815000000000000455e+03,2.669565878850022611e-01,0.000000000000000000e+00,2.442490654175344389e-15,2.876170761517519991e-11,0.000000000000000000e+00,2.876170761517519991e-11,2.876170687656246991e-11,2.977689808180028390e-10,2.669565878850023721e-01,2.766810063355816202e-06,-5.000000000000000000e+00,1.090277777777785007e+00
3.000000000000000000e+00,2.820000000000000455e+03,2.669565878850023721e-01,0.000000000000000000e+00,2.553512956637860043e-15,1.561210035761536469e-11,0.000000000000000000e+00,1.561210035761536469e-11,1.561209969354153404e-11,4.087034972432628489e-10,2.669565878850025387e-01,2.766810063355817472e-06,-5.000000000000000000e+00,1.083333333333340809e+00
3.000000000000000000e+00,2.825000000000000455e+03,2.669565878850022611e-01,0.000000000000000000e+00,2.442490654175344389e-15,-3.626380128802196567e-11,0.000000000000000000e+00,-3.626380128802196567e-11,-3.626380181487645887e-11,3.570742419399255368e-10,2.669565878850022056e-01,2.766810063355815778e-06,-5.000000000000000000e+00,1.076388888888896611e+00
3.000000000000000000e+00,2.830000000000000455e+03,2.669565878850023166e-01,0.000000000000000000e+00,2.498001805406602216e-15,5.391518190288411422e-11,0.000000000000000000e+00,5.391518190288411422e-11,5.391518118290610905e-11,4.012026903599996623e-10,2.669565878850022611e-01,2.766810063355818319e-06,-5.000000000000000000e+00,1.069444444444452191e+00
3.000000000000000000e+00,2.835000000000000455e+03,2.669565878850023721e-01,0.000000000000000000e+00,2.553512956637860043e-15,4.161801301803477737e-12,0.000000000000000000e+00,4.161801301803477737e-12,4.161800671610964980e-12,5.463951449962923473e-10,2.669565878850024276e-01,2.766810063355817472e-06,-5.000000000000000000e+00,1.062500000000007994e+00
3.000000000000000000e+00,2.840000000000000455e+03,2.669565878850022611e-01,0.000000000000000000e+00,2.442490654175344389e-15,1.434335926398487560e-11,0.000000000000000000e+00,1.434335926398487560e-11,1.434335822213435047e-11,5.926580422306556360e-10,2.669565878850022056e-01,2.766810063355817896e-06,-5.000000000000000000e+00,1.055555555555563796e+00
3.000000000000000000e+00,2.845000000000000455e+03,2.669565878850023166e-01,0.000000000000000000e+00,2.498001805406602216e-15,1.321933095757218957e-11,0.000000000000000000e+00,1.321933095757218957e-11,1.321933008004605621e-11,6.615647629861066527e-10,2.669565878850023721e-01,2.766810063355817049e-06,-5.000000000000000000e+00,1.048611111111119376e+00
3.000000000000000000e+00,2.850000000000000455e+03,2.669565878850020391e-01,0.000000000000000000e+00,2.220446049250313081e-15,-1.073727556383718626e-11,0.000000000000000000e+00,-1.073727556383718626e-11,-1.073727617031277649e-11,6.677698977604398520e-10,2.669565878850023721e-01,2.766810063355817049e-06,-5.000000000000000000e+00,1.041666666666675178e+00
3.000000000000000000e+00,2.855000000000000455e+03,2.669565878850023166e-01,0.000000000000000000e+00,2.498001805406602216e-15,-1.477483423556772910e-11,0.000000000000000000e+00,-1.477483423556772910e-11,-1.477483506735408330e-11,6.039896196662727025e-10,2.669565878850022611e-01,2.766810063355817472e-06,-5.000000000000000000e+00,1.034722222222230759e+00
3.000000000000000000e+00,2.860000000000000455e+03,2.669565878850023166e-01,0.000000000000000000e+00,2.498001805406602216e-15,-2.387598273386956627e-11,0.000000000000000000e+00,-2.387598273386956627e-11,-2.387598350636361416e-11,5.073625732319784588e-10,2.669565878850023166e-01,2.766810063355814931e-06,-5.000000000000000000e+00,1.027777777777786561e+00
3.000000000000000000e+00,2.865000000000000455e+03,2.669565878850024832e-01,0.000000000000000000e+00,2.664535259100375697e-15,3.324013861469993225e-12,0.000000000000000000e+00,3.324013861469993225e-12,3.324012855194851887e-12,4.559826466040565531e-10,2.669565878850023721e-01,2.766810063355815778e-06,-5.000000000000000000e+00,1.020833333333342363e+00
3.000000000000000000e+00,2.870000000000000455e+03,2.669565878850023721e-01,0.000000000000000000e+00,2.553512956637860043e-15,1.607039100995051942e-11,0.000000000000000000e+00,1.607039100995051942e-11,1.607039026286745994e-11,5.044686543992123327e-10,2.669565878850021501e-01,2.766810063355817472e-06,-5.000000000000000000e+00,1.013888888888897943e+00
3.000000000000000000e+00,2.875000000000000455e+03,2.669565878850022611e-01,0.000000000000000000e+00,2.442490654175344389e-15,1.424100055003214849e-12,0.000000000000000000e+00,1.424100055003214849e-12,1.424099170700817915e-12,5.482048779831330274e-10,2.669565878850022611e-01,2.766810063355816202e-06,-5.000000000000000000e+00,1.006944444444453746e+00
3.000000000000000000e+00,2.880000000000000455e+03,2.669565878850024832e-01,0.000000000000000000e+00,2.664535259100375697e-15,-8.228460257999128946e-12,0.000000000000000000e+00,-8.228460257999128946e-12,-8.228461013552517897e-12,5.311939733760037774e-10,2.669565878850025942e-01,2.766810063355815355e-06,-5.000000000000000000e+00,1.000000000000009326e+00
3.000000000000000000e+00,2.885000000000000455e+03,2.669565878850023721e-01,0.000000000000000000e+00,2.553512956637860043e-15,5.690200982383548933e-12,0.000000000000000000e+00,5.690200982383548933e-12,5.690200062505768215e-12,5.248483209983869032e-10,2.669565878850022611e-01,2.766810063355816625e-06,-5.000000000000000000e+00,9.930555555555649061e-01
3.000000000000000000e+00,2.890000000000000455e+03,2.669565878850022611e-01,0.000000000000000000e+00,2.442490654175344389e-15,-4.741921265372095462e-11,0.000000000000000000e+00,-4.741921265372095462e-11,-4.741921332795918063e-11,4.205257878347533721e-10,2.669565878850022611e-01,2.766810063355814931e-06,-5.000000000000000000e+00,9.861111111111204863e-01
3.000000000000000000e+00,2.895000000000000455e+03,2.669565878850023166e-01,0.000000000000000000e+00,2.498001805406602216e-15,2.683961919765697965e-11,0.000000000000000000e+00,2.683961919765697965e-11,2.683961837095282313e-11,3.690768004422374784e-10,2.669565878850024276e-01,2.766810063355817472e-06,-5.000000000000000000e+00,9.791666666666761776e-01
3.000000000000000000e+00,2.900000000000000455e+03,2.669565878850024276e-01,0.000000000000000000e+00,2.609024107869117870e-15,-2.684418763936480962e-11,0.000000000000000000e+00,-2.684418763936480962e-11,-2.684418863886368738e-11,3.690653747724603178e-10,2.669565878850022611e-01,2.766810063355814508e-06,-5.000000000000000000e+00,9.722222222222316468e-01
3.000000000000000000e+00,2.905000000000000455e+03,2.669565878850023166e-01,0.000000000000000000e+00,2.498001805406602216e-15,1.780589991586239290e-11,0.000000000000000000e+00,1.780589991586239290e-11,1.780589908577010459e-11,3.464696508897263608e-10,2.669565878850023721e-01,2.766810063355818319e-06,-5.000000000000000000e+00,9.652777777777872270e-01
3.000000000000000000e+00,2.910000000000000455e+03,2.669565878850024276e-01,0.000000000000000000e+00,2.609024107869117870e-15,-3.373967070492570400e-11,0.000000000000000000e+00,-3.373967070492570400e-11,-3.373967148758414726e-11,3.066352198851912541e-10,2.669565878850023721e-01,2.766810063355816625e-06,-5.000000000000000000e+00,9.583333333333428072e-01
3.000000000000000000e+00,2.915000000000000000e+03,2.669565878850022056e-01,0.000000000000000000e+00,2.386979502944086562e-15,-1.978922735857042980e-13,0.000000000000000000e+00,-1.978922735857042980e-13,-1.978929833993140971e-13,2.217913087077403039e-10,2.669565878850022056e-01,2.766810063355817472e-06,-5.000000000000000000e+00,9.513888888888989426e-01
3.000000000000000000e+00,2.920000000000000000e+03,2.669565878850023721e-01,0.000000000000000000e+00,2.553512956637860043e-15,1.799165135450697672e-11,0.000000000000000000e+00,1.799165135450697672e-11,1.799165067010435534e-11,2.662757029245029070e-10,2.669565878850023166e-01,2.766810063355817472e-06,-5.000000000000000000e+00,9.444444444444545228e-01
3.000000000000000000e+00,2.925000000000000000e+03,2.669565878850023166e-01,0.000000000000000000e+00,2.498001805406602216e-15,-2.585379250231523499e-11,0.000000000000000000e+00,-2.585379250231523499e-11,-2.585379325786862394e-11,2.466203464550922355e-10,2.669565878850023721e-01,2.766810063355814931e-06,-5.000000000000000000e+00,9.375000000000101030e-01
3.000000000000000000e+00,2.930000000000000000e+03,2.669565878850023166e-01,0.000000000000000000e+00,2.498001805406602216e-15,-1.013871676365648775e-11,0.000000000000000000e+00,-1.013871676365648775e-11,-1.013871743958877965e-11,1.566390697114487265e-10,2.669565878850025942e-01,2.766810063355815778e-06,-5.000000000000000000e+00,9.305555555555655722e-01
3.000000000000000000e+00,2.935000000000000000e+03,2.669565878850023721e-01,0.000000000000000000e+00,2.553512956637860043e-15,2.164206974844843853e-11,0.000000000000000000e+00,2.164206974844843853e-11,2.164206885228758034e-11,1.853974482431957282e-10,2.669565878850020946e-01,2.766810063355815778e-06,-5.000000000000000000e+00,9.236111111111211525e-01
3.000000000000000000e+00,2.940000000000000000e+03,2.669565878850023721e-01,0.000000000000000000e+00,2.553512956637860043e-15,1.060513493428977272e-11,0.000000000000000000e+00,1.060513493428977272e-11,1.060513403304671684e-11,2.660154554565314711e-10,2.669565878850022611e-01,2.766810063355814931e-06,-5.000000000000000000e+00,9.166666666666767327e-01
3.000000000000000000e+00,2.945000000000000000e+03,2.669565878850023166e-01,0.000000000000000000e+00,2.498001805406602216e-15,4.912521478066820060e-11,0.000000000000000000e+00,4.912521478066820060e-11,4.912521397090470303e-11,4.153413254664100208e-10,2.669565878850022056e-01,2.766810063355814084e-06,-5.000000000000000000e+00,9.097222222222322019e-01
3.000000000000000000e+00,2.950000000000000000e+03,2.669565878850023166e-01,0.000000000000000000e+00,2.498001805406602216e-15,2.472256083120745462e-12,0.000000000000000000e+00,2.472256083120745462e-12,2.472255319097027039e-12,5.443349986914143977e-10,2.669565878850024832e-01,2.766810063355817896e-06,-5.000000000000000000e+00,9.027777777777877821e-01
3.000000000000000000e+00,2.955000000000000000e+03,2.669565878850024276e-01,0.000000000000000000e+00,2.609024107869117870e-15,-2.427688075118091329e-11,0.000000000000000000e+00,-2.427688075118091329e-11,-2.427688158974353107e-11,4.898234330147981376e-10,2.669565878850025387e-01,2.766810063355818319e-06,-5.000000000000000000e+00,8.958333333333433623e-01
3.000000000000000000e+00,2.960000000000000000e+03,2.669565878850022611e-01,0.000000000000000000e+00,2.442490654175344389e-15,1.681532172482852125e-11,0.000000000000000000e+00,1.681532172482852125e-11,1.681532099976831840e-11,4.711695315398601059e-10,2.669565878850021501e-01,2.766810063355817049e-06,-5.000000000000000000e+00,8.888888888888988316e-01
3.000000000000000000e+00,2.965000000000000000e+03,2.669565878850023166e-01,0.000000000000000000e+00,2.498001805406602216e-15,2.522975842730434265e-11,0.000000000000000000e+00,2.522975842730434265e-11,2.522975776323051200e-11,5.762822284473571819e-10,2.669565878850021501e-01,2.766810063355817472e-06,-5.000000000000000000e+00,8.819444444444544118e-01
3.000000000000000000e+00,2.970000000000000000e+03,2.669565878850024832e-01,0.000000000000000000e+00,2.664535259100375697e-15,1.755936832026870620e-11,0.000000000000000000e+00,1.755936832026870620e-11,1.755936716660983204e-11,6.832550407719579386e-10,2.669565878850026497e-01,2.766810063355817049e-06,-5.000000000000000000e+00,8.750000000000099920e-01
3.000000000000000000e+00,2.975000000000000000e+03,2.669565878850023166e-01,0.000000000000000000e+00,2.498001805406602216e-15,-2.983788983577061182e-11,0.000000000000000000e+00,-2.983788983577061182e-11,-2.983789076073059023e-11,6.525587317866560431e-10,2.669565878850024832e-01,2.766810063355817472e-06,-5.000000000000000000e+00,8.680555555555654612e-01
3.000000000000000000e+00,2.980000000000000000e+03,2.669565878850024276e-01,0.000000000000000000e+00,2.609024107869117870e-15,-4.676300193156689849e-12,0.000000000000000000e+00,-4.676300193156689849e-12,-4.676301123198865935e-12,5.662732520768324027e-10,2.669565878850022056e-01,2.766810063355818319e-06,-5.000000000000000000e+00,8.611111111111210414e-01
3.000000000000000000e+00,2.985000000000000000e+03,2.669565878850021501e-01,0.000000000000000000e+00,2.331468351712828735e-15,3.015745911051333564e-11,0.000000000000000000e+00,3.015745911051333564e-11,3.015745807882720588e-11,6.299761444659032526e-10,2.669565878850024276e-01,2.766810063355817049e-06,-5.000000000000000000e+00,8.541666666666766217e-01
3.000000000000000000e+00,2.990000000000000000e+03,2.669565878850023721e-01,0.000000000000000000e+00,2.553512956637860043e-15,-3.998235797346774700e-12,0.000000000000000000e+00,-3.998235797346774700e-12,-3.998236527489175234e-12,6.953741983442483292e-10,2.669565878850022611e-01,2.766810063355818319e-06,-5.000000000000000000e+00,8.472222222222320909e-01
3.000000000000000000e+00,2.995000000000000000e+03,2.669565878850024276e-01,0.000000000000000000e+00,2.609024107869117870e-15,-1.107874497029886010e-11,0.000000000000000000e+00,-1.107874497029886010e-11,-1.107874531588830258e-11,6.576817437358046347e-10,2.669565878850025387e-01,2.766810063355817472e-06,-5.000000000000000000e+00,8.402777777777876711e-01
3.000000000000000000e+00,3.000000000000000000e+03,2.669565878850023166e-01,0.000000000000000000e+00,2.498001805406602216e-15,3.265173146373449506e-11,0.000000000000000000e+00,3.265173146373449506e-11,3.265173072850989684e-11,7.116142072673586204e-10,2.669565878850024276e-01,2.766810063355816202e-06,-5.000000000000000000e+00,8.333333333333432513e-01
3.000000000000000000e+00,3.005000000000000000e+03,2.669565878850024276e-01,0.000000000000000000e+00,2.609024107869117870e-15,-9.488402122651787979e-12,0.000000000000000000e+00,-9.488402122651787979e-12,-9.488403313580111818e-12,7.695225258046830829e-10,2.669565878850024832e-01,2.766810063355816625e-06,-5.000000000000000000e+00,8.263888888888988316e-01
3.000000000000000000e+00,3.010000000000000000e+03,2.669565878850024276e-01,0.000000000000000000e+00,2.609024107869117870e-15,1.281536817854603272e-11,0.000000000000000000e+00,1.281536817854603272e-11,1.281536728746737221e-11,7.778399357394012339e-10,2.669565878850024832e-01,2.766810063355818319e-06,-5.000000000000000000e+00,8.194444444444543008e-01
3.000000000000000000e+00,3.015000000000000000e+03,2.669565878850024276e-01,0.000000000000000000e+00,2.609024107869117870e-15,-1.518356767355941161e-11,0.000000000000000000e+00,-1.518356767355941161e-11,-1.518356872218620032e-11,7.719194321526041636e-10,2.669565878850023721e-01,2.766810063355817896e-06,-5.000000000000000000e+00,8.125000000000098810e-01
3.000000000000000000e+00,3.020000000000000000e+03,2.669565878850023721e-01,0.000000000000000000e+00,2.553512956637860043e-15,2.661673674839810586e-11,0.000000000000000000e+00,2.661673674839810586e-11,2.661673607585394574e-11,8.005023505367735272e-10,2.669565878850022056e-01,2.766810063355819166e-06,-5.000000000000000000e+00,8.055555555555654612e-01
3.000000000000000000e+00,3.025000000000000000e+03,2.669565878850025387e-01,0.000000000000000000e+00,2.720046410331633524e-15,2.331948373415554041e-11,0.000000000000000000e+00,2.331948373415554041e-11,2.331948282274808916e-11,9.253428977832786144e-10,2.669565878850024832e-01,2.766810063355817049e-06,-5.000000000000000000e+00,7.986111111111210414e-01
3.000000000000000000e+00,3.030000000000000000e+03,2.669565878850023721e-01,0.000000000000000000e+00,2.553512956637860043e-15,-1.539071288762707684e-11,0.000000000000000000e+00,-1.539071288762707684e-11,-1.539071370416683800e-11,9.451648205797316389e-10,2.669565878850023721e-01,2.766810063355817472e-06,-5.000000000000000000e+00,7.916666666666766217e-01
3.000000000000000000e+00,3.035000000000000000e+03,2.669565878850024276e-01,0.000000000000000000e+00,2.609024107869117870e-15,5.112886615552935526e-11,0.000000000000000000e+00,5.112886615552935526e-11,5.112886542538695473e-11,1.034510199882781931e-09,2.669565878850023721e-01,2.766810063355816202e-06,-5.000000000000000000e+00,7.847222222222322019e-01
3.000000000000000000e+00,3.040000000000000000e+03,2.669565878850024276e-01,0.000000000000000000e+00,2.609024107869117870e-15,-3.147173338857158983e-11,0.000000000000000000e+00,-3.147173338857158983e-11,-3.147173411701992447e-11,1.083653028153699506e-09,2.669565878850024276e-01,2.766810063355819166e-06,-5.000000000000000000e+00,7.777777777777877821e-01
3.000000000000000000e+00,3.045000000000000000e+03,2.669565878850024276e-01,0.000000000000000000e+00,2.609024107869117870e-15,2.524987292547905410e-11,0.000000000000000000e+00,2.524987292547905410e-11,2.524987181417182730e-11,1.068098372396579263e-09,2.669565878850025942e-01,2.766810063355817472e-06,-5.000000000000000000e+00,7.708333333333434734e-01
3.000000000000000000e+00,3.050000000000000000e+03,2.669565878850024832e-01,0.000000000000000000e+00,2.664535259100375697e-15,1.990516146279253801e-11,0.000000000000000000e+00,1.990516146279253801e-11,1.990516066827563348e-11,1.180985953602697915e-09,2.669565878850024276e-01,2.766810063355818319e-06,-5.000000000000000000e+00,7.638888888888990536e-01
3.000000000000000000e+00,3.055000000000000000e+03,2.669565878850024276e-01,0.000000000000000000e+00,2.609024107869117870e-15,1.787675386953450907e-11,0.000000000000000000e+00,1.787675386953450907e-11,1.787675280396706142e-11,1.275440737283304653e-09,2.669565878850024832e-01,2.766810063355820013e-06,-5.000000000000000000e+00,7.569444444444546338e-01
3.000000000000000000e+00,3.060000000000000000e+03,2.669565878850024276e-01,0.000000000000000000e+00,2.609024107869117870e-15,-8.946833311913090364e-12,0.000000000000000000e+00,-8.946833311913090364e-12,-8.946834150475708146e-12,1.297765533917033036e-09,2.669565878850027607e-01,2.766810063355820013e-06,-5.000000000000000000e+00,7.500000000000102141e-01
3.000000000000000000e+00,3.065000000000000000e+03,2.669565878850024832e-01,0.000000000000000000e+00,2.664535259100375697e-15,2.077695021509163437e-11,0.000000000000000000e+00,2.077695021509163437e-11,2.077694917662924103e-11,1.327340821482416868e-09,2.669565878850027052e-01,2.766810063355818319e-06,-5.000000000000000000e+00,7.430555555555656833e-01
3.000000000000000000e+00,3.070000000000000000e+03,2.669565878850024832e-01,0.000000000000000000e+00,2.664535259100375697e-15,2.044436224723751930e-11,0.000000000000000000e+00,2.044436224723751930e-11,2.044436143747402172e-11,1.430394098017675025e-09,2.669565878850028717e-01,2.766810063355817472e-06,-5.000000000000000000e+00,7.361111111111211525e-01
3.000000000000000000e+00,3.075000000000000000e+03,2.669565878850024276e-01,0.000000000000000000e+00,2.609024107869117870e-15,-6.001412305208907866e-12,0.000000000000000000e+00,-6.001412305208907866e-12,-6.001413409739871085e-12,1.466501468087010402e-09,2.669565878850026497e-01,2.766810063355816625e-06,-5.000000000000000000e+00,7.291666666666765106e-01
3.000000000000000000e+00,3.080000000000000000e+03,2.669565878850024832e-01,0.000000000000000000e+00,2.664535259100375697e-15,3.022658659419851304e-11,0.000000000000000000e+00,3.022658659419851304e-11,3.022658571667237969e-11,1.527064398854341673e-09,2.669565878850026497e-01,2.766810063355819590e-06,-5.000000000000000000e+00,7.222222222222318688e-01
3.000000000000000000e+00,3.085000000000000000e+03,2.669565878850023721e-01,0.000000000000000000e+00,2.553512956637860043e-15,2.260260489379438062e-11,0.000000000000000000e+00,2.260260489379438062e-11,2.260260379265154919e-11,1.659137372627651495e-09,2.669565878850024832e-01,2.766810063355819166e-06,-5.000000000000000000e+00,7.152777777777873380e-01
3.000000000000000000e+00,3.090000000000000000e+03,2.669565878850025387e-01,0.000000000000000000e+00,2.720046410331633524e-15,1.076526458173307846e-11,0.000000000000000000e+00,1.076526458173307846e-11,1.076526373131199942e-11,1.742557041437560367e-09,2.669565878850023721e-01,2.766810063355818743e-06,-5.000000000000000000e+00,7.083333333333426962e-01
3.000000000000000000e+00,3.095000000000000000e+03,2.669565878850024832e-01,0.000000000000000000e+00,2.664535259100375697e-15,3.902399500684558889e-11,0.000000000000000000e+00,3.902399500684558889e-11,3.902399375493089285e-11,1.867030185153167597e-09,2.669565878850025387e-01,2.766810063355819590e-06,-5.000000000000000000e+00,7.013888888888981654e-01
3.000000000000000000e+00,3.100000000000000000e+03,2.669565878850026497e-01,0.000000000000000000e+00,2.831068712794149178e-15,-7.519670284128650295e-12,0.000000000000000000e+00,-7.519670284128650295e-12,-7.519671417458733721e-12,1.945790990996847995e-09,2.669565878850024276e-01,2.766810063355817472e-06,-5.000000000000000000e+00,6.944444444444535236e-01
3.000000000000000000e+00,3.105000000000000000e+03,2.669565878850024276e-01,0.000000000000000000e+00,2.609024107869117870e-15,5.789904349690587482e-13,0.000000000000000000e+00,5.789904349690587482e-13,5.789894642693011947e-13,1.928439286113874414e-09,2.669565878850023166e-01,2.766810063355820013e-06,-5.000000000000000000e+00,6.875000000000088818e-01
3.000000000000000000e+00,3.110000000000000000e+03,2.669565878850025942e-01,0.000000000000000000e+00,2.775557561562891351e-15,-2.821315374384883792e-11,0.000000000000000000e+00,-2.821315374384883792e-11,-2.821315507369056511e-11,1.859353872090321254e-09,2.669565878850025942e-01,2.766810063355816202e-06,-5.000000000000000000e+00,6.805555555555643510e-01
3.000000000000000000e+00,3.115000000000000000e+03,2.669565878850024832e-01,0.000000000000000000e+00,2.664535259100375697e-15,-2.694919414442933578e-11,0.000000000000000000e+00,-2.694919414442933578e-11,-2.694919529978227583e-11,1.721447996156639152e-09,2.669565878850023721e-01,2.766810063355819166e-06,-5.000000000000000000e+00,6.736111111111198202e-01
3.000000000000000000e+00,3.120000000000000000e+03,2.669565878850026497e-01,0.000000000000000000e+00,2.831068712794149178e-15,-1.027220998962418558e-11,0.000000000000000000e+00,-1.027220998962418558e-11,-1.027221112634240079e-11,1.628394480091327460e-09,2.669565878850025387e-01,2.766810063355819590e-06,-5.000000000000000000e+00,6.666666666666751784e-01
3.000000000000000000e+00,3.125000000000000000e+03,2.669565878850025942e-01,0.000000000000000000e+00,2.775557561562891351e-15,-3.095706860750972386e-11,0.000000000000000000e+00,-3.095706860750972386e-11,-3.095706933087586082e-11,1.525321278948281806e-09,2.669565878850026497e-01,2.766810063355817896e-06,-5.000000000000000000e+00,6.597222222222306476e-01
3.000000000000000000e+00,3.130000000000000000e+03,2.669565878850025387e-01,0.000000000000000000e+00,2.720046410331633524e-15,-3.667748061915530183e-11,0.000000000000000000e+00,-3.667748061915530183e-11,-3.667748127984100069e-11,1.356234902421489652e-09,2.669565878850024276e-01,2.766810063355818319e-06,-5.000000000000000000e+00,6.527777777777858947e-01
3.000000000000000000e+00,3.135000000000000000e+03,2.669565878850024832e-01,0.000000000000000000e+00,2.664535259100375697e-15,-1.331069807055784010e-11,0.000000000000000000e+00,-1.331069807055784010e-11,-1.331069897518902777e-11,1.231264451783914581e-09,2.669565878850025387e-01,2.766810063355817472e-06,-5.000000000000000000e+00,6.458333333333413639e-01
3.000000000000000000e+00,3.140000000000000000e+03,2.669565878850025942e-01,0.000000000000000000e+00,2.775557561562891351e-15,-3.184663723189299148e-11,0.000000000000000000e+00,-3.184663723189299148e-11,-3.184663844484417194e-11,1.118371108233831582e-09,2.669565878850023721e-01,2.766810063355817472e-06,-5.000000000000000000e+00,6.388888888888968332e-01
3.000000000000000000e+00,3.145000000000000000e+03,2.669565878850026497e-01,0.000000000000000000e+00,2.831068712794149178e-15,1.330846098200524213e-11,0.000000000000000000e+00,1.330846098200524213e-11,1.330846035520086117e-11,1.072025663009723305e-09,2.669565878850025942e-01,2.766810063355820013e-06,-5.000000000000000000e+00,6.319444444444521913e-01
3.000000000000000000e+00,3.150000000000000000e+03,2.669565878850026497e-01,0.000000000000000000e+00,2.831068712794149178e-15,3.098801922528371389e-12,0.000000000000000000e+00,3.098801922528371389e-12,3.098800928111691312e-12,1.113043816218004686e-09,2.669565878850025942e-01,2.766810063355820437e-06,-5.000000000000000000e+00,6.250000000000076605e-01
3.000000000000000000e+00,3.155000000000000000e+03,2.669565878850024276e-01,0.000000000000000000e+00,2.609024107869117870e-15,2.163663188501849244e-11,0.000000000000000000e+00,2.163663188501849244e-11,2.163663122263872769e-11,1.174882396594880734e-09,2.669565878850027607e-01,2.766810063355817896e-06,-5.000000000000000000e+00,6.180555555555630187e-01
3.000000000000000000e+00,3.160000000000000000e+03,2.669565878850025387e-01,0.000000000000000000e+00,2.720046410331633524e-15,3.523378108233809688e-11,0.000000000000000000e+00,3.523378108233809688e-11,3.523378000660625387e-11,1.317058424667993188e-09,2.669565878850024276e-01,2.766810063355817472e-06,-5.000000000000000000e+00,6.111111111111183769e-01
3.000000000000000000e+00,3.165000000000000000e+03,2.669565878850025942e-01,0.000000000000000000e+00,2.775557561562891351e-15,1.504800726707207145e-11,0.000000000000000000e+00,1.504800726707207145e-11,1.504800607106154993e-11,1.442762889862162697e-09,2.669565878850023166e-01,2.766810063355820013e-06,-5.000000000000000000e+00,6.041666666666738461e-01
3.000000000000000000e+00,3.170000000000000000e+03,2.669565878850024276e-01,0.000000000000000000e+00,2.609024107869117870e-15,1.855382392320324703e-11,0.000000000000000000e+00,1.855382392320324703e-11,1.855382293048063284e-11,1.526767462366018154e-09,2.669565878850025387e-01,2.766810063355820437e-06,-5.000000000000000000e+00,5.972222222222293153e-01
3.000000000000000000e+00,3.175000000000000000e+03,2.669565878850025942e-01,0.000000000000000000e+00,2.775557561562891351e-15,3.999474686708966858e-11,0.000000000000000000e+00,3.999474686708966858e-11,3.999474569649013548e-11,1.673138883933445075e-09,2.669565878850025942e-01,2.766810063355818319e-06,-5.000000000000000000e+00,5.902777777777846735e-01
3.000000000000000000e+00,3.180000000000000000e+03,2.669565878850025942e-01,0.000000000000000000e+00,2.775557561562891351e-15,-4.885086008399232987e-12,0.000000000000000000e+00,-4.885086008399232987e-12,-4.885086836797455402e-12,1.760913031082676775e-09,2.669565878850028162e-01,2.766810063355821284e-06,-5.000000000000000000e+00,5.833333333333400317e-01
3.000000000000000000e+00,3.185000000000000000e+03,2.669565878850027052e-01,0.000000000000000000e+00,2.886579864025407005e-15,1.057743729572773600e-12,0.000000000000000000e+00,1.057743729572773600e-12,1.057742785978070359e-12,1.751344670955628312e-09,2.669565878850028717e-01,2.766810063355819590e-06,-5.000000000000000000e+00,5.763888888888953899e-01
3.000000000000000000e+00,3.190000000000000000e+03,2.669565878850024276e-01,0.000000000000000000e+00,2.609024107869117870e-15,-3.767014335827236632e-11,0.000000000000000000e+00,-3.767014335827236632e-11,-3.767014432050179440e-11,1.659813667119319002e-09,2.669565878850024832e-01,2.766810063355820437e-06,-5.000000000000000000e+00,5.694444444444508591e-01
3.000000000000000000e+00,3.195000000000000000e+03,2.669565878850025387e-01,0.000000000000000000e+00,2.720046410331633524e-15,1.193167954168612363e-11,0.000000000000000000e+00,1.193167954168612363e-11,1.193167847442461009e-11,1.595467502504126042e-09,2.669565878850025942e-01,2.766810063355819166e-06,-5.000000000000000000e+00,5.625000000000063283e-01
3.000000000000000000e+00,3.200000000000000000e+03,2.669565878850025387e-01,0.000000000000000000e+00,2.720046410331633524e-15,1.937670650423465799e-11,0.000000000000000000e+00,1.937670650423465799e-11,1.937670563687292000e-11,1.673738462782369867e-09,2.669565878850028162e-01,2.766810063355818743e-06,-5.000000000000000000e+00,5.555555555555616865e-01
3.000000000000000000e+00,3.205000000000000000e+03,2.669565878850025942e-01,0.000000000000000000e+00,2.775557561562891351e-15,-2.932724958606795773e-12,0.000000000000000000e+00,-2.932724958606795773e-12,-2.932725986904793740e-12,1.714848411907290182e-09,2.669565878850027052e-01,2.766810063355819590e-06,-5.000000000000000000e+00,5.486111111111170446e-01
3.000000000000000000e+00,3.210000000000000000e+03,2.669565878850024276e-01,0.000000000000000000e+00,2.609024107869117870e-15,3.278611357285330513e-12,0.000000000000000000e+00,3.278611357285330513e-12,3.278610340845793808e-12,1.715713122792142683e-09,2.669565878850025387e-01,2.766810063355818743e-06,-5.000000000000000000e+00,5.416666666666725138e-01
3.000000000000000000e+00,3.215000000000000000e+03,2.669565878850027607e-01,0.000000000000000000e+00,2.942091015256664832e-15,4.887959720138723707e-12,0.000000000000000000e+00,4.887959720138723707e-12,4.887958669817869112e-12,1.736129545318801840e-09,2.669565878850028717e-01,2.766810063355819166e-06,-5.000000000000000000e+00,5.347222222222278720e-01
3.000000000000000000e+00,3.220000000000000000e+03,2.669565878850027052e-01,0.000000000000000000e+00,2.886579864025407005e-15,-9.263238844058920007e-13,0.000000000000000000e+00,-9.263238844058920007e-13,-9.263252193298168735e-13,1.746033628945021970e-09,2.669565878850025942e-01,2.766810063355819166e-06,-5.000000000000000000e+00,5.277777777777833412e-01
3.000000000000000000e+00,3.225000000000000000e+03,2.669565878850026497e-01,0.000000000000000000e+00,2.831068712794149178e-15,1.276825006672494683e-12,0.000000000000000000e+00,1.276825006672494683e-12,1.276823851319554629e-12,1.746909875524996315e-09,2.669565878850027607e-01,2.766810063355820860e-06,-5.000000000000000000e+00,5.208333333333388104e-01
3.000000000000000000e+00,3.230000000000000000e+03,2.669565878850028162e-01,0.000000000000000000e+00,2.997602166487922659e-15,-2.549339557544102325e-12,0.000000000000000000e+00,-2.549339557544102325e-12,-2.549340560431111874e-12,1.743728583752217422e-09,2.669565878850024832e-01,2.766810063355820013e-06,-5.000000000000000000e+00,5.138888888888940576e-01
3.000000000000000000e+00,3.235000000000000000e+03,2.669565878850027607e-01,0.000000000000000000e+00,2.942091015256664832e-15,-3.333644294043359296e-12,0.000000000000000000e+00,-3.333644294043359296e-12,-3.333645174957624441e-12,1.729021119413745581e-09,2.669565878850023721e-01,2.766810063355819166e-06,-5.000000000000000000e+00,5.069444444444495268e-01
3.000000000000000000e+00,3.240000000000000000e+03,2.669565878850025387e-01,0.000000000000000000e+00,2.720046410331633524e-15,7.773034542142131381e-12,0.000000000000000000e+00,7.773034542142131381e-12,7.773033447775563529e-12,1.740119590095790429e-09,2.669565878850024276e-01,2.766810063355821708e-06,-5.000000000000000000e+00,5.000000000000049960e-01
3.000000000000000000e+00,3.245000000000000000e+03,2.669565878850026497e-01,0.000000000000000000e+00,2.831068712794149178e-15,-8.515038988580331258e-13,0.000000000000000000e+00,-8.515038988580331258e-13,-8.515046781283445998e-13,1.757423412019908476e-09,2.669565878850028717e-01,2.766810063355819166e-06,-5.000000000000000000e+00,4.930555555555604652e-01
3.000000000000000000e+00,3.250000000000000000e+03,2.669565878850026497e-01,0.000000000000000000e+00,2.831068712794149178e-15,-7.083237967518696276e-12,0.000000000000000000e+00,-7.083237967518696276e-12,-7.083239149976690643e-12,1.737586552449645888e-09,2.669565878850028717e-01,2.766810063355819166e-06,-5.000000000000000000e+00,4.861111111111159344e-01
3.000000000000000000e+00,3.255000000000000000e+03,2.669565878850025942e-01,0.000000000000000000e+00,2.775557561562891351e-15,3.451638382393189958e-12,0.000000000000000000e+00,3.451638382393189958e-12,3.451637089820912448e-12,1.728507547299256442e-09,2.669565878850027607e-01,2.766810063355820860e-06,-5.000000000000000000e+00,4.791666666666714036e-01
3.000000000000000000e+00,3.260000000000000000e+03,2.669565878850027052e-01,0.000000000000000000e+00,2.886579864025407005e-15,-5.197568673468312000e-12,0.000000000000000000e+00,-5.197568673468312000e-12,-5.197569645862135448e-12,1.724142715909153385e-09,2.669565878850027607e-01,2.766810063355819166e-06,-5.000000000000000000e+00,4.722222222222269283e-01
3.000000000000000000e+00,3.265000000000000000e+03,2.669565878850026497e-01,0.000000000000000000e+00,2.831068712794149178e-15,2.684239847538724688e-12,0.000000000000000000e+00,2.684239847538724688e-12,2.684239103843796999e-12,1.717859389554107539e-09,2.669565878850027607e-01,2.766810063355820860e-06,-5.000000000000000000e+00,4.652777777777823975e-01
3.000000000000000000e+00,3.270000000000000000e+03,2.669565878850026497e-01,0.000000000000000000e+00,2.831068712794149178e-15,-6.990625648337946141e-12,0.000000000000000000e+00,-6.990625648337946141e-12,-6.990626830795940508e-12,1.707093420236727180e-09,2.669565878850024832e-01,2.766810063355819166e-06,-5.000000000000000000e+00,4.583333333333378667e-01
3.000000000000000000e+00,3.275000000000000000e+03,2.669565878850027052e-01,0.000000000000000000e+00,2.886579864025407005e-15,3.864531334914558802e-12,0.000000000000000000e+00,3.864531334914558802e-12,3.864530531927324805e-12,1.699278179489555641e-09,2.669565878850025387e-01,2.766810063355820013e-06,-5.000000000000000000e+00,4.513888888888933915e-01
3.000000000000000000e+00,3.280000000000000000e+03,2.669565878850027607e-01,0.000000000000000000e+00,2.942091015256664832e-15,-2.324947248339825218e-12,0.000000000000000000e+00,-2.324947248339825218e-12,-2.324948112313431417e-12,1.703127135538590374e-09,2.669565878850027607e-01,2.766810063355819590e-06,-5.000000000000000000e+00,4.444444444444489162e-01
3.000000000000000000e+00,3.285000000000000000e+03,2.669565878850027607e-01,0.000000000000000000e+00,2.942091015256664832e-15,1.616116528796451846e-12,0.000000000000000000e+00,1.616116528796451846e-12,1.616115525909442296e-12,1.701355054072580401e-09,2.669565878850029272e-01,2.766810063355821708e-06,-5.000000000000000000e+00,4.375000000000044964e-01
3.000000000000000000e+00,3.290000000000000000e+03,2.669565878850026497e-01,0.000000000000000000e+00,2.831068712794149178e-15,-1.115809254346143697e-12,0.000000000000000000e+00,-1.115809254346143697e-12,-1.115810435110072170e-12,1.702605816799578827e-09,2.669565878850029272e-01,2.766810063355818743e-06,-5.000000000000000000e+00,4.305555555555600211e-01
3.000000000000000000e+00,3.295000000000000000e+03,2.669565878850026497e-01,0.000000000000000000e+00,2.831068712794149178e-15,1.898758697472212320e-12,0.000000000000000000e+00,1.898758697472212320e-12,1.898757498073559008e-12,1.704563184456987544e-09,2.669565878850025942e-01,2.766810063355820013e-06,-5.000000000000000000e+00,4.236111111111156013e-01
3.000000000000000000e+00,3.300000000000000000e+03,2.669565878850028162e-01,0.000000000000000000e+00,2.997602166487922659e-15,-9.428527769183951690e-13,0.000000000000000000e+00,-9.428527769183951690e-13,-9.428542507557233915e-13,1.706952942575282133e-09,2.669565878850028162e-01,2.766810063355819166e-06,-5.000000000000000000e+00,4.166666666666711261e-01
3.000000000000000000e+00,3.305000000000000000e+03,2.669565878850027607e-01,0.000000000000000000e+00,2.942091015256664832e-15,1.598669649080768779e-12,0.000000000000000000e+00,1.598669649080768779e-12,1.598668483563433357e-12,1.708592478157301408e-09,2.669565878850027607e-01,2.766810063355821284e-06,-5.000000000000000000e+00,4.097222222222267063e-01
3.000000000000000000e+00,3.310000000000000000e+03,2.669565878850027052e-01,0.000000000000000000e+00,2.886579864025407005e-15,5.784778770367635103e-12,0.000000000000000000e+00,5.784778770367635103e-12,5.784777476101291699e-12,1.727051093056463220e-09,2.669565878850027052e-01,2.766810063355821284e-06,-5.000000000000000000e+00,4.027777777777822310e-01
3.000000000000000000e+00,3.315000000000000000e+03,2.669565878850027052e-01,0.000000000000000000e+00,2.886579864025407005e-15,-2.290740710455489021e-12,0.000000000000000000e+00,-2.290740710455489021e-12,-2.290742109753917885e-12,1.735786181472331655e-09,2.669565878850024832e-01,2.766810063355820860e-06,-5.000000000000000000e+00,3.958333333333378112e-01
3.000000000000000000e+00,3.320000000000000000e+03,2.669565878850025942e-01,0.000000000000000000e+00,2.775557561562891351e-15,-2.922284532142892938e-12,0.000000000000000000e+00,-2.922284532142892938e-12,-2.922285380869906087e-12,1.722753612745772095e-09,2.669565878850029828e-01,2.766810063355822131e-06,-5.000000000000000000e+00,3.888888888888933359e-01
3.000000000000000000e+00,3.325000000000000000e+03,2.669565878850027607e-01,0.000000000000000000e+00,2.942091015256664832e-15,2.849464980918432755e-13,0.000000000000000000e+00,2.849464980918432755e-13,2.849452969991240689e-13,1.716160262536095140e-09,2.669565878850027607e-01,2.766810063355820013e-06,-5.000000000000000000e+00,3.819444444444489162e-01
3.000000000000000000e+00,3.330000000000000000e+03,2.669565878850027607e-01,0.000000000000000000e+00,2.942091015256664832e-15,-1.770339090438350499e-12,0.000000000000000000e+00,-1.770339090438350499e-12,-1.770340376234364431e-12,1.712446774838007039e-09,2.669565878850028717e-01,2.766810063355820860e-06,-5.000000000000000000e+00,3.750000000000044409e-01
3.000000000000000000e+00,3.335000000000000000e+03,2.669565878850027607e-01,0.000000000000000000e+00,2.942091015256664832e-15,1.663769064197146569e-12,0.000000000000000000e+00,1.663769064197146569e-12,1.663768274762439728e-12,1.712180344584327227e-09,2.669565878850027607e-01,2.766810063355821708e-06,-5.000000000000000000e+00,3.680555555555600211e-01
3.000000000000000000e+00,3.340000000000000000e+03,2.669565878850026497e-01,0.000000000000000000e+00,2.831068712794149178e-15,-1.396178589678932075e-12,0.000000000000000000e+00,-1.396178589678932075e-12,-1.396180298991419634e-12,1.712849314523754778e-09,2.669565878850024276e-01,2.766810063355820860e-06,-5.000000000000000000e+00,3.611111111111155458e-01
3.000000000000000000e+00,3.345000000000000000e+03,2.669565878850028717e-01,0.000000000000000000e+00,3.053113317719180486e-15,-7.389212858125229766e-12,0.000000000000000000e+00,-7.389212858125229766e-12,-7.389213835601250897e-12,1.690885829187273101e-09,2.669565878850029272e-01,2.766810063355820860e-06,-5.000000000000000000e+00,3.541666666666711261e-01
3.000000000000000000e+00,3.350000000000000000e+03,2.669565878850025387e-01,0.000000000000000000e+00,2.720046410331633524e-15,6.910185572080000671e-12,0.000000000000000000e+00,6.910185572080000671e-12,6.910184374375413253e-12,1.689688255534208507e-09,2.669565878850031493e-01,2.766810063355822131e-06,-5.000000000000000000e+00,3.472222222222266508e-01
3.000000000000000000e+00,3.355000000000000000e+03,2.669565878850028162e-01,0.000000000000000000e+00,2.997602166487922659e-15,-3.000915942336698089e-12,0.000000000000000000e+00,-3.000915942336698089e-12,-3.000917129876890140e-12,1.699461423645454815e-09,2.669565878850028162e-01,2.766810063355820860e-06,-5.000000000000000000e+00,3.402777777777822310e-01
3.000000000000000000e+00,3.360000000000000000e+03,2.669565878850027052e-01,0.000000000000000000e+00,2.886579864025407005e-15,-1.327024364147170316e-11,0.000000000000000000e+00,-1.327024364147170316e-11,-1.327024482054156573e-11,1.658783518769408675e-09,2.669565878850029272e-01,2.766810063355820437e-06,-5.000000000000000000e+00,3.333333333333377557e-01
3.000000000000000000e+00,3.365000000000000000e+03,2.669565878850027607e-01,0.000000000000000000e+00,2.942091015256664832e-15,7.288101572982055854e-12,0.000000000000000000e+00,7.288101572982055854e-12,7.288100681903395342e-12,1.643828158422813249e-09,2.669565878850029272e-01,2.766810063355820437e-06,-5.000000000000000000e+00,3.263888888888933359e-01
3.000000000000000000e+00,3.370000000000000000e+03,2.669565878850027607e-01,0.000000000000000000e+00,2.942091015256664832e-15,-3.030194950753677119e-12,0.000000000000000000e+00,-3.030194950753677119e-12,-3.030195660567286918e-12,1.654472920976153520e-09,2.669565878850028717e-01,2.766810063355821284e-06,-5.000000000000000000e+00,3.194444444444488607e-01
3.000000000000000000e+00,3.375000000000000000e+03,2.669565878850028162e-01,0.000000000000000000e+00,2.997602166487922659e-15,-2.287720116426680828e-13,0.000000000000000000e+00,-2.287720116426680828e-13,-2.287734143292287359e-13,1.646325498288912231e-09,2.669565878850028162e-01,2.766810063355822978e-06,-5.000000000000000000e+00,3.125000000000044409e-01
3.000000000000000000e+00,3.380000000000000000e+03,2.669565878850028717e-01,0.000000000000000000e+00,3.053113317719180486e-15,-3.897788375970077240e-12,0.000000000000000000e+00,-3.897788375970077240e-12,-3.897789727834661058e-12,1.636009090433502507e-09,2.669565878850027052e-01,2.766810063355823402e-06,-5.000000000000000000e+00,3.055555555555599656e-01
3.000000000000000000e+00,3.385000000000000000e+03,2.669565878850029272e-01,0.000000000000000000e+00,3.108624468950438313e-15,-2.652072653283252257e-12,0.000000000000000000e+00,-2.652072653283252257e-12,-2.652074174554425526e-12,1.619634430677529790e-09,2.669565878850023721e-01,2.766810063355823402e-06,-5.000000000000000000e+00,2.986111111111155458e-01
3.000000000000000000e+00,3.390000000000000000e+03,2.669565878850028162e-01,0.000000000000000000e+00,2.997602166487922659e-15,5.664434192694228071e-12,0.000000000000000000e+00,5.664434192694228071e-12,5.664433033953156227e-12,1.627165327826026617e-09,2.669565878850029272e-01,2.766810063355822555e-06,-5.000000000000000000e+00,2.916666666666711261e-01
3.000000000000000000e+00,3.395000000000000000e+03,2.669565878850028717e-01,0.000000000000000000e+00,3.053113317719180486e-15,-1.357684181280214425e-12,0.000000000000000000e+00,-1.357684181280214425e-12,-1.357685621236224757e-12,1.637932196357818946e-09,2.669565878850029272e-01,2.766810063355821284e-06,-5.000000000000000000e+00,2.847222222222266508e-01
3.000000000000000000e+00,3.400000000000000000e+03,2.669565878850029272e-01,0.000000000000000000e+00,3.108624468950438313e-15,-3.236884630502308985e-12,0.000000000000000000e+00,-3.236884630502308985e-12,-3.236885496169981079e-12,1.626445768564303431e-09,2.669565878850028162e-01,2.766810063355824672e-06,-5.000000000000000000e+00,2.777777777777822310e-01
3.000000000000000000e+00,3.405000000000000000e+03,2.669565878850027607e-01,0.000000000000000000e+00,2.942091015256664832e-15,-3.088036411595575931e-12,0.000000000000000000e+00,-3.088036411595575931e-12,-3.088037880350706470e-12,1.610633460123001712e-09,2.669565878850028717e-01,2.766810063355820860e-06,-5.000000000000000000e+00,2.708333333333377557e-01
3.000000000000000000e+00,3.410000000000000000e+03,2.669565878850028717e-01,0.000000000000000000e+00,3.053113317719180486e-15,3.390619429915597144e-12,0.000000000000000000e+00,3.390619429915597144e-12,3.390618262704195827e-12,1.611389911078885436e-09,2.669565878850026497e-01,2.766810063355822555e-06,-5.000000000000000000e+00,2.638888888888933359e-01
3.000000000000000000e+00,3.415000000000000000e+03,2.669565878850027607e-01,0.000000000000000000e+00,2.942091015256664832e-15,-2.037864628022696689e-12,0.000000000000000000e+00,-2.037864628022696689e-12,-2.037865824033218212e-12,1.614771792175562880e-09,2.669565878850029272e-01,2.766810063355820860e-06,-5.000000000000000000e+00,2.569444444444488607e-01
3.000000000000000000e+00,3.420000000000000000e+03,2.669565878850028717e-01,0.000000000000000000e+00,3.053113317719180486e-15,3.214070814507551110e-12,0.000000000000000000e+00,3.214070814507551110e-12,3.214069715058785574e-12,1.617712301903126798e-09,2.669565878850030938e-01,2.766810063355822131e-06,-5.000000000000000000e+00,2.500000000000044409e-01
3.000000000000000000e+00,3.425000000000000000e+03,2.669565878850029272e-01,0.000000000000000000e+00,3.108624468950438313e-15,-1.926451443571945699e-12,0.000000000000000000e+00,-1.926451443571945699e-12,-1.926452205901598227e-12,1.620931345676019766e-09,2.669565878850028162e-01,2.766810063355822555e-06,-5.000000000000000000e+00,2.430555555555599656e-01
3.000000000000000000e+00,3.430000000000000000e+03,2.669565878850027607e-01,0.000000000000000000e+00,2.942091015256664832e-15,2.106660000253651049e-12,0.000000000000000000e+00,2.106660000253651049e-12,2.106658517945993354e-12,1.621381861456130754e-09,2.669565878850027607e-01,2.766810063355822555e-06,-5.000000000000000000e+00,2.361111111111155181e-01
3.000000000000000000e+00,3.435000000000000000e+03,2.669565878850028162e-01,0.000000000000000000e+00,2.997602166487922659e-15,-1.719588779366693770e-12,0.000000000000000000e+00,-1.719588779366693770e-12,-1.719590168500727267e-12,1.622349532329743919e-09,2.669565878850029828e-01,2.766810063355822978e-06,-5.000000000000000000e+00,2.291666666666710706e-01
3.000000000000000000e+00,3.440000000000000000e+03,2.669565878850027607e-01,0.000000000000000000e+00,2.942091015256664832e-15,1.064338877177894299e-12,0.000000000000000000e+00,1.064338877177894299e-12,1.064337955606047686e-12,1.620711401797507220e-09,2.669565878850027607e-01,2.766810063355822978e-06,-5.000000000000000000e+00,2.222222222222266230e-01
3.000000000000000000e+00,3.445000000000000000e+03,2.669565878850028717e-01,0.000000000000000000e+00,3.053113317719180486e-15,-1.217398604884747937e-12,0.000000000000000000e+00,-1.217398604884747937e-12,-1.217399888986695974e-12,1.620328746964055600e-09,2.669565878850027607e-01,2.766810063355821284e-06,-5.000000000000000000e+00,2.152777777777821755e-01
3.000000000000000000e+00,3.450000000000000000e+03,2.669565878850028717e-01,0.000000000000000000e+00,3.053113317719180486e-15,9.119462997253524605e-14,0.000000000000000000e+00,9.119462997253524605e-14,9.119376091673136314e-14,1.617513231643880688e-09,2.669565878850028717e-01,2.766810063355823402e-06,-5.000000000000000000e+00,2.083333333333377557e-01
3.000000000000000000e+00,3.455000000000000000e+03,2.669565878850028162e-01,0.000000000000000000e+00,2.997602166487922659e-15,-2.974798142194035044e-13,0.000000000000000000e+00,-2.974798142194035044e-13,-2.974809068919054625e-13,1.616997513778942753e-09,2.669565878850027052e-01,2.766810063355823402e-06,-5.000000000000000000e+00,2.013888888888933082e-01
3.000000000000000000e+00,3.460000000000000000e+03,2.669565878850029272e-01,0.000000000000000000e+00,3.108624468950438313e-15,-7.810574425724456371e-13,0.000000000000000000e+00,-7.810574425724456371e-13,-7.810589858664755344e-13,1.614301164047046800e-09,2.669565878850029272e-01,2.766810063355823825e-06,-5.000000000000000000e+00,1.944444444444488607e-01
3.000000000000000000e+00,3.465000000000000000e+03,2.669565878850029272e-01,0.000000000000000000e+00,3.108624468950438313e-15,1.002490828522738242e-12,0.000000000000000000e+00,1.002490828522738242e-12,1.002489551197053783e-12,1.614854740460373246e-09,2.669565878850029828e-01,2.766810063355824249e-06,-5.000000000000000000e+00,1.875000000000044131e-01
3.000000000000000000e+00,3.470000000000000000e+03,2.669565878850029828e-01,0.000000000000000000e+00,3.164135620181696140e-15,7.457586794195475433e-13,0.000000000000000000e+00,7.457586794195475433e-13,7.457574901852895982e-13,1.619225358063829105e-09,2.669565878850029272e-01,2.766810063355822131e-06,-5.000000000000000000e+00,1.805555555555599656e-01
3.000000000000000000e+00,3.475000000000000000e+03,2.669565878850029272e-01,0.000000000000000000e+00,3.108624468950438313e-15,1.378167762203230673e-12,0.000000000000000000e+00,1.378167762203230673e-12,1.378166259566782244e-12,1.624535167438209284e-09,2.669565878850025942e-01,2.766810063355822131e-06,-5.000000000000000000e+00,1.736111111111155181e-01
3.000000000000000000e+00,3.480000000000000000e+03,2.669565878850029828e-01,0.000000000000000000e+00,3.164135620181696140e-15,7.287861042730089944e-13,0.000000000000000000e+00,7.287861042730089944e-13,7.287843932664555407e-13,1.629802544070292379e-09,2.669565878850028717e-01,2.766810063355822555e-06,-5.000000000000000000e+00,1.666666666666710706e-01
3.000000000000000000e+00,3.485000000000000000e+03,2.669565878850029828e-01,0.000000000000000000e+00,3.164135620181696140e-15,-2.651819912204318730e-12,0.000000000000000000e+00,-2.651819912204318730e-12,-2.651821401288240003e-12,1.624994951550237917e-09,2.669565878850028162e-01,2.766810063355821708e-06,-5.000000000000000000e+00,1.597222222222264287e-01
3.000000000000000000e+00,3.490000000000000000e+03,2.669565878850028162e-01,0.000000000000000000e+00,2.997602166487922659e-15,9.536596637165981050e-13,0.000000000000000000e+00,9.536596637165981050e-13,9.536583237104755487e-13,1.620749543856293506e-09,2.669565878850032603e-01,2.766810063355821708e-06,-5.000000000000000000e+00,1.527777777777815926e-01
3.000000000000000000e+00,3.495000000000000000e+03,2.669565878850028162e-01,0.000000000000000000e+00,2.997602166487922659e-15,-3.500945301888880312e-12,0.000000000000000000e+00,-3.500945301888880312e-12,-3.500946447077425000e-12,1.614381323547876133e-09,2.669565878850027052e-01,2.766810063355822555e-06,-5.000000000000000000e+00,1.458333333333369786e-01
3.000000000000000000e+00,3.500000000000000000e+03,2.669565878850028717e-01,0.000000000000000000e+00,3.053113317719180486e-15,2.221755636725667588e-12,0.000000000000000000e+00,2.221755636725667588e-12,2.221754749035138865e-12,1.611183344302770417e-09,2.669565878850029272e-01,2.766810063355825096e-06,-5.000000000000000000e+00,1.388888888888921425e-01
3.000000000000000000e+00,3.505000000000000000e+03,2.669565878850029828e-01,0.000000000000000000e+00,3.164135620181696140e-15,-1.330198111219611096e-12,0.000000000000000000e+00,-1.330198111219611096e-12,-1.330198958252558350e-12,1.613412233779726869e-09,2.669565878850030383e-01,2.766810063355823402e-06,-5.000000000000000000e+00,1.319444444444473064e-01
3.000000000000000000e+00,3.510000000000000000e+03,2.669565878850028717e-01,0.000000000000000000e+00,3.053113317719180486e-15,5.836838919636398726e-13,0.000000000000000000e+00,5.836838919636398726e-13,5.836829212638823192e-13,1.611545943687255179e-09,2.669565878850028717e-01,2.766810063355821708e-06,-5.000000000000000000e+00,1.250000000000026923e-01
3.000000000000000000e+00,3.515000000000000000e+03,2.669565878850029828e-01,0.000000000000000000e+00,3.164135620181696140e-15,-9.074548905818775879e-13,0.000000000000000000e+00,-9.074548905818775879e-13,-9.074563779717329665e-13,1.610736510045485552e-09,2.669565878850029828e-01,2.766810063355822555e-06,-5.000000000000000000e+00,1.180555555555578978e-01
3.000000000000000000e+00,3.520000000000000000e+03,2.669565878850029828e-01,0.000000000000000000e+00,3.164135620181696140e-15,-1.988911334618089638e-12,0.000000000000000000e+00,-1.988911334618089638e-12,-1.988912257884002145e-12,1.603495588455846214e-09,2.669565878850025942e-01,2.766810063355824249e-06,-5.000000000000000000e+00,1.111111111111131033e-01
3.000000000000000000e+00,3.525000000000000000e+03,2.669565878850030383e-01,0.000000000000000000e+00,3.219646771412953967e-15,-5.193099436259264456e-13,0.000000000000000000e+00,-5.193099436259264456e-13,-5.193112107872155381e-13,1.597225029784168170e-09,2.669565878850032048e-01,2.766810063355822978e-06,-5.000000000000000000e+00,1.041666666666684754e-01
3.000000000000000000e+00,3.530000000000000000e+03,2.669565878850029272e-01,0.000000000000000000e+00,3.108624468950438313e-15,2.716547418870479680e-13,0.000000000000000000e+00,2.716547418870479680e-13,2.716531121956574507e-13,1.596605884537689275e-09,2.669565878850030938e-01,2.766810063355824249e-06,-5.000000000000000000e+00,9.722222222222368093e-02
3.000000000000000000e+00,3.535000000000000000e+03,2.669565878850029828e-01,0.000000000000000000e+00,3.164135620181696140e-15,-9.045421340116502340e-13,0.000000000000000000e+00,-9.045421340116502340e-13,-9.045434147254664825e-13,1.595023658781364752e-09,2.669565878850029828e-01,2.766810063355823825e-06,-5.000000000000000000e+00,9.027777777777888646e-02
3.000000000000000000e+00,3.540000000000000000e+03,2.669565878850029828e-01,0.000000000000000000e+00,3.164135620181696140e-15,-5.118136308919583183e-12,0.000000000000000000e+00,-5.118136308919583183e-12,-5.118137801391636245e-12,1.579966955741071995e-09,2.669565878850030383e-01,2.766810063355822978e-06,-5.000000000000000000e+00,8.333333333333409199e-02
3.000000000000000000e+00,3.545000000000000000e+03,2.669565878850029828e-01,0.000000000000000000e+00,3.164135620181696140e-15,1.146464040781107474e-12,0.000000000000000000e+00,1.146464040781107474e-12,1.146462312833895075e-12,1.570037767019677642e-09,2.669565878850028162e-01,2.766810063355823402e-06,-5.000000000000000000e+00,7.638888888888946405e-02
3.000000000000000000e+00,3.550000000000000000e+03,2.669565878850030938e-01,0.000000000000000000e+00,3.275157922644211794e-15,-2.753382374529045329e-13,0.000000000000000000e+00,-2.753382374529045329e-13,-2.753393419838677525e-13,1.572215574446802711e-09,2.669565878850029272e-01,2.766810063355824672e-06,-5.000000000000000000e+00,6.944444444444466957e-02
3.000000000000000000e+00,3.555000000000000000e+03,2.669565878850030938e-01,0.000000000000000000e+00,3.275157922644211794e-15,3.626520741692451644e-13,0.000000000000000000e+00,3.626520741692451644e-13,3.626510526475107757e-13,1.572433853723461818e-09,2.669565878850032048e-01,2.766810063355825096e-06,-5.000000000000000000e+00,6.249999999999986122e-02
3.000000000000000000e+00,3.560000000000000000e+03,2.669565878850029272e-01,0.000000000000000000e+00,3.108624468950438313e-15,-5.012204159474033943e-12,0.000000000000000000e+00,-5.012204159474033943e-12,-5.012205284333787897e-12,1.560809968144246125e-09,2.669565878850028717e-01,2.766810063355825096e-06,-5.000000000000000000e+00,5.555555555555523328e-02
3.000000000000000000e+00,3.565000000000000000e+03,2.669565878850030383e-01,0.000000000000000000e+00,3.219646771412953967e-15,3.865036207208703833e-12,0.000000000000000000e+00,3.865036207208703833e-12,3.865034833321263387e-12,1.557942042016714814e-09,2.669565878850029828e-01,2.766810063355824249e-06,-5.000000000000000000e+00,4.861111111111042493e-02
3.000000000000000000e+00,3.570000000000000000e+03,2.669565878850031493e-01,0.000000000000000000e+00,3.330669073875469621e-15,-1.333569234587047431e-12,0.000000000000000000e+00,-1.333569234587047431e-12,-1.333570630497344506e-12,1.564270702523774611e-09,2.669565878850030383e-01,2.766810063355823402e-06,-5.000000000000000000e+00,4.166666666666560964e-02
3.000000000000000000e+00,3.575000000000000000e+03,2.669565878850029828e-01,0.000000000000000000e+00,3.164135620181696140e-15,-2.130420473822787486e-12,0.000000000000000000e+00,-2.130420473822787486e-12,-2.130421873121216350e-12,1.555610721264728209e-09,2.669565878850033158e-01,2.766810063355824672e-06,-5.000000000000000000e+00,3.472222222222098170e-02
3.000000000000000000e+00,3.580000000000000000e+03,2.669565878850031493e-01,0.000000000000000000e+00,3.330669073875469621e-15,6.609367458713932830e-13,0.000000000000000000e+00,6.609367458713932830e-13,6.609348756226457455e-13,1.551937003770981783e-09,2.669565878850030938e-01,2.766810063355824249e-06,-5.000000000000000000e+00,2.777777777777616988e-02
3.000000000000000000e+00,3.585000000000000000e+03,2.669565878850031493e-01,0.000000000000000000e+00,3.330669073875469621e-15,2.003025383631815842e-12,0.000000000000000000e+00,2.003025383631815842e-12,2.003024434954914917e-12,1.558596902047425684e-09,2.669565878850031493e-01,2.766810063355824672e-06,-5.000000000000000000e+00,2.083333333333135806e-02
3.000000000000000000e+00,3.590000000000000000e+03,2.669565878850032048e-01,0.000000000000000000e+00,3.386180225106727448e-15,5.777678614943097812e-13,0.000000000000000000e+00,5.777678614943097812e-13,5.777661166064384374e-13,1.565048878426329068e-09,2.669565878850032048e-01,2.766810063355823402e-06,-5.000000000000000000e+00,1.388888888888673012e-02
3.000000000000000000e+00,3.595000000000000000e+03,2.669565878850031493e-01,0.000000000000000000e+00,3.330669073875469621e-15,-6.336524736177701761e-12,0.000000000000000000e+00,-6.336524736177701761e-12,-6.336525710265591103e-12,1.550651979442181186e-09,2.669565878850032048e-01,2.766810063355823825e-06,-5.000000000000000000e+00,6.944444444441920036e-03
3.000000000000000000e+00,3.600000000000000000e+03,2.669565878850030383e-01,0.000000000000000000e+00,3.219646771412953967e-15,1.246832498358330099e-18,0.000000000000000000e+00,1.246832498358330099e-18,-1.727947212398772692e-19,1.534810664734530405e-09,2.669565878850028717e-01,2.766810063355825096e-06,-5.000000000000000000e+00,-2.706385462958316168e-15
4.000000000000000000e+00,3.600000000000000455e+03,2.669565878850029828e-01,0.000000000000000000e+00,3.164135620181696140e-15,1.556554658223151917e-18,0.000000000000000000e+00,1.556554658223151917e-18,1.348246530902220711e-19,1.534810664734530405e-09,2.669565878850029272e-01,2.766810063355825096e-06,0.000000000000000000e+00,-2.706385462958316168e-15
4.000000000000000000e+00,3.605000000000000455e+03,2.669565878850031493e-01,0.000000000000000000e+00,3.330669073875469621e-15,-1.785827847510312841e-16,0.000000000000000000e+00,-1.785827847510312841e-16,-1.797401656381853245e-16,1.534810215721177855e-09,2.669565878850033713e-01,2.766810063355825519e-06,0.000000000000000000e+00,-2.706385462958316168e-15
4.000000000000000000e+00,3.610000000000000455e+03,2.669565878850031493e-01,0.000000000000000000e+00,3.330669073875469621e-15,-6.768499862181554860e-15,0.000000000000000000e+00,-6.768499862181554860e-15,-6.770208310548030671e-15,1.534792840849987499e-09,2.669565878850030383e-01,2.766810063355823402e-06,0.000000000000000000e+00,-2.706385462958316168e-15
4.000000000000000000e+00,3.615000000000000455e+03,2.669565878850030938e-01,0.000000000000000000e+00,3.275157922644211794e-15,-5.998943328634653709e-14,0.000000000000000000e+00,-5.998943328634653709e-14,-5.999101285431967377e-14,1.534625937797075353e-09,2.669565878850032048e-01,2.766810063355822555e-06,0.000000000000000000e+00,-2.706385462958316168e-15
4.000000000000000000e+00,3.620000000000000455e+03,2.669565878850030938e-01,0.000000000000000000e+00,3.275157922644211794e-15,-4.084940078660847848e-14,0.000000000000000000e+00,-4.084940078660847848e-14,-4.085112904705867316e-14,1.534373832442321945e-09,2.669565878850032603e-01,2.766810063355823402e-06,0.000000000000000000e+00,-2.706385462958316168e-15
4.000000000000000000e+00,3.625000000000000455e+03,2.669565878850030938e-01,0.000000000000000000e+00,3.275157922644211794e-15,-1.416142920786922949e-14,0.000000000000000000e+00,-1.416142920786922949e-14,-1.416272862773516687e-14,1.534236297798134883e-09,2.669565878850030938e-01,2.766810063355822555e-06,0.000000000000000000e+00,-2.706385462958316168e-15
4.000000000000000000e+00,3.630000000000000455e+03,2.669565878850029828e-01,0.000000000000000000e+00,3.164135620181696140e-15,-1.212930290068898075e-13,0.000000000000000000e+00,-1.212930290068898075e-13,-1.212940248008650848e-13,1.533897655914563398e-09,2.669565878850032603e-01,2.766810063355825096e-06,0.000000000000000000e+00,-2.706385462958316168e-15
4.000000000000000000e+00,3.635000000000000455e+03,2.669565878850031493e-01,0.000000000000000000e+00,3.330669073875469621e-15,-1.577801384173026459e-13,0.000000000000000000e+00,-1.577801384173026459e-13,-1.577815900390120260e-13,1.533199966877463612e-09,2.669565878850030383e-01,2.766810063355823825e-06,0.000000000000000000e+00,-2.706385462958316168e-15
4.000000000000000000e+00,3.640000000000000455e+03,2.669565878850031493e-01,0.000000000000000000e+00,3.330669073875469621e-15,-8.841304403654150747e-14,0.000000000000000000e+00,-8.841304403654150747e-14,-8.841419562090404489e-14,1.532584477413313991e-09,2.669565878850030938e-01,2.766810063355824249e-06,0.000000000000000000e+00,-2.706385462958316168e-15
4.000000000000000000e+00,3.645000000000000455e+03,2.669565878850030938e-01,0.000000000000000000e+00,3.275157922644211794e-15,-7.633631518049901801e-14,0.000000000000000000e+00,-7.633631518049901801e-14,-7.633754771570036663e-14,1.532172598054972363e-09,2.669565878850029828e-01,2.766810063355824249e-06,0.000000000000000000e+00,-2.706385462958316168e-15
4.000000000000000000e+00,3.650000000000000455e+03,2.669565878850033158e-01,0.000000000000000000e+00,3.497202527569243102e-15,-5.521200315783541424e-14,0.000000000000000000e+00,-5.521200315783541424e-14,-5.521366308418863898e-14,1.531843720027972749e-09,2.669565878850034268e-01,2.766810063355824672e-06,0.000000000000000000e+00,-2.706385462958316168e-15
4.000000000000000000e+00,3.655000000000000455e+03,2.669565878850030938e-01,0.000000000000000000e+00,3.275157922644211794e-15,-3.105467024392360103e-14,0.000000000000000000e+00,-3.105467024392360103e-14,-3.105595975479082082e-14,1.531628045970875214e-09,2.669565878850033713e-01,2.766810063355825096e-06,0.000000000000000000e+00,-2.706385462958316168e-15
4.000000000000000000e+00,3.660000000000000455e+03,2.669565878850030938e-01,0.000000000000000000e+00,3.275157922644211794e-15,-1.357388529594936040e-14,0.000000000000000000e+00,-1.357388529594936040e-14,-1.357507373993445122e-14,1.531516468387138315e-09,2.669565878850032603e-01,2.766810063355825096e-06,0.000000000000000000e+00,-2.706385462958316168e-15
4.000000000000000000e+00,3.665000000000000455e+03,2.669565878850032048e-01,0.000000000000000000e+00,3.386180225106727448e-15,-5.291180731278755351e-15,0.000000000000000000e+00,-5.291180731278755351e-15,-5.292460742213870961e-15,1.531469299550933024e-09,2.669565878850034268e-01,2.766810063355824672e-06,0.000000000000000000e+00,-2.706385462958316168e-15
4.000000000000000000e+00,3.670000000000000455e+03,2.669565878850030938e-01,0.000000000000000000e+00,3.275157922644211794e-15,-1.979977832182164269e-15,0.000000000000000000e+00,-1.979977832182164269e-15,-1.980986226177726496e-15,1.531451115933512017e-09,2.669565878850030383e-01,2.766810063355825943e-06,0.000000000000000000e+00,-2.706385462958316168e-15
4.000000000000000000e+00,3.675000000000000455e+03,2.669565878850033713e-01,0.000000000000000000e+00,3.552713678800500929e-15,1.968537827124134040e-15,0.000000000000000000e+00,1.968537827124134040e-15,1.966833043738692564e-15,1.531451080550555878e-09,2.669565878850031493e-01,2.766810063355826790e-06,0.000000000000000000e+00,-2.706385462958316168e-15
4.000000000000000000e+00,3.680000000000000455e+03,2.669565878850033158e-01,0.000000000000000000e+00,3.497202527569243102e-15,-1.048455191158107131e-15,0.000000000000000000e+00,-1.048455191158107131e-15,-1.049797887938943512e-15,1.531453373138445501e-09,2.669565878850028717e-01,2.766810063355825096e-06,0.000000000000000000e+00,-2.706385462958316168e-15
4.000000000000000000e+00,3.685000000000000455e+03,2.669565878850032048e-01,0.000000000000000000e+00,3.386180225106727448e-15,-4.328942899319754160e-15,0.000000000000000000e+00,-4.328942899319754160e-15,-4.330892228543828290e-15,1.531439921413154214e-09,2.669565878850032603e-01,2.766810063355823402e-06,0.000000000000000000e+00,-2.706385462958316168e-15
4.000000000000000000e+00,3.690000000000000455e+03,2.669565878850032048e-01,0.000000000000000000e+00,3.386180225106727448e-15,-8.186613298478434157e-15,0.000000000000000000e+00,-8.186613298478434157e-15,-8.188478411314695448e-15,1.531408622986554671e-09,2.669565878850033713e-01,2.766810063355824249e-06,0.000000000000000000e+00,-2.706385462958316168e-15
4.000000000000000000e+00,3.695000000000000455e+03,2.669565878850030383e-01,0.000000000000000000e+00,3.219646771412953967e-15,-7.287850186593859786e-15,0.000000000000000000e+00,-7.287850186593859786e-15,-7.289162020836863813e-15,1.531369928885474167e-09,2.669565878850032048e-01,2.766810063355824249e-06,0.000000000000000000e+00,-2.706385462958316168e-15
4.000000000000000000e+00,3.700000000000000455e+03,2.669565878850030938e-01,0.000000000000000000e+00,3.275157922644211794e-15,-6.332610708212745727e-15,0.000000000000000000e+00,-6.332610708212745727e-15,-6.333984695945662364e-15,1.531335871018682245e-09,2.669565878850029828e-01,2.766810063355825096e-06,0.000000000000000000e+00,-2.706385462958316168e-15
4.000000000000000000e+00,3.705000000000000455e+03,2.669565878850032048e-01,0.000000000000000000e+00,3.386180225106727448e-15,-6.746562407377733344e-15,0.000000000000000000e+00,-6.746562407377733344e-15,-6.747994532227537499e-15,1.531303166070611814e-09,2.669565878850033158e-01,2.766810063355825096e-06,0.000000000000000000e+00,-2.706385462958316168e-15
4.000000000000000000e+00,3.710000000000000455e+03,2.669565878850031493e-01,0.000000000000000000e+00,3.330669073875469621e-15,-4.990962971099786888e-15,0.000000000000000000e+00,-4.990962971099786888e-15,-4.992709466389600499e-15,1.531273814310615232e-09,2.669565878850032048e-01,2.766810063355825519e-06,0.000000000000000000e+00,-2.706385462958316168e-15
4.000000000000000000e+00,3.715000000000000455e+03,2.669565878850032048e-01,0.000000000000000000e+00,3.386180225106727448e-15,-4.793255749091876034e-15,0.000000000000000000e+00,-4.793255749091876034e-15,-4.794371717768857138e-15,1.531249346607654822e-09,2.669565878850031493e-01,2.766810063355824249e-06,0.000000000000000000e+00,-2.706385462958316168e-15
4.000000000000000000e+00,3.720000000000000455e+03,2.669565878850032048e-01,0.000000000000000000e+00,3.386180225106727448e-15,-3.895378231773932153e-15,0.000000000000000000e+00,-3.895378231773932153e-15,-3.896805535620203552e-15,1.531227618664521493e-09,2.669565878850033713e-01,2.766810063355825096e-06,0.000000000000000000e+00,-2.706385462958316168e-15
4.000000000000000000e+00,3.725000000000000455e+03,2.669565878850032603e-01,0.000000000000000000e+00,3.441691376337985275e-15,-3.318847712659063446e-15,0.000000000000000000e+00,-3.318847712659063446e-15,-3.320364112354464066e-15,1.531209575740401506e-09,2.669565878850032048e-01,2.766810063355825943e-06,0.000000000000000000e+00,-2.706385462958316168e-15
4.000000000000000000e+00,3.730000000000000455e+03,2.669565878850033158e-01,0.000000000000000000e+00,3.497202527569243102e-15,-4.087076673366016580e-15,0.000000000000000000e+00,-4.087076673366016580e-15,-4.088275219717761656e-15,1.531191054142071232e-09,2.669565878850032603e-01,2.766810063355824249e-06,0.000000000000000000e+00,-2.706385462958316168e-15
4.000000000000000000e+00,3.735000000000000455e+03,2.669565878850033158e-01,0.000000000000000000e+00,3.497202527569243102e-15,-2.968006282173944226e-15,0.000000000000000000e+00,-2.968006282173944226e-15,-2.969321811249480701e-15,1.531173410149493962e-09,2.669565878850031493e-01,2.766810063355827637e-06,0.000000000000000000e+00,-2.706385462958316168e-15
4.000000000000000000e+00,3.740000000000000455e+03,2.669565878850033158e-01,0.000000000000000000e+00,3.497202527569243102e-15,-6.339831243461641646e-15,0.000000000000000000e+00,-6.339831243461641646e-15,-6.340719326169330432e-15,1.531150135046650415e-09,2.669565878850030938e-01,2.766810063355825943e-06,0.000000000000000000e+00,-2.706385462958316168e-15
4.000000000000000000e+00,3.745000000000000455e+03,2.669565878850032048e-01,0.000000000000000000e+00,3.386180225106727448e-15,-7.675292276443430577e-15,0.000000000000000000e+00,-7.675292276443430577e-15,-7.676181334400368468e-15,1.531115092794998859e-09,2.669565878850033713e-01,2.766810063355826366e-06,0.000000000000000000e+00,-2.706385462958316168e-15
4.000000000000000000e+00,3.750000000000000455e+03,2.669565878850032603e-01,0.000000000000000000e+00,3.441691376337985275e-15,-8.473982029260501398e-15,0.000000000000000000e+00,-8.473982029260501398e-15,-8.475301382835474568e-15,1.531074714088205822e-09,2.669565878850033158e-01,2.766810063355823825e-06,0.000000000000000000e+00,-2.706385462958316168e-15
4.000000000000000000e+00,3.755000000000000455e+03,2.669565878850031493e-01,0.000000000000000000e+00,3.330669073875469621e-15,-6.258841102646950541e-15,0.000000000000000000e+00,-6.258841102646950541e-15,-6.260700271819279006e-15,1.531037874084069177e-09,2.669565878850032603e-01,2.766810063355826790e-06,0.000000000000000000e+00,-2.706385462958316168e-15
4.000000000000000000e+00,3.760000000000000455e+03,2.669565878850032048e-01,0.000000000000000000e+00,3.386180225106727448e-15,-5.216343930012314866e-15,0.000000000000000000e+00,-5.216343930012314866e-15,-5.217956240979784154e-15,1.531009177442787201e-09,2.669565878850033158e-01,2.766810063355827213e-06,0.000000000000000000e+00,-2.706385462958316168e-15
4.000000000000000000e+00,3.765000000000000455e+03,2.669565878850034268e-01,0.000000000000000000e+00,3.608224830031758756e-15,-6.273913026571268601e-15,0.000000000000000000e+00,-6.273913026571268601e-15,-6.275131551471445272e-15,1.530980444723306057e-09,2.669565878850034268e-01,2.766810063355826790e-06,0.000000000000000000e+00,-2.706385462958316168e-15
4.000000000000000000e+00,3.770000000000000455e+03,2.669565878850033713e-01,0.000000000000000000e+00,3.552713678800500929e-15,-5.682517779738371416e-15,0.000000000000000000e+00,-5.682517779738371416e-15,-5.683590576241602003e-15,1.530950547917986751e-09,2.669565878850033158e-01,2.766810063355825096e-06,0.000000000000000000e+00,-2.706385462958316168e-15
4.000000000000000000e+00,3.775000000000000455e+03,2.669565878850032603e-01,0.000000000000000000e+00,3.441691376337985275e-15,-5.432978919135359911e-15,0.000000000000000000e+00,-5.432978919135359911e-15,-5.433799050064952673e-15,1.530922754443921105e-09,2.669565878850031493e-01,2.766810063355827637e-06,0.000000000000000000e+00,-2.706385462958316168e-15
4.000000000000000000e+00,3.780000000000000455e+03,2.669565878850033158e-01,0.000000000000000000e+00,3.497202527569243102e-15,-5.851344142974298461e-15,0.000000000000000000e+00,-5.851344142974298461e-15,-5.852019903723036142e-15,1.530894539896536491e-09,2.669565878850035934e-01,2.766810063355826790e-06,0.000000000000000000e+00,-2.706385462958316168e-15
4.000000000000000000e+00,3.785000000000000455e+03,2.669565878850033158e-01,0.000000000000000000e+00,3.497202527569243102e-15,-5.798399845130018219e-15,0.000000000000000000e+00,-5.798399845130018219e-15,-5.799974873206259048e-15,1.530865409909594260e-09,2.669565878850034824e-01,2.766810063355827637e-06,0.000000000000000000e+00,-2.706385462958316168e-15
4.000000000000000000e+00,3.790000000000000455e+03,2.669565878850033713e-01,0.000000000000000000e+00,3.552713678800500929e-15,-4.896775932870836617e-15,0.000000000000000000e+00,-4.896775932870836617e-15,-4.897999411901413154e-15,1.530838664973881367e-09,2.669565878850036489e-01,2.766810063355826366e-06,0.000000000000000000e+00,-2.706385462958316168e-15
4.000000000000000000e+00,3.795000000000000455e+03,2.669565878850033158e-01,0.000000000000000000e+00,3.497202527569243102e-15,-3.797348654273975328e-15,0.000000000000000000e+00,-3.797348654273975328e-15,-3.798427549278847936e-15,1.530816923906478547e-09,2.669565878850031493e-01,2.766810063355825943e-06,0.000000000000000000e+00,-2.706385462958316168e-15
4.000000000000000000e+00,3.800000000000000455e+03,2.669565878850032048e-01,0.000000000000000000e+00,3.386180225106727448e-15,-3.032164948854852282e-15,0.000000000000000000e+00,-3.032164948854852282e-15,-3.033339117922225437e-15,1.530799844489810466e-09,2.669565878850034824e-01,2.766810063355825096e-06,0.000000000000000000e+00,-2.706385462958316168e-15
4.000000000000000000e+00,3.805000000000000455e+03,2.669565878850033158e-01,0.000000000000000000e+00,3.497202527569243102e-15,-9.257635271424633446e-15,0.000000000000000000e+00,-9.257635271424633446e-15,-9.259016703079377046e-15,1.530769113600257960e-09,2.669565878850032603e-01,2.766810063355825096e-06,0.000000000000000000e+00,-2.706385462958316168e-15
4.000000000000000000e+00,3.810000000000000455e+03,2.669565878850033158e-01,0.000000000000000000e+00,3.497202527569243102e-15,-2.234859931342145269e-15,0.000000000000000000e+00,-2.234859931342145269e-15,-2.236244321168751703e-15,1.530740375447697388e-09,2.669565878850030938e-01,2.766810063355825943e-06,0.000000000000000000e+00,-2.706385462958316168e-15
4.000000000000000000e+00,3.815000000000000455e+03,2.669565878850033158e-01,0.000000000000000000e+00,3.497202527569243102e-15,-9.645894975813495582e-15,0.000000000000000000e+00,-9.645894975813495582e-15,-9.647009199874513422e-15,1.530710667313894812e-09,2.669565878850034268e-01,2.766810063355828484e-06,0.000000000000000000e+00,-2.706385462958316168e-15
4.000000000000000000e+00,3.820000000000000455e+03,2.669565878850034268e-01,0.000000000000000000e+00,3.608224830031758756e-15,-7.243439563278816831e-15,0.000000000000000000e+00,-7.243439563278816831e-15,-7.244575184310306753e-15,1.530668438352934227e-09,2.669565878850034824e-01,2.766810063355827637e-06,0.000000000000000000e+00,-2.706385462958316168e-15
4.000000000000000000e+00,3.825000000000000455e+03,2.669565878850033713e-01,0.000000000000000000e+00,3.552713678800500929e-15,1.751350633020289892e-14,0.000000000000000000e+00,1.751350633020289892e-14,1.751213530090988782e-14,1.530694107253225720e-09,2.669565878850032048e-01,2.766810063355825519e-06,0.000000000000000000e+00,-2.706385462958316168e-15
4.000000000000000000e+00,3.830000000000000455e+03,2.669565878850033713e-01,0.000000000000000000e+00,3.552713678800500929e-15,1.754954115936423390e-14,0.000000000000000000e+00,1.754954115936423390e-14,1.754810140322267928e-14,1.530781757844986204e-09,2.669565878850031493e-01,2.766810063355828484e-06,0.000000000000000000e+00,-2.706385462958316168e-15
4.000000000000000000e+00,3.835000000000000455e+03,2.669565878850035379e-01,0.000000000000000000e+00,3.719247132494274410e-15,3.070371212691408670e-14,0.000000000000000000e+00,3.070371212691408670e-14,3.070249514677401794e-14,1.530902384336361197e-09,2.669565878850034824e-01,2.766810063355827637e-06,0.000000000000000000e+00,-2.706385462958316168e-15
4.000000000000000000e+00,3.840000000000000455e+03,2.669565878850034268e-01,0.000000000000000000e+00,3.608224830031758756e-15,1.499355303496266745e-14,0.000000000000000000e+00,1.499355303496266745e-14,1.499271948034033716e-14,1.531016622372928878e-09,2.669565878850030383e-01,2.766810063355827637e-06,0.000000000000000000e+00,-2.706385462958316168e-15
4.000000000000000000e+00,3.845000000000000455e+03,2.669565878850033713e-01,0.000000000000000000e+00,3.552713678800500929e-15,-7.456998566197920531e-15,0.000000000000000000e+00,-7.456998566197920531e-15,-7.458225797828273493e-15,1.531035458607135133e-09,2.669565878850035934e-01,2.766810063355826790e-06,0.000000000000000000e+00,-2.706385462958316168e-15
4.000000000000000000e+00,3.850000000000000455e+03,2.669565878850034824e-01,0.000000000000000000e+00,3.663735981263016583e-15,1.430678367575961651e-14,0.000000000000000000e+00,1.430678367575961651e-14,1.430548002396735572e-14,1.531052576742700594e-09,2.669565878850034268e-01,2.766810063355826366e-06,0.000000000000000000e+00,-2.706385462958316168e-15
4.000000000000000000e+00,3.855000000000000455e+03,2.669565878850033713e-01,0.000000000000000000e+00,3.552713678800500929e-15,2.118601088461461969e-14,0.000000000000000000e+00,2.118601088461461969e-14,2.118510674875057194e-14,1.531141303209632364e-09,2.669565878850035934e-01,2.766810063355827213e-06,0.000000000000000000e+00,-2.706385462958316168e-15
4.000000000000000000e+00,3.860000000000000455e+03,2.669565878850034268e-01,0.000000000000000000e+00,3.608224830031758756e-15,2.238394647403395012e-14,0.000000000000000000e+00,2.238394647403395012e-14,2.238270699178968099e-14,1.531250222743983714e-09,2.669565878850035934e-01,2.766810063355827637e-06,0.000000000000000000e+00,-2.706385462958316168e-15
4.000000000000000000e+00,3.865000000000000455e+03,2.669565878850033158e-01,0.000000000000000000e+00,3.497202527569243102e-15,-1.502263150424354613e-15,0.000000000000000000e+00,-1.502263150424354613e-15,-1.503555087690549369e-15,1.531302420623743918e-09,2.669565878850034268e-01,2.766810063355829754e-06,0.000000000000000000e+00,-2.706385462958316168e-15
4.000000000000000000e+00,3.870000000000000455e+03,2.669565878850032048e-01,0.000000000000000000e+00,3.386180225106727448e-15,-2.736256857522839917e-14,0.000000000000000000e+00,-2.736256857522839917e-14,-2.736360525997154480e-14,1.531230252722874854e-09,2.669565878850032603e-01,2.766810063355828484e-06,0.000000000000000000e+00,-2.706385462958316168e-15
4.000000000000000000e+00,3.875000000000000455e+03,2.669565878850036489e-01,0.000000000000000000e+00,3.830269434956790064e-15,-1.547047683368807014e-15,0.000000000000000000e+00,-1.547047683368807014e-15,-1.548507834468321936e-15,1.531157972440138727e-09,2.669565878850032048e-01,2.766810063355828484e-06,0.000000000000000000e+00,-2.706385462958316168e-15
4.000000000000000000e+00,3.880000000000000455e+03,2.669565878850034268e-01,0.000000000000000000e+00,3.608224830031758756e-15,2.103421957325468442e-14,0.000000000000000000e+00,2.103421957325468442e-14,2.103296246635736974e-14,1.531206683576718449e-09,2.669565878850035379e-01,2.766810063355828484e-06,0.000000000000000000e+00,-2.706385462958316168e-15
4.000000000000000000e+00,3.885000000000000455e+03,2.669565878850034824e-01,0.000000000000000000e+00,3.663735981263016583e-15,2.791659363842045793e-14,0.000000000000000000e+00,2.791659363842045793e-14,2.791546038720610173e-14,1.531329054633852383e-09,2.669565878850035379e-01,2.766810063355827637e-06,0.000000000000000000e+00,-2.706385462958316168e-15
4.000000000000000000e+00,3.890000000000000455e+03,2.669565878850035379e-01,0.000000000000000000e+00,3.719247132494274410e-15,-1.279112812535991896e-14,0.000000000000000000e+00,-1.279112812535991896e-14,-1.279239261128170956e-14,1.531366862303292200e-09,2.669565878850035934e-01,2.766810063355827637e-06,0.000000000000000000e+00,-2.706385462958316168e-15
4.000000000000000000e+00,3.895000000000000455e+03,2.669565878850035379e-01,0.000000000000000000e+00,3.719247132494274410e-15,-3.740689623517634154e-14,0.000000000000000000e+00,-3.740689623517634154e-14,-3.740851725929125620e-14,1.531241360028615731e-09,2.669565878850032048e-01,2.766810063355828907e-06,0.000000000000000000e+00,-2.706385462958316168e-15
4.000000000000000000e+00,3.900000000000000455e+03,2.669565878850034268e-01,0.000000000000000000e+00,3.608224830031758756e-15,-1.016198641656708869e-14,0.000000000000000000e+00,-1.016198641656708869e-14,-1.016340658536639339e-14,1.531122430219003979e-09,2.669565878850033158e-01,2.766810063355827637e-06,0.000000000000000000e+00,-2.706385462958316168e-15
4.000000000000000000e+00,3.905000000000000455e+03,2.669565878850034824e-01,0.000000000000000000e+00,3.663735981263016583e-15,3.147335934749291172e-14,0.000000000000000000e+00,3.147335934749291172e-14,3.147171544058887301e-14,1.531175700991142032e-09,2.669565878850035379e-01,2.766810063355828484e-06,0.000000000000000000e+00,-2.706385462958316168e-15
4.000000000000000000e+00,3.910000000000000455e+03,2.669565878850034824e-01,0.000000000000000000e+00,3.663735981263016583e-15,4.166952340480452075e-14,0.000000000000000000e+00,4.166952340480452075e-14,4.166816801712221566e-14,1.531358550699786451e-09,2.669565878850034824e-01,2.766810063355825943e-06,0.000000000000000000e+00,-2.706385462958316168e-15
4.000000000000000000e+00,3.915000000000000455e+03,2.669565878850034824e-01,0.000000000000000000e+00,3.663735981263016583e-15,-2.322397260988030505e-14,0.000000000000000000e+00,-2.322397260988030505e-14,-2.322523733315642811e-14,1.531404658026496346e-09,2.669565878850035379e-01,2.766810063355828484e-06,0.000000000000000000e+00,-2.706385462958316168e-15
4.000000000000000000e+00,3.920000000000000455e+03,2.669565878850035379e-01,0.000000000000000000e+00,3.719247132494274410e-15,-4.786708324299614755e-14,0.000000000000000000e+00,-4.786708324299614755e-14,-4.786892425795479611e-14,1.531226922622518463e-09,2.669565878850035934e-01,2.766810063355828060e-06,0.000000000000000000e+00,-2.706385462958316168e-15
4.000000000000000000e+00,3.925000000000000455e+03,2.669565878850034268e-01,0.000000000000000000e+00,3.608224830031758756e-15,-2.425830226766167128e-14,0.000000000000000000e+00,-2.425830226766167128e-14,-2.425996100171101692e-14,1.531046600409369362e-09,2.669565878850035379e-01,2.766810063355828484e-06,0.000000000000000000e+00,-2.706385462958316168e-15
4.000000000000000000e+00,3.930000000000000455e+03,2.669565878850037044e-01,0.000000000000000000e+00,3.885780586188047891e-15,5.076643687386467414e-14,0.000000000000000000e+00,5.076643687386467414e-14,5.076540830216024609e-14,1.531112864027620386e-09,2.669565878850035934e-01,2.766810063355829331e-06,0.000000000000000000e+00,-2.706385462958316168e-15
4.000000000000000000e+00,3.935000000000000455e+03,2.669565878850034268e-01,0.000000000000000000e+00,3.608224830031758756e-15,6.065778176972746179e-14,0.000000000000000000e+00,6.065778176972746179e-14,6.065671590682047090e-14,1.531391419338142952e-09,2.669565878850039820e-01,2.766810063355828060e-06,0.000000000000000000e+00,-2.706385462958316168e-15
4.000000000000000000e+00,3.940000000000000455e+03,2.669565878850034824e-01,0.000000000000000000e+00,3.663735981263016583e-15,-3.004421242118373263e-14,0.000000000000000000e+00,-3.004421242118373263e-14,-3.004537106679276683e-14,1.531467947700242945e-09,2.669565878850035379e-01,2.766810063355830178e-06,0.000000000000000000e+00,-2.706385462958316168e-15
4.000000000000000000e+00,3.945000000000000455e+03,2.669565878850035379e-01,0.000000000000000000e+00,3.719247132494274410e-15,-6.641910973602780951e-14,0.000000000000000000e+00,-6.641910973602780951e-14,-6.642024223103866938e-14,1.531226783666998385e-09,2.669565878850034824e-01,2.766810063355827637e-06,0.000000000000000000e+00,-2.706385462958316168e-15
4.000000000000000000e+00,3.950000000000000455e+03,2.669565878850035379e-01,0.000000000000000000e+00,3.719247132494274410e-15,-4.614665250270430757e-14,0.000000000000000000e+00,-4.614665250270430757e-14,-4.614792200640760741e-14,1.530945363256404705e-09,2.669565878850038154e-01,2.766810063355828484e-06,0.000000000000000000e+00,-2.706385462958316168e-15
4.000000000000000000e+00,3.955000000000000455e+03,2.669565878850035379e-01,0.000000000000000000e+00,3.719247132494274410e-15,8.269031298404394346e-14,0.000000000000000000e+00,8.269031298404394346e-14,8.268880159344577780e-14,1.531036715455372301e-09,2.669565878850033713e-01,2.766810063355828907e-06,0.000000000000000000e+00,-2.706385462958316168e-15
4.000000000000000000e+00,3.960000000000000455e+03,2.669565878850036489e-01,0.000000000000000000e+00,3.830269434956790064e-15,7.746970474949593812e-14,0.000000000000000000e+00,7.746970474949593812e-14,7.746807435770134432e-14,1.531437107645250254e-09,2.669565878850032603e-01,2.766810063355829754e-06,0.000000000000000000e+00,-2.706385462958316168e-15
4.000000000000000000e+00,3.965000000000000455e+03,2.669565878850037044e-01,0.000000000000000000e+00,3.885780586188047891e-15,-3.067462578522241737e-14,0.000000000000000000e+00,-3.067462578522241737e-14,-3.067632047243655447e-14,1.531554087029963520e-09,2.669565878850037599e-01,2.766810063355829331e-06,0.000000000000000000e+00,-2.706385462958316168e-15
4.000000000000000000e+00,3.970000000000000455e+03,2.669565878850035934e-01,0.000000000000000000e+00,3.774758283725532237e-15,-1.167812661090610627e-13,0.000000000000000000e+00,-1.167812661090610627e-13,-1.167824800135195522e-13,1.531185440028748577e-09,2.669565878850033158e-01,2.766810063355830178e-06,0.000000000000000000e+00,-2.706385462958316168e-15
4.000000000000000000e+00,3.975000000000000455e+03,2.669565878850035379e-01,0.000000000000000000e+00,3.719247132494274410e-15,-7.370063263788490987e-14,0.000000000000000000e+00,-7.370063263788490987e-14,-7.370213940268249692e-14,1.530709228480208098e-09,2.669565878850034268e-01,2.766810063355829331e-06,0.000000000000000000e+00,-2.706385462958316168e-15
4.000000000000000000e+00,3.980000000000000455e+03,2.669565878850035934e-01,0.000000000000000000e+00,3.774758283725532237e-15,1.284467682994847184e-13,0.000000000000000000e+00,1.284467682994847184e-13,1.284452585172022571e-13,1.530846086277994228e-09,2.669565878850035934e-01,2.766810063355830178e-06,0.000000000000000000e+00,-2.706385462958316168e-15
4.000000000000000000e+00,3.985000000000000455e+03,2.669565878850036489e-01,0.000000000000000000e+00,3.830269434956790064e-15,1.024249949364144258e-13,0.000000000000000000e+00,1.024249949364144258e-13,1.024231342013397677e-13,1.531423257259790633e-09,2.669565878850035934e-01,2.766810063355829331e-06,0.000000000000000000e+00,-2.706385462958316168e-15
4.000000000000000000e+00,3.990000000000000455e+03,2.669565878850036489e-01,0.000000000000000000e+00,3.830269434956790064e-15,-2.000285615067039460e-14,0.000000000000000000e+00,-2.000285615067039460e-14,-2.000420368672287187e-14,1.531629304586077291e-09,2.669565878850035379e-01,2.766810063355829754e-06,0.000000000000000000e+00,-2.706385462958316168e-15
4.000000000000000000e+00,3.995000000000000455e+03,2.669565878850035379e-01,0.000000000000000000e+00,3.719247132494274410e-15,-2.047076291187813585e-13,0.000000000000000000e+00,-2.047076291187813585e-13,-2.047090443601428606e-13,1.531067521465959966e-09,2.669565878850035379e-01,2.766810063355829754e-06,0.000000000000000000e+00,-2.706385462958316168e-15
4.000000000000000000e+00,4.000000000000000455e+03,2.669565878850035379e-01,0.000000000000000000e+00,3.719247132494274410e-15,-8.965871025772046510e-14,0.000000000000000000e+00,-8.965871025772046510e-14,-8.965993723293711862e-14,1.530331599011977345e-09,2.669565878850033713e-01,2.766810063355829331e-06,0.000000000000000000e+00,-2.706385462958316168e-15
4.000000000000000000e+00,4.005000000000000455e+03,2.669565878850036489e-01,0.000000000000000000e+00,3.830269434956790064e-15,1.847414502880312236e-13,0.000000000000000000e+00,1.847414502880312236e-13,1.847405647535944333e-13,1.530569300580779021e-09,2.669565878850035379e-01,2.766810063355831025e-06,0.000000000000000000e+00,-2.706385462958316168e-15
4.000000000000000000e+00,4.010000000000000455e+03,2.669565878850037599e-01,0.000000000000000000e+00,3.941291737419305719e-15,1.938378289781979958e-13,0.000000000000000000e+00,1.938378289781979958e-13,1.938367437928313590e-13,1.531515743852145110e-09,2.669565878850032048e-01,2.766810063355830178e-06,0.000000000000000000e+00,-2.706385462958316168e-15
4.000000000000000000e+00,4.015000000000000455e+03,2.669565878850037044e-01,0.000000000000000000e+00,3.885780586188047891e-15,-3.096077065145572593e-15,0.000000000000000000e+00,-3.096077065145572593e-15,-3.097633442270301433e-15,1.531992591628021477e-09,2.669565878850033158e-01,2.766810063355828060e-06,0.000000000000000000e+00,-2.706385462958316168e-15
4.000000000000000000e+00,4.020000000000000455e+03,2.669565878850035379e-01,0.000000000000000000e+00,3.719247132494274410e-15,-4.988222269456695194e-13,0.000000000000000000e+00,-4.988222269456695194e-13,-4.988233957103116544e-13,1.530737789055140029e-09,2.669565878850040930e-01,2.766810063355829754e-06,0.000000000000000000e+00,-2.706385462958316168e-15
4.000000000000000000e+00,4.025000000000000455e+03,2.669565878850035934e-01,0.000000000000000000e+00,3.774758283725532237e-15,-9.659982878222829200e-13,0.000000000000000000e+00,-9.659982878222829200e-13,-9.659994275267094078e-13,1.527075731997047540e-09,2.669565878850034268e-01,2.766810063355831025e-06,0.000000000000000000e+00,-2.706385462958316168e-15
4.000000000000000000e+00,4.030000000000000455e+03,2.669565878850038709e-01,0.000000000000000000e+00,4.052314039881821373e-15,-7.542390937181542604e-13,0.000000000000000000e+00,-7.542390937181542604e-13,-7.542402950849500492e-13,1.522775132690518273e-09,2.669565878850037044e-01,2.766810063355830178e-06,0.000000000000000000e+00,-2.706385462958316168e-15
4.000000000000000000e+00,4.035000000000000455e+03,2.669565878850037044e-01,0.000000000000000000e+00,3.885780586188047891e-15,2.722518234393763718e-13,0.000000000000000000e+00,2.722518234393763718e-13,2.722502166964885876e-13,1.521570157494547099e-09,2.669565878850033158e-01,2.766810063355829754e-06,0.000000000000000000e+00,-2.706385462958316168e-15
4.000000000000000000e+00,4.040000000000000455e+03,2.669565878850036489e-01,0.000000000000000000e+00,3.830269434956790064e-15,7.868494497011294161e-13,0.000000000000000000e+00,7.868494497011294161e-13,7.868482121853329044e-13,1.524217903566751607e-09,2.669565878850035934e-01,2.766810063355828484e-06,0.000000000000000000e+00,-2.706385462958316168e-15
4.000000000000000000e+00,4.045000000000000455e+03,2.669565878850037599e-01,0.000000000000000000e+00,3.941291737419305719e-15,5.991714521630391230e-13,0.000000000000000000e+00,5.991714521630391230e-13,5.991699025323435746e-13,1.527682948853545819e-09,2.669565878850037599e-01,2.766810063355828484e-06,0.000000000000000000e+00,-2.706385462958316168e-15
4.000000000000000000e+00,4.050000000000000455e+03,2.669565878850035379e-01,0.000000000000000000e+00,3.719247132494274410e-15,-1.205588481712661188e-13,0.000000000000000000e+00,-1.205588481712661188e-13,-1.205600870192196142e-13,1.528879473392328608e-09,2.669565878850037599e-01,2.766810063355830178e-06,0.000000000000000000e+00,-2.706385462958316168e-15
4.000000000000000000e+00,4.055000000000000455e+03,2.669565878850036489e-01,0.000000000000000000e+00,3.830269434956790064e-15,-6.094920010878539855e-13,0.000000000000000000e+00,-6.094920010878539855e-13,-6.094934960781341232e-13,1.527054339434585359e-09,2.669565878850037044e-01,2.766810063355830601e-06,0.000000000000000000e+00,-2.706385462958316168e-15
4.000000000000000000e+00,4.060000000000000455e+03,2.669565878850037599e-01,0.000000000000000000e+00,3.941291737419305719e-15,-1.174612519996910574e-12,0.000000000000000000e+00,-1.174612519996910574e-12,-1.174613834958275496e-12,1.522594071106994252e-09,2.669565878850038154e-01,2.766810063355832295e-06,0.000000000000000000e+00,-2.706385462958316168e-15
4.000000000000000000e+00,4.065000000000000455e+03,2.669565878850036489e-01,0.000000000000000000e+00,3.830269434956790064e-15,-1.604917081752837887e-12,0.000000000000000000e+00,-1.604917081752837887e-12,-1.604918406677649227e-12,1.515645240502904436e-09,2.669565878850037599e-01,2.766810063355831025e-06,0.000000000000000000e+00,-2.706385462958316168e-15
4.000000000000000000e+00,4.070000000000000455e+03,2.669565878850037044e-01,0.000000000000000000e+00,3.885780586188047891e-15,-1.515894379425392869e-12,0.000000000000000000e+00,-1.515894379425392869e-12,-1.515895750500818686e-12,1.507843205109958302e-09,2.669565878850035934e-01,2.766810063355831448e-06,0.000000000000000000e+00,-2.706385462958316168e-15
4.000000000000000000e+00,4.075000000000000455e+03,2.669565878850037599e-01,0.000000000000000000e+00,3.941291737419305719e-15,-2.937009499663368123e-13,0.000000000000000000e+00,-2.937009499663368123e-13,-2.937024104960023232e-13,1.503319209707466265e-09,2.669565878850039820e-01,2.766810063355831025e-06,0.000000000000000000e+00,-2.706385462958316168e-15
4.000000000000000000e+00,4.080000000000000455e+03,2.669565878850036489e-01,0.000000000000000000e+00,3.830269434956790064e-15,9.179720542897961658e-13,0.000000000000000000e+00,9.179720542897961658e-13,9.179706664909058886e-13,1.504879880347453454e-09,2.669565878850036489e-01,2.766810063355831025e-06,0.000000000000000000e+00,-2.706385462958316168e-15
4.000000000000000000e+00,4.085000000000000455e+03,2.669565878850036489e-01,0.000000000000000000e+00,3.830269434956790064e-15,1.620397023597912445e-12,0.000000000000000000e+00,1.620397023597912445e-12,1.620395550858393249e-12,1.511225795890826728e-09,2.669565878850034268e-01,2.766810063355830178e-06,0.000000000000000000e+00,-2.706385462958316168e-15
4.000000000000000000e+00,4.090000000000000455e+03,2.669565878850036489e-01,0.000000000000000000e+00,3.830269434956790064e-15,1.149759924792675032e-12,0.000000000000000000e+00,1.149759924792675032e-12,1.149758480709659080e-12,1.518151180969746906e-09,2.669565878850034824e-01,2.766810063355829331e-06,0.000000000000000000e+00,-2.706385462958316168e-15
4.000000000000000000e+00,4.095000000000000455e+03,2.669565878850035379e-01,0.000000000000000000e+00,3.719247132494274410e-15,7.154837948424548355e-13,0.000000000000000000e+00,7.154837948424548355e-13,7.154827554123006757e-13,1.522814284060051714e-09,2.669565878850039264e-01,2.766810063355830178e-06,0.000000000000000000e+00,-2.706385462958316168e-15
4.000000000000000000e+00,4.100000000000000000e+03,2.669565878850038154e-01,0.000000000000000000e+00,3.996802888650563546e-15,-1.191846251164905443e-13,0.000000000000000000e+00,-1.191846251164905443e-13,-1.191864400757600605e-13,1.524305024848393043e-09,2.669565878850039264e-01,2.766810063355831025e-06,0.000000000000000000e+00,-2.706385462958316168e-15
4.000000000000000000e+00,4.105000000000000000e+03,2.669565878850037599e-01,0.000000000000000000e+00,3.941291737419305719e-15,-1.221663452852512793e-12,0.000000000000000000e+00,-1.221663452852512793e-12,-1.221664739000563363e-12,1.520952896900702206e-09,2.669565878850037044e-01,2.766810063355830601e-06,0.000000000000000000e+00,-2.706385462958316168e-15
4.000000000000000000e+00,4.110000000000000000e+03,2.669565878850037599e-01,0.000000000000000000e+00,3.941291737419305719e-15,-1.993517766074897390e-12,0.000000000000000000e+00,-1.993517766074897390e-12,-1.993518683227925783e-12,1.512914938345131075e-09,2.669565878850036489e-01,2.766810063355831448e-06,0.000000000000000000e+00,-2.706385462958316168e-15
4.000000000000000000e+00,4.115000000000000000e+03,2.669565878850037599e-01,0.000000000000000000e+00,3.941291737419305719e-15,-1.739313249760668179e-12,0.000000000000000000e+00,-1.739313249760668179e-12,-1.739314524449020744e-12,1.503582855325938622e-09,2.669565878850038709e-01,2.766810063355830178e-06,0.000000000000000000e+00,-2.706385462958316168e-15
4.000000000000000000e+00,4.120000000000000000e+03,2.669565878850037044e-01,0.000000000000000000e+00,3.885780586188047891e-15,1.462362579339388396e-13,0.000000000000000000e+00,1.462362579339388396e-13,1.462351874076087517e-13,1.499600156983335131e-09,2.669565878850038154e-01,2.766810063355830178e-06,0.000000000000000000e+00,-2.706385462958316168e-15
4.000000000000000000e+00,4.125000000000000000e+03,2.669565878850038709e-01,0.000000000000000000e+00,4.052314039881821373e-15,1.433633458133766113e-12,0.000000000000000000e+00,1.433633458133766113e-12,1.433631979949963240e-12,1.503549824901729071e-09,2.669565878850039264e-01,2.766810063355831025e-06,0.000000000000000000e+00,-2.706385462958316168e-15
4.000000000000000000e+00,4.130000000000000000e+03,2.669565878850037599e-01,0.000000000000000000e+00,3.941291737419305719e-15,2.134245195807515617e-12,0.000000000000000000e+00,2.134245195807515617e-12,2.134244228743712437e-12,1.512469515423463183e-09,2.669565878850037044e-01,2.766810063355831025e-06,0.000000000000000000e+00,-2.706385462958316168e-15
4.000000000000000000e+00,4.135000000000000000e+03,2.669565878850036489e-01,0.000000000000000000e+00,3.830269434956790064e-15,1.638104361458485250e-12,0.000000000000000000e+00,1.638104361458485250e-12,1.638103064180875845e-12,1.521900383655774683e-09,2.669565878850038154e-01,2.766810063355830601e-06,0.000000000000000000e+00,-2.706385462958316168e-15
4.000000000000000000e+00,4.140000000000000000e+03,2.669565878850037044e-01,0.000000000000000000e+00,3.885780586188047891e-15,1.119449059310256561e-12,0.000000000000000000e+00,1.119449059310256561e-12,1.119447386214129711e-12,1.528794259781762255e-09,2.669565878850039820e-01,2.766810063355831872e-06,0.000000000000000000e+00,-2.706385462958316168e-15
4.000000000000000000e+00,4.145000000000000000e+03,2.669565878850038709e-01,0.000000000000000000e+00,4.052314039881821373e-15,-2.727605668918696832e-13,0.000000000000000000e+00,-2.727605668918696832e-13,-2.727618172081207785e-13,1.530910973704277137e-09,2.669565878850037599e-01,2.766810063355833142e-06,0.000000000000000000e+00,-2.706385462958316168e-15
4.000000000000000000e+00,4.150000000000000000e+03,2.669565878850038154e-01,0.000000000000000000e+00,3.996802888650563546e-15,-2.150968217197164344e-12,0.000000000000000000e+00,-2.150968217197164344e-12,-2.150969423987870348e-12,1.524851645601287254e-09,2.669565878850036489e-01,2.766810063355830178e-06,0.000000000000000000e+00,-2.706385462958316168e-15
4.000000000000000000e+00,4.155000000000000000e+03,2.669565878850038709e-01,0.000000000000000000e+00,4.052314039881821373e-15,-3.126260530636463977e-12,0.000000000000000000e+00,-3.126260530636463977e-12,-3.126261918874032811e-12,1.511658567244132572e-09,2.669565878850038709e-01,2.766810063355832719e-06,0.000000000000000000e+00,-2.706385462958316168e-15
4.000000000000000000e+00,4.160000000000000000e+03,2.669565878850038154e-01,0.000000000000000000e+00,3.996802888650563546e-15,-2.139113761103202452e-12,0.000000000000000000e+00,-2.139113761103202452e-12,-2.139114831978326392e-12,1.498495125367001677e-09,2.669565878850035379e-01,2.766810063355831025e-06,0.000000000000000000e+00,-2.706385462958316168e-15
4.000000000000000000e+00,4.165000000000000000e+03,2.669565878850039264e-01,0.000000000000000000e+00,4.107825191113079200e-15,2.594910981901728110e-13,0.000000000000000000e+00,2.594910981901728110e-13,2.594897534970575968e-13,1.493796062670798463e-09,2.669565878850037599e-01,2.766810063355831872e-06,0.000000000000000000e+00,-2.706385462958316168e-15
4.000000000000000000e+00,4.170000000000000000e+03,2.669565878850038709e-01,0.000000000000000000e+00,4.052314039881821373e-15,1.966381216605160299e-12,0.000000000000000000e+00,1.966381216605160299e-12,1.966379548583397555e-12,1.499360735925999483e-09,2.669565878850039820e-01,2.766810063355831025e-06,0.000000000000000000e+00,-2.706385462958316168e-15
4.000000000000000000e+00,4.175000000000000000e+03,2.669565878850038709e-01,0.000000000000000000e+00,4.052314039881821373e-15,2.719927052513408907e-12,0.000000000000000000e+00,2.719927052513408907e-12,2.719926055381344891e-12,1.511076499935911327e-09,2.669565878850040375e-01,2.766810063355833566e-06,0.000000000000000000e+00,-2.706385462958316168e-15
4.000000000000000000e+00,4.180000000000000000e+03,2.669565878850039820e-01,0.000000000000000000e+00,4.163336342344337027e-15,2.699536333663499496e-12,0.000000000000000000e+00,2.699536333663499496e-12,2.699535147068020810e-12,1.524625152942034776e-09,2.669565878850038154e-01,2.766810063355831025e-06,0.000000000000000000e+00,-2.706385462958316168e-15
4.000000000000000000e+00,4.185000000000000000e+03,2.669565878850038709e-01,0.000000000000000000e+00,4.052314039881821373e-15,1.880953347606021665e-12,0.000000000000000000e+00,1.880953347606021665e-12,1.880952084063213563e-12,1.536076371019862922e-09,2.669565878850039820e-01,2.766810063355831872e-06,0.000000000000000000e+00,-2.706385462958316168e-15
4.000000000000000000e+00,4.190000000000000000e+03,2.669565878850037599e-01,0.000000000000000000e+00,3.941291737419305719e-15,-8.350812551506864880e-13,0.000000000000000000e+00,-8.350812551506864880e-13,-8.350823926093998057e-13,1.538691045248497454e-09,2.669565878850035934e-01,2.766810063355832295e-06,0.000000000000000000e+00,-2.706385462958316168e-15
4.000000000000000000e+00,4.195000000000000000e+03,2.669565878850039264e-01,0.000000000000000000e+00,4.107825191113079200e-15,-3.501862714139785131e-12,0.000000000000000000e+00,-3.501862714139785131e-12,-3.501864213116327703e-12,1.527848678734183050e-09,2.669565878850038709e-01,2.766810063355830178e-06,0.000000000000000000e+00,-2.706385462958316168e-15
4.000000000000000000e+00,4.200000000000000000e+03,2.669565878850036489e-01,0.000000000000000000e+00,3.830269434956790064e-15,-4.561216948244756347e-12,0.000000000000000000e+00,-4.561216948244756347e-12,-4.561217947025257633e-12,1.507690973333829213e-09,2.669565878850039820e-01,2.766810063355831872e-06,0.000000000000000000e+00,-2.706385462958316168e-15
4.000000000000000000e+00,4.205000000000000000e+03,2.669565878850038154e-01,0.000000000000000000e+00,3.996802888650563546e-15,-1.977199283354061000e-12,0.000000000000000000e+00,-1.977199283354061000e-12,-1.977200466216896461e-12,1.491344927300723733e-09,2.669565878850036489e-01,2.766810063355832719e-06,0.000000000000000000e+00,-2.706385462958316168e-15
4.000000000000000000e+00,4.210000000000000000e+03,2.669565878850038709e-01,0.000000000000000000e+00,4.052314039881821373e-15,2.804041723044286963e-13,0.000000000000000000e+00,2.804041723044286963e-13,2.804025299674856356e-13,1.487102932460100269e-09,2.669565878850039820e-01,2.766810063355831872e-06,0.000000000000000000e+00,-2.706385462958316168e-15
4.000000000000000000e+00,4.215000000000000000e+03,2.669565878850039820e-01,0.000000000000000000e+00,4.163336342344337027e-15,2.578499403751810576e-12,0.000000000000000000e+00,2.578499403751810576e-12,2.578498216608580402e-12,1.494250184326540339e-09,2.669565878850040375e-01,2.766810063355831872e-06,0.000000000000000000e+00,-2.706385462958316168e-15
4.000000000000000000e+00,4.220000000000000000e+03,2.669565878850038709e-01,0.000000000000000000e+00,4.052314039881821373e-15,3.749002162950456708e-12,0.000000000000000000e+00,3.749002162950456708e-12,3.749000667956356615e-12,1.510068931537952850e-09,2.669565878850033158e-01,2.766810063355832719e-06,0.000000000000000000e+00,-2.706385462958316168e-15
4.000000000000000000e+00,4.225000000000000000e+03,2.669565878850038709e-01,0.000000000000000000e+00,4.052314039881821373e-15,4.513232379162800875e-12,0.000000000000000000e+00,4.513232379162800875e-12,4.513231076873128646e-12,1.530724510900026371e-09,2.669565878850038154e-01,2.766810063355832719e-06,0.000000000000000000e+00,-2.706385462958316168e-15
4.000000000000000000e+00,4.230000000000000000e+03,2.669565878850038709e-01,0.000000000000000000e+00,4.052314039881821373e-15,2.855872195086704363e-12,0.000000000000000000e+00,2.855872195086704363e-12,2.855870903424280291e-12,1.549147265850770033e-09,2.669565878850036489e-01,2.766810063355832719e-06,0.000000000000000000e+00,-2.706385462958316168e-15
4.000000000000000000e+00,4.235000000000000000e+03,2.669565878850038709e-01,0.000000000000000000e+00,4.052314039881821373e-15,-2.126548733385311353e-12,0.000000000000000000e+00,-2.126548733385311353e-12,-2.126550310166179210e-12,1.550970567333915333e-09,2.669565878850039820e-01,2.766810063355832295e-06,0.000000000000000000e+00,-2.706385462958316168e-15
4.000000000000000000e+00,4.240000000000000000e+03,2.669565878850039820e-01,0.000000000000000000e+00,4.163336342344337027e-15,-5.477287282816671422e-12,0.000000000000000000e+00,-5.477287282816671422e-12,-5.477289049110028620e-12,1.531960968935724744e-09,2.669565878850038709e-01,2.766810063355832295e-06,0.000000000000000000e+00,-2.706385462958316168e-15
4.000000000000000000e+00,4.245000000000000000e+03,2.669565878850037599e-01,0.000000000000000000e+00,3.941291737419305719e-15,-6.251176486324495993e-12,0.000000000000000000e+00,-6.251176486324495993e-12,-6.251177933376589917e-12,1.502639801479508098e-09,2.669565878850037044e-01,2.766810063355832295e-06,0.000000000000000000e+00,-2.706385462958316168e-15
4.000000000000000000e+00,4.250000000000000000e+03,2.669565878850039820e-01,0.000000000000000000e+00,4.163336342344337027e-15,-2.745820280677801919e-12,0.000000000000000000e+00,-2.745820280677801919e-12,-2.745822066966767721e-12,1.480147301478649730e-09,2.669565878850038709e-01,2.766810063355832719e-06,0.000000000000000000e+00,-2.706385462958316168e-15
4.000000000000000000e+00,4.255000000000000000e+03,2.669565878850039820e-01,0.000000000000000000e+00,4.163336342344337027e-15,-2.145987136334483524e-14,0.000000000000000000e+00,-2.145987136334483524e-14,-2.146133437750954127e-14,1.473229092975289014e-09,2.669565878850038709e-01,2.766810063355836107e-06,0.000000000000000000e+00,-2.706385462958316168e-15
4.000000000000000000e+00,4.260000000000000000e+03,2.669565878850039820e-01,0.000000000000000000e+00,4.163336342344337027e-15,3.408406175904519806e-12,0.000000000000000000e+00,3.408406175904519806e-12,3.408404827168018429e-12,1.481696451707265285e-09,2.669565878850038154e-01,2.766810063355831448e-06,0.000000000000000000e+00,-2.706385462958316168e-15
4.000000000000000000e+00,4.265000000000000000e+03,2.669565878850039820e-01,0.000000000000000000e+00,4.163336342344337027e-15,6.329640502457322534e-12,0.000000000000000000e+00,6.329640502457322534e-12,6.329638639441432579e-12,1.506041560373788881e-09,2.669565878850038709e-01,2.766810063355833142e-06,0.000000000000000000e+00,-2.706385462958316168e-15
4.000000000000000000e+00,4.270000000000000000e+03,2.669565878850039820e-01,0.000000000000000000e+00,4.163336342344337027e-15,7.397457636581914858e-12,0.000000000000000000e+00,7.397457636581914858e-12,7.397456144423180687e-12,1.540359297333450562e-09,2.669565878850039820e-01,2.766810063355831872e-06,0.000000000000000000e+00,-2.706385462958316168e-15
4.000000000000000000e+00,4.275000000000000000e+03,2.669565878850040375e-01,0.000000000000000000e+00,4.218847493575594854e-15,3.554861705611113681e-12,0.000000000000000000e+00,3.554861705611113681e-12,3.554860701529368965e-12,1.567740089448331943e-09,2.669565878850042040e-01,2.766810063355832719e-06,0.000000000000000000e+00,-2.706385462958316168e-15
4.000000000000000000e+00,4.280000000000000000e+03,2.669565878850039820e-01,0.000000000000000000e+00,4.163336342344337027e-15,-3.620027073632885121e-12,0.000000000000000000e+00,-3.620027073632885121e-12,-3.620028341967302115e-12,1.567577170347237069e-09,2.669565878850039264e-01,2.766810063355832295e-06,0.000000000000000000e+00,-2.706385462958316168e-15
4.000000000000000000e+00,4.285000000000000000e+03,2.669565878850040930e-01,0.000000000000000000e+00,4.274358644806852681e-15,-8.119659426453478948e-12,0.000000000000000000e+00,-8.119659426453478948e-12,-8.119661031472721356e-12,1.538227946913637078e-09,2.669565878850039264e-01,2.766810063355833990e-06,0.000000000000000000e+00,-2.706385462958316168e-15
4.000000000000000000e+00,4.290000000000000000e+03,2.669565878850039264e-01,0.000000000000000000e+00,4.107825191113079200e-15,-7.939427223671704891e-12,0.000000000000000000e+00,-7.939427223671704891e-12,-7.939428381103448376e-12,1.498080223382196570e-09,2.669565878850039264e-01,2.766810063355834837e-06,0.000000000000000000e+00,-2.706385462958316168e-15
4.000000000000000000e+00,4.295000000000000000e+03,2.669565878850039820e-01,0.000000000000000000e+00,4.163336342344337027e-15,-4.753253713715989720e-12,0.000000000000000000e+00,-4.753253713715989720e-12,-4.753255301482022503e-12,1.466348514175732831e-09,2.669565878850037599e-01,2.766810063355833566e-06,0.000000000000000000e+00,-2.706385462958316168e-15
4.000000000000000000e+00,4.300000000000000000e+03,2.669565878850039264e-01,0.000000000000000000e+00,4.107825191113079200e-15,-8.727059240467986378e-13,0.000000000000000000e+00,-8.727059240467986378e-13,-8.727073885602142444e-13,1.452283607450627312e-09,2.669565878850042040e-01,2.766810063355833566e-06,0.000000000000000000e+00,-2.706385462958316168e-15
4.000000000000000000e+00,4.305000000000000000e+03,2.669565878850040375e-01,0.000000000000000000e+00,4.218847493575594854e-15,5.247900570935330005e-12,0.000000000000000000e+00,5.247900570935330005e-12,5.247899209519412823e-12,1.463221587003025265e-09,2.669565878850042040e-01,2.766810063355834413e-06,0.000000000000000000e+00,-2.706385462958316168e-15
4.000000000000000000e+00,4.310000000000000000e+03,2.669565878850039264e-01,0.000000000000000000e+00,4.107825191113079200e-15,1.065925325794364050e-11,0.000000000000000000e+00,1.065925325794364050e-11,1.065925220683812593e-11,1.502989465543919221e-09,2.669565878850043150e-01,2.766810063355834413e-06,0.000000000000000000e+00,-2.706385462958316168e-15
4.000000000000000000e+00,4.315000000000000000e+03,2.669565878850039820e-01,0.000000000000000000e+00,4.163336342344337027e-15,1.151528648609267607e-11,0.000000000000000000e+00,1.151528648609267607e-11,1.151528573035602300e-11,1.558425810386904542e-09,2.669565878850041485e-01,2.766810063355834413e-06,0.000000000000000000e+00,-2.706385462958316168e-15
4.000000000000000000e+00,4.320000000000000000e+03,2.669565878850040930e-01,0.000000000000000000e+00,4.274358644806852681e-15,2.516099079418828744e-12,0.000000000000000000e+00,2.516099079418828744e-12,2.516097622666233892e-12,1.593504268769460193e-09,2.669565878850040375e-01,2.766810063355833566e-06,0.000000000000000000e+00,-2.706385462958316168e-15
4.000000000000000000e+00,4.325000000000000000e+03,2.669565878850040930e-01,0.000000000000000000e+00,4.274358644806852681e-15,-5.564869336384577556e-12,0.000000000000000000e+00,-5.564869336384577556e-12,-5.564870760764957092e-12,1.585882335924213311e-09,2.669565878850039264e-01,2.766810063355833566e-06,0.000000000000000000e+00,-2.706385462958316168e-15
4.000000000000000000e+00,4.330000000000000000e+03,2.669565878850040930e-01,0.000000000000000000e+00,4.274358644806852681e-15,-1.138624337063904493e-11,0.000000000000000000e+00,-1.138624337063904493e-11,-1.138624484887668644e-11,1.543504546900109323e-09,2.669565878850039820e-01,2.766810063355834837e-06,0.000000000000000000e+00,-2.706385462958316168e-15
4.000000000000000000e+00,4.335000000000000000e+03,2.669565878850039264e-01,0.000000000000000000e+00,4.107825191113079200e-15,-9.864340675541962777e-12,0.000000000000000000e+00,-9.864340675541962777e-12,-9.864341896484984276e-12,1.490378080036705007e-09,2.669565878850039264e-01,2.766810063355833142e-06,0.000000000000000000e+00,-2.706385462958316168e-15
4.000000000000000000e+00,4.340000000000000000e+03,2.669565878850040930e-01,0.000000000000000000e+00,4.274358644806852681e-15,-8.607799409788376542e-12,0.000000000000000000e+00,-8.607799409788376542e-12,-8.607800214527070167e-12,1.444197724759174983e-09,2.669565878850042595e-01,2.766810063355835260e-06,0.000000000000000000e+00,-2.706385462958316168e-15
4.000000000000000000e+00,4.345000000000000000e+03,2.669565878850040375e-01,0.000000000000000000e+00,4.218847493575594854e-15,-2.205311839932269531e-12,0.000000000000000000e+00,-2.205311839932269531e-12,-2.205313055773715995e-12,1.417164941583423020e-09,2.669565878850039820e-01,2.766810063355833142e-06,0.000000000000000000e+00,-2.706385462958316168e-15
4.000000000000000000e+00,4.350000000000000000e+03,2.669565878850039820e-01,0.000000000000000000e+00,4.163336342344337027e-15,9.655071576249105405e-12,0.000000000000000000e+00,9.655071576249105405e-12,9.655070234834824179e-12,1.435789334531075754e-09,2.669565878850043150e-01,2.766810063355833142e-06,0.000000000000000000e+00,-2.706385462958316168e-15
4.000000000000000000e+00,4.355000000000000000e+03,2.669565878850041485e-01,0.000000000000000000e+00,4.329869796038110508e-15,1.745234625835373326e-11,0.000000000000000000e+00,1.745234625835373326e-11,1.745234469033525223e-11,1.503557871844001014e-09,2.669565878850040375e-01,2.766810063355832719e-06,0.000000000000000000e+00,-2.706385462958316168e-15
4.000000000000000000e+00,4.360000000000000000e+03,2.669565878850040930e-01,0.000000000000000000e+00,4.274358644806852681e-15,1.653087535164369479e-11,0.000000000000000000e+00,1.653087535164369479e-11,1.653087412933688188e-11,1.588515918893181296e-09,2.669565878850039820e-01,2.766810063355834413e-06,0.000000000000000000e+00,-2.706385462958316168e-15
4.000000000000000000e+00,4.365000000000000000e+03,2.669565878850042040e-01,0.000000000000000000e+00,4.385380947269368335e-15,2.444650892343065136e-12,0.000000000000000000e+00,2.444650892343065136e-12,2.444649511555736384e-12,1.635954727995412881e-09,2.669565878850040375e-01,2.766810063355833566e-06,0.000000000000000000e+00,-2.706385462958316168e-15
4.000000000000000000e+00,4.370000000000000000e+03,2.669565878850040375e-01,0.000000000000000000e+00,4.218847493575594854e-15,-7.646958666305320813e-12,0.000000000000000000e+00,-7.646958666305320813e-12,-7.646959712437284319e-12,1.622948952493208952e-09,2.669565878850040375e-01,2.766810063355835260e-06,0.000000000000000000e+00,-2.706385462958316168e-15
4.000000000000000000e+00,4.375000000000000000e+03,2.669565878850040930e-01,0.000000000000000000e+00,4.274358644806852681e-15,-1.537021057388992092e-11,0.000000000000000000e+00,-1.537021057388992092e-11,-1.537021196200367560e-11,1.565406023307106478e-09,2.669565878850041485e-01,2.766810063355835260e-06,0.000000000000000000e+00,-2.706385462958316168e-15
4.000000000000000000e+00,4.380000000000000000e+03,2.669565878850042040e-01,0.000000000000000000e+00,4.385380947269368335e-15,-1.685816379875510641e-11,0.000000000000000000e+00,-1.685816379875510641e-11,-1.685816549326150691e-11,1.484835079668943517e-09,2.669565878850040375e-01,2.766810063355833566e-06,0.000000000000000000e+00,-2.706385462958316168e-15
4.000000000000000000e+00,4.385000000000000000e+03,2.669565878850040930e-01,0.000000000000000000e+00,4.274358644806852681e-15,-1.536425101533822013e-11,0.000000000000000000e+00,-1.536425101533822013e-11,-1.536425262965192885e-11,1.404279034361659941e-09,2.669565878850039820e-01,2.766810063355835260e-06,0.000000000000000000e+00,-2.706385462958316168e-15
4.000000000000000000e+00,4.390000000000000000e+03,2.669565878850041485e-01,0.000000000000000000e+00,4.329869796038110508e-15,-2.766313879078340873e-12,0.000000000000000000e+00,-2.766313879078340873e-12,-2.766315434280279500e-12,1.358952614201829555e-09,2.669565878850040930e-01,2.766810063355835684e-06,0.000000000000000000e+00,-2.706385462958316168e-15
4.000000000000000000e+00,4.395000000000000000e+03,2.669565878850042040e-01,0.000000000000000000e+00,4.385380947269368335e-15,1.654255951702999067e-11,0.000000000000000000e+00,1.654255951702999067e-11,1.654255833648640890e-11,1.393393221457344749e-09,2.669565878850044816e-01,2.766810063355835260e-06,0.000000000000000000e+00,-2.706385462958316168e-15
4.000000000000000000e+00,4.400000000000000000e+03,2.669565878850040375e-01,0.000000000000000000e+00,4.218847493575594854e-15,2.726295379939284664e-11,0.000000000000000000e+00,2.726295379939284664e-11,2.726295247680569376e-11,1.502906998490575096e-09,2.669565878850039820e-01,2.766810063355834413e-06,0.000000000000000000e+00,-2.706385462958316168e-15
4.000000000000000000e+00,4.405000000000000000e+03,2.669565878850041485e-01,0.000000000000000000e+00,4.329869796038110508e-15,2.110065044983951648e-11,0.000000000000000000e+00,2.110065044983951648e-11,2.110064894012336490e-11,1.623816002032897736e-09,2.669565878850039820e-01,2.766810063355834413e-06,0.000000000000000000e+00,-2.706385462958316168e-15
4.000000000000000000e+00,4.410000000000000000e+03,2.669565878850040930e-01,0.000000000000000000e+00,4.274358644806852681e-15,4.773009010156335509e-12,0.000000000000000000e+00,4.773009010156335509e-12,4.773007252464517692e-12,1.688500142514367377e-09,2.669565878850040930e-01,2.766810063355836107e-06,0.000000000000000000e+00,-2.706385462958316168e-15
4.000000000000000000e+00,4.415000000000000000e+03,2.669565878850041485e-01,0.000000000000000000e+00,4.329869796038110508e-15,-9.329573550132196456e-12,0.000000000000000000e+00,-9.329573550132196456e-12,-9.329575221010992164e-12,1.677108722593001217e-09,2.669565878850045371e-01,2.766810063355836107e-06,0.000000000000000000e+00,-2.706385462958316168e-15
4.000000000000000000e+00,4.420000000000000000e+03,2.669565878850040930e-01,0.000000000000000000e+00,4.274358644806852681e-15,-2.133429265780996821e-11,0.000000000000000000e+00,-2.133429265780996821e-11,-2.133429363504121819e-11,1.600449050452870732e-09,2.669565878850040375e-01,2.766810063355836107e-06,0.000000000000000000e+00,-2.706385462958316168e-15
4.000000000000000000e+00,4.425000000000000000e+03,2.669565878850040930e-01,0.000000000000000000e+00,4.274358644806852681e-15,-2.849873363834726373e-11,0.000000000000000000e+00,-2.849873363834726373e-11,-2.849873481328475492e-11,1.475866479332055819e-09,2.669565878850044260e-01,2.766810063355834413e-06,0.000000000000000000e+00,-2.706385462958316168e-15
4.000000000000000000e+00,4.430000000000000000e+03,2.669565878850042040e-01,0.000000000000000000e+00,4.385380947269368335e-15,-2.270762401243853784e-11,0.000000000000000000e+00,-2.270762401243853784e-11,-2.270762493914177353e-11,1.347850579950989499e-09,2.669565878850039264e-01,2.766810063355836107e-06,0.000000000000000000e+00,-2.706385462958316168e-15
4.000000000000000000e+00,4.435000000000000000e+03,2.669565878850041485e-01,0.000000000000000000e+00,4.329869796038110508e-15,4.989910596017904501e-12,0.000000000000000000e+00,4.989910596017904501e-12,4.989909630177782963e-12,1.303556291678579430e-09,2.669565878850043150e-01,2.766810063355832719e-06,0.000000000000000000e+00,-2.706385462958316168e-15
4.000000000000000000e+00,4.440000000000000000e+03,2.669565878850039264e-01,0.000000000000000000e+00,4.107825191113079200e-15,2.683497659168546127e-11,0.000000000000000000e+00,2.683497659168546127e-11,2.683497524724359884e-11,1.383118503872132965e-09,2.669565878850040375e-01,2.766810063355835260e-06,0.000000000000000000e+00,-2.706385462958316168e-15
4.000000000000000000e+00,4.445000000000000000e+03,2.669565878850041485e-01,0.000000000000000000e+00,4.329869796038110508e-15,3.744656827737813241e-11,0.000000000000000000e+00,3.744656827737813241e-11,3.744656716212229433e-11,1.543822359895547683e-09,2.669565878850042040e-01,2.766810063355834413e-06,0.000000000000000000e+00,-2.706385462958316168e-15
4.000000000000000000e+00,4.450000000000000000e+03,2.669565878850042040e-01,0.000000000000000000e+00,4.385380947269368335e-15,3.199867637238428229e-11,0.000000000000000000e+00,3.199867637238428229e-11,3.199867524558535849e-11,1.717435465914816860e-09,2.669565878850043150e-01,2.766810063355836107e-06,0.000000000000000000e+00,-2.706385462958316168e-15
4.000000000000000000e+00,4.455000000000000000e+03,2.669565878850042595e-01,0.000000000000000000e+00,4.440892098500626162e-15,1.339103446639727185e-11,0.000000000000000000e+00,1.339103446639727185e-11,1.339103351332573320e-11,1.830909737812094581e-09,2.669565878850044260e-01,2.766810063355834837e-06,0.000000000000000000e+00,-2.706385462958316168e-15
4.000000000000000000e+00,4.460000000000000000e+03,2.669565878850042040e-01,0.000000000000000000e+00,4.385380947269368335e-15,-3.118241409658145332e-11,0.000000000000000000e+00,-3.118241409658145332e-11,-3.118241572220388425e-11,1.786431282289899100e-09,2.669565878850042040e-01,2.766810063355836107e-06,0.000000000000000000e+00,-2.706385462958316168e-15
4.000000000000000000e+00,4.465000000000000000e+03,2.669565878850042595e-01,0.000000000000000000e+00,4.440892098500626162e-15,-6.428481047674464879e-11,0.000000000000000000e+00,-6.428481047674464879e-11,-6.428481174541719686e-11,1.547763213620846511e-09,2.669565878850042595e-01,2.766810063355834413e-06,0.000000000000000000e+00,-2.706385462958316168e-15
4.000000000000000000e+00,4.470000000000000000e+03,2.669565878850042040e-01,0.000000000000000000e+00,4.385380947269368335e-15,-6.586975234540944028e-11,0.000000000000000000e+00,-6.586975234540944028e-11,-6.586975388860322622e-11,1.222376799535795427e-09,2.669565878850042595e-01,2.766810063355836107e-06,0.000000000000000000e+00,-2.706385462958316168e-15
4.000000000000000000e+00,4.475000000000000000e+03,2.669565878850042040e-01,0.000000000000000000e+00,4.385380947269368335e-15,-2.844628433167204115e-11,0.000000000000000000e+00,-2.844628433167204115e-11,-2.844628540634901239e-11,9.865867012984148451e-10,2.669565878850042040e-01,2.766810063355836107e-06,0.000000000000000000e+00,-2.706385462958316168e-15
4.000000000000000000e+00,4.480000000000000000e+03,2.669565878850042595e-01,0.000000000000000000e+00,4.440892098500626162e-15,-7.626041968615203702e-12,0.000000000000000000e+00,-7.626041968615203702e-12,-7.626043597697500098e-12,8.964058787882985437e-10,2.669565878850043705e-01,2.766810063355836107e-06,0.000000000000000000e+00,-2.706385462958316168e-15
4.000000000000000000e+00,4.485000000000000000e+03,2.669565878850043150e-01,0.000000000000000000e+00,4.496403249731883989e-15,1.214142952654891511e-11,0.000000000000000000e+00,1.214142952654891511e-11,1.214142824145806942e-11,9.076943403976999532e-10,2.669565878850043705e-01,2.766810063355836107e-06,0.000000000000000000e+00,-2.706385462958316168e-15
4.000000000000000000e+00,4.490000000000000000e+03,2.669565878850042040e-01,0.000000000000000000e+00,4.385380947269368335e-15,1.838497584895677693e-11,0.000000000000000000e+00,1.838497584895677693e-11,1.838497490404539279e-11,9.840103482614585732e-10,2.669565878850042595e-01,2.766810063355837378e-06,0.000000000000000000e+00,-2.706385462958316168e-15
4.000000000000000000e+00,4.495000000000000000e+03,2.669565878850041485e-01,0.000000000000000000e+00,4.329869796038110508e-15,-1.732913421368291887e-12,0.000000000000000000e+00,-1.732913421368291887e-12,-1.732914722876019135e-12,1.025640498714381975e-09,2.669565878850040930e-01,2.766810063355835260e-06,0.000000000000000000e+00,-2.706385462958316168e-15
4.000000000000000000e+00,4.500000000000000000e+03,2.669565878850042595e-01,0.000000000000000000e+00,4.440892098500626162e-15,-2.052383795178915082e-11,0.000000000000000000e+00,-2.052383795178915082e-11,-2.052383924977680531e-11,9.699986137827498517e-10,2.669565878850043705e-01,2.766810063355836954e-06,0.000000000000000000e+00,-2.706385462958316168e-15
4.000000000000000000e+00,4.505000000000000000e+03,2.669565878850043705e-01,0.000000000000000000e+00,4.551914400963141816e-15,-3.578862563302189807e-11,0.000000000000000000e+00,-3.578862563302189807e-11,-3.578862674176971819e-11,8.292174488038836722e-10,2.669565878850042040e-01,2.766810063355836954e-06,0.000000000000000000e+00,-2.706385462958316168e-15
4.000000000000000000e+00,4.510000000000000000e+03,2.669565878850042595e-01,0.000000000000000000e+00,4.440892098500626162e-15,-3.677034465481386448e-11,0.000000000000000000e+00,-3.677034465481386448e-11,-3.677034616708672794e-11,6.478200165317425633e-10,2.669565878850042595e-01,2.766810063355836954e-06,0.000000000000000000e+00,-2.706385462958316168e-15
4.000000000000000000e+00,4.515000000000000000e+03,2.669565878850042040e-01,0.000000000000000000e+00,4.385380947269368335e-15,-6.187999604668318650e-12,0.000000000000000000e+00,-6.187999604668318650e-12,-6.188001012601975119e-12,5.404241485825207209e-10,2.669565878850044260e-01,2.766810063355836531e-06,0.000000000000000000e+00,-2.706385462958316168e-15
4.000000000000000000e+00,4.520000000000000000e+03,2.669565878850043150e-01,0.000000000000000000e+00,4.496403249731883989e-15,2.260661051676015730e-11,0.000000000000000000e+00,2.260661051676015730e-11,2.260660893892126202e-11,5.814706683983189567e-10,2.669565878850040930e-01,2.766810063355836954e-06,0.000000000000000000e+00,-2.706385462958316168e-15
4.000000000000000000e+00,4.525000000000000000e+03,2.669565878850042040e-01,0.000000000000000000e+00,4.385380947269368335e-15,1.973137106359504372e-11,0.000000000000000000e+00,1.973137106359504372e-11,1.973136962698574152e-11,6.873156148130864106e-10,2.669565878850044816e-01,2.766810063355836107e-06,0.000000000000000000e+00,-2.706385462958316168e-15
4.000000000000000000e+00,4.530000000000000000e+03,2.669565878850042595e-01,0.000000000000000000e+00,4.440892098500626162e-15,5.461786537473570121e-13,0.000000000000000000e+00,5.461786537473570121e-13,5.461772683151131652e-13,7.380094820513385165e-10,2.669565878850042595e-01,2.766810063355836954e-06,0.000000000000000000e+00,-2.706385462958316168e-15
4.000000000000000000e+00,4.535000000000000000e+03,2.669565878850044260e-01,0.000000000000000000e+00,4.607425552194399643e-15,-8.697640541852978189e-12,0.000000000000000000e+00,-8.697640541852978189e-12,-8.697641703058452106e-12,7.176308209644801504e-10,2.669565878850045926e-01,2.766810063355838648e-06,0.000000000000000000e+00,-2.706385462958316168e-15
4.000000000000000000e+00,4.540000000000000000e+03,2.669565878850042595e-01,0.000000000000000000e+00,4.440892098500626162e-15,-1.092327712863946246e-11,0.000000000000000000e+00,-1.092327712863946246e-11,-1.092327855445743101e-11,6.685785203206904838e-10,2.669565878850040930e-01,2.766810063355836107e-06,0.000000000000000000e+00,-2.706385462958316168e-15
4.000000000000000000e+00,4.545000000000000000e+03,2.669565878850043150e-01,0.000000000000000000e+00,4.496403249731883989e-15,-8.003737484718316956e-12,0.000000000000000000e+00,-8.003737484718316956e-12,-8.003738824070268895e-12,6.212609768743711921e-10,2.669565878850038154e-01,2.766810063355836531e-06,0.000000000000000000e+00,-2.706385462958316168e-15
4.000000000000000000e+00,4.550000000000000000e+03,2.669565878850043150e-01,0.000000000000000000e+00,4.496403249731883989e-15,1.957056711219578397e-12,0.000000000000000000e+00,1.957056711219578397e-12,1.957055472522102075e-12,6.061442684955007761e-10,2.669565878850045371e-01,2.766810063355836107e-06,0.000000000000000000e+00,-2.706385462958316168e-15
4.000000000000000000e+00,4.555000000000000000e+03,2.669565878850044260e-01,0.000000000000000000e+00,4.607425552194399643e-15,6.564241856820342212e-12,0.000000000000000000e+00,6.564241856820342212e-12,6.564240609468670890e-12,6.274475087004776598e-10,2.669565878850046481e-01,2.766810063355836531e-06,0.000000000000000000e+00,-2.706385462958316168e-15
4.000000000000000000e+00,4.560000000000000000e+03,2.669565878850042595e-01,0.000000000000000000e+00,4.440892098500626162e-15,7.826909182805648397e-12,0.000000000000000000e+00,7.826909182805648397e-12,7.826908178722340196e-12,6.634253806709551968e-10,2.669565878850042040e-01,2.766810063355838648e-06,0.000000000000000000e+00,-2.706385462958316168e-15
4.000000000000000000e+00,4.565000000000000000e+03,2.669565878850043705e-01,0.000000000000000000e+00,4.551914400963141816e-15,5.672908531244763951e-12,0.000000000000000000e+00,5.672908531244763951e-12,5.672906913182565917e-12,6.971749184007175053e-10,2.669565878850040930e-01,2.766810063355836531e-06,0.000000000000000000e+00,-2.706385462958316168e-15
4.000000000000000000e+00,4.570000000000000000e+03,2.669565878850043150e-01,0.000000000000000000e+00,4.496403249731883989e-15,-1.528218699501237739e-12,0.000000000000000000e+00,-1.528218699501237739e-12,-1.528219572223618642e-12,7.075366367531148252e-10,2.669565878850047591e-01,2.766810063355836954e-06,0.000000000000000000e+00,-2.706385462958316168e-15
4.000000000000000000e+00,4.575000000000000000e+03,2.669565878850044260e-01,0.000000000000000000e+00,4.607425552194399643e-15,-4.803212069122845472e-12,0.000000000000000000e+00,-4.803212069122845472e-12,-4.803213379253530748e-12,6.917080543744219176e-10,2.669565878850045371e-01,2.766810063355837801e-06,0.000000000000000000e+00,-2.706385462958316168e-15
4.000000000000000000e+00,4.580000000000000000e+03,2.669565878850043150e-01,0.000000000000000000e+00,4.496403249731883989e-15,-4.353980485168584043e-12,0.000000000000000000e+00,-4.353980485168584043e-12,-4.353981765345954278e-12,6.688150665129231744e-10,2.669565878850047036e-01,2.766810063355836954e-06,0.000000000000000000e+00,-2.706385462958316168e-15
4.000000000000000000e+00,4.585000000000000000e+03,2.669565878850043705e-01,0.000000000000000000e+00,4.551914400963141816e-15,-2.813812014136060716e-12,0.000000000000000000e+00,-2.813812014136060716e-12,-2.813812993735849087e-12,6.508955796152186920e-10,2.669565878850043705e-01,2.766810063355836107e-06,0.000000000000000000e+00,-2.706385462958316168e-15
4.000000000000000000e+00,4.590000000000000000e+03,2.669565878850043150e-01,0.000000000000000000e+00,4.496403249731883989e-15,9.320366241127359093e-13,0.000000000000000000e+00,9.320366241127359093e-13,9.320355244013990938e-13,6.461911359418825519e-10,2.669565878850043150e-01,2.766810063355837801e-06,0.000000000000000000e+00,-2.706385462958316168e-15
4.000000000000000000e+00,4.595000000000000000e+03,2.669565878850044260e-01,0.000000000000000000e+00,4.607425552194399643e-15,3.805482782540796612e-12,0.000000000000000000e+00,3.805482782540796612e-12,3.805481400690873584e-12,6.580349282546132263e-10,2.669565878850043705e-01,2.766810063355839072e-06,0.000000000000000000e+00,-2.706385462958316168e-15
4.000000000000000000e+00,4.600000000000000000e+03,2.669565878850044260e-01,0.000000000000000000e+00,4.607425552194399643e-15,2.238912809884355349e-12,0.000000000000000000e+00,2.238912809884355349e-12,2.238911386251229292e-12,6.731459102219685158e-10,2.669565878850044816e-01,2.766810063355837801e-06,0.000000000000000000e+00,-2.706385462958316168e-15
4.000000000000000000e+00,4.605000000000000000e+03,2.669565878850045371e-01,0.000000000000000000e+00,4.718447854656915297e-15,-2.327125908344409053e-12,0.000000000000000000e+00,-2.327125908344409053e-12,-2.327127102848413749e-12,6.729253709304755403e-10,2.669565878850044260e-01,2.766810063355836531e-06,0.000000000000000000e+00,-2.706385462958316168e-15
4.000000000000000000e+00,4.610000000000000000e+03,2.669565878850045371e-01,0.000000000000000000e+00,4.718447854656915297e-15,-6.247573218353705609e-12,0.000000000000000000e+00,-6.247573218353705609e-12,-6.247574343281382077e-12,6.514886173151510703e-10,2.669565878850047591e-01,2.766810063355836954e-06,0.000000000000000000e+00,-2.706385462958316168e-15
4.000000000000000000e+00,4.615000000000000000e+03,2.669565878850046481e-01,0.000000000000000000e+00,4.829470157119430951e-15,-8.464699999023469332e-12,0.000000000000000000e+00,-8.464699999023469332e-12,-8.464701160694361592e-12,6.147079285552117265e-10,2.669565878850044816e-01,2.766810063355837801e-06,0.000000000000000000e+00,-2.706385462958316168e-15
4.000000000000000000e+00,4.620000000000000000e+03,2.669565878850043705e-01,0.000000000000000000e+00,4.551914400963141816e-15,-5.876714551066544497e-12,0.000000000000000000e+00,-5.876714551066544497e-12,-5.876715579388323906e-12,5.788543867050050620e-10,2.669565878850043150e-01,2.766810063355836107e-06,0.000000000000000000e+00,-2.706385462958316168e-15
4.000000000000000000e+00,4.625000000000000000e+03,2.669565878850045371e-01,0.000000000000000000e+00,4.718447854656915297e-15,2.536800877128714526e-12,0.000000000000000000e+00,2.536800877128714526e-12,2.536800434261397369e-12,5.705045988421877102e-10,2.669565878850048146e-01,2.766810063355837801e-06,0.000000000000000000e+00,-2.706385462958316168e-15
4.000000000000000000e+00,4.630000000000000000e+03,2.669565878850044816e-01,0.000000000000000000e+00,4.662936703425657470e-15,8.547280917780282428e-12,0.000000000000000000e+00,8.547280917780282428e-12,8.547279317913861480e-12,5.982147982226258767e-10,2.669565878850043705e-01,2.766810063355838648e-06,0.000000000000000000e+00,-2.706385462958316168e-15
4.000000000000000000e+00,4.635000000000000000e+03,2.669565878850044816e-01,0.000000000000000000e+00,4.662936703425657470e-15,1.044204710072729276e-11,0.000000000000000000e+00,1.044204710072729276e-11,1.044204580341617345e-11,6.456881110259510052e-10,2.669565878850044260e-01,2.766810063355837801e-06,0.000000000000000000e+00,-2.706385462958316168e-15
4.000000000000000000e+00,4.640000000000000000e+03,2.669565878850044816e-01,0.000000000000000000e+00,4.662936703425657470e-15,7.387605069357837641e-12,0.000000000000000000e+00,7.387605069357837641e-12,7.387603451424310621e-12,6.902622341630522267e-10,2.669565878850045371e-01,2.766810063355839495e-06,0.000000000000000000e+00,-2.706385462958316168e-15
4.000000000000000000e+00,4.645000000000000000e+03,2.669565878850044816e-01,0.000000000000000000e+00,4.662936703425657470e-15,-4.736360417563726737e-12,0.000000000000000000e+00,-4.736360417563726737e-12,-4.736361272723762284e-12,6.968903396098036274e-10,2.669565878850043150e-01,2.766810063355836107e-06,0.000000000000000000e+00,-2.706385462958316168e-15
4.000000000000000000e+00,4.650000000000000000e+03,2.669565878850044816e-01,0.000000000000000000e+00,4.662936703425657470e-15,-1.327735886440311159e-11,0.000000000000000000e+00,-1.327735886440311159e-11,-1.327736050181573714e-11,6.518560351734548926e-10,2.669565878850042040e-01,2.766810063355837801e-06,0.000000000000000000e+00,-2.706385462958316168e-15
4.000000000000000000e+00,4.655000000000000000e+03,2.669565878850044816e-01,0.000000000000000000e+00,4.662936703425657470e-15,-1.376944921977555554e-11,0.000000000000000000e+00,-1.376944921977555554e-11,-1.376945061146724118e-11,5.842390073902474169e-10,2.669565878850045926e-01,2.766810063355837801e-06,0.000000000000000000e+00,-2.706385462958316168e-15
4.000000000000000000e+00,4.660000000000000000e+03,2.669565878850044260e-01,0.000000000000000000e+00,4.607425552194399643e-15,-8.500897710271367574e-12,0.000000000000000000e+00,-8.500897710271367574e-12,-8.500899250917286984e-12,5.285631327342860132e-10,2.669565878850039264e-01,2.766810063355838648e-06,0.000000000000000000e+00,-2.706385462958316168e-15
4.000000000000000000e+00,4.665000000000000000e+03,2.669565878850045926e-01,0.000000000000000000e+00,4.773959005888173124e-15,6.046657148692061426e-12,0.000000000000000000e+00,6.046657148692061426e-12,6.046655898377016367e-12,5.224275243529353407e-10,2.669565878850040930e-01,2.766810063355839495e-06,0.000000000000000000e+00,-2.706385462958316168e-15
4.000000000000000000e+00,4.670000000000000000e+03,2.669565878850045371e-01,0.000000000000000000e+00,4.718447854656915297e-15,2.005751103061152220e-11,0.000000000000000000e+00,2.005751103061152220e-11,2.005751009827349986e-11,5.876879393445617169e-10,2.669565878850043705e-01,2.766810063355839495e-06,0.000000000000000000e+00,-2.706385462958316168e-15
4.000000000000000000e+00,4.675000000000000000e+03,2.669565878850044260e-01,0.000000000000000000e+00,4.607425552194399643e-15,2.068269771235203262e-11,0.000000000000000000e+00,2.068269771235203262e-11,2.068269644548087713e-11,6.895384557039476820e-10,2.669565878850042040e-01,2.766810063355838648e-06,0.000000000000000000e+00,-2.706385462958316168e-15
4.000000000000000000e+00,4.680000000000000000e+03,2.669565878850045371e-01,0.000000000000000000e+00,4.718447854656915297e-15,8.153742366461698039e-12,0.000000000000000000e+00,8.153742366461698039e-12,8.153741538242384128e-12,7.616295506632557972e-10,2.669565878850044816e-01,2.766810063355840342e-06,0.000000000000000000e+00,-2.706385462958316168e-15
4.000000000000000000e+00,4.685000000000000000e+03,2.669565878850045371e-01,0.000000000000000000e+00,4.718447854656915297e-15,-5.224896198552125259e-12,0.000000000000000000e+00,-5.224896198552125259e-12,-5.224897070527165038e-12,7.689516618325438583e-10,2.669565878850047591e-01,2.766810063355839495e-06,0.000000000000000000e+00,-2.706385462958316168e-15
4.000000000000000000e+00,4.690000000000000000e+03,2.669565878850044260e-01,0.000000000000000000e+00,4.607425552194399643e-15,-1.339109949599504015e-11,0.000000000000000000e+00,-1.339109949599504015e-11,-1.339110082440328434e-11,7.224116670952177449e-10,2.669565878850043150e-01,2.766810063355840342e-06,0.000000000000000000e+00,-2.706385462958316168e-15
4.000000000000000000e+00,4.695000000000000000e+03,2.669565878850045371e-01,0.000000000000000000e+00,4.718447854656915297e-15,-1.310998041471022668e-11,0.000000000000000000e+00,-1.310998041471022668e-11,-1.310998196997656180e-11,6.561589601092681352e-10,2.669565878850045926e-01,2.766810063355840342e-06,0.000000000000000000e+00,-2.706385462958316168e-15
4.000000000000000000e+00,4.700000000000000000e+03,2.669565878850045926e-01,0.000000000000000000e+00,4.773959005888173124e-15,3.750450303309806317e-12,0.000000000000000000e+00,3.750450303309806317e-12,3.750448546426246548e-12,6.327601265503923079e-10,2.669565878850047036e-01,2.766810063355839495e-06,0.000000000000000000e+00,-2.706385462958316168e-15
4.000000000000000000e+00,4.705000000000000000e+03,2.669565878850044260e-01,0.000000000000000000e+00,4.607425552194399643e-15,1.821413239796724427e-11,0.000000000000000000e+00,1.821413239796724427e-11,1.821413113955930966e-11,6.876715757653561512e-10,2.669565878850042595e-01,2.766810063355839495e-06,0.000000000000000000e+00,-2.706385462958316168e-15
4.000000000000000000e+00,4.710000000000000000e+03,2.669565878850045371e-01,0.000000000000000000e+00,4.718447854656915297e-15,2.840459668409130791e-11,0.000000000000000000e+00,2.840459668409130791e-11,2.840459550292837142e-11,8.042183923715753135e-10,2.669565878850045371e-01,2.766810063355838648e-06,0.000000000000000000e+00,-2.706385462958316168e-15
4.000000000000000000e+00,4.715000000000000000e+03,2.669565878850044816e-01,0.000000000000000000e+00,4.662936703425657470e-15,2.549042772811321173e-11,0.000000000000000000e+00,2.549042772811321173e-11,2.549042635451002092e-11,9.389559470151712685e-10,2.669565878850043705e-01,2.766810063355838648e-06,0.000000000000000000e+00,-2.706385462958316168e-15
4.000000000000000000e+00,4.720000000000000000e+03,2.669565878850046481e-01,0.000000000000000000e+00,4.829470157119430951e-15,-2.958602063752378018e-12,0.000000000000000000e+00,-2.958602063752378018e-12,-2.958602811942638941e-12,9.952855058715897860e-10,2.669565878850046481e-01,2.766810063355838648e-06,0.000000000000000000e+00,-2.706385462958316168e-15
4.000000000000000000e+00,4.725000000000000000e+03,2.669565878850046481e-01,0.000000000000000000e+00,4.829470157119430951e-15,-2.606441377830079735e-11,0.000000000000000000e+00,-2.606441377830079735e-11,-2.606441493375910600e-11,9.227279615073353393e-10,2.669565878850044816e-01,2.766810063355839495e-06,0.000000000000000000e+00,-2.706385462958316168e-15
4.000000000000000000e+00,4.730000000000000000e+03,2.669565878850045926e-01,0.000000000000000000e+00,4.773959005888173124e-15,-3.670888667885966957e-11,0.000000000000000000e+00,-3.670888667885966957e-11,-3.670888777091364077e-11,7.657947047456534077e-10,2.669565878850045926e-01,2.766810063355839495e-06,0.000000000000000000e+00,-2.706385462958316168e-15
4.000000000000000000e+00,4.735000000000000000e+03,2.669565878850044816e-01,0.000000000000000000e+00,4.662936703425657470e-15,-3.159935627293831395e-11,0.000000000000000000e+00,-3.159935627293831395e-11,-3.159935734437933848e-11,5.950240919574208659e-10,2.669565878850044816e-01,2.766810063355837801e-06,0.000000000000000000e+00,-2.706385462958316168e-15
4.000000000000000000e+00,4.740000000000000000e+03,2.669565878850046481e-01,0.000000000000000000e+00,4.829470157119430951e-15,1.855411644724153005e-12,0.000000000000000000e+00,1.855411644724153005e-12,1.855410499760677376e-12,5.206642248458741679e-10,2.669565878850047036e-01,2.766810063355840342e-06,0.000000000000000000e+00,-2.706385462958316168e-15
4.000000000000000000e+00,4.745000000000000000e+03,2.669565878850046481e-01,0.000000000000000000e+00,4.829470157119430951e-15,4.122320019294308308e-11,0.000000000000000000e+00,4.122320019294308308e-11,4.122319896686798426e-11,6.283607485124458672e-10,2.669565878850047591e-01,2.766810063355839495e-06,0.000000000000000000e+00,-2.706385462958316168e-15
4.000000000000000000e+00,4.750000000000000000e+03,2.669565878850045371e-01,0.000000000000000000e+00,4.718447854656915297e-15,5.407452222250609182e-11,0.000000000000000000e+00,5.407452222250609182e-11,5.407452056729349107e-11,8.666050473478495168e-10,2.669565878850044260e-01,2.766810063355840342e-06,0.000000000000000000e+00,-2.706385462958316168e-15
4.000000000000000000e+00,4.755000000000000000e+03,2.669565878850043705e-01,0.000000000000000000e+00,4.551914400963141816e-15,3.568246905850428445e-11,0.000000000000000000e+00,3.568246905850428445e-11,3.568246756904993489e-11,1.090997517688708033e-09,2.669565878850044260e-01,2.766810063355839495e-06,0.000000000000000000e+00,-2.706385462958316168e-15
4.000000000000000000e+00,4.760000000000000000e+03,2.669565878850047591e-01,0.000000000000000000e+00,4.940492459581946605e-15,1.263338446901889185e-12,0.000000000000000000e+00,1.263338446901889185e-12,1.263337158083479271e-12,1.183362029506541561e-09,2.669565878850047591e-01,2.766810063355840342e-06,0.000000000000000000e+00,-2.706385462958316168e-15
4.000000000000000000e+00,4.765000000000000000e+03,2.669565878850047036e-01,0.000000000000000000e+00,4.884981308350688778e-15,-3.533929734479912852e-11,0.000000000000000000e+00,-3.533929734479912852e-11,-3.533929862594500447e-11,1.098172125836887782e-09,2.669565878850046481e-01,2.766810063355840766e-06,0.000000000000000000e+00,-2.706385462958316168e-15
4.000000000000000000e+00,4.770000000000000000e+03,2.669565878850048146e-01,0.000000000000000000e+00,4.996003610813204432e-15,-4.090857742022674083e-11,0.000000000000000000e+00,-4.090857742022674083e-11,-4.090857888260727506e-11,9.075524320655071125e-10,2.669565878850045371e-01,2.766810063355840342e-06,0.000000000000000000e+00,-2.706385462958316168e-15
4.000000000000000000e+00,4.775000000000000000e+03,2.669565878850046481e-01,0.000000000000000000e+00,4.829470157119430951e-15,1.906766147723885480e-12,0.000000000000000000e+00,1.906766147723885480e-12,1.906765172145810069e-12,8.100478977893534666e-10,2.669565878850045371e-01,2.766810063355841189e-06,0.000000000000000000e+00,-2.706385462958316168e-15
4.000000000000000000e+00,4.780000000000000000e+03,2.669565878850046481e-01,0.000000000000000000e+00,4.829470157119430951e-15,2.125894394581690134e-11,0.000000000000000000e+00,2.125894394581690134e-11,2.125894248988095711e-11,8.679621669444203753e-10,2.669565878850049256e-01,2.766810063355837801e-06,0.000000000000000000e+00,-2.706385462958316168e-15
4.000000000000000000e+00,4.785000000000000000e+03,2.669565878850047036e-01,0.000000000000000000e+00,4.884981308350688778e-15,1.333410428206737859e-11,0.000000000000000000e+00,1.333410428206737859e-11,1.333410270882316143e-11,9.544447799411806942e-10,2.669565878850047591e-01,2.766810063355839495e-06,0.000000000000000000e+00,-2.706385462958316168e-15
4.000000000000000000e+00,4.790000000000000000e+03,2.669565878850045926e-01,0.000000000000000000e+00,4.773959005888173124e-15,5.526066726498391865e-12,0.000000000000000000e+00,5.526066726498391865e-12,5.526065650474571867e-12,1.001595200839425011e-09,2.669565878850048146e-01,2.766810063355841189e-06,0.000000000000000000e+00,-2.706385462958316168e-15
4.000000000000000000e+00,4.795000000000000000e+03,2.669565878850045926e-01,0.000000000000000000e+00,4.773959005888173124e-15,-1.214442912472922081e-11,0.000000000000000000e+00,-1.214442912472922081e-11,-1.214443065942145283e-11,9.850492883170577887e-10,2.669565878850045926e-01,2.766810063355840342e-06,0.000000000000000000e+00,-2.706385462958316168e-15
4.000000000000000000e+00,4.800000000000000000e+03,2.669565878850047591e-01,0.000000000000000000e+00,4.940492459581946605e-15,1.652297126435773955e-18,0.000000000000000000e+00,1.652297126435773955e-18,9.626309358676884763e-20,9.546882119091620395e-10,2.669565878850048146e-01,2.766810063355840342e-06,0.000000000000000000e+00,-2.706385462958316168e-15
