step,time_s,inventory_mol,input_mol,residual_mol,inventory_rate_mol_s,input_rate_mol_s,balance_rate_mol_s,predicted_rate_mol_s,predicted_integral_mol,loop_inventory_mol,supplied_inventory,current_A,capacity_Ah
0.000000000000000000e+00,0.000000000000000000e+00,2.669565878849998186e-01,0.000000000000000000e+00,0.000000000000000000e+00,-1.219083744672393755e-18,0.000000000000000000e+00,-1.219083744672393755e-18,0.000000000000000000e+00,0.000000000000000000e+00,2.669565878850003737e-01,2.669565878850001517e-01,0.000000000000000000e+00,0.000000000000000000e+00
0.000000000000000000e+00,5.000000000000000000e+00,2.669565878850001517e-01,0.000000000000000000e+00,3.330669073875469621e-16,-1.506545780670980598e-18,0.000000000000000000e+00,-1.506545780670980598e-18,0.000000000000000000e+00,0.000000000000000000e+00,2.669565878850003737e-01,2.669565878850001517e-01,0.000000000000000000e+00,0.000000000000000000e+00
0.000000000000000000e+00,1.000000000000000000e+01,2.669565878849999851e-01,0.000000000000000000e+00,1.665334536937734811e-16,-1.940051661847395623e-18,0.000000000000000000e+00,-1.940051661847395623e-18,0.000000000000000000e+00,0.000000000000000000e+00,2.669565878850005958e-01,2.669565878850003182e-01,0.000000000000000000e+00,0.000000000000000000e+00
0.000000000000000000e+00,1.500000000000000000e+01,2.669565878850000962e-01,0.000000000000000000e+00,2.775557561562891351e-16,-2.207407022865186445e-18,0.000000000000000000e+00,-2.207407022865186445e-18,0.000000000000000000e+00,0.000000000000000000e+00,2.669565878850003182e-01,2.669565878850002072e-01,0.000000000000000000e+00,0.000000000000000000e+00
0.000000000000000000e+00,2.000000000000000000e+01,2.669565878849999296e-01,0.000000000000000000e+00,1.110223024625156540e-16,-2.046740141338235254e-18,0.000000000000000000e+00,-2.046740141338235254e-18,0.000000000000000000e+00,0.000000000000000000e+00,2.669565878850002072e-01,2.669565878850001517e-01,0.000000000000000000e+00,0.000000000000000000e+00
0.000000000000000000e+00,2.500000000000000000e+01,2.669565878850000962e-01,0.000000000000000000e+00,2.775557561562891351e-16,-1.725779414925681333e-18,0.000000000000000000e+00,-1.725779414925681333e-18,0.000000000000000000e+00,0.000000000000000000e+00,2.669565878850001517e-01,2.669565878850000407e-01,0.000000000000000000e+00,0.000000000000000000e+00
0.000000000000000000e+00,3.000000000000000000e+01,2.669565878850002072e-01,0.000000000000000000e+00,3.885780586188047891e-16,-1.972916189970385918e-18,0.000000000000000000e+00,-1.972916189970385918e-18,0.000000000000000000e+00,0.000000000000000000e+00,2.669565878850002627e-01,2.669565878850002072e-01,0.000000000000000000e+00,0.000000000000000000e+00
0.000000000000000000e+00,3.500000000000000000e+01,2.669565878849999296e-01,0.000000000000000000e+00,1.110223024625156540e-16,-1.923488834961604005e-18,0.000000000000000000e+00,-1.923488834961604005e-18,0.000000000000000000e+00,0.000000000000000000e+00,2.669565878850000962e-01,2.669565878850001517e-01,0.000000000000000000e+00,0.000000000000000000e+00
0.000000000000000000e+00,4.000000000000000000e+01,2.669565878850000962e-01,0.000000000000000000e+00,2.775557561562891351e-16,-2.284737518664492979e-18,0.000000000000000000e+00,-2.284737518664492979e-18,0.000000000000000000e+00,0.000000000000000000e+00,2.669565878850000407e-01,2.669565878850000962e-01,0.000000000000000000e+00,0.000000000000000000e+00
0.000000000000000000e+00,4.500000000000000000e+01,2.669565878849999296e-01,0.000000000000000000e+00,1.110223024625156540e-16,-2.116162260336142352e-18,0.000000000000000000e+00,-2.116162260336142352e-18,0.000000000000000000e+00,0.000000000000000000e+00,2.669565878850004848e-01,2.669565878850002627e-01,0.000000000000000000e+00,0.000000000000000000e+00
0.000000000000000000e+00,5.000000000000000000e+01,2.669565878849999851e-01,0.000000000000000000e+00,1.665334536937734811e-16,-1.727831116454848156e-18,0.000000000000000000e+00,-1.727831116454848156e-18,0.000000000000000000e+00,0.000000000000000000e+00,2.669565878850004848e-01,2.669565878850001517e-01,0.000000000000000000e+00,0.000000000000000000e+00
0.000000000000000000e+00,5.500000000000000000e+01,2.669565878849999851e-01,0.000000000000000000e+00,1.665334536937734811e-16,-2.107880846893049328e-18,0.000000000000000000e+00,-2.107880846893049328e-18,0.000000000000000000e+00,0.000000000000000000e+00,2.669565878850007623e-01,2.669565878850002627e-01,0.000000000000000000e+00,0.000000000000000000e+00
0.000000000000000000e+00,6.000000000000000000e+01,2.669565878850002072e-01,0.000000000000000000e+00,3.885780586188047891e-16,-1.874434516594427859e-18,0.000000000000000000e+00,-1.874434516594427859e-18,0.000000000000000000e+00,0.000000000000000000e+00,2.669565878850000962e-01,2.669565878850001517e-01,0.000000000000000000e+00,0.000000000000000000e+00
0.000000000000000000e+00,6.500000000000000000e+01,2.669565878850000962e-01,0.000000000000000000e+00,2.775557561562891351e-16,-2.377698249745357160e-18,0.000000000000000000e+00,-2.377698249745357160e-18,0.000000000000000000e+00,0.000000000000000000e+00,2.669565878850000407e-01,2.669565878849999851e-01,0.000000000000000000e+00,0.000000000000000000e+00
0.000000000000000000e+00,7.000000000000000000e+01,2.669565878850000962e-01,0.000000000000000000e+00,2.775557561562891351e-16,-1.710261090636473990e-18,0.000000000000000000e+00,-1.710261090636473990e-18,0.000000000000000000e+00,0.000000000000000000e+00,2.669565878850002627e-01,2.669565878850002072e-01,0.000000000000000000e+00,0.000000000000000000e+00
0.000000000000000000e+00,7.500000000000000000e+01,2.669565878849999296e-01,0.000000000000000000e+00,1.110223024625156540e-16,-2.137201526920876521e-18,0.000000000000000000e+00,-2.137201526920876521e-18,0.000000000000000000e+00,0.000000000000000000e+00,2.669565878850003182e-01,2.669565878850000407e-01,0.000000000000000000e+00,0.000000000000000000e+00
0.000000000000000000e+00,8.000000000000000000e+01,2.669565878849999851e-01,0.000000000000000000e+00,1.665334536937734811e-16,-2.073076528233992856e-18,0.000000000000000000e+00,-2.073076528233992856e-18,0.000000000000000000e+00,0.000000000000000000e+00,2.669565878850004292e-01,2.669565878850000962e-01,0.000000000000000000e+00,0.000000000000000000e+00
0.000000000000000000e+00,8.500000000000000000e+01,2.669565878849998741e-01,0.000000000000000000e+00,5.551115123125782702e-17,-1.832952842051205805e-18,0.000000000000000000e+00,-1.832952842051205805e-18,0.000000000000000000e+00,0.000000000000000000e+00,2.669565878850004848e-01,2.669565878850000407e-01,0.000000000000000000e+00,0.000000000000000000e+00
0.000000000000000000e+00,9.000000000000000000e+01,2.669565878849997631e-01,0.000000000000000000e+00,-5.551115123125782702e-17,-1.762598131449754990e-18,0.000000000000000000e+00,-1.762598131449754990e-18,0.000000000000000000e+00,0.000000000000000000e+00,2.669565878850003737e-01,2.669565878850000407e-01,0.000000000000000000e+00,0.000000000000000000e+00
0.000000000000000000e+00,9.500000000000000000e+01,2.669565878849998741e-01,0.000000000000000000e+00,5.551115123125782702e-17,-2.171819327259258762e-18,0.000000000000000000e+00,-2.171819327259258762e-18,0.000000000000000000e+00,0.000000000000000000e+00,2.669565878850004292e-01,2.669565878850002072e-01,0.000000000000000000e+00,0.000000000000000000e+00
0.000000000000000000e+00,1.000000000000000000e+02,2.669565878849999296e-01,0.000000000000000000e+00,1.110223024625156540e-16,-1.820679936543164818e-18,0.000000000000000000e+00,-1.820679936543164818e-18,0.000000000000000000e+00,0.000000000000000000e+00,2.669565878850006513e-01,2.669565878850002072e-01,0.000000000000000000e+00,0.000000000000000000e+00
0.000000000000000000e+00,1.050000000000000000e+02,2.669565878849998186e-01,0.000000000000000000e+00,0.000000000000000000e+00,-1.921772866410449519e-18,0.000000000000000000e+00,-1.921772866410449519e-18,0.000000000000000000e+00,0.000000000000000000e+00,2.669565878850005958e-01,2.669565878850001517e-01,0.000000000000000000e+00,0.000000000000000000e+00
0.000000000000000000e+00,1.100000000000000000e+02,2.669565878849998741e-01,0.000000000000000000e+00,5.551115123125782702e-17,-2.055916842721387959e-18,0.000000000000000000e+00,-2.055916842721387959e-18,0.000000000000000000e+00,0.000000000000000000e+00,2.669565878850005958e-01,2.669565878850000407e-01,0.000000000000000000e+00,0.000000000000000000e+00
0.000000000000000000e+00,1.150000000000000000e+02,2.669565878849997631e-01,0.000000000000000000e+00,-5.551115123125782702e-17,-1.607713317867020634e-18,0.000000000000000000e+00,-1.607713317867020634e-18,0.000000000000000000e+00,0.000000000000000000e+00,2.669565878850004848e-01,2.669565878850000962e-01,0.000000000000000000e+00,0.000000000000000000e+00
0.000000000000000000e+00,1.200000000000000000e+02,2.669565878849998741e-01,0.000000000000000000e+00,5.551115123125782702e-17,-2.275486209953299844e-18,0.000000000000000000e+00,-2.275486209953299844e-18,0.000000000000000000e+00,0.000000000000000000e+00,2.669565878850004848e-01,2.669565878850001517e-01,0.000000000000000000e+00,0.000000000000000000e+00
0.000000000000000000e+00,1.250000000000000000e+02,2.669565878850000407e-01,0.000000000000000000e+00,2.220446049250313081e-16,-1.497667508601863156e-18,0.000000000000000000e+00,-1.497667508601863156e-18,0.000000000000000000e+00,0.000000000000000000e+00,2.669565878850003737e-01,2.669565878850001517e-01,0.000000000000000000e+00,0.000000000000000000e+00
0.000000000000000000e+00,1.300000000000000000e+02,2.669565878849998186e-01,0.000000000000000000e+00,0.000000000000000000e+00,-2.252917493137875878e-18,0.000000000000000000e+00,-2.252917493137875878e-18,0.000000000000000000e+00,0.000000000000000000e+00,2.669565878850003737e-01,2.669565878849999851e-01,0.000000000000000000e+00,0.000000000000000000e+00
0.000000000000000000e+00,1.350000000000000000e+02,2.669565878849999296e-01,0.000000000000000000e+00,1.110223024625156540e-16,-2.019956110473238212e-18,0.000000000000000000e+00,-2.019956110473238212e-18,0.000000000000000000e+00,0.000000000000000000e+00,2.669565878850001517e-01,2.669565878849999851e-01,0.000000000000000000e+00,0.000000000000000000e+00
0.000000000000000000e+00,1.400000000000000000e+02,2.669565878849998186e-01,0.000000000000000000e+00,0.000000000000000000e+00,-2.519302958887665196e-18,0.000000000000000000e+00,-2.519302958887665196e-18,0.000000000000000000e+00,0.000000000000000000e+00,2.669565878850001517e-01,2.669565878849998741e-01,0.000000000000000000e+00,0.000000000000000000e+00
0.000000000000000000e+00,1.450000000000000000e+02,2.669565878849999851e-01,0.000000000000000000e+00,1.665334536937734811e-16,-2.165328489695613336e-18,0.000000000000000000e+00,-2.165328489695613336e-18,0.000000000000000000e+00,0.000000000000000000e+00,2.669565878849999296e-01,2.669565878850000407e-01,0.000000000000000000e+00,0.000000000000000000e+00
0.000000000000000000e+00,1.500000000000000000e+02,2.669565878849998741e-01,0.000000000000000000e+00,5.551115123125782702e-17,-1.873315406669347094e-18,0.000000000000000000e+00,-1.873315406669347094e-18,0.000000000000000000e+00,0.000000000000000000e+00,2.669565878850002072e-01,2.669565878849999296e-01,0.000000000000000000e+00,0.000000000000000000e+00
0.000000000000000000e+00,1.550000000000000000e+02,2.669565878849999851e-01,0.000000000000000000e+00,1.665334536937734811e-16,-2.324876261297835052e-18,0.000000000000000000e+00,-2.324876261297835052e-18,0.000000000000000000e+00,0.000000000000000000e+00,2.669565878850000407e-01,2.669565878849998741e-01,0.000000000000000000e+00,0.000000000000000000e+00
0.000000000000000000e+00,1.600000000000000000e+02,2.669565878849998741e-01,0.000000000000000000e+00,5.551115123125782702e-17,-1.374155076575716060e-18,0.000000000000000000e+00,-1.374155076575716060e-18,0.000000000000000000e+00,0.000000000000000000e+00,2.669565878850002627e-01,2.669565878849998186e-01,0.000000000000000000e+00,0.000000000000000000e+00
0.000000000000000000e+00,1.650000000000000000e+02,2.669565878849997076e-01,0.000000000000000000e+00,-1.110223024625156540e-16,-1.631363840942784082e-18,0.000000000000000000e+00,-1.631363840942784082e-18,0.000000000000000000e+00,0.000000000000000000e+00,2.669565878850002627e-01,2.669565878849999296e-01,0.000000000000000000e+00,0.000000000000000000e+00
0.000000000000000000e+00,1.700000000000000000e+02,2.669565878849998741e-01,0.000000000000000000e+00,5.551115123125782702e-17,-1.386875626053441761e-18,0.000000000000000000e+00,-1.386875626053441761e-18,0.000000000000000000e+00,0.000000000000000000e+00,2.669565878850000962e-01,2.669565878849999851e-01,0.000000000000000000e+00,0.000000000000000000e+00
0.000000000000000000e+00,1.750000000000000000e+02,2.669565878849998741e-01,0.000000000000000000e+00,5.551115123125782702e-17,-1.855931899171918329e-18,0.000000000000000000e+00,-1.855931899171918329e-18,0.000000000000000000e+00,0.000000000000000000e+00,2.669565878850000407e-01,2.669565878849999296e-01,0.000000000000000000e+00,0.000000000000000000e+00
0.000000000000000000e+00,1.800000000000000000e+02,2.669565878849997631e-01,0.000000000000000000e+00,-5.551115123125782702e-17,-1.546050361014247224e-18,0.000000000000000000e+00,-1.546050361014247224e-18,0.000000000000000000e+00,0.000000000000000000e+00,2.669565878850002072e-01,2.669565878849999851e-01,0.000000000000000000e+00,0.000000000000000000e+00
0.000000000000000000e+00,1.850000000000000000e+02,2.669565878849997631e-01,0.000000000000000000e+00,-5.551115123125782702e-17,-1.836571297474139705e-18,0.000000000000000000e+00,-1.836571297474139705e-18,0.000000000000000000e+00,0.000000000000000000e+00,2.669565878850002072e-01,2.669565878850000962e-01,0.000000000000000000e+00,0.000000000000000000e+00
0.000000000000000000e+00,1.900000000000000000e+02,2.669565878849999851e-01,0.000000000000000000e+00,1.665334536937734811e-16,-2.114893935754413734e-18,0.000000000000000000e+00,-2.114893935754413734e-18,0.000000000000000000e+00,0.000000000000000000e+00,2.669565878849999851e-01,2.669565878850001517e-01,0.000000000000000000e+00,0.000000000000000000e+00
0.000000000000000000e+00,1.950000000000000000e+02,2.669565878849999851e-01,0.000000000000000000e+00,1.665334536937734811e-16,-1.644755856375418958e-18,0.000000000000000000e+00,-1.644755856375418958e-18,0.000000000000000000e+00,0.000000000000000000e+00,2.669565878849998741e-01,2.669565878849999851e-01,0.000000000000000000e+00,0.000000000000000000e+00
0.000000000000000000e+00,2.000000000000000000e+02,2.669565878849998741e-01,0.000000000000000000e+00,5.551115123125782702e-17,-2.364119715991783045e-18,0.000000000000000000e+00,-2.364119715991783045e-18,0.000000000000000000e+00,0.000000000000000000e+00,2.669565878849998186e-01,2.669565878849999296e-01,0.000000000000000000e+00,0.000000000000000000e+00
0.000000000000000000e+00,2.050000000000000000e+02,2.669565878849997631e-01,0.000000000000000000e+00,-5.551115123125782702e-17,-2.156935165260139192e-18,0.000000000000000000e+00,-2.156935165260139192e-18,0.000000000000000000e+00,0.000000000000000000e+00,2.669565878849998186e-01,2.669565878849997631e-01,0.000000000000000000e+00,0.000000000000000000e+00
0.000000000000000000e+00,2.100000000000000000e+02,2.669565878849997631e-01,0.000000000000000000e+00,-5.551115123125782702e-17,-2.130859904013946741e-18,0.000000000000000000e+00,-2.130859904013946741e-18,0.000000000000000000e+00,0.000000000000000000e+00,2.669565878849997631e-01,2.669565878849999296e-01,0.000000000000000000e+00,0.000000000000000000e+00
0.000000000000000000e+00,2.150000000000000000e+02,2.669565878849997076e-01,0.000000000000000000e+00,-1.110223024625156540e-16,-2.181369065283414802e-18,0.000000000000000000e+00,-2.181369065283414802e-18,0.000000000000000000e+00,0.000000000000000000e+00,2.669565878849999851e-01,2.669565878850000962e-01,0.000000000000000000e+00,0.000000000000000000e+00
0.000000000000000000e+00,2.200000000000000000e+02,2.669565878849997631e-01,0.000000000000000000e+00,-5.551115123125782702e-17,-2.232848121820999922e-18,0.000000000000000000e+00,-2.232848121820999922e-18,0.000000000000000000e+00,0.000000000000000000e+00,2.669565878849997076e-01,2.669565878849999296e-01,0.000000000000000000e+00,0.000000000000000000e+00
0.000000000000000000e+00,2.250000000000000000e+02,2.669565878849998741e-01,0.000000000000000000e+00,5.551115123125782702e-17,-2.322414219463523730e-18,0.000000000000000000e+00,-2.322414219463523730e-18,0.000000000000000000e+00,0.000000000000000000e+00,2.669565878849998186e-01,2.669565878850000407e-01,0.000000000000000000e+00,0.000000000000000000e+00
0.000000000000000000e+00,2.300000000000000000e+02,2.669565878849999296e-01,0.000000000000000000e+00,1.110223024625156540e-16,-1.956651792397678153e-18,0.000000000000000000e+00,-1.956651792397678153e-18,0.000000000000000000e+00,0.000000000000000000e+00,2.669565878849997631e-01,2.669565878849999296e-01,0.000000000000000000e+00,0.000000000000000000e+00
0.000000000000000000e+00,2.350000000000000000e+02,2.669565878849998186e-01,0.000000000000000000e+00,0.000000000000000000e+00,-1.921698259081943785e-18,0.000000000000000000e+00,-1.921698259081943785e-18,0.000000000000000000e+00,0.000000000000000000e+00,2.669565878849998741e-01,2.669565878850000407e-01,0.000000000000000000e+00,0.000000000000000000e+00
0.000000000000000000e+00,2.400000000000000000e+02,2.669565878849998741e-01,0.000000000000000000e+00,5.551115123125782702e-17,-1.591784653271581798e-18,0.000000000000000000e+00,-1.591784653271581798e-18,0.000000000000000000e+00,0.000000000000000000e+00,2.669565878849999851e-01,2.669565878850000407e-01,0.000000000000000000e+00,0.000000000000000000e+00
0.000000000000000000e+00,2.450000000000000000e+02,2.669565878849997076e-01,0.000000000000000000e+00,-1.110223024625156540e-16,-2.369230317981432750e-18,0.000000000000000000e+00,-2.369230317981432750e-18,0.000000000000000000e+00,0.000000000000000000e+00,2.669565878849997076e-01,2.669565878849997631e-01,0.000000000000000000e+00,0.000000000000000000e+00
0.000000000000000000e+00,2.500000000000000000e+02,2.669565878849997076e-01,0.000000000000000000e+00,-1.110223024625156540e-16,-1.999886739156423887e-18,0.000000000000000000e+00,-1.999886739156423887e-18,0.000000000000000000e+00,0.000000000000000000e+00,2.669565878849998186e-01,2.669565878849999296e-01,0.000000000000000000e+00,0.000000000000000000e+00
0.000000000000000000e+00,2.550000000000000000e+02,2.669565878849998186e-01,0.000000000000000000e+00,0.000000000000000000e+00,-2.116871029954856038e-18,0.000000000000000000e+00,-2.116871029954856038e-18,0.000000000000000000e+00,0.000000000000000000e+00,2.669565878849998186e-01,2.669565878849998186e-01,0.000000000000000000e+00,0.000000000000000000e+00
0.000000000000000000e+00,2.600000000000000000e+02,2.669565878849996521e-01,0.000000000000000000e+00,-1.665334536937734811e-16,-1.644047086756489568e-18,0.000000000000000000e+00,-1.644047086756489568e-18,0.000000000000000000e+00,0.000000000000000000e+00,2.669565878849999296e-01,2.669565878849998186e-01,0.000000000000000000e+00,0.000000000000000000e+00
0.000000000000000000e+00,2.650000000000000000e+02,2.669565878849997631e-01,0.000000000000000000e+00,-5.551115123125782702e-17,-1.762448916792922248e-18,0.000000000000000000e+00,-1.762448916792922248e-18,0.000000000000000000e+00,0.000000000000000000e+00,2.669565878849999296e-01,2.669565878849998741e-01,0.000000000000000000e+00,0.000000000000000000e+00
0.000000000000000000e+00,2.700000000000000000e+02,2.669565878849997076e-01,0.000000000000000000e+00,-1.110223024625156540e-16,-1.864399830935845822e-18,0.000000000000000000e+00,-1.864399830935845822e-18,0.000000000000000000e+00,0.000000000000000000e+00,2.669565878849997631e-01,2.669565878849997631e-01,0.000000000000000000e+00,0.000000000000000000e+00
0.000000000000000000e+00,2.750000000000000000e+02,2.669565878849997631e-01,0.000000000000000000e+00,-5.551115123125782702e-17,-1.872681244378834075e-18,0.000000000000000000e+00,-1.872681244378834075e-18,0.000000000000000000e+00,0.000000000000000000e+00,2.669565878849997631e-01,2.669565878849997076e-01,0.000000000000000000e+00,0.000000000000000000e+00
0.000000000000000000e+00,2.800000000000000000e+02,2.669565878849998186e-01,0.000000000000000000e+00,0.000000000000000000e+00,-1.933225091306730099e-18,0.000000000000000000e+00,-1.933225091306730099e-18,0.000000000000000000e+00,0.000000000000000000e+00,2.669565878849996521e-01,2.669565878849996521e-01,0.000000000000000000e+00,0.000000000000000000e+00
0.000000000000000000e+00,2.850000000000000000e+02,2.669565878849995411e-01,0.000000000000000000e+00,-2.775557561562891351e-16,-2.342744716429517251e-18,0.000000000000000000e+00,-2.342744716429517251e-18,0.000000000000000000e+00,0.000000000000000000e+00,2.669565878849998741e-01,2.669565878849997631e-01,0.000000000000000000e+00,0.000000000000000000e+00
0.000000000000000000e+00,2.900000000000000000e+02,2.669565878849997076e-01,0.000000000000000000e+00,-1.110223024625156540e-16,-2.261460032230016363e-18,0.000000000000000000e+00,-2.261460032230016363e-18,0.000000000000000000e+00,0.000000000000000000e+00,2.669565878849998186e-01,2.669565878849995966e-01,0.000000000000000000e+00,0.000000000000000000e+00
0.000000000000000000e+00,2.950000000000000000e+02,2.669565878849996521e-01,0.000000000000000000e+00,-1.665334536937734811e-16,-1.332039239741888543e-18,0.000000000000000000e+00,-1.332039239741888543e-18,0.000000000000000000e+00,0.000000000000000000e+00,2.669565878849998741e-01,2.669565878849995411e-01,0.000000000000000000e+00,0.000000000000000000e+00
0.000000000000000000e+00,3.000000000000000000e+02,2.669565878849996521e-01,0.000000000000000000e+00,-1.665334536937734811e-16,-1.926137395116758269e-18,0.000000000000000000e+00,-1.926137395116758269e-18,0.000000000000000000e+00,0.000000000000000000e+00,2.669565878849999296e-01,2.669565878849997076e-01,0.000000000000000000e+00,0.000000000000000000e+00
0.000000000000000000e+00,3.050000000000000000e+02,2.669565878849996521e-01,0.000000000000000000e+00,-1.665334536937734811e-16,-1.912558861363319739e-18,0.000000000000000000e+00,-1.912558861363319739e-18,0.000000000000000000e+00,0.000000000000000000e+00,2.669565878849998741e-01,2.669565878849997076e-01,0.000000000000000000e+00,0.000000000000000000e+00
0.000000000000000000e+00,3.100000000000000000e+02,2.669565878849996521e-01,0.000000000000000000e+00,-1.665334536937734811e-16,-1.261759136468860262e-18,0.000000000000000000e+00,-1.261759136468860262e-18,0.000000000000000000e+00,0.000000000000000000e+00,2.669565878849997631e-01,2.669565878849996521e-01,0.000000000000000000e+00,0.000000000000000000e+00
0.000000000000000000e+00,3.150000000000000000e+02,2.669565878849996521e-01,0.000000000000000000e+00,-1.665334536937734811e-16,-1.911738180751978415e-18,0.000000000000000000e+00,-1.911738180751978415e-18,0.000000000000000000e+00,0.000000000000000000e+00,2.669565878850002072e-01,2.669565878849998186e-01,0.000000000000000000e+00,0.000000000000000000e+00
0.000000000000000000e+00,3.200000000000000000e+02,2.669565878849995966e-01,0.000000000000000000e+00,-2.220446049250313081e-16,-1.725331770956058249e-18,0.000000000000000000e+00,-1.725331770956058249e-18,0.000000000000000000e+00,0.000000000000000000e+00,2.669565878850002627e-01,2.669565878849998186e-01,0.000000000000000000e+00,0.000000000000000000e+00
0.000000000000000000e+00,3.250000000000000000e+02,2.669565878849995966e-01,0.000000000000000000e+00,-2.220446049250313081e-16,-1.713170776440761996e-18,0.000000000000000000e+00,-1.713170776440761996e-18,0.000000000000000000e+00,0.000000000000000000e+00,2.669565878850000962e-01,2.669565878850000407e-01,0.000000000000000000e+00,0.000000000000000000e+00
0.000000000000000000e+00,3.300000000000000000e+02,2.669565878849997076e-01,0.000000000000000000e+00,-1.110223024625156540e-16,-1.791359256515312973e-18,0.000000000000000000e+00,-1.791359256515312973e-18,0.000000000000000000e+00,0.000000000000000000e+00,2.669565878850003182e-01,2.669565878849998186e-01,0.000000000000000000e+00,0.000000000000000000e+00
0.000000000000000000e+00,3.350000000000000000e+02,2.669565878849995411e-01,0.000000000000000000e+00,-2.775557561562891351e-16,-1.609615804739108196e-18,0.000000000000000000e+00,-1.609615804739108196e-18,0.000000000000000000e+00,0.000000000000000000e+00,2.669565878850002072e-01,2.669565878849998741e-01,0.000000000000000000e+00,0.000000000000000000e+00
0.000000000000000000e+00,3.400000000000000000e+02,2.669565878849995411e-01,0.000000000000000000e+00,-2.775557561562891351e-16,-1.526988188629813609e-18,0.000000000000000000e+00,-1.526988188629813609e-18,0.000000000000000000e+00,0.000000000000000000e+00,2.669565878849996521e-01,2.669565878849999296e-01,0.000000000000000000e+00,0.000000000000000000e+00
0.000000000000000000e+00,3.450000000000000000e+02,2.669565878849996521e-01,0.000000000000000000e+00,-1.665334536937734811e-16,-1.465213320784751524e-18,0.000000000000000000e+00,-1.465213320784751524e-18,0.000000000000000000e+00,0.000000000000000000e+00,2.669565878849995411e-01,2.669565878849999851e-01,0.000000000000000000e+00,0.000000000000000000e+00
0.000000000000000000e+00,3.500000000000000000e+02,2.669565878849997076e-01,0.000000000000000000e+00,-1.110223024625156540e-16,-1.653186484475252280e-18,0.000000000000000000e+00,-1.653186484475252280e-18,0.000000000000000000e+00,0.000000000000000000e+00,2.669565878849994855e-01,2.669565878849996521e-01,0.000000000000000000e+00,0.000000000000000000e+00
0.000000000000000000e+00,3.550000000000000000e+02,2.669565878849997076e-01,0.000000000000000000e+00,-1.110223024625156540e-16,-2.170028751379731045e-18,0.000000000000000000e+00,-2.170028751379731045e-18,0.000000000000000000e+00,0.000000000000000000e+00,2.669565878849994300e-01,2.669565878849995966e-01,0.000000000000000000e+00,0.000000000000000000e+00
0.000000000000000000e+00,3.600000000000000000e+02,2.669565878849995411e-01,0.000000000000000000e+00,-2.775557561562891351e-16,-1.481850754999236847e-18,0.000000000000000000e+00,-1.481850754999236847e-18,0.000000000000000000e+00,0.000000000000000000e+00,2.669565878849995411e-01,2.669565878849998186e-01,0.000000000000000000e+00,0.000000000000000000e+00
0.000000000000000000e+00,3.650000000000000000e+02,2.669565878849997076e-01,0.000000000000000000e+00,-1.110223024625156540e-16,-2.038607942552381728e-18,0.000000000000000000e+00,-2.038607942552381728e-18,0.000000000000000000e+00,0.000000000000000000e+00,2.669565878849996521e-01,2.669565878849996521e-01,0.000000000000000000e+00,0.000000000000000000e+00
0.000000000000000000e+00,3.700000000000000000e+02,2.669565878849995966e-01,0.000000000000000000e+00,-2.220446049250313081e-16,-2.098181894212023567e-18,0.000000000000000000e+00,-2.098181894212023567e-18,0.000000000000000000e+00,0.000000000000000000e+00,2.669565878849994300e-01,2.669565878849994855e-01,0.000000000000000000e+00,0.000000000000000000e+00
0.000000000000000000e+00,3.750000000000000000e+02,2.669565878849995966e-01,0.000000000000000000e+00,-2.220446049250313081e-16,-1.680492766638678585e-18,0.000000000000000000e+00,-1.680492766638678585e-18,0.000000000000000000e+00,0.000000000000000000e+00,2.669565878849995411e-01,2.669565878849995966e-01,0.000000000000000000e+00,0.000000000000000000e+00
0.000000000000000000e+00,3.800000000000000000e+02,2.669565878849995966e-01,0.000000000000000000e+00,-2.220446049250313081e-16,-2.140969197000902008e-18,0.000000000000000000e+00,-2.140969197000902008e-18,0.000000000000000000e+00,0.000000000000000000e+00,2.669565878849999851e-01,2.669565878849996521e-01,0.000000000000000000e+00,0.000000000000000000e+00
0.000000000000000000e+00,3.850000000000000000e+02,2.669565878849995966e-01,0.000000000000000000e+00,-2.220446049250313081e-16,-1.832467894417063305e-18,0.000000000000000000e+00,-1.832467894417063305e-18,0.000000000000000000e+00,0.000000000000000000e+00,2.669565878849997631e-01,2.669565878849997076e-01,0.000000000000000000e+00,0.000000000000000000e+00
0.000000000000000000e+00,3.900000000000000000e+02,2.669565878849997076e-01,0.000000000000000000e+00,-1.110223024625156540e-16,-1.983212001278288128e-18,0.000000000000000000e+00,-1.983212001278288128e-18,0.000000000000000000e+00,0.000000000000000000e+00,2.669565878849998186e-01,2.669565878849995411e-01,0.000000000000000000e+00,0.000000000000000000e+00
0.000000000000000000e+00,3.950000000000000000e+02,2.669565878849995966e-01,0.000000000000000000e+00,-2.220446049250313081e-16,-2.058117758906561686e-18,0.000000000000000000e+00,-2.058117758906561686e-18,0.000000000000000000e+00,0.000000000000000000e+00,2.669565878850000407e-01,2.669565878849995966e-01,0.000000000000000000e+00,0.000000000000000000e+00
0.000000000000000000e+00,4.000000000000000000e+02,2.669565878849995411e-01,0.000000000000000000e+00,-2.775557561562891351e-16,-1.572498658902256523e-18,0.000000000000000000e+00,-1.572498658902256523e-18,0.000000000000000000e+00,0.000000000000000000e+00,2.669565878850002072e-01,2.669565878849998186e-01,0.000000000000000000e+00,0.000000000000000000e+00
0.000000000000000000e+00,4.050000000000000000e+02,2.669565878849994300e-01,0.000000000000000000e+00,-3.885780586188047891e-16,-2.030662262086783351e-18,0.000000000000000000e+00,-2.030662262086783351e-18,0.000000000000000000e+00,0.000000000000000000e+00,2.669565878849999296e-01,2.669565878849997631e-01,0.000000000000000000e+00,0.000000000000000000e+00
0.000000000000000000e+00,4.100000000000000000e+02,2.669565878849995411e-01,0.000000000000000000e+00,-2.775557561562891351e-16,-2.137686474554945066e-18,0.000000000000000000e+00,-2.137686474554945066e-18,0.000000000000000000e+00,0.000000000000000000e+00,2.669565878849999851e-01,2.669565878849997076e-01,0.000000000000000000e+00,0.000000000000000000e+00
0.000000000000000000e+00,4.150000000000000000e+02,2.669565878849995966e-01,0.000000000000000000e+00,-2.220446049250313081e-16,-1.855335040545672044e-18,0.000000000000000000e+00,-1.855335040545672044e-18,0.000000000000000000e+00,0.000000000000000000e+00,2.669565878849998741e-01,2.669565878849994855e-01,0.000000000000000000e+00,0.000000000000000000e+00
0.000000000000000000e+00,4.200000000000000000e+02,2.669565878849996521e-01,0.000000000000000000e+00,-1.665334536937734811e-16,-2.028051005595766399e-18,0.000000000000000000e+00,-2.028051005595766399e-18,0.000000000000000000e+00,0.000000000000000000e+00,2.669565878849999296e-01,2.669565878849998741e-01,0.000000000000000000e+00,0.000000000000000000e+00
0.000000000000000000e+00,4.250000000000000000e+02,2.669565878849995411e-01,0.000000000000000000e+00,-2.775557561562891351e-16,-1.893645903635632586e-18,0.000000000000000000e+00,-1.893645903635632586e-18,0.000000000000000000e+00,0.000000000000000000e+00,2.669565878849997631e-01,2.669565878849999296e-01,0.000000000000000000e+00,0.000000000000000000e+00
0.000000000000000000e+00,4.300000000000000000e+02,2.669565878849995411e-01,0.000000000000000000e+00,-2.775557561562891351e-16,-2.165030060382718223e-18,0.000000000000000000e+00,-2.165030060382718223e-18,0.000000000000000000e+00,0.000000000000000000e+00,2.669565878849995966e-01,2.669565878850000407e-01,0.000000000000000000e+00,0.000000000000000000e+00
0.000000000000000000e+00,4.350000000000000000e+02,2.669565878849995411e-01,0.000000000000000000e+00,-2.775557561562891351e-16,-1.790650486896297301e-18,0.000000000000000000e+00,-1.790650486896297301e-18,0.000000000000000000e+00,0.000000000000000000e+00,2.669565878849991525e-01,2.669565878849995411e-01,0.000000000000000000e+00,0.000000000000000000e+00
0.000000000000000000e+00,4.400000000000000000e+02,2.669565878849995966e-01,0.000000000000000000e+00,-2.220446049250313081e-16,-2.033273518577849608e-18,0.000000000000000000e+00,-2.033273518577849608e-18,0.000000000000000000e+00,0.000000000000000000e+00,2.669565878849994855e-01,2.669565878849995411e-01,0.000000000000000000e+00,0.000000000000000000e+00
0.000000000000000000e+00,4.450000000000000000e+02,2.669565878849995411e-01,0.000000000000000000e+00,-2.775557561562891351e-16,-1.758755854041405577e-18,0.000000000000000000e+00,-1.758755854041405577e-18,0.000000000000000000e+00,0.000000000000000000e+00,2.669565878849997631e-01,2.669565878849996521e-01,0.000000000000000000e+00,0.000000000000000000e+00
0.000000000000000000e+00,4.500000000000000000e+02,2.669565878849994855e-01,0.000000000000000000e+00,-3.330669073875469621e-16,-2.176071944973476053e-18,0.000000000000000000e+00,-2.176071944973476053e-18,0.000000000000000000e+00,0.000000000000000000e+00,2.669565878849995966e-01,2.669565878849998741e-01,0.000000000000000000e+00,0.000000000000000000e+00
0.000000000000000000e+00,4.550000000000000000e+02,2.669565878849995411e-01,0.000000000000000000e+00,-2.775557561562891351e-16,-1.680268944653608198e-18,0.000000000000000000e+00,-1.680268944653608198e-18,0.000000000000000000e+00,0.000000000000000000e+00,2.669565878849996521e-01,2.669565878849994855e-01,0.000000000000000000e+00,0.000000000000000000e+00
0.000000000000000000e+00,4.600000000000000000e+02,2.669565878849994300e-01,0.000000000000000000e+00,-3.885780586188047891e-16,-2.346176653532257632e-18,0.000000000000000000e+00,-2.346176653532257632e-18,0.000000000000000000e+00,0.000000000000000000e+00,2.669565878849997076e-01,2.669565878849996521e-01,0.000000000000000000e+00,0.000000000000000000e+00
0.000000000000000000e+00,4.650000000000000000e+02,2.669565878849994855e-01,0.000000000000000000e+00,-3.330669073875469621e-16,-1.685118420994490857e-18,0.000000000000000000e+00,-1.685118420994490857e-18,0.000000000000000000e+00,0.000000000000000000e+00,2.669565878849998186e-01,2.669565878849997076e-01,0.000000000000000000e+00,0.000000000000000000e+00
0.000000000000000000e+00,4.700000000000000000e+02,2.669565878849995966e-01,0.000000000000000000e+00,-2.220446049250313081e-16,-1.677620384498737431e-18,0.000000000000000000e+00,-1.677620384498737431e-18,0.000000000000000000e+00,0.000000000000000000e+00,2.669565878849997631e-01,2.669565878849997631e-01,0.000000000000000000e+00,0.000000000000000000e+00
0.000000000000000000e+00,4.750000000000000000e+02,2.669565878849995411e-01,0.000000000000000000e+00,-2.775557561562891351e-16,-1.558547088507555813e-18,0.000000000000000000e+00,-1.558547088507555813e-18,0.000000000000000000e+00,0.000000000000000000e+00,2.669565878849999296e-01,2.669565878849997076e-01,0.000000000000000000e+00,0.000000000000000000e+00
0.000000000000000000e+00,4.800000000000000000e+02,2.669565878849996521e-01,0.000000000000000000e+00,-1.665334536937734811e-16,-2.095719852377900987e-18,0.000000000000000000e+00,-2.095719852377900987e-18,0.000000000000000000e+00,0.000000000000000000e+00,2.669565878850000407e-01,2.669565878849997631e-01,0.000000000000000000e+00,0.000000000000000000e+00
0.000000000000000000e+00,4.850000000000000000e+02,2.669565878849995411e-01,0.000000000000000000e+00,-2.775557561562891351e-16,-1.994626922510542330e-18,0.000000000000000000e+00,-1.994626922510542330e-18,0.000000000000000000e+00,0.000000000000000000e+00,2.669565878849999296e-01,2.669565878849998741e-01,0.000000000000000000e+00,0.000000000000000000e+00
0.000000000000000000e+00,4.900000000000000000e+02,2.669565878849994300e-01,0.000000000000000000e+00,-3.885780586188047891e-16,-1.813069989055011784e-18,0.000000000000000000e+00,-1.813069989055011784e-18,0.000000000000000000e+00,0.000000000000000000e+00,2.669565878849995966e-01,2.669565878849995966e-01,0.000000000000000000e+00,0.000000000000000000e+00
0.000000000000000000e+00,4.950000000000000000e+02,2.669565878849993745e-01,0.000000000000000000e+00,-4.440892098500626162e-16,-1.752339623806435367e-18,0.000000000000000000e+00,-1.752339623806435367e-18,0.000000000000000000e+00,0.000000000000000000e+00,2.669565878849997631e-01,2.669565878849995966e-01,0.000000000000000000e+00,0.000000000000000000e+00
0.000000000000000000e+00,5.000000000000000000e+02,2.669565878849995411e-01,0.000000000000000000e+00,-2.775557561562891351e-16,-1.642927976831981960e-18,0.000000000000000000e+00,-1.642927976831981960e-18,0.000000000000000000e+00,0.000000000000000000e+00,2.669565878849996521e-01,2.669565878849998186e-01,0.000000000000000000e+00,0.000000000000000000e+00
0.000000000000000000e+00,5.050000000000000000e+02,2.669565878849994300e-01,0.000000000000000000e+00,-3.885780586188047891e-16,-2.015367759782325920e-18,0.000000000000000000e+00,-2.015367759782325920e-18,0.000000000000000000e+00,0.000000000000000000e+00,2.669565878849996521e-01,2.669565878849997076e-01,0.000000000000000000e+00,0.000000000000000000e+00
0.000000000000000000e+00,5.100000000000000000e+02,2.669565878849993745e-01,0.000000000000000000e+00,-4.440892098500626162e-16,-2.082029407631927263e-18,0.000000000000000000e+00,-2.082029407631927263e-18,0.000000000000000000e+00,0.000000000000000000e+00,2.669565878849995966e-01,2.669565878849997631e-01,0.000000000000000000e+00,0.000000000000000000e+00
0.000000000000000000e+00,5.150000000000000000e+02,2.669565878849994855e-01,0.000000000000000000e+00,-3.330669073875469621e-16,-1.590031381056555008e-18,0.000000000000000000e+00,-1.590031381056555008e-18,0.000000000000000000e+00,0.000000000000000000e+00,2.669565878849996521e-01,2.669565878849996521e-01,0.000000000000000000e+00,0.000000000000000000e+00
0.000000000000000000e+00,5.200000000000000000e+02,2.669565878849993190e-01,0.000000000000000000e+00,-4.996003610813204432e-16,-1.868950877963543708e-18,0.000000000000000000e+00,-1.868950877963543708e-18,0.000000000000000000e+00,0.000000000000000000e+00,2.669565878849995966e-01,2.669565878849995411e-01,0.000000000000000000e+00,0.000000000000000000e+00
0.000000000000000000e+00,5.250000000000000000e+02,2.669565878849993745e-01,0.000000000000000000e+00,-4.440892098500626162e-16,-1.915020903197960010e-18,0.000000000000000000e+00,-1.915020903197960010e-18,0.000000000000000000e+00,0.000000000000000000e+00,2.669565878849999296e-01,2.669565878849996521e-01,0.000000000000000000e+00,0.000000000000000000e+00
0.000000000000000000e+00,5.300000000000000000e+02,2.669565878849993745e-01,0.000000000000000000e+00,-4.440892098500626162e-16,-1.592157689913528068e-18,0.000000000000000000e+00,-1.592157689913528068e-18,0.000000000000000000e+00,0.000000000000000000e+00,2.669565878849999296e-01,2.669565878849997076e-01,0.000000000000000000e+00,0.000000000000000000e+00
0.000000000000000000e+00,5.350000000000000000e+02,2.669565878849993745e-01,0.000000000000000000e+00,-4.440892098500626162e-16,-2.357591574764758354e-18,0.000000000000000000e+00,-2.357591574764758354e-18,0.000000000000000000e+00,0.000000000000000000e+00,2.669565878849996521e-01,2.669565878849995966e-01,0.000000000000000000e+00,0.000000000000000000e+00
0.000000000000000000e+00,5.400000000000000000e+02,2.669565878849994300e-01,0.000000000000000000e+00,-3.885780586188047891e-16,-2.045583727749941624e-18,0.000000000000000000e+00,-2.045583727749941624e-18,0.000000000000000000e+00,0.000000000000000000e+00,2.669565878849997631e-01,2.669565878849994300e-01,0.000000000000000000e+00,0.000000000000000000e+00
0.000000000000000000e+00,5.450000000000000000e+02,2.669565878849993745e-01,0.000000000000000000e+00,-4.440892098500626162e-16,-1.539186486809111587e-18,0.000000000000000000e+00,-1.539186486809111587e-18,0.000000000000000000e+00,0.000000000000000000e+00,2.669565878850000962e-01,2.669565878849995411e-01,0.000000000000000000e+00,0.000000000000000000e+00
0.000000000000000000e+00,5.500000000000000000e+02,2.669565878849994300e-01,0.000000000000000000e+00,-3.885780586188047891e-16,-1.717535305147428199e-18,0.000000000000000000e+00,-1.717535305147428199e-18,0.000000000000000000e+00,0.000000000000000000e+00,2.669565878849997631e-01,2.669565878849994300e-01,0.000000000000000000e+00,0.000000000000000000e+00
0.000000000000000000e+00,5.550000000000000000e+02,2.669565878849993745e-01,0.000000000000000000e+00,-4.440892098500626162e-16,-1.868876270634652788e-18,0.000000000000000000e+00,-1.868876270634652788e-18,0.000000000000000000e+00,0.000000000000000000e+00,2.669565878850000407e-01,2.669565878849994855e-01,0.000000000000000000e+00,0.000000000000000000e+00
0.000000000000000000e+00,5.600000000000000000e+02,2.669565878849993745e-01,0.000000000000000000e+00,-4.440892098500626162e-16,-2.010331765121188113e-18,0.000000000000000000e+00,-2.010331765121188113e-18,0.000000000000000000e+00,0.000000000000000000e+00,2.669565878850000962e-01,2.669565878849998186e-01,0.000000000000000000e+00,0.000000000000000000e+00
0.000000000000000000e+00,5.650000000000000000e+02,2.669565878849993190e-01,0.000000000000000000e+00,-4.996003610813204432e-16,-1.720444990951938073e-18,0.000000000000000000e+00,-1.720444990951938073e-18,0.000000000000000000e+00,0.000000000000000000e+00,2.669565878849999296e-01,2.669565878849995966e-01,0.000000000000000000e+00,0.000000000000000000e+00
0.000000000000000000e+00,5.700000000000000000e+02,2.669565878849992080e-01,0.000000000000000000e+00,-6.106226635438360972e-16,-2.204982284695706540e-18,0.000000000000000000e+00,-2.204982284695706540e-18,0.000000000000000000e+00,0.000000000000000000e+00,2.669565878849997076e-01,2.669565878849995966e-01,0.000000000000000000e+00,0.000000000000000000e+00
0.000000000000000000e+00,5.750000000000000000e+02,2.669565878849994300e-01,0.000000000000000000e+00,-3.885780586188047891e-16,-2.100681239710690215e-18,0.000000000000000000e+00,-2.100681239710690215e-18,0.000000000000000000e+00,0.000000000000000000e+00,2.669565878849998186e-01,2.669565878849995411e-01,0.000000000000000000e+00,0.000000000000000000e+00
0.000000000000000000e+00,5.800000000000000000e+02,2.669565878849994300e-01,0.000000000000000000e+00,-3.885780586188047891e-16,-1.617337663220203180e-18,0.000000000000000000e+00,-1.617337663220203180e-18,0.000000000000000000e+00,0.000000000000000000e+00,2.669565878849999296e-01,2.669565878849993745e-01,0.000000000000000000e+00,0.000000000000000000e+00
0.000000000000000000e+00,5.850000000000000000e+02,2.669565878849995411e-01,0.000000000000000000e+00,-2.775557561562891351e-16,-1.775430591920336360e-18,0.000000000000000000e+00,-1.775430591920336360e-18,0.000000000000000000e+00,0.000000000000000000e+00,2.669565878850000407e-01,2.669565878849994300e-01,0.000000000000000000e+00,0.000000000000000000e+00
0.000000000000000000e+00,5.900000000000000000e+02,2.669565878849994300e-01,0.000000000000000000e+00,-3.885780586188047891e-16,-1.850597475197977854e-18,0.000000000000000000e+00,-1.850597475197977854e-18,0.000000000000000000e+00,0.000000000000000000e+00,2.669565878850001517e-01,2.669565878849997076e-01,0.000000000000000000e+00,0.000000000000000000e+00
0.000000000000000000e+00,5.950000000000000000e+02,2.669565878849994300e-01,0.000000000000000000e+00,-3.885780586188047891e-16,-1.547094863611250581e-18,0.000000000000000000e+00,-1.547094863611250581e-18,0.000000000000000000e+00,0.000000000000000000e+00,2.669565878850000962e-01,2.669565878849995966e-01,0.000000000000000000e+00,0.000000000000000000e+00
0.000000000000000000e+00,6.000000000000000000e+02,2.669565878849993190e-01,0.000000000000000000e+00,-4.996003610813204432e-16,-1.555749313695889282e-18,0.000000000000000000e+00,-1.555749313695889282e-18,0.000000000000000000e+00,0.000000000000000000e+00,2.669565878850002072e-01,2.669565878849995411e-01,0.000000000000000000e+00,0.000000000000000000e+00
1.000000000000000000e+00,6.000000000000001137e+02,2.669565878849993190e-01,0.000000000000000000e+00,-4.996003610813204432e-16,-1.578869413682015832e-18,0.000000000000000000e+00,-1.578869413682015832e-18,0.000000000000000000e+00,0.000000000000000000e+00,2.669565878850002072e-01,2.669565878849995411e-01,5.000000000000000000e+00,7.072047929992611023e-17
1.000000000000000000e+00,6.050000000000001137e+02,2.669565878849993190e-01,0.000000000000000000e+00,-4.996003610813204432e-16,-1.795709848179116719e-18,0.000000000000000000e+00,-1.795709848179116719e-18,0.000000000000000000e+00,0.000000000000000000e+00,2.669565878850000407e-01,2.669565878849994855e-01,5.000000000000000000e+00,6.944444444445395555e-03
1.000000000000000000e+00,6.100000000000001137e+02,2.669565878849993190e-01,0.000000000000000000e+00,-4.996003610813204432e-16,-1.680513367352531873e-18,0.000000000000000000e+00,-1.680513367352531873e-18,0.000000000000000000e+00,0.000000000000000000e+00,2.669565878849999296e-01,2.669565878849995966e-01,5.000000000000000000e+00,1.388888888889033488e-02
1.000000000000000000e+00,6.150000000000001137e+02,2.669565878849993190e-01,0.000000000000000000e+00,-4.996003610813204432e-16,-1.504330514323637402e-18,0.000000000000000000e+00,-1.504330514323637402e-18,0.000000000000000000e+00,0.000000000000000000e+00,2.669565878849998186e-01,2.669565878849993190e-01,5.000000000000000000e+00,2.083333333333530629e-02
1.000000000000000000e+00,6.200000000000001137e+02,2.669565878849993745e-01,0.000000000000000000e+00,-4.440892098500626162e-16,-1.795709848179116719e-18,0.000000000000000000e+00,-1.795709848179116719e-18,0.000000000000000000e+00,0.000000000000000000e+00,2.669565878849997076e-01,2.669565878849993745e-01,5.000000000000000000e+00,2.777777777777958382e-02
1.000000000000000000e+00,6.250000000000001137e+02,2.669565878849993190e-01,0.000000000000000000e+00,-4.996003610813204432e-16,-1.924458856161770370e-18,0.000000000000000000e+00,-1.924458856161770370e-18,0.000000000000000000e+00,0.000000000000000000e+00,2.669565878849997076e-01,2.669565878849994855e-01,5.000000000000000000e+00,3.472222222222381971e-02
1.000000000000000000e+00,6.300000000000001137e+02,2.669565878849993190e-01,0.000000000000000000e+00,-4.996003610813204432e-16,-2.080312918456561633e-18,0.000000000000000000e+00,-2.080312918456561633e-18,0.000000000000000000e+00,0.000000000000000000e+00,2.669565878849997631e-01,2.669565878849993745e-01,5.000000000000000000e+00,4.166666666666810070e-02
1.000000000000000000e+00,6.350000000000001137e+02,2.669565878849994300e-01,0.000000000000000000e+00,-3.885780586188047891e-16,-1.768604793866979108e-18,0.000000000000000000e+00,-1.768604793866979108e-18,0.000000000000000000e+00,0.000000000000000000e+00,2.669565878849996521e-01,2.669565878849995966e-01,5.000000000000000000e+00,4.861111111111238170e-02
1.000000000000000000e+00,6.400000000000001137e+02,2.669565878849993745e-01,0.000000000000000000e+00,-4.440892098500626162e-16,-1.938011383317839176e-18,0.000000000000000000e+00,-1.938011383317839176e-18,0.000000000000000000e+00,0.000000000000000000e+00,2.669565878849993745e-01,2.669565878849993745e-01,5.000000000000000000e+00,5.555555555555684311e-02
1.000000000000000000e+00,6.450000000000001137e+02,2.669565878849992635e-01,0.000000000000000000e+00,-5.551115123125782702e-16,-1.856696220381426343e-18,0.000000000000000000e+00,-1.856696220381426343e-18,0.000000000000000000e+00,0.000000000000000000e+00,2.669565878849995411e-01,2.669565878849994300e-01,5.000000000000000000e+00,6.250000000000126288e-02
1.000000000000000000e+00,6.500000000000001137e+02,2.669565878849993190e-01,0.000000000000000000e+00,-4.996003610813204432e-16,-2.236166980751352895e-18,0.000000000000000000e+00,-2.236166980751352895e-18,0.000000000000000000e+00,0.000000000000000000e+00,2.669565878849991525e-01,2.669565878849993745e-01,5.000000000000000000e+00,6.944444444444566877e-02
1.000000000000000000e+00,6.550000000000001137e+02,2.669565878849993190e-01,0.000000000000000000e+00,-4.996003610813204432e-16,-2.175180608549043271e-18,0.000000000000000000e+00,-2.175180608549043271e-18,0.000000000000000000e+00,0.000000000000000000e+00,2.669565878849992080e-01,2.669565878849993745e-01,5.000000000000000000e+00,7.638888888889008855e-02
1.000000000000000000e+00,6.600000000000001137e+02,2.669565878849992080e-01,0.000000000000000000e+00,-6.106226635438360972e-16,-2.087089182034596035e-18,0.000000000000000000e+00,-2.087089182034596035e-18,0.000000000000000000e+00,0.000000000000000000e+00,2.669565878849993190e-01,2.669565878849992635e-01,5.000000000000000000e+00,8.333333333333449444e-02
1.000000000000000000e+00,6.650000000000001137e+02,2.669565878849993745e-01,0.000000000000000000e+00,-4.440892098500626162e-16,-1.755052266710910303e-18,0.000000000000000000e+00,-1.755052266710910303e-18,0.000000000000000000e+00,0.000000000000000000e+00,2.669565878849992080e-01,2.669565878849993745e-01,5.000000000000000000e+00,9.027777777777891421e-02
1.000000000000000000e+00,6.700000000000001137e+02,2.669565878849993745e-01,0.000000000000000000e+00,-4.440892098500626162e-16,-2.093865445612630438e-18,0.000000000000000000e+00,-2.093865445612630438e-18,0.000000000000000000e+00,0.000000000000000000e+00,2.669565878849991525e-01,2.669565878849992080e-01,5.000000000000000000e+00,9.722222222222333399e-02
1.000000000000000000e+00,6.750000000000001137e+02,2.669565878849994300e-01,0.000000000000000000e+00,-3.885780586188047891e-16,-1.375581506340983751e-18,0.000000000000000000e+00,-1.375581506340983751e-18,0.000000000000000000e+00,0.000000000000000000e+00,2.669565878849993190e-01,2.669565878849992635e-01,5.000000000000000000e+00,1.041666666666677538e-01
1.000000000000000000e+00,6.800000000000001137e+02,2.669565878849994300e-01,0.000000000000000000e+00,-3.885780586188047891e-16,-1.775381057445013511e-18,0.000000000000000000e+00,-1.775381057445013511e-18,0.000000000000000000e+00,0.000000000000000000e+00,2.669565878849990415e-01,2.669565878849993745e-01,5.000000000000000000e+00,1.111111111111121735e-01
1.000000000000000000e+00,6.850000000000001137e+02,2.669565878849993190e-01,0.000000000000000000e+00,-4.996003610813204432e-16,-1.511106777901671805e-18,0.000000000000000000e+00,-1.511106777901671805e-18,0.000000000000000000e+00,0.000000000000000000e+00,2.669565878849992080e-01,2.669565878849993190e-01,5.000000000000000000e+00,1.180555555555565933e-01
1.000000000000000000e+00,6.900000000000001137e+02,2.669565878849993190e-01,0.000000000000000000e+00,-4.996003610813204432e-16,-1.768604793866979108e-18,0.000000000000000000e+00,-1.768604793866979108e-18,0.000000000000000000e+00,0.000000000000000000e+00,2.669565878849993190e-01,2.669565878849992635e-01,5.000000000000000000e+00,1.250000000000009992e-01
1.000000000000000000e+00,6.950000000000001137e+02,2.669565878849993190e-01,0.000000000000000000e+00,-4.996003610813204432e-16,-1.721170948820738289e-18,0.000000000000000000e+00,-1.721170948820738289e-18,0.000000000000000000e+00,0.000000000000000000e+00,2.669565878849994300e-01,2.669565878849992080e-01,5.000000000000000000e+00,1.319444444444454190e-01
1.000000000000000000e+00,7.000000000000001137e+02,2.669565878849992080e-01,0.000000000000000000e+00,-6.106226635438360972e-16,-1.700842158086635081e-18,0.000000000000000000e+00,-1.700842158086635081e-18,0.000000000000000000e+00,0.000000000000000000e+00,2.669565878849992635e-01,2.669565878849993190e-01,5.000000000000000000e+00,1.388888888888898387e-01
1.000000000000000000e+00,7.050000000000001137e+02,2.669565878849992080e-01,0.000000000000000000e+00,-6.106226635438360972e-16,-1.565316886525947027e-18,0.000000000000000000e+00,-1.565316886525947027e-18,0.000000000000000000e+00,0.000000000000000000e+00,2.669565878849989859e-01,2.669565878849993190e-01,5.000000000000000000e+00,1.458333333333342585e-01
1.000000000000000000e+00,7.100000000000001137e+02,2.669565878849992080e-01,0.000000000000000000e+00,-6.106226635438360972e-16,-1.517883041479706208e-18,0.000000000000000000e+00,-1.517883041479706208e-18,0.000000000000000000e+00,0.000000000000000000e+00,2.669565878849995966e-01,2.669565878849991525e-01,5.000000000000000000e+00,1.527777777777786783e-01
1.000000000000000000e+00,7.150000000000001137e+02,2.669565878849993190e-01,0.000000000000000000e+00,-4.996003610813204432e-16,-1.727947212398772692e-18,0.000000000000000000e+00,-1.727947212398772692e-18,0.000000000000000000e+00,0.000000000000000000e+00,2.669565878849990970e-01,2.669565878849993745e-01,5.000000000000000000e+00,1.597222222222230703e-01
1.000000000000000000e+00,7.200000000000001137e+02,2.669565878849993190e-01,0.000000000000000000e+00,-4.996003610813204432e-16,-1.375581506340983751e-18,0.000000000000000000e+00,-1.375581506340983751e-18,0.000000000000000000e+00,0.000000000000000000e+00,2.669565878849990415e-01,2.669565878849992635e-01,5.000000000000000000e+00,1.666666666666674901e-01
1.000000000000000000e+00,7.250000000000001137e+02,2.669565878849992635e-01,0.000000000000000000e+00,-5.551115123125782702e-16,-1.450120405699362180e-18,0.000000000000000000e+00,-1.450120405699362180e-18,0.000000000000000000e+00,0.000000000000000000e+00,2.669565878849994855e-01,2.669565878849993745e-01,5.000000000000000000e+00,1.736111111111119099e-01
1.000000000000000000e+00,7.300000000000001137e+02,2.669565878849990970e-01,0.000000000000000000e+00,-7.216449660063517513e-16,-1.680513367352531873e-18,0.000000000000000000e+00,-1.680513367352531873e-18,0.000000000000000000e+00,0.000000000000000000e+00,2.669565878849992635e-01,2.669565878849992635e-01,5.000000000000000000e+00,1.805555555555563296e-01
1.000000000000000000e+00,7.350000000000001137e+02,2.669565878849992080e-01,0.000000000000000000e+00,-6.106226635438360972e-16,-1.877025011115529551e-18,0.000000000000000000e+00,-1.877025011115529551e-18,0.000000000000000000e+00,0.000000000000000000e+00,2.669565878849994300e-01,2.669565878849994300e-01,5.000000000000000000e+00,1.875000000000007494e-01
1.000000000000000000e+00,7.400000000000001137e+02,2.669565878849992080e-01,0.000000000000000000e+00,-6.106226635438360972e-16,-1.836367429647323135e-18,0.000000000000000000e+00,-1.836367429647323135e-18,0.000000000000000000e+00,0.000000000000000000e+00,2.669565878849993190e-01,2.669565878849992635e-01,5.000000000000000000e+00,1.944444444444451414e-01
1.000000000000000000e+00,7.450000000000001137e+02,2.669565878849992635e-01,0.000000000000000000e+00,-5.551115123125782702e-16,-1.904130065427667162e-18,0.000000000000000000e+00,-1.904130065427667162e-18,0.000000000000000000e+00,0.000000000000000000e+00,2.669565878849990415e-01,2.669565878849993745e-01,5.000000000000000000e+00,2.013888888888895612e-01
1.000000000000000000e+00,7.500000000000001137e+02,2.669565878849992635e-01,0.000000000000000000e+00,-5.551115123125782702e-16,-1.985445228364079995e-18,0.000000000000000000e+00,-1.985445228364079995e-18,0.000000000000000000e+00,0.000000000000000000e+00,2.669565878849991525e-01,2.669565878849990415e-01,5.000000000000000000e+00,2.083333333333339810e-01
1.000000000000000000e+00,7.550000000000001137e+02,2.669565878849992080e-01,0.000000000000000000e+00,-6.106226635438360972e-16,-1.788933584601082316e-18,0.000000000000000000e+00,-1.788933584601082316e-18,0.000000000000000000e+00,0.000000000000000000e+00,2.669565878849993745e-01,2.669565878849992080e-01,5.000000000000000000e+00,2.152777777777784007e-01
1.000000000000000000e+00,7.600000000000001137e+02,2.669565878849992080e-01,0.000000000000000000e+00,-6.106226635438360972e-16,-1.551764359369878221e-18,0.000000000000000000e+00,-1.551764359369878221e-18,0.000000000000000000e+00,0.000000000000000000e+00,2.669565878849992635e-01,2.669565878849993745e-01,5.000000000000000000e+00,2.222222222222228205e-01
1.000000000000000000e+00,7.650000000000001137e+02,2.669565878849990970e-01,0.000000000000000000e+00,-7.216449660063517513e-16,-1.504330514323637402e-18,0.000000000000000000e+00,-1.504330514323637402e-18,0.000000000000000000e+00,0.000000000000000000e+00,2.669565878849989859e-01,2.669565878849992635e-01,5.000000000000000000e+00,2.291666666666672403e-01
1.000000000000000000e+00,7.700000000000001137e+02,2.669565878849992635e-01,0.000000000000000000e+00,-5.551115123125782702e-16,-1.477225460011499791e-18,0.000000000000000000e+00,-1.477225460011499791e-18,0.000000000000000000e+00,0.000000000000000000e+00,2.669565878849993190e-01,2.669565878849992080e-01,5.000000000000000000e+00,2.361111111111116323e-01
1.000000000000000000e+00,7.750000000000001137e+02,2.669565878849992080e-01,0.000000000000000000e+00,-6.106226635438360972e-16,-1.985445228364079995e-18,0.000000000000000000e+00,-1.985445228364079995e-18,0.000000000000000000e+00,0.000000000000000000e+00,2.669565878849992080e-01,2.669565878849991525e-01,5.000000000000000000e+00,2.430555555555560521e-01
1.000000000000000000e+00,7.800000000000001137e+02,2.669565878849992635e-01,0.000000000000000000e+00,-5.551115123125782702e-16,-1.585645677260050235e-18,0.000000000000000000e+00,-1.585645677260050235e-18,0.000000000000000000e+00,0.000000000000000000e+00,2.669565878849993745e-01,2.669565878849994300e-01,5.000000000000000000e+00,2.500000000000004996e-01
1.000000000000000000e+00,7.850000000000001137e+02,2.669565878849993190e-01,0.000000000000000000e+00,-4.996003610813204432e-16,-2.073536654878527230e-18,0.000000000000000000e+00,-2.073536654878527230e-18,0.000000000000000000e+00,0.000000000000000000e+00,2.669565878849992080e-01,2.669565878849991525e-01,5.000000000000000000e+00,2.569444444444449194e-01
1.000000000000000000e+00,7.900000000000001137e+02,2.669565878849992635e-01,0.000000000000000000e+00,-5.551115123125782702e-16,-1.301042606982605321e-18,0.000000000000000000e+00,-1.301042606982605321e-18,0.000000000000000000e+00,0.000000000000000000e+00,2.669565878849992635e-01,2.669565878849992635e-01,5.000000000000000000e+00,2.638888888888893391e-01
1.000000000000000000e+00,7.950000000000001137e+02,2.669565878849992080e-01,0.000000000000000000e+00,-6.106226635438360972e-16,-1.666960840196463067e-18,0.000000000000000000e+00,-1.666960840196463067e-18,0.000000000000000000e+00,0.000000000000000000e+00,2.669565878849994855e-01,2.669565878849990970e-01,5.000000000000000000e+00,2.708333333333337589e-01
1.000000000000000000e+00,8.000000000000001137e+02,2.669565878849993190e-01,0.000000000000000000e+00,-4.996003610813204432e-16,-1.558540622947912624e-18,0.000000000000000000e+00,-1.558540622947912624e-18,0.000000000000000000e+00,0.000000000000000000e+00,2.669565878849991525e-01,2.669565878849990970e-01,5.000000000000000000e+00,2.777777777777781232e-01
1.000000000000000000e+00,8.050000000000001137e+02,2.669565878849990970e-01,0.000000000000000000e+00,-7.216449660063517513e-16,-1.599198204416119040e-18,0.000000000000000000e+00,-1.599198204416119040e-18,0.000000000000000000e+00,0.000000000000000000e+00,2.669565878849991525e-01,2.669565878849993745e-01,5.000000000000000000e+00,2.847222222222225985e-01
1.000000000000000000e+00,8.100000000000001137e+02,2.669565878849991525e-01,0.000000000000000000e+00,-6.661338147750939243e-16,-1.951563910473907981e-18,0.000000000000000000e+00,-1.951563910473907981e-18,0.000000000000000000e+00,0.000000000000000000e+00,2.669565878849992635e-01,2.669565878849992635e-01,5.000000000000000000e+00,2.916666666666669627e-01
1.000000000000000000e+00,8.150000000000001137e+02,2.669565878849993190e-01,0.000000000000000000e+00,-4.996003610813204432e-16,-1.531435568635775013e-18,0.000000000000000000e+00,-1.531435568635775013e-18,0.000000000000000000e+00,0.000000000000000000e+00,2.669565878849993745e-01,2.669565878849992080e-01,5.000000000000000000e+00,2.986111111111114380e-01
1.000000000000000000e+00,8.200000000000001137e+02,2.669565878849991525e-01,0.000000000000000000e+00,-6.661338147750939243e-16,-1.524659305057740610e-18,0.000000000000000000e+00,-1.524659305057740610e-18,0.000000000000000000e+00,0.000000000000000000e+00,2.669565878849990970e-01,2.669565878849992635e-01,5.000000000000000000e+00,3.055555555555558023e-01
1.000000000000000000e+00,8.250000000000001137e+02,2.669565878849992080e-01,0.000000000000000000e+00,-6.106226635438360972e-16,-1.450120405699362180e-18,0.000000000000000000e+00,-1.450120405699362180e-18,0.000000000000000000e+00,0.000000000000000000e+00,2.669565878849992080e-01,2.669565878849992080e-01,5.000000000000000000e+00,3.125000000000002220e-01
1.000000000000000000e+00,8.300000000000001137e+02,2.669565878849992080e-01,0.000000000000000000e+00,-6.106226635438360972e-16,-1.768604793866979108e-18,0.000000000000000000e+00,-1.768604793866979108e-18,0.000000000000000000e+00,0.000000000000000000e+00,2.669565878849993745e-01,2.669565878849991525e-01,5.000000000000000000e+00,3.194444444444446418e-01
1.000000000000000000e+00,8.350000000000001137e+02,2.669565878849993190e-01,0.000000000000000000e+00,-4.996003610813204432e-16,-1.477225460011499791e-18,0.000000000000000000e+00,-1.477225460011499791e-18,0.000000000000000000e+00,0.000000000000000000e+00,2.669565878849988749e-01,2.669565878849992635e-01,5.000000000000000000e+00,3.263888888888890616e-01
1.000000000000000000e+00,8.400000000000001137e+02,2.669565878849990970e-01,0.000000000000000000e+00,-7.216449660063517513e-16,-1.395910297075086959e-18,0.000000000000000000e+00,-1.395910297075086959e-18,0.000000000000000000e+00,0.000000000000000000e+00,2.669565878849993745e-01,2.669565878849990970e-01,5.000000000000000000e+00,3.333333333333334814e-01
1.000000000000000000e+00,8.450000000000001137e+02,2.669565878849991525e-01,0.000000000000000000e+00,-6.661338147750939243e-16,-2.222614453595284090e-18,0.000000000000000000e+00,-2.222614453595284090e-18,0.000000000000000000e+00,0.000000000000000000e+00,2.669565878849992080e-01,2.669565878849990415e-01,5.000000000000000000e+00,3.402777777777779011e-01
1.000000000000000000e+00,8.500000000000001137e+02,2.669565878849992080e-01,0.000000000000000000e+00,-6.106226635438360972e-16,-1.226503707624226891e-18,0.000000000000000000e+00,-1.226503707624226891e-18,0.000000000000000000e+00,0.000000000000000000e+00,2.669565878849992080e-01,2.669565878849993190e-01,5.000000000000000000e+00,3.472222222222222654e-01
1.000000000000000000e+00,8.550000000000001137e+02,2.669565878849992635e-01,0.000000000000000000e+00,-5.551115123125782702e-16,-1.917682592583735968e-18,0.000000000000000000e+00,-1.917682592583735968e-18,0.000000000000000000e+00,0.000000000000000000e+00,2.669565878849993190e-01,2.669565878849990415e-01,5.000000000000000000e+00,3.541666666666667407e-01
1.000000000000000000e+00,8.600000000000001137e+02,2.669565878849991525e-01,0.000000000000000000e+00,-6.661338147750939243e-16,-1.287490079826536515e-18,0.000000000000000000e+00,-1.287490079826536515e-18,0.000000000000000000e+00,0.000000000000000000e+00,2.669565878849991525e-01,2.669565878849992635e-01,5.000000000000000000e+00,3.611111111111111049e-01
1.000000000000000000e+00,8.650000000000001137e+02,2.669565878849991525e-01,0.000000000000000000e+00,-6.661338147750939243e-16,-1.788933584601082316e-18,0.000000000000000000e+00,-1.788933584601082316e-18,0.000000000000000000e+00,0.000000000000000000e+00,2.669565878849990415e-01,2.669565878849993190e-01,5.000000000000000000e+00,3.680555555555555802e-01
1.000000000000000000e+00,8.700000000000001137e+02,2.669565878849990970e-01,0.000000000000000000e+00,-7.216449660063517513e-16,-1.578869413682015832e-18,0.000000000000000000e+00,-1.578869413682015832e-18,0.000000000000000000e+00,0.000000000000000000e+00,2.669565878849990415e-01,2.669565878849989859e-01,5.000000000000000000e+00,3.749999999999999445e-01
1.000000000000000000e+00,8.750000000000001137e+02,2.669565878849990970e-01,0.000000000000000000e+00,-7.216449660063517513e-16,-1.633079522306291054e-18,0.000000000000000000e+00,-1.633079522306291054e-18,0.000000000000000000e+00,0.000000000000000000e+00,2.669565878849992080e-01,2.669565878849990415e-01,5.000000000000000000e+00,3.819444444444443643e-01
1.000000000000000000e+00,8.800000000000001137e+02,2.669565878849990415e-01,0.000000000000000000e+00,-7.771561172376095783e-16,-1.551764359369878221e-18,0.000000000000000000e+00,-1.551764359369878221e-18,0.000000000000000000e+00,0.000000000000000000e+00,2.669565878849992635e-01,2.669565878849990415e-01,5.000000000000000000e+00,3.888888888888887840e-01
1.000000000000000000e+00,8.850000000000001137e+02,2.669565878849992080e-01,0.000000000000000000e+00,-6.106226635438360972e-16,-8.267041565201971309e-19,0.000000000000000000e+00,-8.267041565201971309e-19,0.000000000000000000e+00,0.000000000000000000e+00,2.669565878849990970e-01,2.669565878849991525e-01,5.000000000000000000e+00,3.958333333333332038e-01
1.000000000000000000e+00,8.900000000000001137e+02,2.669565878849990970e-01,0.000000000000000000e+00,-7.216449660063517513e-16,-1.565316886525947027e-18,0.000000000000000000e+00,-1.565316886525947027e-18,0.000000000000000000e+00,0.000000000000000000e+00,2.669565878849987084e-01,2.669565878849991525e-01,5.000000000000000000e+00,4.027777777777776236e-01
1.000000000000000000e+00,8.950000000000001137e+02,2.669565878849990970e-01,0.000000000000000000e+00,-7.216449660063517513e-16,-1.917682592583735968e-18,0.000000000000000000e+00,-1.917682592583735968e-18,0.000000000000000000e+00,0.000000000000000000e+00,2.669565878849991525e-01,2.669565878849990970e-01,5.000000000000000000e+00,4.097222222222220434e-01
1.000000000000000000e+00,9.000000000000001137e+02,2.669565878849990970e-01,0.000000000000000000e+00,-7.216449660063517513e-16,-1.416239087809190167e-18,0.000000000000000000e+00,-1.416239087809190167e-18,0.000000000000000000e+00,0.000000000000000000e+00,2.669565878849993190e-01,2.669565878849992080e-01,5.000000000000000000e+00,4.166666666666664076e-01
1.000000000000000000e+00,9.050000000000001137e+02,2.669565878849991525e-01,0.000000000000000000e+00,-6.661338147750939243e-16,-1.511106777901671805e-18,0.000000000000000000e+00,-1.511106777901671805e-18,0.000000000000000000e+00,0.000000000000000000e+00,2.669565878849988194e-01,2.669565878849992635e-01,5.000000000000000000e+00,4.236111111111108829e-01
1.000000000000000000e+00,9.100000000000001137e+02,2.669565878849992080e-01,0.000000000000000000e+00,-6.106226635438360972e-16,-1.260385025514398905e-18,0.000000000000000000e+00,-1.260385025514398905e-18,0.000000000000000000e+00,0.000000000000000000e+00,2.669565878849992635e-01,2.669565878849991525e-01,5.000000000000000000e+00,4.305555555555552472e-01
1.000000000000000000e+00,9.150000000000001137e+02,2.669565878849989859e-01,0.000000000000000000e+00,-8.326672684688674053e-16,-1.863472483959460746e-18,0.000000000000000000e+00,-1.863472483959460746e-18,0.000000000000000000e+00,0.000000000000000000e+00,2.669565878849989304e-01,2.669565878849989304e-01,5.000000000000000000e+00,4.374999999999997224e-01
1.000000000000000000e+00,9.200000000000001137e+02,2.669565878849991525e-01,0.000000000000000000e+00,-6.661338147750939243e-16,-1.436567878543293375e-18,0.000000000000000000e+00,-1.436567878543293375e-18,0.000000000000000000e+00,0.000000000000000000e+00,2.669565878849990970e-01,2.669565878849990970e-01,5.000000000000000000e+00,4.444444444444440867e-01
1.000000000000000000e+00,9.250000000000001137e+02,2.669565878849990415e-01,0.000000000000000000e+00,-7.771561172376095783e-16,-1.700842158086635081e-18,0.000000000000000000e+00,-1.700842158086635081e-18,0.000000000000000000e+00,0.000000000000000000e+00,2.669565878849992635e-01,2.669565878849991525e-01,5.000000000000000000e+00,4.513888888888885620e-01
1.000000000000000000e+00,9.300000000000001137e+02,2.669565878849989859e-01,0.000000000000000000e+00,-8.326672684688674053e-16,-1.572093150103981429e-18,0.000000000000000000e+00,-1.572093150103981429e-18,0.000000000000000000e+00,0.000000000000000000e+00,2.669565878849990970e-01,2.669565878849991525e-01,5.000000000000000000e+00,4.583333333333329263e-01
1.000000000000000000e+00,9.350000000000001137e+02,2.669565878849990415e-01,0.000000000000000000e+00,-7.771561172376095783e-16,-1.002887009549091601e-18,0.000000000000000000e+00,-1.002887009549091601e-18,0.000000000000000000e+00,0.000000000000000000e+00,2.669565878849992080e-01,2.669565878849991525e-01,5.000000000000000000e+00,4.652777777777773460e-01
1.000000000000000000e+00,9.400000000000001137e+02,2.669565878849991525e-01,0.000000000000000000e+00,-6.661338147750939243e-16,-1.368805242762949348e-18,0.000000000000000000e+00,-1.368805242762949348e-18,0.000000000000000000e+00,0.000000000000000000e+00,2.669565878849989304e-01,2.669565878849989859e-01,5.000000000000000000e+00,4.722222222222217658e-01
1.000000000000000000e+00,9.450000000000001137e+02,2.669565878849990415e-01,0.000000000000000000e+00,-7.771561172376095783e-16,-1.538211832213809416e-18,0.000000000000000000e+00,-1.538211832213809416e-18,0.000000000000000000e+00,0.000000000000000000e+00,2.669565878849990970e-01,2.669565878849990415e-01,5.000000000000000000e+00,4.791666666666661856e-01
1.000000000000000000e+00,9.500000000000001137e+02,2.669565878849990415e-01,0.000000000000000000e+00,-7.771561172376095783e-16,-1.097754699641573239e-18,0.000000000000000000e+00,-1.097754699641573239e-18,0.000000000000000000e+00,0.000000000000000000e+00,2.669565878849987084e-01,2.669565878849989859e-01,5.000000000000000000e+00,4.861111111111106053e-01
1.000000000000000000e+00,9.550000000000001137e+02,2.669565878849990415e-01,0.000000000000000000e+00,-7.771561172376095783e-16,-1.599198204416119040e-18,0.000000000000000000e+00,-1.599198204416119040e-18,0.000000000000000000e+00,0.000000000000000000e+00,2.669565878849991525e-01,2.669565878849992635e-01,5.000000000000000000e+00,4.930555555555550251e-01
1.000000000000000000e+00,9.600000000000001137e+02,2.669565878849990970e-01,0.000000000000000000e+00,-7.216449660063517513e-16,-1.429791614965258972e-18,0.000000000000000000e+00,-1.429791614965258972e-18,0.000000000000000000e+00,0.000000000000000000e+00,2.669565878849993190e-01,2.669565878849992080e-01,5.000000000000000000e+00,4.999999999999995004e-01
1.000000000000000000e+00,9.650000000000001137e+02,2.669565878849989859e-01,0.000000000000000000e+00,-8.326672684688674053e-16,-1.727947212398772692e-18,0.000000000000000000e+00,-1.727947212398772692e-18,0.000000000000000000e+00,0.000000000000000000e+00,2.669565878849989859e-01,2.669565878849988749e-01,5.000000000000000000e+00,5.069444444444438647e-01
1.000000000000000000e+00,9.700000000000001137e+02,2.669565878849990415e-01,0.000000000000000000e+00,-7.771561172376095783e-16,-1.382357769919018153e-18,0.000000000000000000e+00,-1.382357769919018153e-18,0.000000000000000000e+00,0.000000000000000000e+00,2.669565878849987084e-01,2.669565878849990415e-01,5.000000000000000000e+00,5.138888888888882844e-01
1.000000000000000000e+00,9.750000000000001137e+02,2.669565878849990970e-01,0.000000000000000000e+00,-7.216449660063517513e-16,-1.578869413682015832e-18,0.000000000000000000e+00,-1.578869413682015832e-18,0.000000000000000000e+00,0.000000000000000000e+00,2.669565878849989304e-01,2.669565878849992080e-01,5.000000000000000000e+00,5.208333333333327042e-01
1.000000000000000000e+00,9.800000000000001137e+02,2.669565878849992080e-01,0.000000000000000000e+00,-6.106226635438360972e-16,-1.470449196433465389e-18,0.000000000000000000e+00,-1.470449196433465389e-18,0.000000000000000000e+00,0.000000000000000000e+00,2.669565878849988749e-01,2.669565878849990970e-01,5.000000000000000000e+00,5.277777777777771240e-01
1.000000000000000000e+00,9.850000000000001137e+02,2.669565878849990415e-01,0.000000000000000000e+00,-7.771561172376095783e-16,-1.721170948820738289e-18,0.000000000000000000e+00,-1.721170948820738289e-18,0.000000000000000000e+00,0.000000000000000000e+00,2.669565878849990415e-01,2.669565878849989859e-01,5.000000000000000000e+00,5.347222222222215438e-01
1.000000000000000000e+00,9.900000000000001137e+02,2.669565878849989859e-01,0.000000000000000000e+00,-8.326672684688674053e-16,-1.301042606982605321e-18,0.000000000000000000e+00,-1.301042606982605321e-18,0.000000000000000000e+00,0.000000000000000000e+00,2.669565878849989304e-01,2.669565878849992635e-01,5.000000000000000000e+00,5.416666666666659635e-01
1.000000000000000000e+00,9.950000000000001137e+02,2.669565878849990970e-01,0.000000000000000000e+00,-7.216449660063517513e-16,-1.585645677260050235e-18,0.000000000000000000e+00,-1.585645677260050235e-18,0.000000000000000000e+00,0.000000000000000000e+00,2.669565878849989859e-01,2.669565878849989859e-01,5.000000000000000000e+00,5.486111111111103833e-01
1.000000000000000000e+00,1.000000000000000114e+03,2.669565878849989304e-01,0.000000000000000000e+00,-8.881784197001252323e-16,-1.402686560653121361e-18,0.000000000000000000e+00,-1.402686560653121361e-18,0.000000000000000000e+00,0.000000000000000000e+00,2.669565878849992635e-01,2.669565878849990970e-01,5.000000000000000000e+00,5.555555555555548031e-01
1.000000000000000000e+00,1.005000000000000114e+03,2.669565878849990415e-01,0.000000000000000000e+00,-7.771561172376095783e-16,-1.477225460011499791e-18,0.000000000000000000e+00,-1.477225460011499791e-18,0.000000000000000000e+00,0.000000000000000000e+00,2.669565878849990970e-01,2.669565878849990415e-01,5.000000000000000000e+00,5.624999999999992228e-01
1.000000000000000000e+00,1.010000000000000114e+03,2.669565878849990970e-01,0.000000000000000000e+00,-7.216449660063517513e-16,-1.348476452028846140e-18,0.000000000000000000e+00,-1.348476452028846140e-18,0.000000000000000000e+00,0.000000000000000000e+00,2.669565878849988749e-01,2.669565878849990970e-01,5.000000000000000000e+00,5.694444444444435316e-01
1.000000000000000000e+00,1.015000000000000114e+03,2.669565878849989859e-01,0.000000000000000000e+00,-8.326672684688674053e-16,-1.273937552670467710e-18,0.000000000000000000e+00,-1.273937552670467710e-18,0.000000000000000000e+00,0.000000000000000000e+00,2.669565878849989304e-01,2.669565878849990970e-01,5.000000000000000000e+00,5.763888888888880624e-01
1.000000000000000000e+00,1.020000000000000114e+03,2.669565878849989859e-01,0.000000000000000000e+00,-8.326672684688674053e-16,-1.558540622947912624e-18,0.000000000000000000e+00,-1.558540622947912624e-18,0.000000000000000000e+00,0.000000000000000000e+00,2.669565878849990970e-01,2.669565878849989304e-01,5.000000000000000000e+00,5.833333333333325932e-01
1.000000000000000000e+00,1.025000000000000000e+03,2.669565878849989859e-01,0.000000000000000000e+00,-8.326672684688674053e-16,-1.212951180468158086e-18,0.000000000000000000e+00,-1.212951180468158086e-18,0.000000000000000000e+00,0.000000000000000000e+00,2.669565878849990415e-01,2.669565878849991525e-01,5.000000000000000000e+00,5.902777777777769019e-01
1.000000000000000000e+00,1.030000000000000000e+03,2.669565878849990415e-01,0.000000000000000000e+00,-7.771561172376095783e-16,-9.419006373467819770e-19,0.000000000000000000e+00,-9.419006373467819770e-19,0.000000000000000000e+00,0.000000000000000000e+00,2.669565878849989304e-01,2.669565878849990415e-01,5.000000000000000000e+00,5.972222222222213217e-01
1.000000000000000000e+00,1.035000000000000000e+03,2.669565878849990415e-01,0.000000000000000000e+00,-7.771561172376095783e-16,-1.714394685242703886e-18,0.000000000000000000e+00,-1.714394685242703886e-18,0.000000000000000000e+00,0.000000000000000000e+00,2.669565878849992080e-01,2.669565878849990415e-01,5.000000000000000000e+00,6.041666666666657415e-01
1.000000000000000000e+00,1.040000000000000000e+03,2.669565878849989304e-01,0.000000000000000000e+00,-8.881784197001252323e-16,-1.666960840196463067e-18,0.000000000000000000e+00,-1.666960840196463067e-18,0.000000000000000000e+00,0.000000000000000000e+00,2.669565878849991525e-01,2.669565878849992080e-01,5.000000000000000000e+00,6.111111111111101613e-01
1.000000000000000000e+00,1.045000000000000000e+03,2.669565878849990970e-01,0.000000000000000000e+00,-7.216449660063517513e-16,-8.741380015664379499e-19,0.000000000000000000e+00,-8.741380015664379499e-19,0.000000000000000000e+00,0.000000000000000000e+00,2.669565878849989304e-01,2.669565878849990415e-01,5.000000000000000000e+00,6.180555555555545810e-01
1.000000000000000000e+00,1.050000000000000000e+03,2.669565878849989859e-01,0.000000000000000000e+00,-8.326672684688674053e-16,-1.240056234780295696e-18,0.000000000000000000e+00,-1.240056234780295696e-18,0.000000000000000000e+00,0.000000000000000000e+00,2.669565878849988749e-01,2.669565878849988749e-01,5.000000000000000000e+00,6.249999999999990008e-01
1.000000000000000000e+00,1.055000000000000000e+03,2.669565878849989859e-01,0.000000000000000000e+00,-8.326672684688674053e-16,-1.043544591017298018e-18,0.000000000000000000e+00,-1.043544591017298018e-18,0.000000000000000000e+00,0.000000000000000000e+00,2.669565878849993190e-01,2.669565878849990970e-01,5.000000000000000000e+00,6.319444444444434206e-01
1.000000000000000000e+00,1.060000000000000000e+03,2.669565878849990415e-01,0.000000000000000000e+00,-7.771561172376095783e-16,-1.456896669277396583e-18,0.000000000000000000e+00,-1.456896669277396583e-18,0.000000000000000000e+00,0.000000000000000000e+00,2.669565878849990415e-01,2.669565878849991525e-01,5.000000000000000000e+00,6.388888888888877293e-01
1.000000000000000000e+00,1.065000000000000000e+03,2.669565878849989304e-01,0.000000000000000000e+00,-8.881784197001252323e-16,-1.450120405699362180e-18,0.000000000000000000e+00,-1.450120405699362180e-18,0.000000000000000000e+00,0.000000000000000000e+00,2.669565878849990415e-01,2.669565878849990970e-01,5.000000000000000000e+00,6.458333333333322601e-01
1.000000000000000000e+00,1.070000000000000000e+03,2.669565878849989304e-01,0.000000000000000000e+00,-8.881784197001252323e-16,-1.450120405699362180e-18,0.000000000000000000e+00,-1.450120405699362180e-18,0.000000000000000000e+00,0.000000000000000000e+00,2.669565878849989304e-01,2.669565878849989304e-01,5.000000000000000000e+00,6.527777777777765689e-01
1.000000000000000000e+00,1.075000000000000000e+03,2.669565878849989859e-01,0.000000000000000000e+00,-8.326672684688674053e-16,-1.395910297075086959e-18,0.000000000000000000e+00,-1.395910297075086959e-18,0.000000000000000000e+00,0.000000000000000000e+00,2.669565878849987084e-01,2.669565878849989859e-01,5.000000000000000000e+00,6.597222222222210997e-01
1.000000000000000000e+00,1.080000000000000000e+03,2.669565878849989304e-01,0.000000000000000000e+00,-8.881784197001252323e-16,-1.219727444046192488e-18,0.000000000000000000e+00,-1.219727444046192488e-18,0.000000000000000000e+00,0.000000000000000000e+00,2.669565878849990415e-01,2.669565878849990415e-01,5.000000000000000000e+00,6.666666666666655194e-01
1.000000000000000000e+00,1.085000000000000000e+03,2.669565878849990415e-01,0.000000000000000000e+00,-7.771561172376095783e-16,-1.246832498358330099e-18,0.000000000000000000e+00,-1.246832498358330099e-18,0.000000000000000000e+00,0.000000000000000000e+00,2.669565878849988194e-01,2.669565878849989304e-01,5.000000000000000000e+00,6.736111111111099392e-01
1.000000000000000000e+00,1.090000000000000000e+03,2.669565878849990970e-01,0.000000000000000000e+00,-7.216449660063517513e-16,-1.456896669277396583e-18,0.000000000000000000e+00,-1.456896669277396583e-18,0.000000000000000000e+00,0.000000000000000000e+00,2.669565878849989859e-01,2.669565878849989304e-01,5.000000000000000000e+00,6.805555555555543590e-01
1.000000000000000000e+00,1.095000000000000000e+03,2.669565878849988749e-01,0.000000000000000000e+00,-9.436895709313830594e-16,-1.280713816248502113e-18,0.000000000000000000e+00,-1.280713816248502113e-18,0.000000000000000000e+00,0.000000000000000000e+00,2.669565878849989304e-01,2.669565878849989304e-01,5.000000000000000000e+00,6.874999999999986677e-01
1.000000000000000000e+00,1.100000000000000000e+03,2.669565878849989304e-01,0.000000000000000000e+00,-8.881784197001252323e-16,-1.511106777901671805e-18,0.000000000000000000e+00,-1.511106777901671805e-18,0.000000000000000000e+00,0.000000000000000000e+00,2.669565878849992080e-01,2.669565878849990415e-01,5.000000000000000000e+00,6.944444444444429765e-01
1.000000000000000000e+00,1.105000000000000000e+03,2.669565878849990415e-01,0.000000000000000000e+00,-7.771561172376095783e-16,-1.111307226797642045e-18,0.000000000000000000e+00,-1.111307226797642045e-18,0.000000000000000000e+00,0.000000000000000000e+00,2.669565878849988749e-01,2.669565878849990970e-01,5.000000000000000000e+00,7.013888888888873963e-01
1.000000000000000000e+00,1.110000000000000000e+03,2.669565878849989859e-01,0.000000000000000000e+00,-8.326672684688674053e-16,-1.348476452028846140e-18,0.000000000000000000e+00,-1.348476452028846140e-18,0.000000000000000000e+00,0.000000000000000000e+00,2.669565878849990415e-01,2.669565878849989304e-01,5.000000000000000000e+00,7.083333333333317050e-01
1.000000000000000000e+00,1.115000000000000000e+03,2.669565878849989859e-01,0.000000000000000000e+00,-8.326672684688674053e-16,-1.314595134138674126e-18,0.000000000000000000e+00,-1.314595134138674126e-18,0.000000000000000000e+00,0.000000000000000000e+00,2.669565878849992080e-01,2.669565878849989304e-01,5.000000000000000000e+00,7.152777777777762358e-01
1.000000000000000000e+00,1.120000000000000000e+03,2.669565878849989304e-01,0.000000000000000000e+00,-8.881784197001252323e-16,-1.233279971202261294e-18,0.000000000000000000e+00,-1.233279971202261294e-18,0.000000000000000000e+00,0.000000000000000000e+00,2.669565878849990970e-01,2.669565878849988194e-01,5.000000000000000000e+00,7.222222222222207666e-01
1.000000000000000000e+00,1.125000000000000000e+03,2.669565878849989859e-01,0.000000000000000000e+00,-8.326672684688674053e-16,-1.260385025514398905e-18,0.000000000000000000e+00,-1.260385025514398905e-18,0.000000000000000000e+00,0.000000000000000000e+00,2.669565878849990970e-01,2.669565878849988749e-01,5.000000000000000000e+00,7.291666666666652974e-01
1.000000000000000000e+00,1.130000000000000000e+03,2.669565878849988749e-01,0.000000000000000000e+00,-9.436895709313830594e-16,-1.165517335421917267e-18,0.000000000000000000e+00,-1.165517335421917267e-18,0.000000000000000000e+00,0.000000000000000000e+00,2.669565878849990970e-01,2.669565878849988749e-01,5.000000000000000000e+00,7.361111111111097172e-01
1.000000000000000000e+00,1.135000000000000000e+03,2.669565878849990415e-01,0.000000000000000000e+00,-7.771561172376095783e-16,-1.314595134138674126e-18,0.000000000000000000e+00,-1.314595134138674126e-18,0.000000000000000000e+00,0.000000000000000000e+00,2.669565878849989304e-01,2.669565878849991525e-01,5.000000000000000000e+00,7.430555555555542480e-01
1.000000000000000000e+00,1.140000000000000000e+03,2.669565878849990415e-01,0.000000000000000000e+00,-7.771561172376095783e-16,-9.961107459710571987e-19,0.000000000000000000e+00,-9.961107459710571987e-19,0.000000000000000000e+00,0.000000000000000000e+00,2.669565878849990970e-01,2.669565878849990415e-01,5.000000000000000000e+00,7.499999999999987788e-01
1.000000000000000000e+00,1.145000000000000000e+03,2.669565878849987639e-01,0.000000000000000000e+00,-1.054711873393898713e-15,-1.524659305057740610e-18,0.000000000000000000e+00,-1.524659305057740610e-18,0.000000000000000000e+00,0.000000000000000000e+00,2.669565878849985974e-01,2.669565878849987639e-01,5.000000000000000000e+00,7.569444444444433095e-01
1.000000000000000000e+00,1.150000000000000000e+03,2.669565878849989859e-01,0.000000000000000000e+00,-8.326672684688674053e-16,-1.551764359369878221e-18,0.000000000000000000e+00,-1.551764359369878221e-18,0.000000000000000000e+00,0.000000000000000000e+00,2.669565878849990415e-01,2.669565878849989304e-01,5.000000000000000000e+00,7.638888888888878403e-01
1.000000000000000000e+00,1.155000000000000000e+03,2.669565878849987639e-01,0.000000000000000000e+00,-1.054711873393898713e-15,-1.199398653312089280e-18,0.000000000000000000e+00,-1.199398653312089280e-18,0.000000000000000000e+00,0.000000000000000000e+00,2.669565878849988749e-01,2.669565878849990415e-01,5.000000000000000000e+00,7.708333333333322601e-01
1.000000000000000000e+00,1.160000000000000000e+03,2.669565878849988749e-01,0.000000000000000000e+00,-9.436895709313830594e-16,-1.260385025514398905e-18,0.000000000000000000e+00,-1.260385025514398905e-18,0.000000000000000000e+00,0.000000000000000000e+00,2.669565878849988749e-01,2.669565878849988194e-01,5.000000000000000000e+00,7.777777777777767909e-01
1.000000000000000000e+00,1.165000000000000000e+03,2.669565878849988749e-01,0.000000000000000000e+00,-9.436895709313830594e-16,-1.212951180468158086e-18,0.000000000000000000e+00,-1.212951180468158086e-18,0.000000000000000000e+00,0.000000000000000000e+00,2.669565878849989304e-01,2.669565878849989304e-01,5.000000000000000000e+00,7.847222222222214327e-01
1.000000000000000000e+00,1.170000000000000000e+03,2.669565878849988749e-01,0.000000000000000000e+00,-9.436895709313830594e-16,-1.402686560653121361e-18,0.000000000000000000e+00,-1.402686560653121361e-18,0.000000000000000000e+00,0.000000000000000000e+00,2.669565878849987084e-01,2.669565878849988749e-01,5.000000000000000000e+00,7.916666666666659635e-01
1.000000000000000000e+00,1.175000000000000000e+03,2.669565878849988749e-01,0.000000000000000000e+00,-9.436895709313830594e-16,-1.463672932855430986e-18,0.000000000000000000e+00,-1.463672932855430986e-18,0.000000000000000000e+00,0.000000000000000000e+00,2.669565878849990970e-01,2.669565878849989859e-01,5.000000000000000000e+00,7.986111111111104943e-01
1.000000000000000000e+00,1.180000000000000000e+03,2.669565878849987639e-01,0.000000000000000000e+00,-1.054711873393898713e-15,-1.206174916890123683e-18,0.000000000000000000e+00,-1.206174916890123683e-18,0.000000000000000000e+00,0.000000000000000000e+00,2.669565878849989304e-01,2.669565878849988749e-01,5.000000000000000000e+00,8.055555555555550251e-01
1.000000000000000000e+00,1.185000000000000000e+03,2.669565878849989859e-01,0.000000000000000000e+00,-8.326672684688674053e-16,-1.497554250745602999e-18,0.000000000000000000e+00,-1.497554250745602999e-18,0.000000000000000000e+00,0.000000000000000000e+00,2.669565878849985974e-01,2.669565878849987084e-01,5.000000000000000000e+00,8.124999999999994449e-01
1.000000000000000000e+00,1.190000000000000000e+03,2.669565878849988194e-01,0.000000000000000000e+00,-9.992007221626408864e-16,-1.273937552670467710e-18,0.000000000000000000e+00,-1.273937552670467710e-18,0.000000000000000000e+00,0.000000000000000000e+00,2.669565878849984308e-01,2.669565878849988194e-01,5.000000000000000000e+00,8.194444444444439757e-01
1.000000000000000000e+00,1.195000000000000000e+03,2.669565878849990415e-01,0.000000000000000000e+00,-7.771561172376095783e-16,-1.165517335421917267e-18,0.000000000000000000e+00,-1.165517335421917267e-18,0.000000000000000000e+00,0.000000000000000000e+00,2.669565878849990415e-01,2.669565878849988749e-01,5.000000000000000000e+00,8.263888888888885065e-01
1.000000000000000000e+00,1.200000000000000000e+03,2.669565878849989304e-01,0.000000000000000000e+00,-8.881784197001252323e-16,-1.253608761936364502e-18,0.000000000000000000e+00,-1.253608761936364502e-18,0.000000000000000000e+00,0.000000000000000000e+00,2.669565878849990415e-01,2.669565878849989859e-01,5.000000000000000000e+00,8.333333333333330373e-01
1.000000000000000000e+00,1.205000000000000000e+03,2.669565878849989304e-01,0.000000000000000000e+00,-8.881784197001252323e-16,-1.402686560653121361e-18,0.000000000000000000e+00,-1.402686560653121361e-18,0.000000000000000000e+00,0.000000000000000000e+00,2.669565878849988194e-01,2.669565878849989859e-01,5.000000000000000000e+00,8.402777777777775681e-01
1.000000000000000000e+00,1.210000000000000000e+03,2.669565878849989304e-01,0.000000000000000000e+00,-8.881784197001252323e-16,-1.077425908907470031e-18,0.000000000000000000e+00,-1.077425908907470031e-18,0.000000000000000000e+00,0.000000000000000000e+00,2.669565878849991525e-01,2.669565878849991525e-01,5.000000000000000000e+00,8.472222222222219878e-01
1.000000000000000000e+00,1.215000000000000000e+03,2.669565878849987639e-01,0.000000000000000000e+00,-1.054711873393898713e-15,-1.402686560653121361e-18,0.000000000000000000e+00,-1.402686560653121361e-18,0.000000000000000000e+00,0.000000000000000000e+00,2.669565878849989304e-01,2.669565878849990970e-01,5.000000000000000000e+00,8.541666666666665186e-01
1.000000000000000000e+00,1.220000000000000000e+03,2.669565878849989304e-01,0.000000000000000000e+00,-8.881784197001252323e-16,-1.124859753953710850e-18,0.000000000000000000e+00,-1.124859753953710850e-18,0.000000000000000000e+00,0.000000000000000000e+00,2.669565878849990970e-01,2.669565878849990415e-01,5.000000000000000000e+00,8.611111111111110494e-01
1.000000000000000000e+00,1.225000000000000000e+03,2.669565878849989304e-01,0.000000000000000000e+00,-8.881784197001252323e-16,-1.429791614965258972e-18,0.000000000000000000e+00,-1.429791614965258972e-18,0.000000000000000000e+00,0.000000000000000000e+00,2.669565878849990970e-01,2.669565878849989859e-01,5.000000000000000000e+00,8.680555555555555802e-01
1.000000000000000000e+00,1.230000000000000000e+03,2.669565878849988749e-01,0.000000000000000000e+00,-9.436895709313830594e-16,-1.416239087809190167e-18,0.000000000000000000e+00,-1.416239087809190167e-18,0.000000000000000000e+00,0.000000000000000000e+00,2.669565878849985974e-01,2.669565878849988194e-01,5.000000000000000000e+00,8.750000000000001110e-01
1.000000000000000000e+00,1.235000000000000000e+03,2.669565878849988749e-01,0.000000000000000000e+00,-9.436895709313830594e-16,-1.199398653312089280e-18,0.000000000000000000e+00,-1.199398653312089280e-18,0.000000000000000000e+00,0.000000000000000000e+00,2.669565878849989304e-01,2.669565878849988194e-01,5.000000000000000000e+00,8.819444444444446418e-01
1.000000000000000000e+00,1.240000000000000000e+03,2.669565878849988749e-01,0.000000000000000000e+00,-9.436895709313830594e-16,-8.944667923005411581e-19,0.000000000000000000e+00,-8.944667923005411581e-19,0.000000000000000000e+00,0.000000000000000000e+00,2.669565878849988194e-01,2.669565878849988749e-01,5.000000000000000000e+00,8.888888888888891726e-01
1.000000000000000000e+00,1.245000000000000000e+03,2.669565878849989304e-01,0.000000000000000000e+00,-8.881784197001252323e-16,-1.273937552670467710e-18,0.000000000000000000e+00,-1.273937552670467710e-18,0.000000000000000000e+00,0.000000000000000000e+00,2.669565878849989859e-01,2.669565878849989859e-01,5.000000000000000000e+00,8.958333333333337034e-01
1.000000000000000000e+00,1.250000000000000000e+03,2.669565878849988194e-01,0.000000000000000000e+00,-9.992007221626408864e-16,-1.260385025514398905e-18,0.000000000000000000e+00,-1.260385025514398905e-18,0.000000000000000000e+00,0.000000000000000000e+00,2.669565878849984863e-01,2.669565878849987639e-01,5.000000000000000000e+00,9.027777777777782342e-01
1.000000000000000000e+00,1.255000000000000000e+03,2.669565878849989304e-01,0.000000000000000000e+00,-8.881784197001252323e-16,-1.321371397716708529e-18,0.000000000000000000e+00,-1.321371397716708529e-18,0.000000000000000000e+00,0.000000000000000000e+00,2.669565878849989859e-01,2.669565878849987084e-01,5.000000000000000000e+00,9.097222222222227650e-01
1.000000000000000000e+00,1.260000000000000000e+03,2.669565878849988749e-01,0.000000000000000000e+00,-9.436895709313830594e-16,-9.147955830346443662e-19,0.000000000000000000e+00,-9.147955830346443662e-19,0.000000000000000000e+00,0.000000000000000000e+00,2.669565878849987084e-01,2.669565878849988194e-01,5.000000000000000000e+00,9.166666666666672958e-01
1.000000000000000000e+00,1.265000000000000000e+03,2.669565878849988194e-01,0.000000000000000000e+00,-9.992007221626408864e-16,-9.283481101907131716e-19,0.000000000000000000e+00,-9.283481101907131716e-19,0.000000000000000000e+00,0.000000000000000000e+00,2.669565878849984308e-01,2.669565878849987084e-01,5.000000000000000000e+00,9.236111111111117156e-01
1.000000000000000000e+00,1.270000000000000000e+03,2.669565878849989304e-01,0.000000000000000000e+00,-8.881784197001252323e-16,-1.043544591017298018e-18,0.000000000000000000e+00,-1.043544591017298018e-18,0.000000000000000000e+00,0.000000000000000000e+00,2.669565878849989304e-01,2.669565878849987639e-01,5.000000000000000000e+00,9.305555555555562464e-01
1.000000000000000000e+00,1.275000000000000000e+03,2.669565878849988749e-01,0.000000000000000000e+00,-9.436895709313830594e-16,-1.111307226797642045e-18,0.000000000000000000e+00,-1.111307226797642045e-18,0.000000000000000000e+00,0.000000000000000000e+00,2.669565878849988749e-01,2.669565878849989304e-01,5.000000000000000000e+00,9.375000000000005551e-01
1.000000000000000000e+00,1.280000000000000000e+03,2.669565878849988194e-01,0.000000000000000000e+00,-9.992007221626408864e-16,-1.077425908907470031e-18,0.000000000000000000e+00,-1.077425908907470031e-18,0.000000000000000000e+00,0.000000000000000000e+00,2.669565878849990415e-01,2.669565878849989859e-01,5.000000000000000000e+00,9.444444444444447528e-01
1.000000000000000000e+00,1.285000000000000000e+03,2.669565878849989304e-01,0.000000000000000000e+00,-8.881784197001252323e-16,-1.158741071843882864e-18,0.000000000000000000e+00,-1.158741071843882864e-18,0.000000000000000000e+00,0.000000000000000000e+00,2.669565878849989859e-01,2.669565878849989859e-01,5.000000000000000000e+00,9.513888888888890616e-01
1.000000000000000000e+00,1.290000000000000000e+03,2.669565878849989304e-01,0.000000000000000000e+00,-8.881784197001252323e-16,-1.172293598999951669e-18,0.000000000000000000e+00,-1.172293598999951669e-18,0.000000000000000000e+00,0.000000000000000000e+00,2.669565878849988194e-01,2.669565878849987084e-01,5.000000000000000000e+00,9.583333333333332593e-01
1.000000000000000000e+00,1.295000000000000000e+03,2.669565878849988194e-01,0.000000000000000000e+00,-9.992007221626408864e-16,-1.219727444046192488e-18,0.000000000000000000e+00,-1.219727444046192488e-18,0.000000000000000000e+00,0.000000000000000000e+00,2.669565878849989304e-01,2.669565878849989304e-01,5.000000000000000000e+00,9.652777777777775681e-01
1.000000000000000000e+00,1.300000000000000000e+03,2.669565878849988194e-01,0.000000000000000000e+00,-9.992007221626408864e-16,-1.104530963219607642e-18,0.000000000000000000e+00,-1.104530963219607642e-18,0.000000000000000000e+00,0.000000000000000000e+00,2.669565878849991525e-01,2.669565878849990415e-01,5.000000000000000000e+00,9.722222222222218768e-01
1.000000000000000000e+00,1.305000000000000000e+03,2.669565878849986529e-01,0.000000000000000000e+00,-1.165734175856414367e-15,-1.124859753953710850e-18,0.000000000000000000e+00,-1.124859753953710850e-18,0.000000000000000000e+00,0.000000000000000000e+00,2.669565878849987639e-01,2.669565878849989304e-01,5.000000000000000000e+00,9.791666666666660745e-01
1.000000000000000000e+00,1.310000000000000000e+03,2.669565878849987084e-01,0.000000000000000000e+00,-1.110223024625156540e-15,-1.233279971202261294e-18,0.000000000000000000e+00,-1.233279971202261294e-18,0.000000000000000000e+00,0.000000000000000000e+00,2.669565878849984863e-01,2.669565878849988194e-01,5.000000000000000000e+00,9.861111111111103833e-01
1.000000000000000000e+00,1.315000000000000000e+03,2.669565878849987639e-01,0.000000000000000000e+00,-1.054711873393898713e-15,-9.622294280808851852e-19,0.000000000000000000e+00,-9.622294280808851852e-19,0.000000000000000000e+00,0.000000000000000000e+00,2.669565878849990415e-01,2.669565878849988749e-01,5.000000000000000000e+00,9.930555555555545810e-01
1.000000000000000000e+00,1.320000000000000000e+03,2.669565878849988749e-01,0.000000000000000000e+00,-9.436895709313830594e-16,-1.104530963219607642e-18,0.000000000000000000e+00,-1.104530963219607642e-18,0.000000000000000000e+00,0.000000000000000000e+00,2.669565878849988194e-01,2.669565878849988194e-01,5.000000000000000000e+00,9.999999999999990008e-01
1.000000000000000000e+00,1.325000000000000000e+03,2.669565878849989859e-01,0.000000000000000000e+00,-8.326672684688674053e-16,-1.138412281109779656e-18,0.000000000000000000e+00,-1.138412281109779656e-18,0.000000000000000000e+00,0.000000000000000000e+00,2.669565878849987084e-01,2.669565878849987084e-01,5.000000000000000000e+00,1.006944444444443310e+00
1.000000000000000000e+00,1.330000000000000000e+03,2.669565878849985974e-01,0.000000000000000000e+00,-1.221245327087672194e-15,-1.104530963219607642e-18,0.000000000000000000e+00,-1.104530963219607642e-18,0.000000000000000000e+00,0.000000000000000000e+00,2.669565878849988194e-01,2.669565878849987639e-01,5.000000000000000000e+00,1.013888888888887729e+00
1.000000000000000000e+00,1.335000000000000000e+03,2.669565878849987639e-01,0.000000000000000000e+00,-1.054711873393898713e-15,-1.043544591017298018e-18,0.000000000000000000e+00,-1.043544591017298018e-18,0.000000000000000000e+00,0.000000000000000000e+00,2.669565878849988749e-01,2.669565878849988749e-01,5.000000000000000000e+00,1.020833333333332149e+00
1.000000000000000000e+00,1.340000000000000000e+03,2.669565878849987084e-01,0.000000000000000000e+00,-1.110223024625156540e-15,-8.944667923005411581e-19,0.000000000000000000e+00,-8.944667923005411581e-19,0.000000000000000000e+00,0.000000000000000000e+00,2.669565878849988749e-01,2.669565878849989859e-01,5.000000000000000000e+00,1.027777777777776569e+00
1.000000000000000000e+00,1.345000000000000000e+03,2.669565878849989304e-01,0.000000000000000000e+00,-8.881784197001252323e-16,-1.124859753953710850e-18,0.000000000000000000e+00,-1.124859753953710850e-18,0.000000000000000000e+00,0.000000000000000000e+00,2.669565878849989859e-01,2.669565878849987639e-01,5.000000000000000000e+00,1.034722222222220989e+00
1.000000000000000000e+00,1.350000000000000000e+03,2.669565878849988194e-01,0.000000000000000000e+00,-9.992007221626408864e-16,-1.043544591017298018e-18,0.000000000000000000e+00,-1.043544591017298018e-18,0.000000000000000000e+00,0.000000000000000000e+00,2.669565878849988749e-01,2.669565878849989304e-01,5.000000000000000000e+00,1.041666666666665408e+00
1.000000000000000000e+00,1.355000000000000000e+03,2.669565878849987639e-01,0.000000000000000000e+00,-1.054711873393898713e-15,-1.131636017531745253e-18,0.000000000000000000e+00,-1.131636017531745253e-18,0.000000000000000000e+00,0.000000000000000000e+00,2.669565878849988194e-01,2.669565878849987639e-01,5.000000000000000000e+00,1.048611111111109606e+00
1.000000000000000000e+00,1.360000000000000000e+03,2.669565878849988749e-01,0.000000000000000000e+00,-9.436895709313830594e-16,-9.419006373467819770e-19,0.000000000000000000e+00,-9.419006373467819770e-19,0.000000000000000000e+00,0.000000000000000000e+00,2.669565878849990415e-01,2.669565878849989859e-01,5.000000000000000000e+00,1.055555555555554026e+00
1.000000000000000000e+00,1.365000000000000000e+03,2.669565878849987084e-01,0.000000000000000000e+00,-1.110223024625156540e-15,-9.419006373467819770e-19,0.000000000000000000e+00,-9.419006373467819770e-19,0.000000000000000000e+00,0.000000000000000000e+00,2.669565878849992080e-01,2.669565878849988749e-01,5.000000000000000000e+00,1.062499999999998446e+00
1.000000000000000000e+00,1.370000000000000000e+03,2.669565878849988194e-01,0.000000000000000000e+00,-9.992007221626408864e-16,-1.002887009549091601e-18,0.000000000000000000e+00,-1.002887009549091601e-18,0.000000000000000000e+00,0.000000000000000000e+00,2.669565878849986529e-01,2.669565878849988749e-01,5.000000000000000000e+00,1.069444444444442865e+00
1.000000000000000000e+00,1.375000000000000000e+03,2.669565878849989304e-01,0.000000000000000000e+00,-8.881784197001252323e-16,-1.023215800283194810e-18,0.000000000000000000e+00,-1.023215800283194810e-18,0.000000000000000000e+00,0.000000000000000000e+00,2.669565878849989859e-01,2.669565878849987639e-01,5.000000000000000000e+00,1.076388888888887285e+00
1.000000000000000000e+00,1.380000000000000000e+03,2.669565878849986529e-01,0.000000000000000000e+00,-1.165734175856414367e-15,-8.876905287225067553e-19,0.000000000000000000e+00,-8.876905287225067553e-19,0.000000000000000000e+00,0.000000000000000000e+00,2.669565878849989304e-01,2.669565878849988749e-01,5.000000000000000000e+00,1.083333333333331927e+00
1.000000000000000000e+00,1.385000000000000000e+03,2.669565878849987639e-01,0.000000000000000000e+00,-1.054711873393898713e-15,-9.147955830346443662e-19,0.000000000000000000e+00,-9.147955830346443662e-19,0.000000000000000000e+00,0.000000000000000000e+00,2.669565878849988194e-01,2.669565878849988749e-01,5.000000000000000000e+00,1.090277777777776347e+00
1.000000000000000000e+00,1.390000000000000000e+03,2.669565878849986529e-01,0.000000000000000000e+00,-1.165734175856414367e-15,-9.080193194566099635e-19,0.000000000000000000e+00,-9.080193194566099635e-19,0.000000000000000000e+00,0.000000000000000000e+00,2.669565878849986529e-01,2.669565878849988194e-01,5.000000000000000000e+00,1.097222222222220989e+00
1.000000000000000000e+00,1.395000000000000000e+03,2.669565878849987639e-01,0.000000000000000000e+00,-1.054711873393898713e-15,-1.090978436063538837e-18,0.000000000000000000e+00,-1.090978436063538837e-18,0.000000000000000000e+00,0.000000000000000000e+00,2.669565878849985974e-01,2.669565878849987639e-01,5.000000000000000000e+00,1.104166666666665408e+00
1.000000000000000000e+00,1.400000000000000000e+03,2.669565878849988194e-01,0.000000000000000000e+00,-9.992007221626408864e-16,-1.158741071843882864e-18,0.000000000000000000e+00,-1.158741071843882864e-18,0.000000000000000000e+00,0.000000000000000000e+00,2.669565878849986529e-01,2.669565878849987084e-01,5.000000000000000000e+00,1.111111111111110050e+00
1.000000000000000000e+00,1.405000000000000000e+03,2.669565878849987084e-01,0.000000000000000000e+00,-1.110223024625156540e-15,-8.199278929421627282e-19,0.000000000000000000e+00,-8.199278929421627282e-19,0.000000000000000000e+00,0.000000000000000000e+00,2.669565878849987084e-01,2.669565878849989859e-01,5.000000000000000000e+00,1.118055555555554470e+00
1.000000000000000000e+00,1.410000000000000000e+03,2.669565878849987639e-01,0.000000000000000000e+00,-1.054711873393898713e-15,-1.124859753953710850e-18,0.000000000000000000e+00,-1.124859753953710850e-18,0.000000000000000000e+00,0.000000000000000000e+00,2.669565878849987639e-01,2.669565878849989304e-01,5.000000000000000000e+00,1.124999999999998890e+00
1.000000000000000000e+00,1.415000000000000000e+03,2.669565878849986529e-01,0.000000000000000000e+00,-1.165734175856414367e-15,-1.145188544687814058e-18,0.000000000000000000e+00,-1.145188544687814058e-18,0.000000000000000000e+00,0.000000000000000000e+00,2.669565878849988194e-01,2.669565878849988749e-01,5.000000000000000000e+00,1.131944444444443532e+00
1.000000000000000000e+00,1.420000000000000000e+03,2.669565878849987639e-01,0.000000000000000000e+00,-1.054711873393898713e-15,-9.622294280808851852e-19,0.000000000000000000e+00,-9.622294280808851852e-19,0.000000000000000000e+00,0.000000000000000000e+00,2.669565878849985974e-01,2.669565878849988749e-01,5.000000000000000000e+00,1.138888888888888173e+00
1.000000000000000000e+00,1.425000000000000000e+03,2.669565878849987639e-01,0.000000000000000000e+00,-1.054711873393898713e-15,-9.147955830346443662e-19,0.000000000000000000e+00,-9.147955830346443662e-19,0.000000000000000000e+00,0.000000000000000000e+00,2.669565878849987084e-01,2.669565878849988194e-01,5.000000000000000000e+00,1.145833333333332593e+00
1.000000000000000000e+00,1.430000000000000000e+03,2.669565878849987084e-01,0.000000000000000000e+00,-1.110223024625156540e-15,-1.023215800283194810e-18,0.000000000000000000e+00,-1.023215800283194810e-18,0.000000000000000000e+00,0.000000000000000000e+00,2.669565878849986529e-01,2.669565878849988194e-01,5.000000000000000000e+00,1.152777777777777013e+00
1.000000000000000000e+00,1.435000000000000000e+03,2.669565878849987639e-01,0.000000000000000000e+00,-1.054711873393898713e-15,-1.009663273127126004e-18,0.000000000000000000e+00,-1.009663273127126004e-18,0.000000000000000000e+00,0.000000000000000000e+00,2.669565878849988194e-01,2.669565878849987084e-01,5.000000000000000000e+00,1.159722222222221655e+00
1.000000000000000000e+00,1.440000000000000000e+03,2.669565878849987639e-01,0.000000000000000000e+00,-1.054711873393898713e-15,-7.521652571618187011e-19,0.000000000000000000e+00,-7.521652571618187011e-19,0.000000000000000000e+00,0.000000000000000000e+00,2.669565878849985419e-01,2.669565878849988194e-01,5.000000000000000000e+00,1.166666666666666075e+00
1.000000000000000000e+00,1.445000000000000000e+03,2.669565878849986529e-01,0.000000000000000000e+00,-1.165734175856414367e-15,-8.334804200982315336e-19,0.000000000000000000e+00,-8.334804200982315336e-19,0.000000000000000000e+00,0.000000000000000000e+00,2.669565878849987639e-01,2.669565878849988194e-01,5.000000000000000000e+00,1.173611111111110716e+00
1.000000000000000000e+00,1.450000000000000000e+03,2.669565878849987639e-01,0.000000000000000000e+00,-1.054711873393898713e-15,-8.538092108323347418e-19,0.000000000000000000e+00,-8.538092108323347418e-19,0.000000000000000000e+00,0.000000000000000000e+00,2.669565878849985974e-01,2.669565878849987639e-01,5.000000000000000000e+00,1.180555555555555136e+00
1.000000000000000000e+00,1.455000000000000000e+03,2.669565878849985974e-01,0.000000000000000000e+00,-1.221245327087672194e-15,-8.673617379884035472e-19,0.000000000000000000e+00,-8.673617379884035472e-19,0.000000000000000000e+00,0.000000000000000000e+00,2.669565878849987639e-01,2.669565878849988194e-01,5.000000000000000000e+00,1.187499999999999556e+00
1.000000000000000000e+00,1.460000000000000000e+03,2.669565878849986529e-01,0.000000000000000000e+00,-1.165734175856414367e-15,-8.809142651444723526e-19,0.000000000000000000e+00,-8.809142651444723526e-19,0.000000000000000000e+00,0.000000000000000000e+00,2.669565878849987084e-01,2.669565878849987084e-01,5.000000000000000000e+00,1.194444444444444198e+00
1.000000000000000000e+00,1.465000000000000000e+03,2.669565878849987639e-01,0.000000000000000000e+00,-1.054711873393898713e-15,-1.029992063861229212e-18,0.000000000000000000e+00,-1.029992063861229212e-18,0.000000000000000000e+00,0.000000000000000000e+00,2.669565878849988194e-01,2.669565878849989859e-01,5.000000000000000000e+00,1.201388888888888618e+00
1.000000000000000000e+00,1.470000000000000000e+03,2.669565878849987639e-01,0.000000000000000000e+00,-1.054711873393898713e-15,-7.250602028496810902e-19,0.000000000000000000e+00,-7.250602028496810902e-19,0.000000000000000000e+00,0.000000000000000000e+00,2.669565878849987084e-01,2.669565878849988749e-01,5.000000000000000000e+00,1.208333333333333259e+00
1.000000000000000000e+00,1.475000000000000000e+03,2.669565878849987639e-01,0.000000000000000000e+00,-1.054711873393898713e-15,-1.029992063861229212e-18,0.000000000000000000e+00,-1.029992063861229212e-18,0.000000000000000000e+00,0.000000000000000000e+00,2.669565878849989304e-01,2.669565878849988194e-01,5.000000000000000000e+00,1.215277777777777679e+00
1.000000000000000000e+00,1.480000000000000000e+03,2.669565878849987639e-01,0.000000000000000000e+00,-1.054711873393898713e-15,-8.199278929421627282e-19,0.000000000000000000e+00,-8.199278929421627282e-19,0.000000000000000000e+00,0.000000000000000000e+00,2.669565878849988194e-01,2.669565878849987639e-01,5.000000000000000000e+00,1.222222222222222321e+00
1.000000000000000000e+00,1.485000000000000000e+03,2.669565878849987639e-01,0.000000000000000000e+00,-1.054711873393898713e-15,-6.505213034913026604e-19,0.000000000000000000e+00,-6.505213034913026604e-19,0.000000000000000000e+00,0.000000000000000000e+00,2.669565878849988749e-01,2.669565878849987639e-01,5.000000000000000000e+00,1.229166666666666741e+00
1.000000000000000000e+00,1.490000000000000000e+03,2.669565878849987084e-01,0.000000000000000000e+00,-1.110223024625156540e-15,-8.538092108323347418e-19,0.000000000000000000e+00,-8.538092108323347418e-19,0.000000000000000000e+00,0.000000000000000000e+00,2.669565878849983753e-01,2.669565878849987639e-01,5.000000000000000000e+00,1.236111111111111160e+00
1.000000000000000000e+00,1.495000000000000000e+03,2.669565878849987639e-01,0.000000000000000000e+00,-1.054711873393898713e-15,-9.554531645028507825e-19,0.000000000000000000e+00,-9.554531645028507825e-19,0.000000000000000000e+00,0.000000000000000000e+00,2.669565878849987639e-01,2.669565878849987639e-01,5.000000000000000000e+00,1.243055555555555802e+00
1.000000000000000000e+00,1.500000000000000000e+03,2.669565878849987639e-01,0.000000000000000000e+00,-1.054711873393898713e-15,-8.063753657860939228e-19,0.000000000000000000e+00,-8.063753657860939228e-19,0.000000000000000000e+00,0.000000000000000000e+00,2.669565878849986529e-01,2.669565878849987084e-01,5.000000000000000000e+00,1.250000000000000222e+00
1.000000000000000000e+00,1.505000000000000000e+03,2.669565878849986529e-01,0.000000000000000000e+00,-1.165734175856414367e-15,-9.893344823930227960e-19,0.000000000000000000e+00,-9.893344823930227960e-19,0.000000000000000000e+00,0.000000000000000000e+00,2.669565878849987639e-01,2.669565878849987639e-01,5.000000000000000000e+00,1.256944444444444642e+00
1.000000000000000000e+00,1.510000000000000000e+03,2.669565878849986529e-01,0.000000000000000000e+00,-1.165734175856414367e-15,-8.876905287225067553e-19,0.000000000000000000e+00,-8.876905287225067553e-19,0.000000000000000000e+00,0.000000000000000000e+00,2.669565878849987639e-01,2.669565878849986529e-01,5.000000000000000000e+00,1.263888888888889284e+00
1.000000000000000000e+00,1.515000000000000000e+03,2.669565878849986529e-01,0.000000000000000000e+00,-1.165734175856414367e-15,-9.012430558785755608e-19,0.000000000000000000e+00,-9.012430558785755608e-19,0.000000000000000000e+00,0.000000000000000000e+00,2.669565878849988749e-01,2.669565878849986529e-01,5.000000000000000000e+00,1.270833333333333925e+00
1.000000000000000000e+00,1.520000000000000000e+03,2.669565878849986529e-01,0.000000000000000000e+00,-1.165734175856414367e-15,-7.250602028496810902e-19,0.000000000000000000e+00,-7.250602028496810902e-19,0.000000000000000000e+00,0.000000000000000000e+00,2.669565878849988194e-01,2.669565878849986529e-01,5.000000000000000000e+00,1.277777777777778345e+00
1.000000000000000000e+00,1.525000000000000000e+03,2.669565878849988194e-01,0.000000000000000000e+00,-9.992007221626408864e-16,-8.809142651444723526e-19,0.000000000000000000e+00,-8.809142651444723526e-19,0.000000000000000000e+00,0.000000000000000000e+00,2.669565878849986529e-01,2.669565878849988749e-01,5.000000000000000000e+00,1.284722222222222987e+00
1.000000000000000000e+00,1.530000000000000000e+03,2.669565878849985974e-01,0.000000000000000000e+00,-1.221245327087672194e-15,-9.757819552369539906e-19,0.000000000000000000e+00,-9.757819552369539906e-19,0.000000000000000000e+00,0.000000000000000000e+00,2.669565878849987084e-01,2.669565878849986529e-01,5.000000000000000000e+00,1.291666666666667629e+00
1.000000000000000000e+00,1.535000000000000000e+03,2.669565878849987084e-01,0.000000000000000000e+00,-1.110223024625156540e-15,-8.673617379884035472e-19,0.000000000000000000e+00,-8.673617379884035472e-19,0.000000000000000000e+00,0.000000000000000000e+00,2.669565878849985419e-01,2.669565878849987639e-01,5.000000000000000000e+00,1.298611111111111827e+00
1.000000000000000000e+00,1.540000000000000000e+03,2.669565878849985974e-01,0.000000000000000000e+00,-1.221245327087672194e-15,-9.283481101907131716e-19,0.000000000000000000e+00,-9.283481101907131716e-19,0.000000000000000000e+00,0.000000000000000000e+00,2.669565878849986529e-01,2.669565878849989304e-01,5.000000000000000000e+00,1.305555555555556246e+00
1.000000000000000000e+00,1.545000000000000000e+03,2.669565878849986529e-01,0.000000000000000000e+00,-1.165734175856414367e-15,-8.876905287225067553e-19,0.000000000000000000e+00,-8.876905287225067553e-19,0.000000000000000000e+00,0.000000000000000000e+00,2.669565878849986529e-01,2.669565878849988749e-01,5.000000000000000000e+00,1.312500000000000888e+00
1.000000000000000000e+00,1.550000000000000000e+03,2.669565878849985974e-01,0.000000000000000000e+00,-1.221245327087672194e-15,-9.283481101907131716e-19,0.000000000000000000e+00,-9.283481101907131716e-19,0.000000000000000000e+00,0.000000000000000000e+00,2.669565878849988749e-01,2.669565878849986529e-01,5.000000000000000000e+00,1.319444444444445530e+00
1.000000000000000000e+00,1.555000000000000000e+03,2.669565878849986529e-01,0.000000000000000000e+00,-1.165734175856414367e-15,-6.844026213814746740e-19,0.000000000000000000e+00,-6.844026213814746740e-19,0.000000000000000000e+00,0.000000000000000000e+00,2.669565878849988194e-01,2.669565878849988749e-01,5.000000000000000000e+00,1.326388888888889950e+00
1.000000000000000000e+00,1.560000000000000000e+03,2.669565878849987084e-01,0.000000000000000000e+00,-1.110223024625156540e-15,-8.944667923005411581e-19,0.000000000000000000e+00,-8.944667923005411581e-19,0.000000000000000000e+00,0.000000000000000000e+00,2.669565878849985419e-01,2.669565878849986529e-01,5.000000000000000000e+00,1.333333333333334592e+00
1.000000000000000000e+00,1.565000000000000000e+03,2.669565878849987084e-01,0.000000000000000000e+00,-1.110223024625156540e-15,-7.115076756936122848e-19,0.000000000000000000e+00,-7.115076756936122848e-19,0.000000000000000000e+00,0.000000000000000000e+00,2.669565878849985419e-01,2.669565878849985974e-01,5.000000000000000000e+00,1.340277777777779233e+00
1.000000000000000000e+00,1.570000000000000000e+03,2.669565878849987084e-01,0.000000000000000000e+00,-1.110223024625156540e-15,-9.215718466126787689e-19,0.000000000000000000e+00,-9.215718466126787689e-19,0.000000000000000000e+00,0.000000000000000000e+00,2.669565878849988194e-01,2.669565878849985974e-01,5.000000000000000000e+00,1.347222222222223875e+00
1.000000000000000000e+00,1.575000000000000000e+03,2.669565878849987639e-01,0.000000000000000000e+00,-1.054711873393898713e-15,-7.250602028496810902e-19,0.000000000000000000e+00,-7.250602028496810902e-19,0.000000000000000000e+00,0.000000000000000000e+00,2.669565878849987084e-01,2.669565878849987084e-01,5.000000000000000000e+00,1.354166666666668295e+00
1.000000000000000000e+00,1.580000000000000000e+03,2.669565878849988194e-01,0.000000000000000000e+00,-9.992007221626408864e-16,-7.453889935837842984e-19,0.000000000000000000e+00,-7.453889935837842984e-19,0.000000000000000000e+00,0.000000000000000000e+00,2.669565878849985974e-01,2.669565878849988194e-01,5.000000000000000000e+00,1.361111111111112937e+00
1.000000000000000000e+00,1.585000000000000000e+03,2.669565878849985974e-01,0.000000000000000000e+00,-1.221245327087672194e-15,-8.944667923005411581e-19,0.000000000000000000e+00,-8.944667923005411581e-19,0.000000000000000000e+00,0.000000000000000000e+00,2.669565878849986529e-01,2.669565878849986529e-01,5.000000000000000000e+00,1.368055555555557579e+00
1.000000000000000000e+00,1.590000000000000000e+03,2.669565878849985974e-01,0.000000000000000000e+00,-1.221245327087672194e-15,-6.844026213814746740e-19,0.000000000000000000e+00,-6.844026213814746740e-19,0.000000000000000000e+00,0.000000000000000000e+00,2.669565878849986529e-01,2.669565878849986529e-01,5.000000000000000000e+00,1.375000000000001998e+00
1.000000000000000000e+00,1.595000000000000000e+03,2.669565878849984863e-01,0.000000000000000000e+00,-1.332267629550187849e-15,-9.080193194566099635e-19,0.000000000000000000e+00,-9.080193194566099635e-19,0.000000000000000000e+00,0.000000000000000000e+00,2.669565878849988749e-01,2.669565878849987084e-01,5.000000000000000000e+00,1.381944444444446640e+00
1.000000000000000000e+00,1.600000000000000000e+03,2.669565878849986529e-01,0.000000000000000000e+00,-1.165734175856414367e-15,-7.724940478959219092e-19,0.000000000000000000e+00,-7.724940478959219092e-19,0.000000000000000000e+00,0.000000000000000000e+00,2.669565878849987639e-01,2.669565878849987639e-01,5.000000000000000000e+00,1.388888888888891282e+00
1.000000000000000000e+00,1.605000000000000000e+03,2.669565878849986529e-01,0.000000000000000000e+00,-1.165734175856414367e-15,-6.369687763352338550e-19,0.000000000000000000e+00,-6.369687763352338550e-19,0.000000000000000000e+00,0.000000000000000000e+00,2.669565878849987084e-01,2.669565878849988194e-01,5.000000000000000000e+00,1.395833333333335702e+00
1.000000000000000000e+00,1.610000000000000000e+03,2.669565878849985974e-01,0.000000000000000000e+00,-1.221245327087672194e-15,-4.269046054161673709e-19,0.000000000000000000e+00,-4.269046054161673709e-19,0.000000000000000000e+00,0.000000000000000000e+00,2.669565878849984863e-01,2.669565878849985974e-01,5.000000000000000000e+00,1.402777777777780344e+00
1.000000000000000000e+00,1.615000000000000000e+03,2.669565878849987084e-01,0.000000000000000000e+00,-1.110223024625156540e-15,-7.047314121155778821e-19,0.000000000000000000e+00,-7.047314121155778821e-19,0.000000000000000000e+00,0.000000000000000000e+00,2.669565878849987084e-01,2.669565878849987639e-01,5.000000000000000000e+00,1.409722222222224985e+00
1.000000000000000000e+00,1.620000000000000000e+03,2.669565878849986529e-01,0.000000000000000000e+00,-1.165734175856414367e-15,-7.318364664277154930e-19,0.000000000000000000e+00,-7.318364664277154930e-19,0.000000000000000000e+00,0.000000000000000000e+00,2.669565878849987639e-01,2.669565878849987639e-01,5.000000000000000000e+00,1.416666666666669405e+00
1.000000000000000000e+00,1.625000000000000000e+03,2.669565878849986529e-01,0.000000000000000000e+00,-1.165734175856414367e-15,-5.692061405548898279e-19,0.000000000000000000e+00,-5.692061405548898279e-19,0.000000000000000000e+00,0.000000000000000000e+00,2.669565878849986529e-01,2.669565878849988194e-01,5.000000000000000000e+00,1.423611111111114047e+00
1.000000000000000000e+00,1.630000000000000000e+03,2.669565878849986529e-01,0.000000000000000000e+00,-1.165734175856414367e-15,-7.182839392716466875e-19,0.000000000000000000e+00,-7.182839392716466875e-19,0.000000000000000000e+00,0.000000000000000000e+00,2.669565878849988749e-01,2.669565878849988194e-01,5.000000000000000000e+00,1.430555555555558689e+00
1.000000000000000000e+00,1.635000000000000000e+03,2.669565878849986529e-01,0.000000000000000000e+00,-1.165734175856414367e-15,-7.724940478959219092e-19,0.000000000000000000e+00,-7.724940478959219092e-19,0.000000000000000000e+00,0.000000000000000000e+00,2.669565878849987084e-01,2.669565878849989859e-01,5.000000000000000000e+00,1.437500000000003109e+00
1.000000000000000000e+00,1.640000000000000000e+03,2.669565878849986529e-01,0.000000000000000000e+00,-1.165734175856414367e-15,-7.318364664277154930e-19,0.000000000000000000e+00,-7.318364664277154930e-19,0.000000000000000000e+00,0.000000000000000000e+00,2.669565878849985974e-01,2.669565878849987639e-01,5.000000000000000000e+00,1.444444444444447750e+00
1.000000000000000000e+00,1.645000000000000000e+03,2.669565878849984863e-01,0.000000000000000000e+00,-1.332267629550187849e-15,-7.860465750519907147e-19,0.000000000000000000e+00,-7.860465750519907147e-19,0.000000000000000000e+00,0.000000000000000000e+00,2.669565878849983753e-01,2.669565878849984308e-01,5.000000000000000000e+00,1.451388888888892392e+00
1.000000000000000000e+00,1.650000000000000000e+03,2.669565878849987084e-01,0.000000000000000000e+00,-1.110223024625156540e-15,-6.572975670693370631e-19,0.000000000000000000e+00,-6.572975670693370631e-19,0.000000000000000000e+00,0.000000000000000000e+00,2.669565878849984308e-01,2.669565878849984308e-01,5.000000000000000000e+00,1.458333333333337034e+00
1.000000000000000000e+00,1.655000000000000000e+03,2.669565878849986529e-01,0.000000000000000000e+00,-1.165734175856414367e-15,-4.607859233063393845e-19,0.000000000000000000e+00,-4.607859233063393845e-19,0.000000000000000000e+00,0.000000000000000000e+00,2.669565878849985419e-01,2.669565878849987084e-01,5.000000000000000000e+00,1.465277777777781454e+00
1.000000000000000000e+00,1.660000000000000000e+03,2.669565878849985974e-01,0.000000000000000000e+00,-1.221245327087672194e-15,-7.182839392716466875e-19,0.000000000000000000e+00,-7.182839392716466875e-19,0.000000000000000000e+00,0.000000000000000000e+00,2.669565878849985419e-01,2.669565878849985419e-01,5.000000000000000000e+00,1.472222222222226096e+00
1.000000000000000000e+00,1.665000000000000000e+03,2.669565878849986529e-01,0.000000000000000000e+00,-1.165734175856414367e-15,-6.708500942254058685e-19,0.000000000000000000e+00,-6.708500942254058685e-19,0.000000000000000000e+00,0.000000000000000000e+00,2.669565878849985974e-01,2.669565878849987084e-01,5.000000000000000000e+00,1.479166666666670293e+00
1.000000000000000000e+00,1.670000000000000000e+03,2.669565878849985974e-01,0.000000000000000000e+00,-1.221245327087672194e-15,-5.014435047745458007e-19,0.000000000000000000e+00,-5.014435047745458007e-19,0.000000000000000000e+00,0.000000000000000000e+00,2.669565878849986529e-01,2.669565878849987084e-01,5.000000000000000000e+00,1.486111111111114713e+00
1.000000000000000000e+00,1.675000000000000000e+03,2.669565878849984863e-01,0.000000000000000000e+00,-1.332267629550187849e-15,-6.505213034913026604e-19,0.000000000000000000e+00,-6.505213034913026604e-19,0.000000000000000000e+00,0.000000000000000000e+00,2.669565878849985974e-01,2.669565878849987084e-01,5.000000000000000000e+00,1.493055555555559133e+00
1.000000000000000000e+00,1.680000000000000000e+03,2.669565878849985974e-01,0.000000000000000000e+00,-1.221245327087672194e-15,-7.792703114739563119e-19,0.000000000000000000e+00,-7.792703114739563119e-19,0.000000000000000000e+00,0.000000000000000000e+00,2.669565878849986529e-01,2.669565878849986529e-01,5.000000000000000000e+00,1.500000000000003553e+00
1.000000000000000000e+00,1.685000000000000000e+03,2.669565878849985419e-01,0.000000000000000000e+00,-1.276756478318930021e-15,-5.217722955086490089e-19,0.000000000000000000e+00,-5.217722955086490089e-19,0.000000000000000000e+00,0.000000000000000000e+00,2.669565878849987084e-01,2.669565878849987639e-01,5.000000000000000000e+00,1.506944444444448195e+00
1.000000000000000000e+00,1.690000000000000000e+03,2.669565878849985419e-01,0.000000000000000000e+00,-1.276756478318930021e-15,-6.301925127571994523e-19,0.000000000000000000e+00,-6.301925127571994523e-19,0.000000000000000000e+00,0.000000000000000000e+00,2.669565878849984863e-01,2.669565878849986529e-01,5.000000000000000000e+00,1.513888888888893058e+00
1.000000000000000000e+00,1.695000000000000000e+03,2.669565878849985974e-01,0.000000000000000000e+00,-1.221245327087672194e-15,-7.386127300057498957e-19,0.000000000000000000e+00,-7.386127300057498957e-19,0.000000000000000000e+00,0.000000000000000000e+00,2.669565878849986529e-01,2.669565878849985974e-01,5.000000000000000000e+00,1.520833333333337700e+00
1.000000000000000000e+00,1.700000000000000000e+03,2.669565878849985974e-01,0.000000000000000000e+00,-1.221245327087672194e-15,-8.470329472543003391e-19,0.000000000000000000e+00,-8.470329472543003391e-19,0.000000000000000000e+00,0.000000000000000000e+00,2.669565878849988194e-01,2.669565878849988194e-01,5.000000000000000000e+00,1.527777777777781898e+00
1.000000000000000000e+00,1.705000000000000000e+03,2.669565878849987639e-01,0.000000000000000000e+00,-1.054711873393898713e-15,-6.166399856011306468e-19,0.000000000000000000e+00,-6.166399856011306468e-19,0.000000000000000000e+00,0.000000000000000000e+00,2.669565878849984863e-01,2.669565878849987639e-01,5.000000000000000000e+00,1.534722222222226318e+00
1.000000000000000000e+00,1.710000000000000000e+03,2.669565878849987084e-01,0.000000000000000000e+00,-1.110223024625156540e-15,-5.624298769768554251e-19,0.000000000000000000e+00,-5.624298769768554251e-19,0.000000000000000000e+00,0.000000000000000000e+00,2.669565878849986529e-01,2.669565878849988749e-01,5.000000000000000000e+00,1.541666666666670515e+00
1.000000000000000000e+00,1.715000000000000000e+03,2.669565878849985974e-01,0.000000000000000000e+00,-1.221245327087672194e-15,-7.182839392716466875e-19,0.000000000000000000e+00,-7.182839392716466875e-19,0.000000000000000000e+00,0.000000000000000000e+00,2.669565878849985419e-01,2.669565878849984863e-01,5.000000000000000000e+00,1.548611111111114713e+00
1.000000000000000000e+00,1.720000000000000000e+03,2.669565878849986529e-01,0.000000000000000000e+00,-1.165734175856414367e-15,-7.521652571618187011e-19,0.000000000000000000e+00,-7.521652571618187011e-19,0.000000000000000000e+00,0.000000000000000000e+00,2.669565878849987084e-01,2.669565878849988749e-01,5.000000000000000000e+00,1.555555555555559133e+00
1.000000000000000000e+00,1.725000000000000000e+03,2.669565878849986529e-01,0.000000000000000000e+00,-1.165734175856414367e-15,-5.963111948670274387e-19,0.000000000000000000e+00,-5.963111948670274387e-19,0.000000000000000000e+00,0.000000000000000000e+00,2.669565878849985974e-01,2.669565878849984863e-01,5.000000000000000000e+00,1.562500000000003331e+00
1.000000000000000000e+00,1.730000000000000000e+03,2.669565878849985419e-01,0.000000000000000000e+00,-1.276756478318930021e-15,-6.301925127571994523e-19,0.000000000000000000e+00,-6.301925127571994523e-19,0.000000000000000000e+00,0.000000000000000000e+00,2.669565878849988749e-01,2.669565878849987639e-01,5.000000000000000000e+00,1.569444444444447528e+00
1.000000000000000000e+00,1.735000000000000000e+03,2.669565878849985974e-01,0.000000000000000000e+00,-1.221245327087672194e-15,-5.421010862427522170e-19,0.000000000000000000e+00,-5.421010862427522170e-19,0.000000000000000000e+00,0.000000000000000000e+00,2.669565878849985419e-01,2.669565878849985974e-01,5.000000000000000000e+00,1.576388888888891948e+00
1.000000000000000000e+00,1.740000000000000000e+03,2.669565878849985974e-01,0.000000000000000000e+00,-1.221245327087672194e-15,-4.472333961502705790e-19,0.000000000000000000e+00,-4.472333961502705790e-19,0.000000000000000000e+00,0.000000000000000000e+00,2.669565878849985419e-01,2.669565878849986529e-01,5.000000000000000000e+00,1.583333333333336146e+00
1.000000000000000000e+00,1.745000000000000000e+03,2.669565878849985419e-01,0.000000000000000000e+00,-1.276756478318930021e-15,-6.979551485375434794e-19,0.000000000000000000e+00,-6.979551485375434794e-19,0.000000000000000000e+00,0.000000000000000000e+00,2.669565878849985419e-01,2.669565878849986529e-01,5.000000000000000000e+00,1.590277777777780566e+00
1.000000000000000000e+00,1.750000000000000000e+03,2.669565878849984863e-01,0.000000000000000000e+00,-1.332267629550187849e-15,-6.911788849595090767e-19,0.000000000000000000e+00,-6.911788849595090767e-19,0.000000000000000000e+00,0.000000000000000000e+00,2.669565878849983753e-01,2.669565878849985419e-01,5.000000000000000000e+00,1.597222222222224763e+00
1.000000000000000000e+00,1.755000000000000000e+03,2.669565878849985974e-01,0.000000000000000000e+00,-1.221245327087672194e-15,-5.963111948670274387e-19,0.000000000000000000e+00,-5.963111948670274387e-19,0.000000000000000000e+00,0.000000000000000000e+00,2.669565878849987639e-01,2.669565878849988749e-01,5.000000000000000000e+00,1.604166666666669183e+00
1.000000000000000000e+00,1.760000000000000000e+03,2.669565878849986529e-01,0.000000000000000000e+00,-1.165734175856414367e-15,-5.759824041329242306e-19,0.000000000000000000e+00,-5.759824041329242306e-19,0.000000000000000000e+00,0.000000000000000000e+00,2.669565878849986529e-01,2.669565878849987639e-01,5.000000000000000000e+00,1.611111111111113381e+00
1.000000000000000000e+00,1.765000000000000000e+03,2.669565878849985974e-01,0.000000000000000000e+00,-1.221245327087672194e-15,-5.217722955086490089e-19,0.000000000000000000e+00,-5.217722955086490089e-19,0.000000000000000000e+00,0.000000000000000000e+00,2.669565878849985419e-01,2.669565878849986529e-01,5.000000000000000000e+00,1.618055555555557801e+00
1.000000000000000000e+00,1.770000000000000000e+03,2.669565878849985419e-01,0.000000000000000000e+00,-1.276756478318930021e-15,-5.149960319306146062e-19,0.000000000000000000e+00,-5.149960319306146062e-19,0.000000000000000000e+00,0.000000000000000000e+00,2.669565878849983753e-01,2.669565878849986529e-01,5.000000000000000000e+00,1.625000000000001998e+00
1.000000000000000000e+00,1.775000000000000000e+03,2.669565878849985974e-01,0.000000000000000000e+00,-1.221245327087672194e-15,-5.759824041329242306e-19,0.000000000000000000e+00,-5.759824041329242306e-19,0.000000000000000000e+00,0.000000000000000000e+00,2.669565878849985419e-01,2.669565878849987084e-01,5.000000000000000000e+00,1.631944444444446418e+00
1.000000000000000000e+00,1.780000000000000000e+03,2.669565878849986529e-01,0.000000000000000000e+00,-1.165734175856414367e-15,-5.421010862427522170e-19,0.000000000000000000e+00,-5.421010862427522170e-19,0.000000000000000000e+00,0.000000000000000000e+00,2.669565878849983753e-01,2.669565878849984863e-01,5.000000000000000000e+00,1.638888888888890616e+00
1.000000000000000000e+00,1.785000000000000000e+03,2.669565878849985419e-01,0.000000000000000000e+00,-1.276756478318930021e-15,-6.979551485375434794e-19,0.000000000000000000e+00,-6.979551485375434794e-19,0.000000000000000000e+00,0.000000000000000000e+00,2.669565878849986529e-01,2.669565878849986529e-01,5.000000000000000000e+00,1.645833333333335036e+00
1.000000000000000000e+00,1.790000000000000000e+03,2.669565878849984863e-01,0.000000000000000000e+00,-1.332267629550187849e-15,-7.318364664277154930e-19,0.000000000000000000e+00,-7.318364664277154930e-19,0.000000000000000000e+00,0.000000000000000000e+00,2.669565878849987084e-01,2.669565878849987639e-01,5.000000000000000000e+00,1.652777777777779233e+00
1.000000000000000000e+00,1.795000000000000000e+03,2.669565878849985974e-01,0.000000000000000000e+00,-1.221245327087672194e-15,-4.201283418381329682e-19,0.000000000000000000e+00,-4.201283418381329682e-19,0.000000000000000000e+00,0.000000000000000000e+00,2.669565878849987084e-01,2.669565878849986529e-01,5.000000000000000000e+00,1.659722222222223653e+00
1.000000000000000000e+00,1.800000000000000000e+03,2.669565878849986529e-01,0.000000000000000000e+00,-1.165734175856414367e-15,-5.421010862427522170e-19,0.000000000000000000e+00,-5.421010862427522170e-19,0.000000000000000000e+00,0.000000000000000000e+00,2.669565878849987084e-01,2.669565878849987639e-01,5.000000000000000000e+00,1.666666666666668073e+00
2.000000000000000000e+00,1.800000000000000227e+03,2.669565878849986529e-01,0.000000000000000000e+00,-1.165734175856414367e-15,-4.883291710019889752e-19,0.000000000000000000e+00,-4.883291710019889752e-19,0.000000000000000000e+00,0.000000000000000000e+00,2.669565878849987084e-01,2.669565878849987639e-01,0.000000000000000000e+00,1.666666666666668073e+00
2.000000000000000000e+00,1.805000000000000227e+03,2.669565878849985419e-01,0.000000000000000000e+00,-1.276756478318930021e-15,-5.143336997707522306e-19,0.000000000000000000e+00,-5.143336997707522306e-19,0.000000000000000000e+00,0.000000000000000000e+00,2.669565878849984863e-01,2.669565878849984863e-01,0.000000000000000000e+00,1.666666666666668073e+00
2.000000000000000000e+00,1.810000000000000227e+03,2.669565878849985974e-01,0.000000000000000000e+00,-1.221245327087672194e-15,-4.989281222240023657e-19,0.000000000000000000e+00,-4.989281222240023657e-19,0.000000000000000000e+00,0.000000000000000000e+00,2.669565878849985974e-01,2.669565878849988749e-01,0.000000000000000000e+00,1.666666666666668073e+00
2.000000000000000000e+00,1.815000000000000227e+03,2.669565878849986529e-01,0.000000000000000000e+00,-1.165734175856414367e-15,-4.921167361961249352e-19,0.000000000000000000e+00,-4.921167361961249352e-19,0.000000000000000000e+00,0.000000000000000000e+00,2.669565878849985419e-01,2.669565878849985419e-01,0.000000000000000000e+00,1.666666666666668073e+00
2.000000000000000000e+00,1.820000000000000227e+03,2.669565878849986529e-01,0.000000000000000000e+00,-1.165734175856414367e-15,-5.928994117944411671e-19,0.000000000000000000e+00,-5.928994117944411671e-19,0.000000000000000000e+00,0.000000000000000000e+00,2.669565878849983198e-01,2.669565878849984308e-01,0.000000000000000000e+00,1.666666666666668073e+00
2.000000000000000000e+00,1.825000000000000227e+03,2.669565878849985419e-01,0.000000000000000000e+00,-1.276756478318930021e-15,-5.402253349714067071e-19,0.000000000000000000e+00,-5.402253349714067071e-19,0.000000000000000000e+00,0.000000000000000000e+00,2.669565878849984308e-01,2.669565878849987639e-01,0.000000000000000000e+00,1.666666666666668073e+00
2.000000000000000000e+00,1.830000000000000227e+03,2.669565878849986529e-01,0.000000000000000000e+00,-1.165734175856414367e-15,-5.359143764691063788e-19,0.000000000000000000e+00,-5.359143764691063788e-19,0.000000000000000000e+00,0.000000000000000000e+00,2.669565878849985974e-01,2.669565878849986529e-01,0.000000000000000000e+00,1.666666666666668073e+00
2.000000000000000000e+00,1.835000000000000227e+03,2.669565878849984863e-01,0.000000000000000000e+00,-1.332267629550187849e-15,-4.873517837492223757e-19,0.000000000000000000e+00,-4.873517837492223757e-19,0.000000000000000000e+00,0.000000000000000000e+00,2.669565878849984308e-01,2.669565878849987084e-01,0.000000000000000000e+00,1.666666666666668073e+00
2.000000000000000000e+00,1.840000000000000227e+03,2.669565878849984863e-01,0.000000000000000000e+00,-1.332267629550187849e-15,-5.727489019555403207e-19,0.000000000000000000e+00,-5.727489019555403207e-19,0.000000000000000000e+00,0.000000000000000000e+00,2.669565878849985974e-01,2.669565878849986529e-01,0.000000000000000000e+00,1.666666666666668073e+00
2.000000000000000000e+00,1.845000000000000227e+03,2.669565878849987084e-01,0.000000000000000000e+00,-1.110223024625156540e-15,-5.584534864863744750e-19,0.000000000000000000e+00,-5.584534864863744750e-19,0.000000000000000000e+00,0.000000000000000000e+00,2.669565878849985419e-01,2.669565878849987639e-01,0.000000000000000000e+00,1.666666666666668073e+00
2.000000000000000000e+00,1.850000000000000227e+03,2.669565878849985419e-01,0.000000000000000000e+00,-1.276756478318930021e-15,-6.271716071548903140e-19,0.000000000000000000e+00,-6.271716071548903140e-19,0.000000000000000000e+00,0.000000000000000000e+00,2.669565878849983753e-01,2.669565878849984308e-01,0.000000000000000000e+00,1.666666666666668073e+00
2.000000000000000000e+00,1.855000000000000227e+03,2.669565878849985419e-01,0.000000000000000000e+00,-1.276756478318930021e-15,-5.267872855751984443e-19,0.000000000000000000e+00,-5.267872855751984443e-19,0.000000000000000000e+00,0.000000000000000000e+00,2.669565878849987084e-01,2.669565878849988194e-01,0.000000000000000000e+00,1.666666666666668073e+00
2.000000000000000000e+00,1.860000000000000227e+03,2.669565878849988194e-01,0.000000000000000000e+00,-9.992007221626408864e-16,-6.685145465346881271e-19,0.000000000000000000e+00,-6.685145465346881271e-19,0.000000000000000000e+00,0.000000000000000000e+00,2.669565878849986529e-01,2.669565878849987084e-01,0.000000000000000000e+00,1.666666666666668073e+00
2.000000000000000000e+00,1.865000000000000227e+03,2.669565878849985974e-01,0.000000000000000000e+00,-1.221245327087672194e-15,-5.854380866607768859e-19,0.000000000000000000e+00,-5.854380866607768859e-19,0.000000000000000000e+00,0.000000000000000000e+00,2.669565878849985419e-01,2.669565878849987084e-01,0.000000000000000000e+00,1.666666666666668073e+00
2.000000000000000000e+00,1.870000000000000227e+03,2.669565878849985974e-01,0.000000000000000000e+00,-1.221245327087672194e-15,-6.636436111027257951e-19,0.000000000000000000e+00,-6.636436111027257951e-19,0.000000000000000000e+00,0.000000000000000000e+00,2.669565878849985419e-01,2.669565878849987084e-01,0.000000000000000000e+00,1.666666666666668073e+00
2.000000000000000000e+00,1.875000000000000227e+03,2.669565878849985419e-01,0.000000000000000000e+00,-1.276756478318930021e-15,-6.691573951176125410e-19,0.000000000000000000e+00,-6.691573951176125410e-19,0.000000000000000000e+00,0.000000000000000000e+00,2.669565878849983753e-01,2.669565878849985419e-01,0.000000000000000000e+00,1.666666666666668073e+00
2.000000000000000000e+00,1.880000000000000227e+03,2.669565878849986529e-01,0.000000000000000000e+00,-1.165734175856414367e-15,-5.813236337483884400e-19,0.000000000000000000e+00,-5.813236337483884400e-19,0.000000000000000000e+00,0.000000000000000000e+00,2.669565878849984308e-01,2.669565878849987639e-01,0.000000000000000000e+00,1.666666666666668073e+00
2.000000000000000000e+00,1.885000000000000227e+03,2.669565878849984308e-01,0.000000000000000000e+00,-1.387778780781445676e-15,-4.778907388289259538e-19,0.000000000000000000e+00,-4.778907388289259538e-19,0.000000000000000000e+00,0.000000000000000000e+00,2.669565878849984308e-01,2.669565878849986529e-01,0.000000000000000000e+00,1.666666666666668073e+00
2.000000000000000000e+00,1.890000000000000227e+03,2.669565878849985974e-01,0.000000000000000000e+00,-1.221245327087672194e-15,-4.911525184620309056e-19,0.000000000000000000e+00,-4.911525184620309056e-19,0.000000000000000000e+00,0.000000000000000000e+00,2.669565878849987639e-01,2.669565878849988749e-01,0.000000000000000000e+00,1.666666666666668073e+00
2.000000000000000000e+00,1.895000000000000227e+03,2.669565878849987084e-01,0.000000000000000000e+00,-1.110223024625156540e-15,-4.916055840243369520e-19,0.000000000000000000e+00,-4.916055840243369520e-19,0.000000000000000000e+00,0.000000000000000000e+00,2.669565878849987084e-01,2.669565878849987639e-01,0.000000000000000000e+00,1.666666666666668073e+00
2.000000000000000000e+00,1.900000000000000227e+03,2.669565878849985974e-01,0.000000000000000000e+00,-1.221245327087672194e-15,-6.249249232188852029e-19,0.000000000000000000e+00,-6.249249232188852029e-19,0.000000000000000000e+00,0.000000000000000000e+00,2.669565878849984308e-01,2.669565878849985419e-01,0.000000000000000000e+00,1.666666666666668073e+00
2.000000000000000000e+00,1.905000000000000227e+03,2.669565878849985419e-01,0.000000000000000000e+00,-1.276756478318930021e-15,-5.773663171825328138e-19,0.000000000000000000e+00,-5.773663171825328138e-19,0.000000000000000000e+00,0.000000000000000000e+00,2.669565878849987639e-01,2.669565878849987639e-01,0.000000000000000000e+00,1.666666666666668073e+00
2.000000000000000000e+00,1.910000000000000227e+03,2.669565878849984308e-01,0.000000000000000000e+00,-1.387778780781445676e-15,-6.527312619889325456e-19,0.000000000000000000e+00,-6.527312619889325456e-19,0.000000000000000000e+00,0.000000000000000000e+00,2.669565878849985419e-01,2.669565878849987639e-01,0.000000000000000000e+00,1.666666666666668073e+00
2.000000000000000000e+00,1.915000000000000227e+03,2.669565878849985419e-01,0.000000000000000000e+00,-1.276756478318930021e-15,-5.388940701649244113e-19,0.000000000000000000e+00,-5.388940701649244113e-19,0.000000000000000000e+00,0.000000000000000000e+00,2.669565878849984863e-01,2.669565878849987084e-01,0.000000000000000000e+00,1.666666666666668073e+00
2.000000000000000000e+00,1.920000000000000227e+03,2.669565878849984863e-01,0.000000000000000000e+00,-1.332267629550187849e-15,-5.690459550022119520e-19,0.000000000000000000e+00,-5.690459550022119520e-19,0.000000000000000000e+00,0.000000000000000000e+00,2.669565878849984863e-01,2.669565878849987084e-01,0.000000000000000000e+00,1.666666666666668073e+00
2.000000000000000000e+00,1.925000000000000227e+03,2.669565878849985419e-01,0.000000000000000000e+00,-1.276756478318930021e-15,-6.398363104217917317e-19,0.000000000000000000e+00,-6.398363104217917317e-19,0.000000000000000000e+00,0.000000000000000000e+00,2.669565878849986529e-01,2.669565878849985974e-01,0.000000000000000000e+00,1.666666666666668073e+00
2.000000000000000000e+00,1.930000000000000227e+03,2.669565878849985974e-01,0.000000000000000000e+00,-1.221245327087672194e-15,-5.832426083214585222e-19,0.000000000000000000e+00,-5.832426083214585222e-19,0.000000000000000000e+00,0.000000000000000000e+00,2.669565878849984308e-01,2.669565878849986529e-01,0.000000000000000000e+00,1.666666666666668073e+00
2.000000000000000000e+00,1.935000000000000227e+03,2.669565878849985974e-01,0.000000000000000000e+00,-1.221245327087672194e-15,-6.521164945282776206e-19,0.000000000000000000e+00,-6.521164945282776206e-19,0.000000000000000000e+00,0.000000000000000000e+00,2.669565878849988194e-01,2.669565878849988749e-01,0.000000000000000000e+00,1.666666666666668073e+00
2.000000000000000000e+00,1.940000000000000227e+03,2.669565878849984308e-01,0.000000000000000000e+00,-1.387778780781445676e-15,-5.143725495183610223e-19,0.000000000000000000e+00,-5.143725495183610223e-19,0.000000000000000000e+00,0.000000000000000000e+00,2.669565878849984308e-01,2.669565878849985974e-01,0.000000000000000000e+00,1.666666666666668073e+00
2.000000000000000000e+00,1.945000000000000227e+03,2.669565878849986529e-01,0.000000000000000000e+00,-1.165734175856414367e-15,-5.668711125019866241e-19,0.000000000000000000e+00,-5.668711125019866241e-19,0.000000000000000000e+00,0.000000000000000000e+00,2.669565878849985419e-01,2.669565878849985419e-01,0.000000000000000000e+00,1.666666666666668073e+00
2.000000000000000000e+00,1.950000000000000227e+03,2.669565878849985974e-01,0.000000000000000000e+00,-1.221245327087672194e-15,-5.418769830354497844e-19,0.000000000000000000e+00,-5.418769830354497844e-19,0.000000000000000000e+00,0.000000000000000000e+00,2.669565878849985419e-01,2.669565878849987084e-01,0.000000000000000000e+00,1.666666666666668073e+00
2.000000000000000000e+00,1.955000000000000227e+03,2.669565878849985974e-01,0.000000000000000000e+00,-1.221245327087672194e-15,-6.350846830920612138e-19,0.000000000000000000e+00,-6.350846830920612138e-19,0.000000000000000000e+00,0.000000000000000000e+00,2.669565878849984308e-01,2.669565878849985974e-01,0.000000000000000000e+00,1.666666666666668073e+00
2.000000000000000000e+00,1.960000000000000227e+03,2.669565878849987084e-01,0.000000000000000000e+00,-1.110223024625156540e-15,-5.468146852269078022e-19,0.000000000000000000e+00,-5.468146852269078022e-19,0.000000000000000000e+00,0.000000000000000000e+00,2.669565878849985419e-01,2.669565878849986529e-01,0.000000000000000000e+00,1.666666666666668073e+00
2.000000000000000000e+00,1.965000000000000227e+03,2.669565878849984308e-01,0.000000000000000000e+00,-1.387778780781445676e-15,-5.659103208208299875e-19,0.000000000000000000e+00,-5.659103208208299875e-19,0.000000000000000000e+00,0.000000000000000000e+00,2.669565878849988194e-01,2.669565878849988194e-01,0.000000000000000000e+00,1.666666666666668073e+00
2.000000000000000000e+00,1.970000000000000227e+03,2.669565878849985974e-01,0.000000000000000000e+00,-1.221245327087672194e-15,-6.817889980396772620e-19,0.000000000000000000e+00,-6.817889980396772620e-19,0.000000000000000000e+00,0.000000000000000000e+00,2.669565878849984308e-01,2.669565878849984863e-01,0.000000000000000000e+00,1.666666666666668073e+00
2.000000000000000000e+00,1.975000000000000227e+03,2.669565878849986529e-01,0.000000000000000000e+00,-1.165734175856414367e-15,-6.178784955087245340e-19,0.000000000000000000e+00,-6.178784955087245340e-19,0.000000000000000000e+00,0.000000000000000000e+00,2.669565878849984863e-01,2.669565878849987084e-01,0.000000000000000000e+00,1.666666666666668073e+00
2.000000000000000000e+00,1.980000000000000227e+03,2.669565878849984308e-01,0.000000000000000000e+00,-1.387778780781445676e-15,-6.102928228314357555e-19,0.000000000000000000e+00,-6.102928228314357555e-19,0.000000000000000000e+00,0.000000000000000000e+00,2.669565878849985974e-01,2.669565878849985974e-01,0.000000000000000000e+00,1.666666666666668073e+00
2.000000000000000000e+00,1.985000000000000227e+03,2.669565878849985419e-01,0.000000000000000000e+00,-1.276756478318930021e-15,-6.542133063974326117e-19,0.000000000000000000e+00,-6.542133063974326117e-19,0.000000000000000000e+00,0.000000000000000000e+00,2.669565878849984308e-01,2.669565878849988194e-01,0.000000000000000000e+00,1.666666666666668073e+00
2.000000000000000000e+00,1.990000000000000227e+03,2.669565878849983198e-01,0.000000000000000000e+00,-1.498801083243961330e-15,-5.364789438079859953e-19,0.000000000000000000e+00,-5.364789438079859953e-19,0.000000000000000000e+00,0.000000000000000000e+00,2.669565878849985974e-01,2.669565878849987639e-01,0.000000000000000000e+00,1.666666666666668073e+00
2.000000000000000000e+00,1.995000000000000227e+03,2.669565878849984863e-01,0.000000000000000000e+00,-1.332267629550187849e-15,-6.849266561974408399e-19,0.000000000000000000e+00,-6.849266561974408399e-19,0.000000000000000000e+00,0.000000000000000000e+00,2.669565878849985974e-01,2.669565878849986529e-01,0.000000000000000000e+00,1.666666666666668073e+00
2.000000000000000000e+00,2.000000000000000227e+03,2.669565878849985419e-01,0.000000000000000000e+00,-1.276756478318930021e-15,-5.957308693878555339e-19,0.000000000000000000e+00,-5.957308693878555339e-19,0.000000000000000000e+00,0.000000000000000000e+00,2.669565878849988194e-01,2.669565878849988749e-01,0.000000000000000000e+00,1.666666666666668073e+00
2.000000000000000000e+00,2.005000000000000227e+03,2.669565878849985419e-01,0.000000000000000000e+00,-1.276756478318930021e-15,-5.594959938821521989e-19,0.000000000000000000e+00,-5.594959938821521989e-19,0.000000000000000000e+00,0.000000000000000000e+00,2.669565878849983753e-01,2.669565878849986529e-01,0.000000000000000000e+00,1.666666666666668073e+00
2.000000000000000000e+00,2.010000000000000227e+03,2.669565878849986529e-01,0.000000000000000000e+00,-1.165734175856414367e-15,-6.348234817236820751e-19,0.000000000000000000e+00,-6.348234817236820751e-19,0.000000000000000000e+00,0.000000000000000000e+00,2.669565878849983198e-01,2.669565878849983753e-01,0.000000000000000000e+00,1.666666666666668073e+00
2.000000000000000000e+00,2.015000000000000227e+03,2.669565878849984308e-01,0.000000000000000000e+00,-1.387778780781445676e-15,-5.742014250322213017e-19,0.000000000000000000e+00,-5.742014250322213017e-19,0.000000000000000000e+00,0.000000000000000000e+00,2.669565878849987084e-01,2.669565878849986529e-01,0.000000000000000000e+00,1.666666666666668073e+00
2.000000000000000000e+00,2.020000000000000227e+03,2.669565878849984863e-01,0.000000000000000000e+00,-1.332267629550187849e-15,-6.815549912353207676e-19,0.000000000000000000e+00,-6.815549912353207676e-19,0.000000000000000000e+00,0.000000000000000000e+00,2.669565878849984863e-01,2.669565878849985974e-01,0.000000000000000000e+00,1.666666666666668073e+00
2.000000000000000000e+00,2.025000000000000227e+03,2.669565878849985419e-01,0.000000000000000000e+00,-1.276756478318930021e-15,-5.729410643423653204e-19,0.000000000000000000e+00,-5.729410643423653204e-19,0.000000000000000000e+00,0.000000000000000000e+00,2.669565878849984863e-01,2.669565878849986529e-01,0.000000000000000000e+00,1.666666666666668073e+00
2.000000000000000000e+00,2.030000000000000227e+03,2.669565878849985419e-01,0.000000000000000000e+00,-1.276756478318930021e-15,-6.190188317370115255e-19,0.000000000000000000e+00,-6.190188317370115255e-19,0.000000000000000000e+00,0.000000000000000000e+00,2.669565878849987639e-01,2.669565878849987639e-01,0.000000000000000000e+00,1.666666666666668073e+00
2.000000000000000000e+00,2.035000000000000227e+03,2.669565878849985419e-01,0.000000000000000000e+00,-1.276756478318930021e-15,-6.524932686917687349e-19,0.000000000000000000e+00,-6.524932686917687349e-19,0.000000000000000000e+00,0.000000000000000000e+00,2.669565878849984863e-01,2.669565878849985419e-01,0.000000000000000000e+00,1.666666666666668073e+00
2.000000000000000000e+00,2.040000000000000227e+03,2.669565878849983753e-01,0.000000000000000000e+00,-1.443289932012703503e-15,-5.780412991506287145e-19,0.000000000000000000e+00,-5.780412991506287145e-19,0.000000000000000000e+00,0.000000000000000000e+00,2.669565878849987084e-01,2.669565878849985419e-01,0.000000000000000000e+00,1.666666666666668073e+00
2.000000000000000000e+00,2.045000000000000227e+03,2.669565878849985974e-01,0.000000000000000000e+00,-1.221245327087672194e-15,-5.385878428031181613e-19,0.000000000000000000e+00,-5.385878428031181613e-19,0.000000000000000000e+00,0.000000000000000000e+00,2.669565878849985974e-01,2.669565878849987084e-01,0.000000000000000000e+00,1.666666666666668073e+00
2.000000000000000000e+00,2.050000000000000000e+03,2.669565878849985974e-01,0.000000000000000000e+00,-1.221245327087672194e-15,-5.588406218720333027e-19,0.000000000000000000e+00,-5.588406218720333027e-19,0.000000000000000000e+00,0.000000000000000000e+00,2.669565878849987639e-01,2.669565878849987639e-01,0.000000000000000000e+00,1.666666666666668073e+00
2.000000000000000000e+00,2.055000000000000000e+03,2.669565878849986529e-01,0.000000000000000000e+00,-1.165734175856414367e-15,-6.001995866910344282e-19,0.000000000000000000e+00,-6.001995866910344282e-19,0.000000000000000000e+00,0.000000000000000000e+00,2.669565878849987084e-01,2.669565878849985419e-01,0.000000000000000000e+00,1.666666666666668073e+00
2.000000000000000000e+00,2.060000000000000000e+03,2.669565878849984863e-01,0.000000000000000000e+00,-1.332267629550187849e-15,-5.556112720131187347e-19,0.000000000000000000e+00,-5.556112720131187347e-19,0.000000000000000000e+00,0.000000000000000000e+00,2.669565878849989304e-01,2.669565878849985974e-01,0.000000000000000000e+00,1.666666666666668073e+00
2.000000000000000000e+00,2.065000000000000000e+03,2.669565878849984863e-01,0.000000000000000000e+00,-1.332267629550187849e-15,-6.874483607100442914e-19,0.000000000000000000e+00,-6.874483607100442914e-19,0.000000000000000000e+00,0.000000000000000000e+00,2.669565878849988194e-01,2.669565878849988749e-01,0.000000000000000000e+00,1.666666666666668073e+00
2.000000000000000000e+00,2.070000000000000000e+03,2.669565878849985974e-01,0.000000000000000000e+00,-1.221245327087672194e-15,-5.991267144663219254e-19,0.000000000000000000e+00,-5.991267144663219254e-19,0.000000000000000000e+00,0.000000000000000000e+00,2.669565878849984863e-01,2.669565878849988194e-01,0.000000000000000000e+00,1.666666666666668073e+00
2.000000000000000000e+00,2.075000000000000000e+03,2.669565878849984308e-01,0.000000000000000000e+00,-1.387778780781445676e-15,-6.986634608704831256e-19,0.000000000000000000e+00,-6.986634608704831256e-19,0.000000000000000000e+00,0.000000000000000000e+00,2.669565878849986529e-01,2.669565878849985974e-01,0.000000000000000000e+00,1.666666666666668073e+00
2.000000000000000000e+00,2.080000000000000000e+03,2.669565878849984308e-01,0.000000000000000000e+00,-1.387778780781445676e-15,-5.922045471779380774e-19,0.000000000000000000e+00,-5.922045471779380774e-19,0.000000000000000000e+00,0.000000000000000000e+00,2.669565878849983198e-01,2.669565878849985419e-01,0.000000000000000000e+00,1.666666666666668073e+00
2.000000000000000000e+00,2.085000000000000000e+03,2.669565878849986529e-01,0.000000000000000000e+00,-1.165734175856414367e-15,-5.263397277387584552e-19,0.000000000000000000e+00,-5.263397277387584552e-19,0.000000000000000000e+00,0.000000000000000000e+00,2.669565878849984308e-01,2.669565878849985974e-01,0.000000000000000000e+00,1.666666666666668073e+00
2.000000000000000000e+00,2.090000000000000000e+03,2.669565878849985419e-01,0.000000000000000000e+00,-1.276756478318930021e-15,-5.811179396494363671e-19,0.000000000000000000e+00,-5.811179396494363671e-19,0.000000000000000000e+00,0.000000000000000000e+00,2.669565878849985419e-01,2.669565878849986529e-01,0.000000000000000000e+00,1.666666666666668073e+00
2.000000000000000000e+00,2.095000000000000000e+03,2.669565878849984308e-01,0.000000000000000000e+00,-1.387778780781445676e-15,-5.636926937496410713e-19,0.000000000000000000e+00,-5.636926937496410713e-19,0.000000000000000000e+00,0.000000000000000000e+00,2.669565878849983198e-01,2.669565878849984863e-01,0.000000000000000000e+00,1.666666666666668073e+00
2.000000000000000000e+00,2.100000000000000000e+03,2.669565878849985419e-01,0.000000000000000000e+00,-1.276756478318930021e-15,-5.095229042921700132e-19,0.000000000000000000e+00,-5.095229042921700132e-19,0.000000000000000000e+00,0.000000000000000000e+00,2.669565878849982643e-01,2.669565878849985974e-01,0.000000000000000000e+00,1.666666666666668073e+00
2.000000000000000000e+00,2.105000000000000000e+03,2.669565878849984863e-01,0.000000000000000000e+00,-1.332267629550187849e-15,-5.110493796534814135e-19,0.000000000000000000e+00,-5.110493796534814135e-19,0.000000000000000000e+00,0.000000000000000000e+00,2.669565878849983198e-01,2.669565878849984308e-01,0.000000000000000000e+00,1.666666666666668073e+00
2.000000000000000000e+00,2.110000000000000000e+03,2.669565878849984308e-01,0.000000000000000000e+00,-1.387778780781445676e-15,-5.762887573062119498e-19,0.000000000000000000e+00,-5.762887573062119498e-19,0.000000000000000000e+00,0.000000000000000000e+00,2.669565878849987084e-01,2.669565878849988194e-01,0.000000000000000000e+00,1.666666666666668073e+00
2.000000000000000000e+00,2.115000000000000000e+03,2.669565878849984308e-01,0.000000000000000000e+00,-1.387778780781445676e-15,-5.891430539184379619e-19,0.000000000000000000e+00,-5.891430539184379619e-19,0.000000000000000000e+00,0.000000000000000000e+00,2.669565878849984308e-01,2.669565878849986529e-01,0.000000000000000000e+00,1.666666666666668073e+00
2.000000000000000000e+00,2.120000000000000000e+03,2.669565878849984308e-01,0.000000000000000000e+00,-1.387778780781445676e-15,-5.191815017115185498e-19,0.000000000000000000e+00,-5.191815017115185498e-19,0.000000000000000000e+00,0.000000000000000000e+00,2.669565878849987639e-01,2.669565878849988749e-01,0.000000000000000000e+00,1.666666666666668073e+00
2.000000000000000000e+00,2.125000000000000000e+03,2.669565878849984308e-01,0.000000000000000000e+00,-1.387778780781445676e-15,-5.974025756495166473e-19,0.000000000000000000e+00,-5.974025756495166473e-19,0.000000000000000000e+00,0.000000000000000000e+00,2.669565878849984308e-01,2.669565878849985974e-01,0.000000000000000000e+00,1.666666666666668073e+00
2.000000000000000000e+00,2.130000000000000000e+03,2.669565878849984863e-01,0.000000000000000000e+00,-1.332267629550187849e-15,-6.312751859541773121e-19,0.000000000000000000e+00,-6.312751859541773121e-19,0.000000000000000000e+00,0.000000000000000000e+00,2.669565878849984863e-01,2.669565878849985419e-01,0.000000000000000000e+00,1.666666666666668073e+00
2.000000000000000000e+00,2.135000000000000000e+03,2.669565878849985419e-01,0.000000000000000000e+00,-1.276756478318930021e-15,-5.122989004912539217e-19,0.000000000000000000e+00,-5.122989004912539217e-19,0.000000000000000000e+00,0.000000000000000000e+00,2.669565878849984308e-01,2.669565878849985974e-01,0.000000000000000000e+00,1.666666666666668073e+00
2.000000000000000000e+00,2.140000000000000000e+03,2.669565878849985419e-01,0.000000000000000000e+00,-1.276756478318930021e-15,-6.906058804298151504e-19,0.000000000000000000e+00,-6.906058804298151504e-19,0.000000000000000000e+00,0.000000000000000000e+00,2.669565878849983753e-01,2.669565878849985419e-01,0.000000000000000000e+00,1.666666666666668073e+00
2.000000000000000000e+00,2.145000000000000000e+03,2.669565878849983753e-01,0.000000000000000000e+00,-1.443289932012703503e-15,-6.199169237978641208e-19,0.000000000000000000e+00,-6.199169237978641208e-19,0.000000000000000000e+00,0.000000000000000000e+00,2.669565878849987639e-01,2.669565878849987084e-01,0.000000000000000000e+00,1.666666666666668073e+00
2.000000000000000000e+00,2.150000000000000000e+03,2.669565878849984863e-01,0.000000000000000000e+00,-1.332267629550187849e-15,-6.012213082869866670e-19,0.000000000000000000e+00,-6.012213082869866670e-19,0.000000000000000000e+00,0.000000000000000000e+00,2.669565878849984863e-01,2.669565878849986529e-01,0.000000000000000000e+00,1.666666666666668073e+00
2.000000000000000000e+00,2.155000000000000000e+03,2.669565878849984863e-01,0.000000000000000000e+00,-1.332267629550187849e-15,-5.508162789480693894e-19,0.000000000000000000e+00,-5.508162789480693894e-19,0.000000000000000000e+00,0.000000000000000000e+00,2.669565878849982643e-01,2.669565878849984308e-01,0.000000000000000000e+00,1.666666666666668073e+00
2.000000000000000000e+00,2.160000000000000000e+03,2.669565878849983753e-01,0.000000000000000000e+00,-1.443289932012703503e-15,-5.650339998727114777e-19,0.000000000000000000e+00,-5.650339998727114777e-19,0.000000000000000000e+00,0.000000000000000000e+00,2.669565878849984308e-01,2.669565878849986529e-01,0.000000000000000000e+00,1.666666666666668073e+00
2.000000000000000000e+00,2.165000000000000000e+03,2.669565878849985419e-01,0.000000000000000000e+00,-1.276756478318930021e-15,-6.290658022900227306e-19,0.000000000000000000e+00,-6.290658022900227306e-19,0.000000000000000000e+00,0.000000000000000000e+00,2.669565878849984863e-01,2.669565878849985974e-01,0.000000000000000000e+00,1.666666666666668073e+00
2.000000000000000000e+00,2.170000000000000000e+03,2.669565878849984863e-01,0.000000000000000000e+00,-1.332267629550187849e-15,-5.871911376415439066e-19,0.000000000000000000e+00,-5.871911376415439066e-19,0.000000000000000000e+00,0.000000000000000000e+00,2.669565878849986529e-01,2.669565878849986529e-01,0.000000000000000000e+00,1.666666666666668073e+00
2.000000000000000000e+00,2.175000000000000000e+03,2.669565878849985974e-01,0.000000000000000000e+00,-1.221245327087672194e-15,-5.906442192645178595e-19,0.000000000000000000e+00,-5.906442192645178595e-19,0.000000000000000000e+00,0.000000000000000000e+00,2.669565878849983753e-01,2.669565878849984308e-01,0.000000000000000000e+00,1.666666666666668073e+00
2.000000000000000000e+00,2.180000000000000000e+03,2.669565878849983198e-01,0.000000000000000000e+00,-1.498801083243961330e-15,-6.224126690698108209e-19,0.000000000000000000e+00,-6.224126690698108209e-19,0.000000000000000000e+00,0.000000000000000000e+00,2.669565878849984308e-01,2.669565878849986529e-01,0.000000000000000000e+00,1.666666666666668073e+00
2.000000000000000000e+00,2.185000000000000000e+03,2.669565878849985419e-01,0.000000000000000000e+00,-1.276756478318930021e-15,-6.399312687691299712e-19,0.000000000000000000e+00,-6.399312687691299712e-19,0.000000000000000000e+00,0.000000000000000000e+00,2.669565878849983198e-01,2.669565878849985419e-01,0.000000000000000000e+00,1.666666666666668073e+00
2.000000000000000000e+00,2.190000000000000000e+03,2.669565878849985419e-01,0.000000000000000000e+00,-1.276756478318930021e-15,-5.466040490867506275e-19,0.000000000000000000e+00,-5.466040490867506275e-19,0.000000000000000000e+00,0.000000000000000000e+00,2.669565878849984308e-01,2.669565878849985419e-01,0.000000000000000000e+00,1.666666666666668073e+00
2.000000000000000000e+00,2.195000000000000000e+03,2.669565878849985974e-01,0.000000000000000000e+00,-1.221245327087672194e-15,-5.507666981945173584e-19,0.000000000000000000e+00,-5.507666981945173584e-19,0.000000000000000000e+00,0.000000000000000000e+00,2.669565878849983753e-01,2.669565878849984863e-01,0.000000000000000000e+00,1.666666666666668073e+00
2.000000000000000000e+00,2.200000000000000000e+03,2.669565878849984863e-01,0.000000000000000000e+00,-1.332267629550187849e-15,-6.398303947396639831e-19,0.000000000000000000e+00,-6.398303947396639831e-19,0.000000000000000000e+00,0.000000000000000000e+00,2.669565878849985974e-01,2.669565878849985419e-01,0.000000000000000000e+00,1.666666666666668073e+00
2.000000000000000000e+00,2.205000000000000000e+03,2.669565878849984308e-01,0.000000000000000000e+00,-1.387778780781445676e-15,-6.867268833882686084e-19,0.000000000000000000e+00,-6.867268833882686084e-19,0.000000000000000000e+00,0.000000000000000000e+00,2.669565878849983753e-01,2.669565878849985974e-01,0.000000000000000000e+00,1.666666666666668073e+00
2.000000000000000000e+00,2.210000000000000000e+03,2.669565878849984308e-01,0.000000000000000000e+00,-1.387778780781445676e-15,-5.984081037783011160e-19,0.000000000000000000e+00,-5.984081037783011160e-19,0.000000000000000000e+00,0.000000000000000000e+00,2.669565878849983753e-01,2.669565878849984308e-01,0.000000000000000000e+00,1.666666666666668073e+00
2.000000000000000000e+00,2.215000000000000000e+03,2.669565878849983198e-01,0.000000000000000000e+00,-1.498801083243961330e-15,-6.961184505329191677e-19,0.000000000000000000e+00,-6.961184505329191677e-19,0.000000000000000000e+00,0.000000000000000000e+00,2.669565878849984308e-01,2.669565878849983753e-01,0.000000000000000000e+00,1.666666666666668073e+00
2.000000000000000000e+00,2.220000000000000000e+03,2.669565878849984308e-01,0.000000000000000000e+00,-1.387778780781445676e-15,-5.809109368617969688e-19,0.000000000000000000e+00,-5.809109368617969688e-19,0.000000000000000000e+00,0.000000000000000000e+00,2.669565878849983753e-01,2.669565878849982643e-01,0.000000000000000000e+00,1.666666666666668073e+00
2.000000000000000000e+00,2.225000000000000000e+03,2.669565878849986529e-01,0.000000000000000000e+00,-1.165734175856414367e-15,-4.967532953817292341e-19,0.000000000000000000e+00,-4.967532953817292341e-19,0.000000000000000000e+00,0.000000000000000000e+00,2.669565878849982643e-01,2.669565878849984308e-01,0.000000000000000000e+00,1.666666666666668073e+00
2.000000000000000000e+00,2.230000000000000000e+03,2.669565878849984308e-01,0.000000000000000000e+00,-1.387778780781445676e-15,-6.712458032132844587e-19,0.000000000000000000e+00,-6.712458032132844587e-19,0.000000000000000000e+00,0.000000000000000000e+00,2.669565878849984308e-01,2.669565878849985974e-01,0.000000000000000000e+00,1.666666666666668073e+00
2.000000000000000000e+00,2.235000000000000000e+03,2.669565878849985419e-01,0.000000000000000000e+00,-1.276756478318930021e-15,-4.886024935013532478e-19,0.000000000000000000e+00,-4.886024935013532478e-19,0.000000000000000000e+00,0.000000000000000000e+00,2.669565878849983753e-01,2.669565878849985974e-01,0.000000000000000000e+00,1.666666666666668073e+00
2.000000000000000000e+00,2.240000000000000000e+03,2.669565878849985419e-01,0.000000000000000000e+00,-1.276756478318930021e-15,-5.056625152550655100e-19,0.000000000000000000e+00,-5.056625152550655100e-19,0.000000000000000000e+00,0.000000000000000000e+00,2.669565878849984308e-01,2.669565878849985419e-01,0.000000000000000000e+00,1.666666666666668073e+00
2.000000000000000000e+00,2.245000000000000000e+03,2.669565878849982643e-01,0.000000000000000000e+00,-1.554312234475219157e-15,-5.041832602492599745e-19,0.000000000000000000e+00,-5.041832602492599745e-19,0.000000000000000000e+00,0.000000000000000000e+00,2.669565878849985974e-01,2.669565878849983753e-01,0.000000000000000000e+00,1.666666666666668073e+00
2.000000000000000000e+00,2.250000000000000000e+03,2.669565878849985974e-01,0.000000000000000000e+00,-1.221245327087672194e-15,-5.932601157516121547e-19,0.000000000000000000e+00,-5.932601157516121547e-19,0.000000000000000000e+00,0.000000000000000000e+00,2.669565878849988749e-01,2.669565878849984308e-01,0.000000000000000000e+00,1.666666666666668073e+00
2.000000000000000000e+00,2.255000000000000000e+03,2.669565878849984308e-01,0.000000000000000000e+00,-1.387778780781445676e-15,-5.355647664346692802e-19,0.000000000000000000e+00,-5.355647664346692802e-19,0.000000000000000000e+00,0.000000000000000000e+00,2.669565878849987639e-01,2.669565878849987639e-01,0.000000000000000000e+00,1.666666666666668073e+00
2.000000000000000000e+00,2.260000000000000000e+03,2.669565878849983753e-01,0.000000000000000000e+00,-1.443289932012703503e-15,-5.913230825158310080e-19,0.000000000000000000e+00,-5.913230825158310080e-19,0.000000000000000000e+00,0.000000000000000000e+00,2.669565878849985419e-01,2.669565878849984308e-01,0.000000000000000000e+00,1.666666666666668073e+00
2.000000000000000000e+00,2.265000000000000000e+03,2.669565878849984863e-01,0.000000000000000000e+00,-1.332267629550187849e-15,-6.023170172526511230e-19,0.000000000000000000e+00,-6.023170172526511230e-19,0.000000000000000000e+00,0.000000000000000000e+00,2.669565878849986529e-01,2.669565878849987639e-01,0.000000000000000000e+00,1.666666666666668073e+00
2.000000000000000000e+00,2.270000000000000000e+03,2.669565878849984863e-01,0.000000000000000000e+00,-1.332267629550187849e-15,-5.622139343693650681e-19,0.000000000000000000e+00,-5.622139343693650681e-19,0.000000000000000000e+00,0.000000000000000000e+00,2.669565878849983753e-01,2.669565878849984863e-01,0.000000000000000000e+00,1.666666666666668073e+00
2.000000000000000000e+00,2.275000000000000000e+03,2.669565878849985419e-01,0.000000000000000000e+00,-1.276756478318930021e-15,-5.241046152562732328e-19,0.000000000000000000e+00,-5.241046152562732328e-19,0.000000000000000000e+00,0.000000000000000000e+00,2.669565878849985974e-01,2.669565878849985974e-01,0.000000000000000000e+00,1.666666666666668073e+00
2.000000000000000000e+00,2.280000000000000000e+03,2.669565878849985419e-01,0.000000000000000000e+00,-1.276756478318930021e-15,-6.348186721980928454e-19,0.000000000000000000e+00,-6.348186721980928454e-19,0.000000000000000000e+00,0.000000000000000000e+00,2.669565878849985974e-01,2.669565878849985974e-01,0.000000000000000000e+00,1.666666666666668073e+00
2.000000000000000000e+00,2.285000000000000000e+03,2.669565878849985419e-01,0.000000000000000000e+00,-1.276756478318930021e-15,-5.543024211383577542e-19,0.000000000000000000e+00,-5.543024211383577542e-19,0.000000000000000000e+00,0.000000000000000000e+00,2.669565878849984863e-01,2.669565878849983753e-01,0.000000000000000000e+00,1.666666666666668073e+00
2.000000000000000000e+00,2.290000000000000000e+03,2.669565878849984863e-01,0.000000000000000000e+00,-1.332267629550187849e-15,-6.648489441177734018e-19,0.000000000000000000e+00,-6.648489441177734018e-19,0.000000000000000000e+00,0.000000000000000000e+00,2.669565878849987084e-01,2.669565878849987084e-01,0.000000000000000000e+00,1.666666666666668073e+00
2.000000000000000000e+00,2.295000000000000000e+03,2.669565878849984308e-01,0.000000000000000000e+00,-1.387778780781445676e-15,-5.041372212666022197e-19,0.000000000000000000e+00,-5.041372212666022197e-19,0.000000000000000000e+00,0.000000000000000000e+00,2.669565878849983753e-01,2.669565878849985419e-01,0.000000000000000000e+00,1.666666666666668073e+00
2.000000000000000000e+00,2.300000000000000000e+03,2.669565878849983198e-01,0.000000000000000000e+00,-1.498801083243961330e-15,-7.026744578858157201e-19,0.000000000000000000e+00,-7.026744578858157201e-19,0.000000000000000000e+00,0.000000000000000000e+00,2.669565878849983753e-01,2.669565878849985419e-01,0.000000000000000000e+00,1.666666666666668073e+00
2.000000000000000000e+00,2.305000000000000000e+03,2.669565878849985419e-01,0.000000000000000000e+00,-1.276756478318930021e-15,-5.265849349022655261e-19,0.000000000000000000e+00,-5.265849349022655261e-19,0.000000000000000000e+00,0.000000000000000000e+00,2.669565878849984863e-01,2.669565878849986529e-01,0.000000000000000000e+00,1.666666666666668073e+00
2.000000000000000000e+00,2.310000000000000000e+03,2.669565878849984308e-01,0.000000000000000000e+00,-1.387778780781445676e-15,-5.539299063271668936e-19,0.000000000000000000e+00,-5.539299063271668936e-19,0.000000000000000000e+00,0.000000000000000000e+00,2.669565878849986529e-01,2.669565878849986529e-01,0.000000000000000000e+00,1.666666666666668073e+00
2.000000000000000000e+00,2.315000000000000000e+03,2.669565878849983753e-01,0.000000000000000000e+00,-1.443289932012703503e-15,-6.006323896181787231e-19,0.000000000000000000e+00,-6.006323896181787231e-19,0.000000000000000000e+00,0.000000000000000000e+00,2.669565878849983753e-01,2.669565878849985974e-01,0.000000000000000000e+00,1.666666666666668073e+00
2.000000000000000000e+00,2.320000000000000000e+03,2.669565878849984308e-01,0.000000000000000000e+00,-1.387778780781445676e-15,-5.293044785741411361e-19,0.000000000000000000e+00,-5.293044785741411361e-19,0.000000000000000000e+00,0.000000000000000000e+00,2.669565878849987084e-01,2.669565878849986529e-01,0.000000000000000000e+00,1.666666666666668073e+00
2.000000000000000000e+00,2.325000000000000000e+03,2.669565878849984863e-01,0.000000000000000000e+00,-1.332267629550187849e-15,-5.480433780877162744e-19,0.000000000000000000e+00,-5.480433780877162744e-19,0.000000000000000000e+00,0.000000000000000000e+00,2.669565878849984863e-01,2.669565878849986529e-01,0.000000000000000000e+00,1.666666666666668073e+00
2.000000000000000000e+00,2.330000000000000000e+03,2.669565878849983753e-01,0.000000000000000000e+00,-1.443289932012703503e-15,-6.055793061130480255e-19,0.000000000000000000e+00,-6.055793061130480255e-19,0.000000000000000000e+00,0.000000000000000000e+00,2.669565878849982088e-01,2.669565878849983198e-01,0.000000000000000000e+00,1.666666666666668073e+00
2.000000000000000000e+00,2.335000000000000000e+03,2.669565878849984308e-01,0.000000000000000000e+00,-1.387778780781445676e-15,-5.462165957491262287e-19,0.000000000000000000e+00,-5.462165957491262287e-19,0.000000000000000000e+00,0.000000000000000000e+00,2.669565878849982088e-01,2.669565878849984308e-01,0.000000000000000000e+00,1.666666666666668073e+00
2.000000000000000000e+00,2.340000000000000000e+03,2.669565878849984863e-01,0.000000000000000000e+00,-1.332267629550187849e-15,-5.874837931729128874e-19,0.000000000000000000e+00,-5.874837931729128874e-19,0.000000000000000000e+00,0.000000000000000000e+00,2.669565878849984863e-01,2.669565878849986529e-01,0.000000000000000000e+00,1.666666666666668073e+00
2.000000000000000000e+00,2.345000000000000000e+03,2.669565878849984308e-01,0.000000000000000000e+00,-1.387778780781445676e-15,-6.513797861045748578e-19,0.000000000000000000e+00,-6.513797861045748578e-19,0.000000000000000000e+00,0.000000000000000000e+00,2.669565878849987084e-01,2.669565878849986529e-01,0.000000000000000000e+00,1.666666666666668073e+00
2.000000000000000000e+00,2.350000000000000000e+03,2.669565878849984308e-01,0.000000000000000000e+00,-1.387778780781445676e-15,-5.895999748270035534e-19,0.000000000000000000e+00,-5.895999748270035534e-19,0.000000000000000000e+00,0.000000000000000000e+00,2.669565878849985974e-01,2.669565878849985419e-01,0.000000000000000000e+00,1.666666666666668073e+00
2.000000000000000000e+00,2.355000000000000000e+03,2.669565878849984863e-01,0.000000000000000000e+00,-1.332267629550187849e-15,-5.898596982302352668e-19,0.000000000000000000e+00,-5.898596982302352668e-19,0.000000000000000000e+00,0.000000000000000000e+00,2.669565878849985419e-01,2.669565878849986529e-01,0.000000000000000000e+00,1.666666666666668073e+00
2.000000000000000000e+00,2.360000000000000000e+03,2.669565878849983753e-01,0.000000000000000000e+00,-1.443289932012703503e-15,-5.690971821274058410e-19,0.000000000000000000e+00,-5.690971821274058410e-19,0.000000000000000000e+00,0.000000000000000000e+00,2.669565878849982088e-01,2.669565878849984308e-01,0.000000000000000000e+00,1.666666666666668073e+00
2.000000000000000000e+00,2.365000000000000000e+03,2.669565878849984308e-01,0.000000000000000000e+00,-1.387778780781445676e-15,-7.093354893076284473e-19,0.000000000000000000e+00,-7.093354893076284473e-19,0.000000000000000000e+00,0.000000000000000000e+00,2.669565878849985974e-01,2.669565878849987084e-01,0.000000000000000000e+00,1.666666666666668073e+00
2.000000000000000000e+00,2.370000000000000000e+03,2.669565878849983198e-01,0.000000000000000000e+00,-1.498801083243961330e-15,-5.579176560107862429e-19,0.000000000000000000e+00,-5.579176560107862429e-19,0.000000000000000000e+00,0.000000000000000000e+00,2.669565878849983753e-01,2.669565878849984308e-01,0.000000000000000000e+00,1.666666666666668073e+00
2.000000000000000000e+00,2.375000000000000000e+03,2.669565878849983753e-01,0.000000000000000000e+00,-1.443289932012703503e-15,-5.333728412089803260e-19,0.000000000000000000e+00,-5.333728412089803260e-19,0.000000000000000000e+00,0.000000000000000000e+00,2.669565878849985419e-01,2.669565878849987084e-01,0.000000000000000000e+00,1.666666666666668073e+00
2.000000000000000000e+00,2.380000000000000000e+03,2.669565878849983198e-01,0.000000000000000000e+00,-1.498801083243961330e-15,-6.509970712840141661e-19,0.000000000000000000e+00,-6.509970712840141661e-19,0.000000000000000000e+00,0.000000000000000000e+00,2.669565878849983753e-01,2.669565878849984863e-01,0.000000000000000000e+00,1.666666666666668073e+00
2.000000000000000000e+00,2.385000000000000000e+03,2.669565878849985419e-01,0.000000000000000000e+00,-1.276756478318930021e-15,-5.929036534141836513e-19,0.000000000000000000e+00,-5.929036534141836513e-19,0.000000000000000000e+00,0.000000000000000000e+00,2.669565878849982643e-01,2.669565878849985419e-01,0.000000000000000000e+00,1.666666666666668073e+00
2.000000000000000000e+00,2.390000000000000000e+03,2.669565878849983753e-01,0.000000000000000000e+00,-1.443289932012703503e-15,-6.945666354699626794e-19,0.000000000000000000e+00,-6.945666354699626794e-19,0.000000000000000000e+00,0.000000000000000000e+00,2.669565878849982643e-01,2.669565878849984863e-01,0.000000000000000000e+00,1.666666666666668073e+00
2.000000000000000000e+00,2.395000000000000000e+03,2.669565878849982643e-01,0.000000000000000000e+00,-1.554312234475219157e-15,-6.231244933278812552e-19,0.000000000000000000e+00,-6.231244933278812552e-19,0.000000000000000000e+00,0.000000000000000000e+00,2.669565878849987084e-01,2.669565878849986529e-01,0.000000000000000000e+00,1.666666666666668073e+00
2.000000000000000000e+00,2.400000000000000000e+03,2.669565878849982088e-01,0.000000000000000000e+00,-1.609823385706476984e-15,-5.070944310587366436e-19,0.000000000000000000e+00,-5.070944310587366436e-19,0.000000000000000000e+00,0.000000000000000000e+00,2.669565878849982088e-01,2.669565878849983198e-01,0.000000000000000000e+00,1.666666666666668073e+00
3.000000000000000000e+00,2.400000000000000455e+03,2.669565878849982088e-01,0.000000000000000000e+00,-1.609823385706476984e-15,-5.149960319306146062e-19,0.000000000000000000e+00,-5.149960319306146062e-19,0.000000000000000000e+00,0.000000000000000000e+00,2.669565878849982088e-01,2.669565878849983198e-01,-5.000000000000000000e+00,1.666666666666667851e+00
3.000000000000000000e+00,2.405000000000000455e+03,2.669565878849983198e-01,0.000000000000000000e+00,-1.498801083243961330e-15,-4.269046054161673709e-19,0.000000000000000000e+00,-4.269046054161673709e-19,0.000000000000000000e+00,0.000000000000000000e+00,2.669565878849983753e-01,2.669565878849984863e-01,-5.000000000000000000e+00,1.659722222222224319e+00
3.000000000000000000e+00,2.410000000000000455e+03,2.669565878849984308e-01,0.000000000000000000e+00,-1.387778780781445676e-15,-5.014435047745458007e-19,0.000000000000000000e+00,-5.014435047745458007e-19,0.000000000000000000e+00,0.000000000000000000e+00,2.669565878849985974e-01,2.669565878849988194e-01,-5.000000000000000000e+00,1.652777777777782564e+00
3.000000000000000000e+00,2.415000000000000455e+03,2.669565878849983198e-01,0.000000000000000000e+00,-1.498801083243961330e-15,-7.860465750519907147e-19,0.000000000000000000e+00,-7.860465750519907147e-19,0.000000000000000000e+00,0.000000000000000000e+00,2.669565878849984308e-01,2.669565878849986529e-01,-5.000000000000000000e+00,1.645833333333339699e+00
3.000000000000000000e+00,2.420000000000000455e+03,2.669565878849982643e-01,0.000000000000000000e+00,-1.554312234475219157e-15,-6.234162491791650496e-19,0.000000000000000000e+00,-6.234162491791650496e-19,0.000000000000000000e+00,0.000000000000000000e+00,2.669565878849982088e-01,2.669565878849984308e-01,-5.000000000000000000e+00,1.638888888888897277e+00
3.000000000000000000e+00,2.425000000000000455e+03,2.669565878849984308e-01,0.000000000000000000e+00,-1.387778780781445676e-15,-6.844026213814746740e-19,0.000000000000000000e+00,-6.844026213814746740e-19,0.000000000000000000e+00,0.000000000000000000e+00,2.669565878849986529e-01,2.669565878849985419e-01,-5.000000000000000000e+00,1.631944444444453080e+00
3.000000000000000000e+00,2.430000000000000455e+03,2.669565878849984308e-01,0.000000000000000000e+00,-1.387778780781445676e-15,-6.979551485375434794e-19,0.000000000000000000e+00,-6.979551485375434794e-19,0.000000000000000000e+00,0.000000000000000000e+00,2.669565878849982643e-01,2.669565878849985974e-01,-5.000000000000000000e+00,1.625000000000009548e+00
3.000000000000000000e+00,2.435000000000000455e+03,2.669565878849984308e-01,0.000000000000000000e+00,-1.387778780781445676e-15,-6.572975670693370631e-19,0.000000000000000000e+00,-6.572975670693370631e-19,0.000000000000000000e+00,0.000000000000000000e+00,2.669565878849983198e-01,2.669565878849985974e-01,-5.000000000000000000e+00,1.618055555555566460e+00
3.000000000000000000e+00,2.440000000000000455e+03,2.669565878849983198e-01,0.000000000000000000e+00,-1.498801083243961330e-15,-7.453889935837842984e-19,0.000000000000000000e+00,-7.453889935837842984e-19,0.000000000000000000e+00,0.000000000000000000e+00,2.669565878849985419e-01,2.669565878849986529e-01,-5.000000000000000000e+00,1.611111111111122707e+00
3.000000000000000000e+00,2.445000000000000455e+03,2.669565878849982643e-01,0.000000000000000000e+00,-1.554312234475219157e-15,-6.030874584450618414e-19,0.000000000000000000e+00,-6.030874584450618414e-19,0.000000000000000000e+00,0.000000000000000000e+00,2.669565878849983753e-01,2.669565878849982643e-01,-5.000000000000000000e+00,1.604166666666678065e+00
3.000000000000000000e+00,2.450000000000000455e+03,2.669565878849982643e-01,0.000000000000000000e+00,-1.554312234475219157e-15,-7.250602028496810902e-19,0.000000000000000000e+00,-7.250602028496810902e-19,0.000000000000000000e+00,0.000000000000000000e+00,2.669565878849984863e-01,2.669565878849985419e-01,-5.000000000000000000e+00,1.597222222222233423e+00
3.000000000000000000e+00,2.455000000000000455e+03,2.669565878849984308e-01,0.000000000000000000e+00,-1.387778780781445676e-15,-7.047314121155778821e-19,0.000000000000000000e+00,-7.047314121155778821e-19,0.000000000000000000e+00,0.000000000000000000e+00,2.669565878849983198e-01,2.669565878849983198e-01,-5.000000000000000000e+00,1.590277777777788559e+00
3.000000000000000000e+00,2.460000000000000455e+03,2.669565878849983753e-01,0.000000000000000000e+00,-1.443289932012703503e-15,-6.844026213814746740e-19,0.000000000000000000e+00,-6.844026213814746740e-19,0.000000000000000000e+00,0.000000000000000000e+00,2.669565878849980978e-01,2.669565878849984308e-01,-5.000000000000000000e+00,1.583333333333343473e+00
3.000000000000000000e+00,2.465000000000000455e+03,2.669565878849983198e-01,0.000000000000000000e+00,-1.498801083243961330e-15,-4.607859233063393845e-19,0.000000000000000000e+00,-4.607859233063393845e-19,0.000000000000000000e+00,0.000000000000000000e+00,2.669565878849983753e-01,2.669565878849984308e-01,-5.000000000000000000e+00,1.576388888888898387e+00
3.000000000000000000e+00,2.470000000000000455e+03,2.669565878849984863e-01,0.000000000000000000e+00,-1.332267629550187849e-15,-8.402566836762659364e-19,0.000000000000000000e+00,-8.402566836762659364e-19,0.000000000000000000e+00,0.000000000000000000e+00,2.669565878849983198e-01,2.669565878849985419e-01,-5.000000000000000000e+00,1.569444444444453302e+00
3.000000000000000000e+00,2.475000000000000455e+03,2.669565878849983198e-01,0.000000000000000000e+00,-1.498801083243961330e-15,-6.572975670693370631e-19,0.000000000000000000e+00,-6.572975670693370631e-19,0.000000000000000000e+00,0.000000000000000000e+00,2.669565878849985419e-01,2.669565878849986529e-01,-5.000000000000000000e+00,1.562500000000008438e+00
3.000000000000000000e+00,2.480000000000000455e+03,2.669565878849983753e-01,0.000000000000000000e+00,-1.443289932012703503e-15,-6.640738306473714658e-19,0.000000000000000000e+00,-6.640738306473714658e-19,0.000000000000000000e+00,0.000000000000000000e+00,2.669565878849981533e-01,2.669565878849984308e-01,-5.000000000000000000e+00,1.555555555555563352e+00
3.000000000000000000e+00,2.485000000000000455e+03,2.669565878849983753e-01,0.000000000000000000e+00,-1.443289932012703503e-15,-8.063753657860939228e-19,0.000000000000000000e+00,-8.063753657860939228e-19,0.000000000000000000e+00,0.000000000000000000e+00,2.669565878849984863e-01,2.669565878849985419e-01,-5.000000000000000000e+00,1.548611111111118266e+00
3.000000000000000000e+00,2.490000000000000455e+03,2.669565878849984863e-01,0.000000000000000000e+00,-1.332267629550187849e-15,-7.182839392716466875e-19,0.000000000000000000e+00,-7.182839392716466875e-19,0.000000000000000000e+00,0.000000000000000000e+00,2.669565878849983753e-01,2.669565878849984863e-01,-5.000000000000000000e+00,1.541666666666673180e+00
3.000000000000000000e+00,2.495000000000000455e+03,2.669565878849983198e-01,0.000000000000000000e+00,-1.498801083243961330e-15,-7.047314121155778821e-19,0.000000000000000000e+00,-7.047314121155778821e-19,0.000000000000000000e+00,0.000000000000000000e+00,2.669565878849984863e-01,2.669565878849984308e-01,-5.000000000000000000e+00,1.534722222222228094e+00
3.000000000000000000e+00,2.500000000000000455e+03,2.669565878849983753e-01,0.000000000000000000e+00,-1.443289932012703503e-15,-7.589415207398531038e-19,0.000000000000000000e+00,-7.589415207398531038e-19,0.000000000000000000e+00,0.000000000000000000e+00,2.669565878849983198e-01,2.669565878849984308e-01,-5.000000000000000000e+00,1.527777777777783230e+00
3.000000000000000000e+00,2.505000000000000455e+03,2.669565878849983198e-01,0.000000000000000000e+00,-1.498801083243961330e-15,-8.741380015664379499e-19,0.000000000000000000e+00,-8.741380015664379499e-19,0.000000000000000000e+00,0.000000000000000000e+00,2.669565878849983753e-01,2.669565878849983198e-01,-5.000000000000000000e+00,1.520833333333338144e+00
3.000000000000000000e+00,2.510000000000000455e+03,2.669565878849984308e-01,0.000000000000000000e+00,-1.387778780781445676e-15,-7.521652571618187011e-19,0.000000000000000000e+00,-7.521652571618187011e-19,0.000000000000000000e+00,0.000000000000000000e+00,2.669565878849982088e-01,2.669565878849983753e-01,-5.000000000000000000e+00,1.513888888888893058e+00
3.000000000000000000e+00,2.515000000000000455e+03,2.669565878849983753e-01,0.000000000000000000e+00,-1.443289932012703503e-15,-5.827586677109586333e-19,0.000000000000000000e+00,-5.827586677109586333e-19,0.000000000000000000e+00,0.000000000000000000e+00,2.669565878849982088e-01,2.669565878849983753e-01,-5.000000000000000000e+00,1.506944444444447972e+00
3.000000000000000000e+00,2.520000000000000455e+03,2.669565878849983198e-01,0.000000000000000000e+00,-1.498801083243961330e-15,-6.030874584450618414e-19,0.000000000000000000e+00,-6.030874584450618414e-19,0.000000000000000000e+00,0.000000000000000000e+00,2.669565878849981533e-01,2.669565878849983198e-01,-5.000000000000000000e+00,1.500000000000002887e+00
3.000000000000000000e+00,2.525000000000000455e+03,2.669565878849983753e-01,0.000000000000000000e+00,-1.443289932012703503e-15,-7.182839392716466875e-19,0.000000000000000000e+00,-7.182839392716466875e-19,0.000000000000000000e+00,0.000000000000000000e+00,2.669565878849982643e-01,2.669565878849984863e-01,-5.000000000000000000e+00,1.493055555555558023e+00
3.000000000000000000e+00,2.530000000000000455e+03,2.669565878849982643e-01,0.000000000000000000e+00,-1.554312234475219157e-15,-5.692061405548898279e-19,0.000000000000000000e+00,-5.692061405548898279e-19,0.000000000000000000e+00,0.000000000000000000e+00,2.669565878849984863e-01,2.669565878849984308e-01,-5.000000000000000000e+00,1.486111111111112937e+00
3.000000000000000000e+00,2.535000000000000455e+03,2.669565878849983753e-01,0.000000000000000000e+00,-1.443289932012703503e-15,-7.589415207398531038e-19,0.000000000000000000e+00,-7.589415207398531038e-19,0.000000000000000000e+00,0.000000000000000000e+00,2.669565878849982643e-01,2.669565878849984308e-01,-5.000000000000000000e+00,1.479166666666668295e+00
3.000000000000000000e+00,2.540000000000000455e+03,2.669565878849983198e-01,0.000000000000000000e+00,-1.498801083243961330e-15,-7.250602028496810902e-19,0.000000000000000000e+00,-7.250602028496810902e-19,0.000000000000000000e+00,0.000000000000000000e+00,2.669565878849983198e-01,2.669565878849984308e-01,-5.000000000000000000e+00,1.472222222222224319e+00
3.000000000000000000e+00,2.545000000000000455e+03,2.669565878849983198e-01,0.000000000000000000e+00,-1.498801083243961330e-15,-7.521652571618187011e-19,0.000000000000000000e+00,-7.521652571618187011e-19,0.000000000000000000e+00,0.000000000000000000e+00,2.669565878849984863e-01,2.669565878849984863e-01,-5.000000000000000000e+00,1.465277777777780122e+00
3.000000000000000000e+00,2.550000000000000455e+03,2.669565878849982643e-01,0.000000000000000000e+00,-1.554312234475219157e-15,-7.182839392716466875e-19,0.000000000000000000e+00,-7.182839392716466875e-19,0.000000000000000000e+00,0.000000000000000000e+00,2.669565878849982643e-01,2.669565878849983753e-01,-5.000000000000000000e+00,1.458333333333335924e+00
3.000000000000000000e+00,2.555000000000000455e+03,2.669565878849983198e-01,0.000000000000000000e+00,-1.498801083243961330e-15,-9.283481101907131716e-19,0.000000000000000000e+00,-9.283481101907131716e-19,0.000000000000000000e+00,0.000000000000000000e+00,2.669565878849981533e-01,2.669565878849983198e-01,-5.000000000000000000e+00,1.451388888888891726e+00
3.000000000000000000e+00,2.560000000000000455e+03,2.669565878849983753e-01,0.000000000000000000e+00,-1.443289932012703503e-15,-8.741380015664379499e-19,0.000000000000000000e+00,-8.741380015664379499e-19,0.000000000000000000e+00,0.000000000000000000e+00,2.669565878849981533e-01,2.669565878849983198e-01,-5.000000000000000000e+00,1.444444444444447750e+00
3.000000000000000000e+00,2.565000000000000455e+03,2.669565878849982643e-01,0.000000000000000000e+00,-1.554312234475219157e-15,-8.334804200982315336e-19,0.000000000000000000e+00,-8.334804200982315336e-19,0.000000000000000000e+00,0.000000000000000000e+00,2.669565878849984308e-01,2.669565878849984308e-01,-5.000000000000000000e+00,1.437500000000003553e+00
3.000000000000000000e+00,2.570000000000000455e+03,2.669565878849983753e-01,0.000000000000000000e+00,-1.443289932012703503e-15,-8.334804200982315336e-19,0.000000000000000000e+00,-8.334804200982315336e-19,0.000000000000000000e+00,0.000000000000000000e+00,2.669565878849982643e-01,2.669565878849984308e-01,-5.000000000000000000e+00,1.430555555555559355e+00
3.000000000000000000e+00,2.575000000000000455e+03,2.669565878849983753e-01,0.000000000000000000e+00,-1.443289932012703503e-15,-7.792703114739563119e-19,0.000000000000000000e+00,-7.792703114739563119e-19,0.000000000000000000e+00,0.000000000000000000e+00,2.669565878849982643e-01,2.669565878849983753e-01,-5.000000000000000000e+00,1.423611111111115157e+00
3.000000000000000000e+00,2.580000000000000455e+03,2.669565878849983198e-01,0.000000000000000000e+00,-1.498801083243961330e-15,-8.673617379884035472e-19,0.000000000000000000e+00,-8.673617379884035472e-19,0.000000000000000000e+00,0.000000000000000000e+00,2.669565878849983753e-01,2.669565878849984863e-01,-5.000000000000000000e+00,1.416666666666670960e+00
3.000000000000000000e+00,2.585000000000000455e+03,2.669565878849983753e-01,0.000000000000000000e+00,-1.443289932012703503e-15,-7.386127300057498957e-19,0.000000000000000000e+00,-7.386127300057498957e-19,0.000000000000000000e+00,0.000000000000000000e+00,2.669565878849981533e-01,2.669565878849982643e-01,-5.000000000000000000e+00,1.409722222222226984e+00
3.000000000000000000e+00,2.590000000000000455e+03,2.669565878849984308e-01,0.000000000000000000e+00,-1.387778780781445676e-15,-5.556536133988210224e-19,0.000000000000000000e+00,-5.556536133988210224e-19,0.000000000000000000e+00,0.000000000000000000e+00,2.669565878849978202e-01,2.669565878849982643e-01,-5.000000000000000000e+00,1.402777777777782786e+00
3.000000000000000000e+00,2.595000000000000455e+03,2.669565878849984308e-01,0.000000000000000000e+00,-1.387778780781445676e-15,-6.437450399132682577e-19,0.000000000000000000e+00,-6.437450399132682577e-19,0.000000000000000000e+00,0.000000000000000000e+00,2.669565878849981533e-01,2.669565878849982088e-01,-5.000000000000000000e+00,1.395833333333338588e+00
3.000000000000000000e+00,2.600000000000000455e+03,2.669565878849983198e-01,0.000000000000000000e+00,-1.498801083243961330e-15,-7.995991022080595201e-19,0.000000000000000000e+00,-7.995991022080595201e-19,0.000000000000000000e+00,0.000000000000000000e+00,2.669565878849983198e-01,2.669565878849986529e-01,-5.000000000000000000e+00,1.388888888888894391e+00
3.000000000000000000e+00,2.605000000000000455e+03,2.669565878849982088e-01,0.000000000000000000e+00,-1.609823385706476984e-15,-7.386127300057498957e-19,0.000000000000000000e+00,-7.386127300057498957e-19,0.000000000000000000e+00,0.000000000000000000e+00,2.669565878849984308e-01,2.669565878849983198e-01,-5.000000000000000000e+00,1.381944444444450415e+00
3.000000000000000000e+00,2.610000000000000455e+03,2.669565878849984308e-01,0.000000000000000000e+00,-1.387778780781445676e-15,-1.023215800283194810e-18,0.000000000000000000e+00,-1.023215800283194810e-18,0.000000000000000000e+00,0.000000000000000000e+00,2.669565878849985974e-01,2.669565878849984863e-01,-5.000000000000000000e+00,1.375000000000006217e+00
3.000000000000000000e+00,2.615000000000000455e+03,2.669565878849983198e-01,0.000000000000000000e+00,-1.498801083243961330e-15,-8.267041565201971309e-19,0.000000000000000000e+00,-8.267041565201971309e-19,0.000000000000000000e+00,0.000000000000000000e+00,2.669565878849983198e-01,2.669565878849985419e-01,-5.000000000000000000e+00,1.368055555555562020e+00
3.000000000000000000e+00,2.620000000000000455e+03,2.669565878849982643e-01,0.000000000000000000e+00,-1.554312234475219157e-15,-7.589415207398531038e-19,0.000000000000000000e+00,-7.589415207398531038e-19,0.000000000000000000e+00,0.000000000000000000e+00,2.669565878849985419e-01,2.669565878849983753e-01,-5.000000000000000000e+00,1.361111111111117822e+00
3.000000000000000000e+00,2.625000000000000455e+03,2.669565878849983198e-01,0.000000000000000000e+00,-1.498801083243961330e-15,-9.554531645028507825e-19,0.000000000000000000e+00,-9.554531645028507825e-19,0.000000000000000000e+00,0.000000000000000000e+00,2.669565878849982088e-01,2.669565878849980978e-01,-5.000000000000000000e+00,1.354166666666673624e+00
3.000000000000000000e+00,2.630000000000000455e+03,2.669565878849983198e-01,0.000000000000000000e+00,-1.498801083243961330e-15,-8.605854744103691445e-19,0.000000000000000000e+00,-8.605854744103691445e-19,0.000000000000000000e+00,0.000000000000000000e+00,2.669565878849984863e-01,2.669565878849985419e-01,-5.000000000000000000e+00,1.347222222222229648e+00
3.000000000000000000e+00,2.635000000000000455e+03,2.669565878849983198e-01,0.000000000000000000e+00,-1.498801083243961330e-15,-7.724940478959219092e-19,0.000000000000000000e+00,-7.724940478959219092e-19,0.000000000000000000e+00,0.000000000000000000e+00,2.669565878849984308e-01,2.669565878849983753e-01,-5.000000000000000000e+00,1.340277777777785451e+00
3.000000000000000000e+00,2.640000000000000455e+03,2.669565878849983198e-01,0.000000000000000000e+00,-1.498801083243961330e-15,-1.097754699641573239e-18,0.000000000000000000e+00,-1.097754699641573239e-18,0.000000000000000000e+00,0.000000000000000000e+00,2.669565878849984863e-01,2.669565878849983753e-01,-5.000000000000000000e+00,1.333333333333341253e+00
3.000000000000000000e+00,2.645000000000000455e+03,2.669565878849984308e-01,0.000000000000000000e+00,-1.387778780781445676e-15,-8.944667923005411581e-19,0.000000000000000000e+00,-8.944667923005411581e-19,0.000000000000000000e+00,0.000000000000000000e+00,2.669565878849983198e-01,2.669565878849985419e-01,-5.000000000000000000e+00,1.326388888888897055e+00
3.000000000000000000e+00,2.650000000000000455e+03,2.669565878849982643e-01,0.000000000000000000e+00,-1.554312234475219157e-15,-6.030874584450618414e-19,0.000000000000000000e+00,-6.030874584450618414e-19,0.000000000000000000e+00,0.000000000000000000e+00,2.669565878849983753e-01,2.669565878849983753e-01,-5.000000000000000000e+00,1.319444444444453080e+00
3.000000000000000000e+00,2.655000000000000455e+03,2.669565878849981533e-01,0.000000000000000000e+00,-1.665334536937734811e-15,-9.757819552369539906e-19,0.000000000000000000e+00,-9.757819552369539906e-19,0.000000000000000000e+00,0.000000000000000000e+00,2.669565878849980978e-01,2.669565878849982643e-01,-5.000000000000000000e+00,1.312500000000008882e+00
3.000000000000000000e+00,2.660000000000000455e+03,2.669565878849981533e-01,0.000000000000000000e+00,-1.665334536937734811e-15,-9.351243737687475743e-19,0.000000000000000000e+00,-9.351243737687475743e-19,0.000000000000000000e+00,0.000000000000000000e+00,2.669565878849984308e-01,2.669565878849984308e-01,-5.000000000000000000e+00,1.305555555555564684e+00
3.000000000000000000e+00,2.665000000000000455e+03,2.669565878849981533e-01,0.000000000000000000e+00,-1.665334536937734811e-15,-1.002887009549091601e-18,0.000000000000000000e+00,-1.002887009549091601e-18,0.000000000000000000e+00,0.000000000000000000e+00,2.669565878849980978e-01,2.669565878849984308e-01,-5.000000000000000000e+00,1.298611111111120486e+00
3.000000000000000000e+00,2.670000000000000455e+03,2.669565878849983198e-01,0.000000000000000000e+00,-1.498801083243961330e-15,-7.453889935837842984e-19,0.000000000000000000e+00,-7.453889935837842984e-19,0.000000000000000000e+00,0.000000000000000000e+00,2.669565878849984863e-01,2.669565878849984863e-01,-5.000000000000000000e+00,1.291666666666676289e+00
3.000000000000000000e+00,2.675000000000000455e+03,2.669565878849982088e-01,0.000000000000000000e+00,-1.609823385706476984e-15,-9.080193194566099635e-19,0.000000000000000000e+00,-9.080193194566099635e-19,0.000000000000000000e+00,0.000000000000000000e+00,2.669565878849984863e-01,2.669565878849984863e-01,-5.000000000000000000e+00,1.284722222222232313e+00
3.000000000000000000e+00,2.680000000000000455e+03,2.669565878849982088e-01,0.000000000000000000e+00,-1.609823385706476984e-15,-5.963111948670274387e-19,0.000000000000000000e+00,-5.963111948670274387e-19,0.000000000000000000e+00,0.000000000000000000e+00,2.669565878849983753e-01,2.669565878849984308e-01,-5.000000000000000000e+00,1.277777777777788115e+00
3.000000000000000000e+00,2.685000000000000455e+03,2.669565878849981533e-01,0.000000000000000000e+00,-1.665334536937734811e-15,-1.036768327439263615e-18,0.000000000000000000e+00,-1.036768327439263615e-18,0.000000000000000000e+00,0.000000000000000000e+00,2.669565878849984308e-01,2.669565878849984863e-01,-5.000000000000000000e+00,1.270833333333343917e+00
3.000000000000000000e+00,2.690000000000000455e+03,2.669565878849982088e-01,0.000000000000000000e+00,-1.609823385706476984e-15,-8.809142651444723526e-19,0.000000000000000000e+00,-8.809142651444723526e-19,0.000000000000000000e+00,0.000000000000000000e+00,2.669565878849982088e-01,2.669565878849982088e-01,-5.000000000000000000e+00,1.263888888888899720e+00
3.000000000000000000e+00,2.695000000000000455e+03,2.669565878849982088e-01,0.000000000000000000e+00,-1.609823385706476984e-15,-9.961107459710571987e-19,0.000000000000000000e+00,-9.961107459710571987e-19,0.000000000000000000e+00,0.000000000000000000e+00,2.669565878849982088e-01,2.669565878849984308e-01,-5.000000000000000000e+00,1.256944444444455300e+00
3.000000000000000000e+00,2.700000000000000455e+03,2.669565878849982643e-01,0.000000000000000000e+00,-1.554312234475219157e-15,-9.215718466126787689e-19,0.000000000000000000e+00,-9.215718466126787689e-19,0.000000000000000000e+00,0.000000000000000000e+00,2.669565878849985419e-01,2.669565878849984308e-01,-5.000000000000000000e+00,1.250000000000010880e+00
3.000000000000000000e+00,2.705000000000000455e+03,2.669565878849983753e-01,0.000000000000000000e+00,-1.443289932012703503e-15,-8.538092108323347418e-19,0.000000000000000000e+00,-8.538092108323347418e-19,0.000000000000000000e+00,0.000000000000000000e+00,2.669565878849977647e-01,2.669565878849979867e-01,-5.000000000000000000e+00,1.243055555555566238e+00
3.000000000000000000e+00,2.710000000000000455e+03,2.669565878849984308e-01,0.000000000000000000e+00,-1.387778780781445676e-15,-9.486769009248163798e-19,0.000000000000000000e+00,-9.486769009248163798e-19,0.000000000000000000e+00,0.000000000000000000e+00,2.669565878849981533e-01,2.669565878849982088e-01,-5.000000000000000000e+00,1.236111111111121819e+00
3.000000000000000000e+00,2.715000000000000455e+03,2.669565878849983753e-01,0.000000000000000000e+00,-1.443289932012703503e-15,-9.283481101907131716e-19,0.000000000000000000e+00,-9.283481101907131716e-19,0.000000000000000000e+00,0.000000000000000000e+00,2.669565878849983753e-01,2.669565878849984308e-01,-5.000000000000000000e+00,1.229166666666677177e+00
3.000000000000000000e+00,2.720000000000000455e+03,2.669565878849982088e-01,0.000000000000000000e+00,-1.609823385706476984e-15,-8.199278929421627282e-19,0.000000000000000000e+00,-8.199278929421627282e-19,0.000000000000000000e+00,0.000000000000000000e+00,2.669565878849982643e-01,2.669565878849983198e-01,-5.000000000000000000e+00,1.222222222222232757e+00
3.000000000000000000e+00,2.725000000000000455e+03,2.669565878849982088e-01,0.000000000000000000e+00,-1.609823385706476984e-15,-8.267041565201971309e-19,0.000000000000000000e+00,-8.267041565201971309e-19,0.000000000000000000e+00,0.000000000000000000e+00,2.669565878849985419e-01,2.669565878849984308e-01,-5.000000000000000000e+00,1.215277777777788337e+00
3.000000000000000000e+00,2.730000000000000455e+03,2.669565878849982643e-01,0.000000000000000000e+00,-1.554312234475219157e-15,-1.280713816248502113e-18,0.000000000000000000e+00,-1.280713816248502113e-18,0.000000000000000000e+00,0.000000000000000000e+00,2.669565878849983198e-01,2.669565878849984308e-01,-5.000000000000000000e+00,1.208333333333343917e+00
3.000000000000000000e+00,2.735000000000000455e+03,2.669565878849981533e-01,0.000000000000000000e+00,-1.665334536937734811e-15,-1.151964808265848461e-18,0.000000000000000000e+00,-1.151964808265848461e-18,0.000000000000000000e+00,0.000000000000000000e+00,2.669565878849981533e-01,2.669565878849983198e-01,-5.000000000000000000e+00,1.201388888888899498e+00
3.000000000000000000e+00,2.740000000000000455e+03,2.669565878849984308e-01,0.000000000000000000e+00,-1.387778780781445676e-15,-9.419006373467819770e-19,0.000000000000000000e+00,-9.419006373467819770e-19,0.000000000000000000e+00,0.000000000000000000e+00,2.669565878849983198e-01,2.669565878849983198e-01,-5.000000000000000000e+00,1.194444444444455078e+00
3.000000000000000000e+00,2.745000000000000455e+03,2.669565878849982088e-01,0.000000000000000000e+00,-1.609823385706476984e-15,-8.334804200982315336e-19,0.000000000000000000e+00,-8.334804200982315336e-19,0.000000000000000000e+00,0.000000000000000000e+00,2.669565878849982643e-01,2.669565878849984308e-01,-5.000000000000000000e+00,1.187500000000010880e+00
3.000000000000000000e+00,2.750000000000000455e+03,2.669565878849982088e-01,0.000000000000000000e+00,-1.609823385706476984e-15,-8.809142651444723526e-19,0.000000000000000000e+00,-8.809142651444723526e-19,0.000000000000000000e+00,0.000000000000000000e+00,2.669565878849979867e-01,2.669565878849982088e-01,-5.000000000000000000e+00,1.180555555555566460e+00
3.000000000000000000e+00,2.755000000000000455e+03,2.669565878849982088e-01,0.000000000000000000e+00,-1.609823385706476984e-15,-7.521652571618187011e-19,0.000000000000000000e+00,-7.521652571618187011e-19,0.000000000000000000e+00,0.000000000000000000e+00,2.669565878849982643e-01,2.669565878849983198e-01,-5.000000000000000000e+00,1.173611111111122041e+00
3.000000000000000000e+00,2.760000000000000455e+03,2.669565878849983753e-01,0.000000000000000000e+00,-1.443289932012703503e-15,-9.757819552369539906e-19,0.000000000000000000e+00,-9.757819552369539906e-19,0.000000000000000000e+00,0.000000000000000000e+00,2.669565878849979867e-01,2.669565878849979867e-01,-5.000000000000000000e+00,1.166666666666677843e+00
3.000000000000000000e+00,2.765000000000000455e+03,2.669565878849982088e-01,0.000000000000000000e+00,-1.609823385706476984e-15,-9.622294280808851852e-19,0.000000000000000000e+00,-9.622294280808851852e-19,0.000000000000000000e+00,0.000000000000000000e+00,2.669565878849982643e-01,2.669565878849980978e-01,-5.000000000000000000e+00,1.159722222222233423e+00
3.000000000000000000e+00,2.770000000000000455e+03,2.669565878849982643e-01,0.000000000000000000e+00,-1.554312234475219157e-15,-1.050320854595332420e-18,0.000000000000000000e+00,-1.050320854595332420e-18,0.000000000000000000e+00,0.000000000000000000e+00,2.669565878849984863e-01,2.669565878849984308e-01,-5.000000000000000000e+00,1.152777777777789225e+00
3.000000000000000000e+00,2.775000000000000455e+03,2.669565878849982088e-01,0.000000000000000000e+00,-1.609823385706476984e-15,-1.077425908907470031e-18,0.000000000000000000e+00,-1.077425908907470031e-18,0.000000000000000000e+00,0.000000000000000000e+00,2.669565878849978202e-01,2.669565878849982643e-01,-5.000000000000000000e+00,1.145833333333344806e+00
3.000000000000000000e+00,2.780000000000000455e+03,2.669565878849982088e-01,0.000000000000000000e+00,-1.609823385706476984e-15,-1.090978436063538837e-18,0.000000000000000000e+00,-1.090978436063538837e-18,0.000000000000000000e+00,0.000000000000000000e+00,2.669565878849982088e-01,2.669565878849982088e-01,-5.000000000000000000e+00,1.138888888888900386e+00
3.000000000000000000e+00,2.785000000000000455e+03,2.669565878849982088e-01,0.000000000000000000e+00,-1.609823385706476984e-15,-9.215718466126787689e-19,0.000000000000000000e+00,-9.215718466126787689e-19,0.000000000000000000e+00,0.000000000000000000e+00,2.669565878849982088e-01,2.669565878849982088e-01,-5.000000000000000000e+00,1.131944444444456188e+00
3.000000000000000000e+00,2.790000000000000455e+03,2.669565878849983198e-01,0.000000000000000000e+00,-1.498801083243961330e-15,-1.057097118173366823e-18,0.000000000000000000e+00,-1.057097118173366823e-18,0.000000000000000000e+00,0.000000000000000000e+00,2.669565878849984308e-01,2.669565878849983753e-01,-5.000000000000000000e+00,1.125000000000011768e+00
3.000000000000000000e+00,2.795000000000000455e+03,2.669565878849982643e-01,0.000000000000000000e+00,-1.554312234475219157e-15,-1.165517335421917267e-18,0.000000000000000000e+00,-1.165517335421917267e-18,0.000000000000000000e+00,0.000000000000000000e+00,2.669565878849980978e-01,2.669565878849982643e-01,-5.000000000000000000e+00,1.118055555555567349e+00
3.000000000000000000e+00,2.800000000000000455e+03,2.669565878849983753e-01,0.000000000000000000e+00,-1.443289932012703503e-15,-1.070649645329435629e-18,0.000000000000000000e+00,-1.070649645329435629e-18,0.000000000000000000e+00,0.000000000000000000e+00,2.669565878849978757e-01,2.669565878849980423e-01,-5.000000000000000000e+00,1.111111111111123151e+00
3.000000000000000000e+00,2.805000000000000455e+03,2.669565878849982088e-01,0.000000000000000000e+00,-1.609823385706476984e-15,-1.246832498358330099e-18,0.000000000000000000e+00,-1.246832498358330099e-18,0.000000000000000000e+00,0.000000000000000000e+00,2.669565878849982088e-01,2.669565878849983198e-01,-5.000000000000000000e+00,1.104166666666678731e+00
3.000000000000000000e+00,2.810000000000000455e+03,2.669565878849980423e-01,0.000000000000000000e+00,-1.776356839400250465e-15,-9.351243737687475743e-19,0.000000000000000000e+00,-9.351243737687475743e-19,0.000000000000000000e+00,0.000000000000000000e+00,2.669565878849982088e-01,2.669565878849981533e-01,-5.000000000000000000e+00,1.097222222222234533e+00
3.000000000000000000e+00,2.815000000000000455e+03,2.669565878849982088e-01,0.000000000000000000e+00,-1.609823385706476984e-15,-1.050320854595332420e-18,0.000000000000000000e+00,-1.050320854595332420e-18,0.000000000000000000e+00,0.000000000000000000e+00,2.669565878849980978e-01,2.669565878849980978e-01,-5.000000000000000000e+00,1.090277777777790114e+00
3.000000000000000000e+00,2.820000000000000455e+03,2.669565878849984308e-01,0.000000000000000000e+00,-1.387778780781445676e-15,-1.077425908907470031e-18,0.000000000000000000e+00,-1.077425908907470031e-18,0.000000000000000000e+00,0.000000000000000000e+00,2.669565878849983198e-01,2.669565878849983753e-01,-5.000000000000000000e+00,1.083333333333345694e+00
3.000000000000000000e+00,2.825000000000000455e+03,2.669565878849983198e-01,0.000000000000000000e+00,-1.498801083243961330e-15,-1.158741071843882864e-18,0.000000000000000000e+00,-1.158741071843882864e-18,0.000000000000000000e+00,0.000000000000000000e+00,2.669565878849980423e-01,2.669565878849981533e-01,-5.000000000000000000e+00,1.076388888888901496e+00
3.000000000000000000e+00,2.830000000000000455e+03,2.669565878849983198e-01,0.000000000000000000e+00,-1.498801083243961330e-15,-7.318364664277154930e-19,0.000000000000000000e+00,-7.318364664277154930e-19,0.000000000000000000e+00,0.000000000000000000e+00,2.669565878849981533e-01,2.669565878849979867e-01,-5.000000000000000000e+00,1.069444444444457076e+00
3.000000000000000000e+00,2.835000000000000455e+03,2.669565878849982643e-01,0.000000000000000000e+00,-1.554312234475219157e-15,-1.260385025514398905e-18,0.000000000000000000e+00,-1.260385025514398905e-18,0.000000000000000000e+00,0.000000000000000000e+00,2.669565878849983198e-01,2.669565878849982643e-01,-5.000000000000000000e+00,1.062500000000012657e+00
3.000000000000000000e+00,2.840000000000000455e+03,2.669565878849982088e-01,0.000000000000000000e+00,-1.609823385706476984e-15,-1.111307226797642045e-18,0.000000000000000000e+00,-1.111307226797642045e-18,0.000000000000000000e+00,0.000000000000000000e+00,2.669565878849984863e-01,2.669565878849980978e-01,-5.000000000000000000e+00,1.055555555555568459e+00
3.000000000000000000e+00,2.845000000000000455e+03,2.669565878849982088e-01,0.000000000000000000e+00,-1.609823385706476984e-15,-9.147955830346443662e-19,0.000000000000000000e+00,-9.147955830346443662e-19,0.000000000000000000e+00,0.000000000000000000e+00,2.669565878849982643e-01,2.669565878849982088e-01,-5.000000000000000000e+00,1.048611111111123817e+00
3.000000000000000000e+00,2.850000000000000455e+03,2.669565878849982088e-01,0.000000000000000000e+00,-1.609823385706476984e-15,-1.307818870560639724e-18,0.000000000000000000e+00,-1.307818870560639724e-18,0.000000000000000000e+00,0.000000000000000000e+00,2.669565878849983753e-01,2.669565878849984308e-01,-5.000000000000000000e+00,1.041666666666679397e+00
3.000000000000000000e+00,2.855000000000000455e+03,2.669565878849980978e-01,0.000000000000000000e+00,-1.720845688168992638e-15,-1.206174916890123683e-18,0.000000000000000000e+00,-1.206174916890123683e-18,0.000000000000000000e+00,0.000000000000000000e+00,2.669565878849979312e-01,2.669565878849980978e-01,-5.000000000000000000e+00,1.034722222222235199e+00
3.000000000000000000e+00,2.860000000000000455e+03,2.669565878849981533e-01,0.000000000000000000e+00,-1.665334536937734811e-15,-1.192622389734054877e-18,0.000000000000000000e+00,-1.192622389734054877e-18,0.000000000000000000e+00,0.000000000000000000e+00,2.669565878849980978e-01,2.669565878849978757e-01,-5.000000000000000000e+00,1.027777777777790780e+00
3.000000000000000000e+00,2.865000000000000455e+03,2.669565878849981533e-01,0.000000000000000000e+00,-1.665334536937734811e-15,-1.158741071843882864e-18,0.000000000000000000e+00,-1.158741071843882864e-18,0.000000000000000000e+00,0.000000000000000000e+00,2.669565878849983198e-01,2.669565878849982643e-01,-5.000000000000000000e+00,1.020833333333346582e+00
3.000000000000000000e+00,2.870000000000000455e+03,2.669565878849981533e-01,0.000000000000000000e+00,-1.665334536937734811e-15,-1.111307226797642045e-18,0.000000000000000000e+00,-1.111307226797642045e-18,0.000000000000000000e+00,0.000000000000000000e+00,2.669565878849981533e-01,2.669565878849980423e-01,-5.000000000000000000e+00,1.013888888888902162e+00
3.000000000000000000e+00,2.875000000000000455e+03,2.669565878849982088e-01,0.000000000000000000e+00,-1.609823385706476984e-15,-1.158741071843882864e-18,0.000000000000000000e+00,-1.158741071843882864e-18,0.000000000000000000e+00,0.000000000000000000e+00,2.669565878849982643e-01,2.669565878849982643e-01,-5.000000000000000000e+00,1.006944444444457742e+00
3.000000000000000000e+00,2.880000000000000455e+03,2.669565878849982088e-01,0.000000000000000000e+00,-1.609823385706476984e-15,-1.328147661294742932e-18,0.000000000000000000e+00,-1.328147661294742932e-18,0.000000000000000000e+00,0.000000000000000000e+00,2.669565878849984308e-01,2.669565878849984308e-01,-5.000000000000000000e+00,1.000000000000013545e+00
3.000000000000000000e+00,2.885000000000000455e+03,2.669565878849981533e-01,0.000000000000000000e+00,-1.665334536937734811e-15,-1.484001723589534194e-18,0.000000000000000000e+00,-1.484001723589534194e-18,0.000000000000000000e+00,0.000000000000000000e+00,2.669565878849982643e-01,2.669565878849982088e-01,-5.000000000000000000e+00,9.930555555555691249e-01
3.000000000000000000e+00,2.890000000000000455e+03,2.669565878849982643e-01,0.000000000000000000e+00,-1.554312234475219157e-15,-1.233279971202261294e-18,0.000000000000000000e+00,-1.233279971202261294e-18,0.000000000000000000e+00,0.000000000000000000e+00,2.669565878849982643e-01,2.669565878849980978e-01,-5.000000000000000000e+00,9.861111111111247052e-01
3.000000000000000000e+00,2.895000000000000455e+03,2.669565878849979312e-01,0.000000000000000000e+00,-1.887379141862766119e-15,-1.118083490375676448e-18,0.000000000000000000e+00,-1.118083490375676448e-18,0.000000000000000000e+00,0.000000000000000000e+00,2.669565878849982088e-01,2.669565878849984308e-01,-5.000000000000000000e+00,9.791666666666805074e-01
3.000000000000000000e+00,2.900000000000000455e+03,2.669565878849980423e-01,0.000000000000000000e+00,-1.776356839400250465e-15,-1.375581506340983751e-18,0.000000000000000000e+00,-1.375581506340983751e-18,0.000000000000000000e+00,0.000000000000000000e+00,2.669565878849979867e-01,2.669565878849981533e-01,-5.000000000000000000e+00,9.722222222222360877e-01
3.000000000000000000e+00,2.905000000000000455e+03,2.669565878849981533e-01,0.000000000000000000e+00,-1.665334536937734811e-15,-1.016439536705160407e-18,0.000000000000000000e+00,-1.016439536705160407e-18,0.000000000000000000e+00,0.000000000000000000e+00,2.669565878849979312e-01,2.669565878849980978e-01,-5.000000000000000000e+00,9.652777777777918899e-01
3.000000000000000000e+00,2.910000000000000455e+03,2.669565878849982088e-01,0.000000000000000000e+00,-1.609823385706476984e-15,-9.419006373467819770e-19,0.000000000000000000e+00,-9.419006373467819770e-19,0.000000000000000000e+00,0.000000000000000000e+00,2.669565878849980423e-01,2.669565878849982088e-01,-5.000000000000000000e+00,9.583333333333474702e-01
3.000000000000000000e+00,2.915000000000000000e+03,2.669565878849982088e-01,0.000000000000000000e+00,-1.609823385706476984e-15,-1.124859753953710850e-18,0.000000000000000000e+00,-1.124859753953710850e-18,0.000000000000000000e+00,0.000000000000000000e+00,2.669565878849982088e-01,2.669565878849980423e-01,-5.000000000000000000e+00,9.513888888889037165e-01
3.000000000000000000e+00,2.920000000000000000e+03,2.669565878849980978e-01,0.000000000000000000e+00,-1.720845688168992638e-15,-1.375581506340983751e-18,0.000000000000000000e+00,-1.375581506340983751e-18,0.000000000000000000e+00,0.000000000000000000e+00,2.669565878849980978e-01,2.669565878849980978e-01,-5.000000000000000000e+00,9.444444444444595188e-01
3.000000000000000000e+00,2.925000000000000000e+03,2.669565878849982088e-01,0.000000000000000000e+00,-1.609823385706476984e-15,-1.294266343404570918e-18,0.000000000000000000e+00,-1.294266343404570918e-18,0.000000000000000000e+00,0.000000000000000000e+00,2.669565878849979867e-01,2.669565878849983198e-01,-5.000000000000000000e+00,9.375000000000150990e-01
3.000000000000000000e+00,2.930000000000000000e+03,2.669565878849979312e-01,0.000000000000000000e+00,-1.887379141862766119e-15,-1.165517335421917267e-18,0.000000000000000000e+00,-1.165517335421917267e-18,0.000000000000000000e+00,0.000000000000000000e+00,2.669565878849982088e-01,2.669565878849982088e-01,-5.000000000000000000e+00,9.305555555555706793e-01
3.000000000000000000e+00,2.935000000000000000e+03,2.669565878849981533e-01,0.000000000000000000e+00,-1.665334536937734811e-15,-1.131636017531745253e-18,0.000000000000000000e+00,-1.131636017531745253e-18,0.000000000000000000e+00,0.000000000000000000e+00,2.669565878849980423e-01,2.669565878849982643e-01,-5.000000000000000000e+00,9.236111111111264815e-01
3.000000000000000000e+00,2.940000000000000000e+03,2.669565878849980423e-01,0.000000000000000000e+00,-1.776356839400250465e-15,-1.267161289092433307e-18,0.000000000000000000e+00,-1.267161289092433307e-18,0.000000000000000000e+00,0.000000000000000000e+00,2.669565878849980978e-01,2.669565878849980978e-01,-5.000000000000000000e+00,9.166666666666820618e-01
3.000000000000000000e+00,2.945000000000000000e+03,2.669565878849980978e-01,0.000000000000000000e+00,-1.720845688168992638e-15,-1.212951180468158086e-18,0.000000000000000000e+00,-1.212951180468158086e-18,0.000000000000000000e+00,0.000000000000000000e+00,2.669565878849982088e-01,2.669565878849981533e-01,-5.000000000000000000e+00,9.097222222222378640e-01
3.000000000000000000e+00,2.950000000000000000e+03,2.669565878849980423e-01,0.000000000000000000e+00,-1.776356839400250465e-15,-1.185846126156020475e-18,0.000000000000000000e+00,-1.185846126156020475e-18,0.000000000000000000e+00,0.000000000000000000e+00,2.669565878849978202e-01,2.669565878849979312e-01,-5.000000000000000000e+00,9.027777777777934443e-01
3.000000000000000000e+00,2.955000000000000000e+03,2.669565878849979867e-01,0.000000000000000000e+00,-1.831867990631508292e-15,-1.070649645329435629e-18,0.000000000000000000e+00,-1.070649645329435629e-18,0.000000000000000000e+00,0.000000000000000000e+00,2.669565878849978757e-01,2.669565878849980423e-01,-5.000000000000000000e+00,8.958333333333489135e-01
3.000000000000000000e+00,2.960000000000000000e+03,2.669565878849979867e-01,0.000000000000000000e+00,-1.831867990631508292e-15,-1.328147661294742932e-18,0.000000000000000000e+00,-1.328147661294742932e-18,0.000000000000000000e+00,0.000000000000000000e+00,2.669565878849982643e-01,2.669565878849980423e-01,-5.000000000000000000e+00,8.888888888889046047e-01
3.000000000000000000e+00,2.965000000000000000e+03,2.669565878849979867e-01,0.000000000000000000e+00,-1.831867990631508292e-15,-1.253608761936364502e-18,0.000000000000000000e+00,-1.253608761936364502e-18,0.000000000000000000e+00,0.000000000000000000e+00,2.669565878849981533e-01,2.669565878849982643e-01,-5.000000000000000000e+00,8.819444444444600739e-01
3.000000000000000000e+00,2.970000000000000000e+03,2.669565878849980978e-01,0.000000000000000000e+00,-1.720845688168992638e-15,-1.138412281109779656e-18,0.000000000000000000e+00,-1.138412281109779656e-18,0.000000000000000000e+00,0.000000000000000000e+00,2.669565878849979312e-01,2.669565878849981533e-01,-5.000000000000000000e+00,8.750000000000159872e-01
3.000000000000000000e+00,2.975000000000000000e+03,2.669565878849980978e-01,0.000000000000000000e+00,-1.720845688168992638e-15,-1.138412281109779656e-18,0.000000000000000000e+00,-1.138412281109779656e-18,0.000000000000000000e+00,0.000000000000000000e+00,2.669565878849980423e-01,2.669565878849981533e-01,-5.000000000000000000e+00,8.680555555555714564e-01
3.000000000000000000e+00,2.980000000000000000e+03,2.669565878849981533e-01,0.000000000000000000e+00,-1.665334536937734811e-15,-1.138412281109779656e-18,0.000000000000000000e+00,-1.138412281109779656e-18,0.000000000000000000e+00,0.000000000000000000e+00,2.669565878849979312e-01,2.669565878849980423e-01,-5.000000000000000000e+00,8.611111111111273697e-01
3.000000000000000000e+00,2.985000000000000000e+03,2.669565878849980978e-01,0.000000000000000000e+00,-1.720845688168992638e-15,-1.206174916890123683e-18,0.000000000000000000e+00,-1.206174916890123683e-18,0.000000000000000000e+00,0.000000000000000000e+00,2.669565878849979867e-01,2.669565878849982088e-01,-5.000000000000000000e+00,8.541666666666828389e-01
3.000000000000000000e+00,2.990000000000000000e+03,2.669565878849978757e-01,0.000000000000000000e+00,-1.942890293094023946e-15,-1.260385025514398905e-18,0.000000000000000000e+00,-1.260385025514398905e-18,0.000000000000000000e+00,0.000000000000000000e+00,2.669565878849980978e-01,2.669565878849980978e-01,-5.000000000000000000e+00,8.472222222222387522e-01
3.000000000000000000e+00,2.995000000000000000e+03,2.669565878849980978e-01,0.000000000000000000e+00,-1.720845688168992638e-15,-1.219727444046192488e-18,0.000000000000000000e+00,-1.219727444046192488e-18,0.000000000000000000e+00,0.000000000000000000e+00,2.669565878849980978e-01,2.669565878849981533e-01,-5.000000000000000000e+00,8.402777777777942214e-01
3.000000000000000000e+00,3.000000000000000000e+03,2.669565878849979867e-01,0.000000000000000000e+00,-1.831867990631508292e-15,-1.138412281109779656e-18,0.000000000000000000e+00,-1.138412281109779656e-18,0.000000000000000000e+00,0.000000000000000000e+00,2.669565878849980978e-01,2.669565878849982088e-01,-5.000000000000000000e+00,8.333333333333501347e-01
3.000000000000000000e+00,3.005000000000000000e+03,2.669565878849980978e-01,0.000000000000000000e+00,-1.720845688168992638e-15,-1.504330514323637402e-18,0.000000000000000000e+00,-1.504330514323637402e-18,0.000000000000000000e+00,0.000000000000000000e+00,2.669565878849980423e-01,2.669565878849980978e-01,-5.000000000000000000e+00,8.263888888889056039e-01
3.000000000000000000e+00,3.010000000000000000e+03,2.669565878849980978e-01,0.000000000000000000e+00,-1.720845688168992638e-15,-1.328147661294742932e-18,0.000000000000000000e+00,-1.328147661294742932e-18,0.000000000000000000e+00,0.000000000000000000e+00,2.669565878849979312e-01,2.669565878849979867e-01,-5.000000000000000000e+00,8.194444444444612952e-01
3.000000000000000000e+00,3.015000000000000000e+03,2.669565878849980423e-01,0.000000000000000000e+00,-1.776356839400250465e-15,-1.314595134138674126e-18,0.000000000000000000e+00,-1.314595134138674126e-18,0.000000000000000000e+00,0.000000000000000000e+00,2.669565878849981533e-01,2.669565878849981533e-01,-5.000000000000000000e+00,8.125000000000168754e-01
3.000000000000000000e+00,3.020000000000000000e+03,2.669565878849979312e-01,0.000000000000000000e+00,-1.887379141862766119e-15,-1.429791614965258972e-18,0.000000000000000000e+00,-1.429791614965258972e-18,0.000000000000000000e+00,0.000000000000000000e+00,2.669565878849980423e-01,2.669565878849979312e-01,-5.000000000000000000e+00,8.055555555555722336e-01
3.000000000000000000e+00,3.025000000000000000e+03,2.669565878849979867e-01,0.000000000000000000e+00,-1.831867990631508292e-15,-1.212951180468158086e-18,0.000000000000000000e+00,-1.212951180468158086e-18,0.000000000000000000e+00,0.000000000000000000e+00,2.669565878849980423e-01,2.669565878849980978e-01,-5.000000000000000000e+00,7.986111111111278138e-01
3.000000000000000000e+00,3.030000000000000000e+03,2.669565878849979867e-01,0.000000000000000000e+00,-1.831867990631508292e-15,-1.524659305057740610e-18,0.000000000000000000e+00,-1.524659305057740610e-18,0.000000000000000000e+00,0.000000000000000000e+00,2.669565878849979312e-01,2.669565878849979312e-01,-5.000000000000000000e+00,7.916666666666831720e-01
3.000000000000000000e+00,3.035000000000000000e+03,2.669565878849980978e-01,0.000000000000000000e+00,-1.720845688168992638e-15,-1.328147661294742932e-18,0.000000000000000000e+00,-1.328147661294742932e-18,0.000000000000000000e+00,0.000000000000000000e+00,2.669565878849977092e-01,2.669565878849981533e-01,-5.000000000000000000e+00,7.847222222222385302e-01
3.000000000000000000e+00,3.040000000000000000e+03,2.669565878849980423e-01,0.000000000000000000e+00,-1.776356839400250465e-15,-1.301042606982605321e-18,0.000000000000000000e+00,-1.301042606982605321e-18,0.000000000000000000e+00,0.000000000000000000e+00,2.669565878849982643e-01,2.669565878849980978e-01,-5.000000000000000000e+00,7.777777777777939994e-01
3.000000000000000000e+00,3.045000000000000000e+03,2.669565878849980978e-01,0.000000000000000000e+00,-1.720845688168992638e-15,-1.639855785884325456e-18,0.000000000000000000e+00,-1.639855785884325456e-18,0.000000000000000000e+00,0.000000000000000000e+00,2.669565878849980423e-01,2.669565878849980978e-01,-5.000000000000000000e+00,7.708333333333493576e-01
3.000000000000000000e+00,3.050000000000000000e+03,2.669565878849980423e-01,0.000000000000000000e+00,-1.776356839400250465e-15,-1.544988095791843818e-18,0.000000000000000000e+00,-1.544988095791843818e-18,0.000000000000000000e+00,0.000000000000000000e+00,2.669565878849978757e-01,2.669565878849980978e-01,-5.000000000000000000e+00,7.638888888889047157e-01
3.000000000000000000e+00,3.055000000000000000e+03,2.669565878849981533e-01,0.000000000000000000e+00,-1.665334536937734811e-15,-1.240056234780295696e-18,0.000000000000000000e+00,-1.240056234780295696e-18,0.000000000000000000e+00,0.000000000000000000e+00,2.669565878849978202e-01,2.669565878849979312e-01,-5.000000000000000000e+00,7.569444444444602960e-01
3.000000000000000000e+00,3.060000000000000000e+03,2.669565878849978757e-01,0.000000000000000000e+00,-1.942890293094023946e-15,-1.538211832213809416e-18,0.000000000000000000e+00,-1.538211832213809416e-18,0.000000000000000000e+00,0.000000000000000000e+00,2.669565878849983753e-01,2.669565878849981533e-01,-5.000000000000000000e+00,7.500000000000156541e-01
3.000000000000000000e+00,3.065000000000000000e+03,2.669565878849980423e-01,0.000000000000000000e+00,-1.776356839400250465e-15,-1.484001723589534194e-18,0.000000000000000000e+00,-1.484001723589534194e-18,0.000000000000000000e+00,0.000000000000000000e+00,2.669565878849981533e-01,2.669565878849982088e-01,-5.000000000000000000e+00,7.430555555555710123e-01
3.000000000000000000e+00,3.070000000000000000e+03,2.669565878849979867e-01,0.000000000000000000e+00,-1.831867990631508292e-15,-1.477225460011499791e-18,0.000000000000000000e+00,-1.477225460011499791e-18,0.000000000000000000e+00,0.000000000000000000e+00,2.669565878849979867e-01,2.669565878849980978e-01,-5.000000000000000000e+00,7.361111111111265926e-01
3.000000000000000000e+00,3.075000000000000000e+03,2.669565878849982643e-01,0.000000000000000000e+00,-1.554312234475219157e-15,-1.124859753953710850e-18,0.000000000000000000e+00,-1.124859753953710850e-18,0.000000000000000000e+00,0.000000000000000000e+00,2.669565878849981533e-01,2.669565878849979867e-01,-5.000000000000000000e+00,7.291666666666819507e-01
3.000000000000000000e+00,3.080000000000000000e+03,2.669565878849979312e-01,0.000000000000000000e+00,-1.887379141862766119e-15,-1.301042606982605321e-18,0.000000000000000000e+00,-1.301042606982605321e-18,0.000000000000000000e+00,0.000000000000000000e+00,2.669565878849980423e-01,2.669565878849981533e-01,-5.000000000000000000e+00,7.222222222222374199e-01
3.000000000000000000e+00,3.085000000000000000e+03,2.669565878849979867e-01,0.000000000000000000e+00,-1.831867990631508292e-15,-1.782157321023047913e-18,0.000000000000000000e+00,-1.782157321023047913e-18,0.000000000000000000e+00,0.000000000000000000e+00,2.669565878849982643e-01,2.669565878849982643e-01,-5.000000000000000000e+00,7.152777777777927781e-01
3.000000000000000000e+00,3.090000000000000000e+03,2.669565878849979867e-01,0.000000000000000000e+00,-1.831867990631508292e-15,-1.619526995150222248e-18,0.000000000000000000e+00,-1.619526995150222248e-18,0.000000000000000000e+00,0.000000000000000000e+00,2.669565878849980978e-01,2.669565878849979867e-01,-5.000000000000000000e+00,7.083333333333481363e-01
3.000000000000000000e+00,3.095000000000000000e+03,2.669565878849980978e-01,0.000000000000000000e+00,-1.720845688168992638e-15,-1.219727444046192488e-18,0.000000000000000000e+00,-1.219727444046192488e-18,0.000000000000000000e+00,0.000000000000000000e+00,2.669565878849980978e-01,2.669565878849981533e-01,-5.000000000000000000e+00,7.013888888889037165e-01
3.000000000000000000e+00,3.100000000000000000e+03,2.669565878849980978e-01,0.000000000000000000e+00,-1.720845688168992638e-15,-1.470449196433465389e-18,0.000000000000000000e+00,-1.470449196433465389e-18,0.000000000000000000e+00,0.000000000000000000e+00,2.669565878849981533e-01,2.669565878849980978e-01,-5.000000000000000000e+00,6.944444444444590747e-01
3.000000000000000000e+00,3.105000000000000000e+03,2.669565878849979312e-01,0.000000000000000000e+00,-1.887379141862766119e-15,-1.348476452028846140e-18,0.000000000000000000e+00,-1.348476452028846140e-18,0.000000000000000000e+00,0.000000000000000000e+00,2.669565878849980423e-01,2.669565878849979867e-01,-5.000000000000000000e+00,6.875000000000144329e-01
3.000000000000000000e+00,3.110000000000000000e+03,2.669565878849978757e-01,0.000000000000000000e+00,-1.942890293094023946e-15,-1.287490079826536515e-18,0.000000000000000000e+00,-1.287490079826536515e-18,0.000000000000000000e+00,0.000000000000000000e+00,2.669565878849977647e-01,2.669565878849981533e-01,-5.000000000000000000e+00,6.805555555555700131e-01
3.000000000000000000e+00,3.115000000000000000e+03,2.669565878849979867e-01,0.000000000000000000e+00,-1.831867990631508292e-15,-1.707618421664669484e-18,0.000000000000000000e+00,-1.707618421664669484e-18,0.000000000000000000e+00,0.000000000000000000e+00,2.669565878849979312e-01,2.669565878849980423e-01,-5.000000000000000000e+00,6.736111111111253713e-01
3.000000000000000000e+00,3.120000000000000000e+03,2.669565878849979312e-01,0.000000000000000000e+00,-1.887379141862766119e-15,-1.226503707624226891e-18,0.000000000000000000e+00,-1.226503707624226891e-18,0.000000000000000000e+00,0.000000000000000000e+00,2.669565878849978202e-01,2.669565878849978202e-01,-5.000000000000000000e+00,6.666666666666808405e-01
3.000000000000000000e+00,3.125000000000000000e+03,2.669565878849979867e-01,0.000000000000000000e+00,-1.831867990631508292e-15,-1.484001723589534194e-18,0.000000000000000000e+00,-1.484001723589534194e-18,0.000000000000000000e+00,0.000000000000000000e+00,2.669565878849976537e-01,2.669565878849979867e-01,-5.000000000000000000e+00,6.597222222222361987e-01
3.000000000000000000e+00,3.130000000000000000e+03,2.669565878849981533e-01,0.000000000000000000e+00,-1.665334536937734811e-15,-1.395910297075086959e-18,0.000000000000000000e+00,-1.395910297075086959e-18,0.000000000000000000e+00,0.000000000000000000e+00,2.669565878849980423e-01,2.669565878849979867e-01,-5.000000000000000000e+00,6.527777777777915569e-01
3.000000000000000000e+00,3.135000000000000000e+03,2.669565878849979867e-01,0.000000000000000000e+00,-1.831867990631508292e-15,-1.666960840196463067e-18,0.000000000000000000e+00,-1.666960840196463067e-18,0.000000000000000000e+00,0.000000000000000000e+00,2.669565878849979312e-01,2.669565878849978757e-01,-5.000000000000000000e+00,6.458333333333471371e-01
3.000000000000000000e+00,3.140000000000000000e+03,2.669565878849979867e-01,0.000000000000000000e+00,-1.831867990631508292e-15,-1.348476452028846140e-18,0.000000000000000000e+00,-1.348476452028846140e-18,0.000000000000000000e+00,0.000000000000000000e+00,2.669565878849979867e-01,2.669565878849980423e-01,-5.000000000000000000e+00,6.388888888889024953e-01
3.000000000000000000e+00,3.145000000000000000e+03,2.669565878849980423e-01,0.000000000000000000e+00,-1.776356839400250465e-15,-1.423015351387224570e-18,0.000000000000000000e+00,-1.423015351387224570e-18,0.000000000000000000e+00,0.000000000000000000e+00,2.669565878849980423e-01,2.669565878849982643e-01,-5.000000000000000000e+00,6.319444444444578535e-01
3.000000000000000000e+00,3.150000000000000000e+03,2.669565878849980423e-01,0.000000000000000000e+00,-1.776356839400250465e-15,-1.484001723589534194e-18,0.000000000000000000e+00,-1.484001723589534194e-18,0.000000000000000000e+00,0.000000000000000000e+00,2.669565878849981533e-01,2.669565878849979312e-01,-5.000000000000000000e+00,6.250000000000134337e-01
3.000000000000000000e+00,3.155000000000000000e+03,2.669565878849980978e-01,0.000000000000000000e+00,-1.720845688168992638e-15,-1.633079522306291054e-18,0.000000000000000000e+00,-1.633079522306291054e-18,0.000000000000000000e+00,0.000000000000000000e+00,2.669565878849978202e-01,2.669565878849979312e-01,-5.000000000000000000e+00,6.180555555555687919e-01
3.000000000000000000e+00,3.160000000000000000e+03,2.669565878849979312e-01,0.000000000000000000e+00,-1.887379141862766119e-15,-1.605974467994153443e-18,0.000000000000000000e+00,-1.605974467994153443e-18,0.000000000000000000e+00,0.000000000000000000e+00,2.669565878849979312e-01,2.669565878849979312e-01,-5.000000000000000000e+00,6.111111111111245942e-01
3.000000000000000000e+00,3.165000000000000000e+03,2.669565878849979312e-01,0.000000000000000000e+00,-1.887379141862766119e-15,-1.287490079826536515e-18,0.000000000000000000e+00,-1.287490079826536515e-18,0.000000000000000000e+00,0.000000000000000000e+00,2.669565878849977092e-01,2.669565878849978202e-01,-5.000000000000000000e+00,6.041666666666801744e-01
3.000000000000000000e+00,3.170000000000000000e+03,2.669565878849979867e-01,0.000000000000000000e+00,-1.831867990631508292e-15,-1.341700188450811737e-18,0.000000000000000000e+00,-1.341700188450811737e-18,0.000000000000000000e+00,0.000000000000000000e+00,2.669565878849980423e-01,2.669565878849979312e-01,-5.000000000000000000e+00,5.972222222222360877e-01
3.000000000000000000e+00,3.175000000000000000e+03,2.669565878849979867e-01,0.000000000000000000e+00,-1.831867990631508292e-15,-1.097754699641573239e-18,0.000000000000000000e+00,-1.097754699641573239e-18,0.000000000000000000e+00,0.000000000000000000e+00,2.669565878849980423e-01,2.669565878849979312e-01,-5.000000000000000000e+00,5.902777777777920010e-01
3.000000000000000000e+00,3.180000000000000000e+03,2.669565878849979312e-01,0.000000000000000000e+00,-1.887379141862766119e-15,-1.477225460011499791e-18,0.000000000000000000e+00,-1.477225460011499791e-18,0.000000000000000000e+00,0.000000000000000000e+00,2.669565878849978757e-01,2.669565878849975982e-01,-5.000000000000000000e+00,5.833333333333475812e-01
3.000000000000000000e+00,3.185000000000000000e+03,2.669565878849979312e-01,0.000000000000000000e+00,-1.887379141862766119e-15,-2.059984127722458425e-18,0.000000000000000000e+00,-2.059984127722458425e-18,0.000000000000000000e+00,0.000000000000000000e+00,2.669565878849979312e-01,2.669565878849980423e-01,-5.000000000000000000e+00,5.763888888889033835e-01
3.000000000000000000e+00,3.190000000000000000e+03,2.669565878849979867e-01,0.000000000000000000e+00,-1.831867990631508292e-15,-1.463672932855430986e-18,0.000000000000000000e+00,-1.463672932855430986e-18,0.000000000000000000e+00,0.000000000000000000e+00,2.669565878849980978e-01,2.669565878849979312e-01,-5.000000000000000000e+00,5.694444444444592968e-01
3.000000000000000000e+00,3.195000000000000000e+03,2.669565878849978757e-01,0.000000000000000000e+00,-1.942890293094023946e-15,-1.612750731572187846e-18,0.000000000000000000e+00,-1.612750731572187846e-18,0.000000000000000000e+00,0.000000000000000000e+00,2.669565878849978757e-01,2.669565878849979867e-01,-5.000000000000000000e+00,5.625000000000148770e-01
3.000000000000000000e+00,3.200000000000000000e+03,2.669565878849978757e-01,0.000000000000000000e+00,-1.942890293094023946e-15,-1.707618421664669484e-18,0.000000000000000000e+00,-1.707618421664669484e-18,0.000000000000000000e+00,0.000000000000000000e+00,2.669565878849977092e-01,2.669565878849979867e-01,-5.000000000000000000e+00,5.555555555555707903e-01
3.000000000000000000e+00,3.205000000000000000e+03,2.669565878849979867e-01,0.000000000000000000e+00,-1.831867990631508292e-15,-1.368805242762949348e-18,0.000000000000000000e+00,-1.368805242762949348e-18,0.000000000000000000e+00,0.000000000000000000e+00,2.669565878849975982e-01,2.669565878849979312e-01,-5.000000000000000000e+00,5.486111111111260374e-01
3.000000000000000000e+00,3.210000000000000000e+03,2.669565878849978757e-01,0.000000000000000000e+00,-1.942890293094023946e-15,-1.592421940838084637e-18,0.000000000000000000e+00,-1.592421940838084637e-18,0.000000000000000000e+00,0.000000000000000000e+00,2.669565878849977647e-01,2.669565878849978202e-01,-5.000000000000000000e+00,5.416666666666812846e-01
3.000000000000000000e+00,3.215000000000000000e+03,2.669565878849978757e-01,0.000000000000000000e+00,-1.942890293094023946e-15,-1.179069862577986072e-18,0.000000000000000000e+00,-1.179069862577986072e-18,0.000000000000000000e+00,0.000000000000000000e+00,2.669565878849980423e-01,2.669565878849978202e-01,-5.000000000000000000e+00,5.347222222222365318e-01
3.000000000000000000e+00,3.220000000000000000e+03,2.669565878849978757e-01,0.000000000000000000e+00,-1.942890293094023946e-15,-1.131636017531745253e-18,0.000000000000000000e+00,-1.131636017531745253e-18,0.000000000000000000e+00,0.000000000000000000e+00,2.669565878849982088e-01,2.669565878849978757e-01,-5.000000000000000000e+00,5.277777777777918899e-01
3.000000000000000000e+00,3.225000000000000000e+03,2.669565878849978757e-01,0.000000000000000000e+00,-1.942890293094023946e-15,-8.944667923005411581e-19,0.000000000000000000e+00,-8.944667923005411581e-19,0.000000000000000000e+00,0.000000000000000000e+00,2.669565878849979312e-01,2.669565878849980423e-01,-5.000000000000000000e+00,5.208333333333471371e-01
3.000000000000000000e+00,3.230000000000000000e+03,2.669565878849978757e-01,0.000000000000000000e+00,-1.942890293094023946e-15,-1.253608761936364502e-18,0.000000000000000000e+00,-1.253608761936364502e-18,0.000000000000000000e+00,0.000000000000000000e+00,2.669565878849978202e-01,2.669565878849980423e-01,-5.000000000000000000e+00,5.138888888889023843e-01
3.000000000000000000e+00,3.235000000000000000e+03,2.669565878849979867e-01,0.000000000000000000e+00,-1.831867990631508292e-15,-1.538211832213809416e-18,0.000000000000000000e+00,-1.538211832213809416e-18,0.000000000000000000e+00,0.000000000000000000e+00,2.669565878849980423e-01,2.669565878849979867e-01,-5.000000000000000000e+00,5.069444444444576314e-01
3.000000000000000000e+00,3.240000000000000000e+03,2.669565878849979312e-01,0.000000000000000000e+00,-1.887379141862766119e-15,-1.592421940838084637e-18,0.000000000000000000e+00,-1.592421940838084637e-18,0.000000000000000000e+00,0.000000000000000000e+00,2.669565878849978202e-01,2.669565878849980423e-01,-5.000000000000000000e+00,5.000000000000129896e-01
3.000000000000000000e+00,3.245000000000000000e+03,2.669565878849977647e-01,0.000000000000000000e+00,-2.053912595556539600e-15,-1.687289630930566275e-18,0.000000000000000000e+00,-1.687289630930566275e-18,0.000000000000000000e+00,0.000000000000000000e+00,2.669565878849978202e-01,2.669565878849979312e-01,-5.000000000000000000e+00,4.930555555555682368e-01
3.000000000000000000e+00,3.250000000000000000e+03,2.669565878849978202e-01,0.000000000000000000e+00,-1.998401444325281773e-15,-2.005774019098183203e-18,0.000000000000000000e+00,-2.005774019098183203e-18,0.000000000000000000e+00,0.000000000000000000e+00,2.669565878849977647e-01,2.669565878849978202e-01,-5.000000000000000000e+00,4.861111111111234839e-01
3.000000000000000000e+00,3.255000000000000000e+03,2.669565878849978757e-01,0.000000000000000000e+00,-1.942890293094023946e-15,-1.829591166069288732e-18,0.000000000000000000e+00,-1.829591166069288732e-18,0.000000000000000000e+00,0.000000000000000000e+00,2.669565878849979312e-01,2.669565878849979867e-01,-5.000000000000000000e+00,4.791666666666787311e-01
3.000000000000000000e+00,3.260000000000000000e+03,2.669565878849978757e-01,0.000000000000000000e+00,-1.942890293094023946e-15,-1.307818870560639724e-18,0.000000000000000000e+00,-1.307818870560639724e-18,0.000000000000000000e+00,0.000000000000000000e+00,2.669565878849978202e-01,2.669565878849978202e-01,-5.000000000000000000e+00,4.722222222222343113e-01
3.000000000000000000e+00,3.265000000000000000e+03,2.669565878849979312e-01,0.000000000000000000e+00,-1.887379141862766119e-15,-1.402686560653121361e-18,0.000000000000000000e+00,-1.402686560653121361e-18,0.000000000000000000e+00,0.000000000000000000e+00,2.669565878849979867e-01,2.669565878849979867e-01,-5.000000000000000000e+00,4.652777777777895585e-01
3.000000000000000000e+00,3.270000000000000000e+03,2.669565878849979867e-01,0.000000000000000000e+00,-1.831867990631508292e-15,-1.436567878543293375e-18,0.000000000000000000e+00,-1.436567878543293375e-18,0.000000000000000000e+00,0.000000000000000000e+00,2.669565878849978757e-01,2.669565878849978757e-01,-5.000000000000000000e+00,4.583333333333448611e-01
3.000000000000000000e+00,3.275000000000000000e+03,2.669565878849977647e-01,0.000000000000000000e+00,-2.053912595556539600e-15,-1.463672932855430986e-18,0.000000000000000000e+00,-1.463672932855430986e-18,0.000000000000000000e+00,0.000000000000000000e+00,2.669565878849973761e-01,2.669565878849975982e-01,-5.000000000000000000e+00,4.513888888889001083e-01
3.000000000000000000e+00,3.280000000000000000e+03,2.669565878849978757e-01,0.000000000000000000e+00,-1.942890293094023946e-15,-1.585645677260050235e-18,0.000000000000000000e+00,-1.585645677260050235e-18,0.000000000000000000e+00,0.000000000000000000e+00,2.669565878849975982e-01,2.669565878849978202e-01,-5.000000000000000000e+00,4.444444444444554110e-01
3.000000000000000000e+00,3.285000000000000000e+03,2.669565878849977647e-01,0.000000000000000000e+00,-2.053912595556539600e-15,-1.673737103774497470e-18,0.000000000000000000e+00,-1.673737103774497470e-18,0.000000000000000000e+00,0.000000000000000000e+00,2.669565878849977092e-01,2.669565878849978202e-01,-5.000000000000000000e+00,4.375000000000106581e-01
3.000000000000000000e+00,3.290000000000000000e+03,2.669565878849978757e-01,0.000000000000000000e+00,-1.942890293094023946e-15,-1.924458856161770370e-18,0.000000000000000000e+00,-1.924458856161770370e-18,0.000000000000000000e+00,0.000000000000000000e+00,2.669565878849978757e-01,2.669565878849978202e-01,-5.000000000000000000e+00,4.305555555555659608e-01
3.000000000000000000e+00,3.295000000000000000e+03,2.669565878849978757e-01,0.000000000000000000e+00,-1.942890293094023946e-15,-1.782157321023047913e-18,0.000000000000000000e+00,-1.782157321023047913e-18,0.000000000000000000e+00,0.000000000000000000e+00,2.669565878849975982e-01,2.669565878849979312e-01,-5.000000000000000000e+00,4.236111111111212080e-01
3.000000000000000000e+00,3.300000000000000000e+03,2.669565878849977647e-01,0.000000000000000000e+00,-2.053912595556539600e-15,-1.450120405699362180e-18,0.000000000000000000e+00,-1.450120405699362180e-18,0.000000000000000000e+00,0.000000000000000000e+00,2.669565878849977647e-01,2.669565878849976537e-01,-5.000000000000000000e+00,4.166666666666767882e-01
3.000000000000000000e+00,3.305000000000000000e+03,2.669565878849977647e-01,0.000000000000000000e+00,-2.053912595556539600e-15,-1.639855785884325456e-18,0.000000000000000000e+00,-1.639855785884325456e-18,0.000000000000000000e+00,0.000000000000000000e+00,2.669565878849979867e-01,2.669565878849979312e-01,-5.000000000000000000e+00,4.097222222222323684e-01
3.000000000000000000e+00,3.310000000000000000e+03,2.669565878849979867e-01,0.000000000000000000e+00,-1.831867990631508292e-15,-1.660184576618428665e-18,0.000000000000000000e+00,-1.660184576618428665e-18,0.000000000000000000e+00,0.000000000000000000e+00,2.669565878849978202e-01,2.669565878849977092e-01,-5.000000000000000000e+00,4.027777777777880042e-01
3.000000000000000000e+00,3.315000000000000000e+03,2.669565878849977647e-01,0.000000000000000000e+00,-2.053912595556539600e-15,-1.673737103774497470e-18,0.000000000000000000e+00,-1.673737103774497470e-18,0.000000000000000000e+00,0.000000000000000000e+00,2.669565878849975427e-01,2.669565878849977092e-01,-5.000000000000000000e+00,3.958333333333435844e-01
3.000000000000000000e+00,3.320000000000000000e+03,2.669565878849978202e-01,0.000000000000000000e+00,-1.998401444325281773e-15,-1.368805242762949348e-18,0.000000000000000000e+00,-1.368805242762949348e-18,0.000000000000000000e+00,0.000000000000000000e+00,2.669565878849979867e-01,2.669565878849978202e-01,-5.000000000000000000e+00,3.888888888888991646e-01
3.000000000000000000e+00,3.325000000000000000e+03,2.669565878849978202e-01,0.000000000000000000e+00,-1.998401444325281773e-15,-1.524659305057740610e-18,0.000000000000000000e+00,-1.524659305057740610e-18,0.000000000000000000e+00,0.000000000000000000e+00,2.669565878849976537e-01,2.669565878849978202e-01,-5.000000000000000000e+00,3.819444444444547448e-01
3.000000000000000000e+00,3.330000000000000000e+03,2.669565878849978202e-01,0.000000000000000000e+00,-1.998401444325281773e-15,-1.436567878543293375e-18,0.000000000000000000e+00,-1.436567878543293375e-18,0.000000000000000000e+00,0.000000000000000000e+00,2.669565878849977647e-01,2.669565878849977647e-01,-5.000000000000000000e+00,3.750000000000103251e-01
3.000000000000000000e+00,3.335000000000000000e+03,2.669565878849977647e-01,0.000000000000000000e+00,-2.053912595556539600e-15,-1.694065894508600678e-18,0.000000000000000000e+00,-1.694065894508600678e-18,0.000000000000000000e+00,0.000000000000000000e+00,2.669565878849977647e-01,2.669565878849975982e-01,-5.000000000000000000e+00,3.680555555555659053e-01
3.000000000000000000e+00,3.340000000000000000e+03,2.669565878849977092e-01,0.000000000000000000e+00,-2.109423746787797427e-15,-1.714394685242703886e-18,0.000000000000000000e+00,-1.714394685242703886e-18,0.000000000000000000e+00,0.000000000000000000e+00,2.669565878849975982e-01,2.669565878849979312e-01,-5.000000000000000000e+00,3.611111111111214855e-01
3.000000000000000000e+00,3.345000000000000000e+03,2.669565878849978757e-01,0.000000000000000000e+00,-1.942890293094023946e-15,-2.066760391300492827e-18,0.000000000000000000e+00,-2.066760391300492827e-18,0.000000000000000000e+00,0.000000000000000000e+00,2.669565878849979312e-01,2.669565878849978202e-01,-5.000000000000000000e+00,3.541666666666770658e-01
3.000000000000000000e+00,3.350000000000000000e+03,2.669565878849978757e-01,0.000000000000000000e+00,-1.942890293094023946e-15,-1.626303258728256651e-18,0.000000000000000000e+00,-1.626303258728256651e-18,0.000000000000000000e+00,0.000000000000000000e+00,2.669565878849978757e-01,2.669565878849976537e-01,-5.000000000000000000e+00,3.472222222222327015e-01
3.000000000000000000e+00,3.355000000000000000e+03,2.669565878849977647e-01,0.000000000000000000e+00,-2.053912595556539600e-15,-1.538211832213809416e-18,0.000000000000000000e+00,-1.538211832213809416e-18,0.000000000000000000e+00,0.000000000000000000e+00,2.669565878849977647e-01,2.669565878849977092e-01,-5.000000000000000000e+00,3.402777777777882817e-01
3.000000000000000000e+00,3.360000000000000000e+03,2.669565878849978757e-01,0.000000000000000000e+00,-1.942890293094023946e-15,-1.985445228364079995e-18,0.000000000000000000e+00,-1.985445228364079995e-18,0.000000000000000000e+00,0.000000000000000000e+00,2.669565878849978757e-01,2.669565878849977647e-01,-5.000000000000000000e+00,3.333333333333438619e-01
3.000000000000000000e+00,3.365000000000000000e+03,2.669565878849977092e-01,0.000000000000000000e+00,-2.109423746787797427e-15,-1.646632049462359859e-18,0.000000000000000000e+00,-1.646632049462359859e-18,0.000000000000000000e+00,0.000000000000000000e+00,2.669565878849977647e-01,2.669565878849977647e-01,-5.000000000000000000e+00,3.263888888888994422e-01
3.000000000000000000e+00,3.370000000000000000e+03,2.669565878849977647e-01,0.000000000000000000e+00,-2.053912595556539600e-15,-1.917682592583735968e-18,0.000000000000000000e+00,-1.917682592583735968e-18,0.000000000000000000e+00,0.000000000000000000e+00,2.669565878849976537e-01,2.669565878849977092e-01,-5.000000000000000000e+00,3.194444444444550224e-01
3.000000000000000000e+00,3.375000000000000000e+03,2.669565878849976537e-01,0.000000000000000000e+00,-2.164934898019055254e-15,-1.666960840196463067e-18,0.000000000000000000e+00,-1.666960840196463067e-18,0.000000000000000000e+00,0.000000000000000000e+00,2.669565878849978202e-01,2.669565878849975982e-01,-5.000000000000000000e+00,3.125000000000106026e-01
3.000000000000000000e+00,3.380000000000000000e+03,2.669565878849977647e-01,0.000000000000000000e+00,-2.053912595556539600e-15,-1.477225460011499791e-18,0.000000000000000000e+00,-1.477225460011499791e-18,0.000000000000000000e+00,0.000000000000000000e+00,2.669565878849980978e-01,2.669565878849978202e-01,-5.000000000000000000e+00,3.055555555555661829e-01
3.000000000000000000e+00,3.385000000000000000e+03,2.669565878849976537e-01,0.000000000000000000e+00,-2.164934898019055254e-15,-2.134523027080836854e-18,0.000000000000000000e+00,-2.134523027080836854e-18,0.000000000000000000e+00,0.000000000000000000e+00,2.669565878849978757e-01,2.669565878849978202e-01,-5.000000000000000000e+00,2.986111111111217631e-01
3.000000000000000000e+00,3.390000000000000000e+03,2.669565878849977092e-01,0.000000000000000000e+00,-2.109423746787797427e-15,-1.788933584601082316e-18,0.000000000000000000e+00,-1.788933584601082316e-18,0.000000000000000000e+00,0.000000000000000000e+00,2.669565878849977092e-01,2.669565878849977647e-01,-5.000000000000000000e+00,2.916666666666773433e-01
3.000000000000000000e+00,3.395000000000000000e+03,2.669565878849976537e-01,0.000000000000000000e+00,-2.164934898019055254e-15,-1.802486111757151122e-18,0.000000000000000000e+00,-1.802486111757151122e-18,0.000000000000000000e+00,0.000000000000000000e+00,2.669565878849976537e-01,2.669565878849977647e-01,-5.000000000000000000e+00,2.847222222222329790e-01
3.000000000000000000e+00,3.400000000000000000e+03,2.669565878849977647e-01,0.000000000000000000e+00,-2.053912595556539600e-15,-1.700842158086635081e-18,0.000000000000000000e+00,-1.700842158086635081e-18,0.000000000000000000e+00,0.000000000000000000e+00,2.669565878849975427e-01,2.669565878849975427e-01,-5.000000000000000000e+00,2.777777777777886703e-01
3.000000000000000000e+00,3.405000000000000000e+03,2.669565878849977092e-01,0.000000000000000000e+00,-2.109423746787797427e-15,-1.639855785884325456e-18,0.000000000000000000e+00,-1.639855785884325456e-18,0.000000000000000000e+00,0.000000000000000000e+00,2.669565878849977647e-01,2.669565878849977092e-01,-5.000000000000000000e+00,2.708333333333442505e-01
3.000000000000000000e+00,3.410000000000000000e+03,2.669565878849976537e-01,0.000000000000000000e+00,-2.164934898019055254e-15,-1.592421940838084637e-18,0.000000000000000000e+00,-1.592421940838084637e-18,0.000000000000000000e+00,0.000000000000000000e+00,2.669565878849975982e-01,2.669565878849979867e-01,-5.000000000000000000e+00,2.638888888888998308e-01
3.000000000000000000e+00,3.415000000000000000e+03,2.669565878849975427e-01,0.000000000000000000e+00,-2.275957200481570908e-15,-1.246832498358330099e-18,0.000000000000000000e+00,-1.246832498358330099e-18,0.000000000000000000e+00,0.000000000000000000e+00,2.669565878849975427e-01,2.669565878849976537e-01,-5.000000000000000000e+00,2.569444444444554110e-01
3.000000000000000000e+00,3.420000000000000000e+03,2.669565878849976537e-01,0.000000000000000000e+00,-2.164934898019055254e-15,-2.263272035063490506e-18,0.000000000000000000e+00,-2.263272035063490506e-18,0.000000000000000000e+00,0.000000000000000000e+00,2.669565878849973761e-01,2.669565878849975427e-01,-5.000000000000000000e+00,2.500000000000110467e-01
3.000000000000000000e+00,3.425000000000000000e+03,2.669565878849977647e-01,0.000000000000000000e+00,-2.053912595556539600e-15,-1.470449196433465389e-18,0.000000000000000000e+00,-1.470449196433465389e-18,0.000000000000000000e+00,0.000000000000000000e+00,2.669565878849976537e-01,2.669565878849978202e-01,-5.000000000000000000e+00,2.430555555555666269e-01
3.000000000000000000e+00,3.430000000000000000e+03,2.669565878849976537e-01,0.000000000000000000e+00,-2.164934898019055254e-15,-1.660184576618428665e-18,0.000000000000000000e+00,-1.660184576618428665e-18,0.000000000000000000e+00,0.000000000000000000e+00,2.669565878849979867e-01,2.669565878849977092e-01,-5.000000000000000000e+00,2.361111111111222904e-01
3.000000000000000000e+00,3.435000000000000000e+03,2.669565878849975982e-01,0.000000000000000000e+00,-2.220446049250313081e-15,-1.890577538271598357e-18,0.000000000000000000e+00,-1.890577538271598357e-18,0.000000000000000000e+00,0.000000000000000000e+00,2.669565878849977092e-01,2.669565878849977092e-01,-5.000000000000000000e+00,2.291666666666779262e-01
3.000000000000000000e+00,3.440000000000000000e+03,2.669565878849976537e-01,0.000000000000000000e+00,-2.164934898019055254e-15,-1.490777987167568597e-18,0.000000000000000000e+00,-1.490777987167568597e-18,0.000000000000000000e+00,0.000000000000000000e+00,2.669565878849978757e-01,2.669565878849979312e-01,-5.000000000000000000e+00,2.222222222222335342e-01
3.000000000000000000e+00,3.445000000000000000e+03,2.669565878849976537e-01,0.000000000000000000e+00,-2.164934898019055254e-15,-1.721170948820738289e-18,0.000000000000000000e+00,-1.721170948820738289e-18,0.000000000000000000e+00,0.000000000000000000e+00,2.669565878849977647e-01,2.669565878849978202e-01,-5.000000000000000000e+00,2.152777777777891421e-01
3.000000000000000000e+00,3.450000000000000000e+03,2.669565878849977647e-01,0.000000000000000000e+00,-2.053912595556539600e-15,-1.375581506340983751e-18,0.000000000000000000e+00,-1.375581506340983751e-18,0.000000000000000000e+00,0.000000000000000000e+00,2.669565878849974316e-01,2.669565878849975427e-01,-5.000000000000000000e+00,2.083333333333447501e-01
3.000000000000000000e+00,3.455000000000000000e+03,2.669565878849976537e-01,0.000000000000000000e+00,-2.164934898019055254e-15,-1.653408313040394262e-18,0.000000000000000000e+00,-1.653408313040394262e-18,0.000000000000000000e+00,0.000000000000000000e+00,2.669565878849977647e-01,2.669565878849975982e-01,-5.000000000000000000e+00,2.013888888889003581e-01
3.000000000000000000e+00,3.460000000000000000e+03,2.669565878849976537e-01,0.000000000000000000e+00,-2.164934898019055254e-15,-2.283600825797593714e-18,0.000000000000000000e+00,-2.283600825797593714e-18,0.000000000000000000e+00,0.000000000000000000e+00,2.669565878849977647e-01,2.669565878849978757e-01,-5.000000000000000000e+00,1.944444444444560216e-01
3.000000000000000000e+00,3.465000000000000000e+03,2.669565878849977647e-01,0.000000000000000000e+00,-2.053912595556539600e-15,-1.985445228364079995e-18,0.000000000000000000e+00,-1.985445228364079995e-18,0.000000000000000000e+00,0.000000000000000000e+00,2.669565878849976537e-01,2.669565878849976537e-01,-5.000000000000000000e+00,1.875000000000116296e-01
3.000000000000000000e+00,3.470000000000000000e+03,2.669565878849975427e-01,0.000000000000000000e+00,-2.275957200481570908e-15,-1.985445228364079995e-18,0.000000000000000000e+00,-1.985445228364079995e-18,0.000000000000000000e+00,0.000000000000000000e+00,2.669565878849975982e-01,2.669565878849975982e-01,-5.000000000000000000e+00,1.805555555555672376e-01
3.000000000000000000e+00,3.475000000000000000e+03,2.669565878849975982e-01,0.000000000000000000e+00,-2.220446049250313081e-15,-1.409462824231155764e-18,0.000000000000000000e+00,-1.409462824231155764e-18,0.000000000000000000e+00,0.000000000000000000e+00,2.669565878849975982e-01,2.669565878849974871e-01,-5.000000000000000000e+00,1.736111111111228456e-01
3.000000000000000000e+00,3.480000000000000000e+03,2.669565878849975427e-01,0.000000000000000000e+00,-2.275957200481570908e-15,-1.748276003132875900e-18,0.000000000000000000e+00,-1.748276003132875900e-18,0.000000000000000000e+00,0.000000000000000000e+00,2.669565878849975982e-01,2.669565878849978202e-01,-5.000000000000000000e+00,1.666666666666784535e-01
3.000000000000000000e+00,3.485000000000000000e+03,2.669565878849975982e-01,0.000000000000000000e+00,-2.220446049250313081e-15,-1.965116437629976787e-18,0.000000000000000000e+00,-1.965116437629976787e-18,0.000000000000000000e+00,0.000000000000000000e+00,2.669565878849979312e-01,2.669565878849976537e-01,-5.000000000000000000e+00,1.597222222222340615e-01
3.000000000000000000e+00,3.490000000000000000e+03,2.669565878849976537e-01,0.000000000000000000e+00,-2.164934898019055254e-15,-1.660184576618428665e-18,0.000000000000000000e+00,-1.660184576618428665e-18,0.000000000000000000e+00,0.000000000000000000e+00,2.669565878849975982e-01,2.669565878849975427e-01,-5.000000000000000000e+00,1.527777777777897250e-01
3.000000000000000000e+00,3.495000000000000000e+03,2.669565878849975427e-01,0.000000000000000000e+00,-2.275957200481570908e-15,-1.877025011115529551e-18,0.000000000000000000e+00,-1.877025011115529551e-18,0.000000000000000000e+00,0.000000000000000000e+00,2.669565878849976537e-01,2.669565878849978202e-01,-5.000000000000000000e+00,1.458333333333453607e-01
3.000000000000000000e+00,3.500000000000000000e+03,2.669565878849974871e-01,0.000000000000000000e+00,-2.331468351712828735e-15,-1.877025011115529551e-18,0.000000000000000000e+00,-1.877025011115529551e-18,0.000000000000000000e+00,0.000000000000000000e+00,2.669565878849977092e-01,2.669565878849977092e-01,-5.000000000000000000e+00,1.388888888889009687e-01
3.000000000000000000e+00,3.505000000000000000e+03,2.669565878849976537e-01,0.000000000000000000e+00,-2.164934898019055254e-15,-1.429791614965258972e-18,0.000000000000000000e+00,-1.429791614965258972e-18,0.000000000000000000e+00,0.000000000000000000e+00,2.669565878849976537e-01,2.669565878849977092e-01,-5.000000000000000000e+00,1.319444444444565767e-01
3.000000000000000000e+00,3.510000000000000000e+03,2.669565878849976537e-01,0.000000000000000000e+00,-2.164934898019055254e-15,-1.395910297075086959e-18,0.000000000000000000e+00,-1.395910297075086959e-18,0.000000000000000000e+00,0.000000000000000000e+00,2.669565878849977092e-01,2.669565878849975982e-01,-5.000000000000000000e+00,1.250000000000121847e-01
3.000000000000000000e+00,3.515000000000000000e+03,2.669565878849976537e-01,0.000000000000000000e+00,-2.164934898019055254e-15,-2.331034670843834533e-18,0.000000000000000000e+00,-2.331034670843834533e-18,0.000000000000000000e+00,0.000000000000000000e+00,2.669565878849975427e-01,2.669565878849977092e-01,-5.000000000000000000e+00,1.180555555555678482e-01
3.000000000000000000e+00,3.520000000000000000e+03,2.669565878849975982e-01,0.000000000000000000e+00,-2.220446049250313081e-15,-2.059984127722458425e-18,0.000000000000000000e+00,-2.059984127722458425e-18,0.000000000000000000e+00,0.000000000000000000e+00,2.669565878849977092e-01,2.669565878849976537e-01,-5.000000000000000000e+00,1.111111111111234562e-01
3.000000000000000000e+00,3.525000000000000000e+03,2.669565878849976537e-01,0.000000000000000000e+00,-2.164934898019055254e-15,-1.978668964786045592e-18,0.000000000000000000e+00,-1.978668964786045592e-18,0.000000000000000000e+00,0.000000000000000000e+00,2.669565878849974871e-01,2.669565878849975982e-01,-5.000000000000000000e+00,1.041666666666790642e-01
3.000000000000000000e+00,3.530000000000000000e+03,2.669565878849974316e-01,0.000000000000000000e+00,-2.386979502944086562e-15,-2.222614453595284090e-18,0.000000000000000000e+00,-2.222614453595284090e-18,0.000000000000000000e+00,0.000000000000000000e+00,2.669565878849972651e-01,2.669565878849977092e-01,-5.000000000000000000e+00,9.722222222223467214e-02
3.000000000000000000e+00,3.535000000000000000e+03,2.669565878849974871e-01,0.000000000000000000e+00,-2.331468351712828735e-15,-1.660184576618428665e-18,0.000000000000000000e+00,-1.660184576618428665e-18,0.000000000000000000e+00,0.000000000000000000e+00,2.669565878849975427e-01,2.669565878849975982e-01,-5.000000000000000000e+00,9.027777777779028012e-02
3.000000000000000000e+00,3.540000000000000000e+03,2.669565878849975982e-01,0.000000000000000000e+00,-2.220446049250313081e-15,-2.087089182034596035e-18,0.000000000000000000e+00,-2.087089182034596035e-18,0.000000000000000000e+00,0.000000000000000000e+00,2.669565878849977647e-01,2.669565878849976537e-01,-5.000000000000000000e+00,8.333333333334590198e-02
3.000000000000000000e+00,3.545000000000000000e+03,2.669565878849975427e-01,0.000000000000000000e+00,-2.275957200481570908e-15,-1.714394685242703886e-18,0.000000000000000000e+00,-1.714394685242703886e-18,0.000000000000000000e+00,0.000000000000000000e+00,2.669565878849975982e-01,2.669565878849977092e-01,-5.000000000000000000e+00,7.638888888890156548e-02
3.000000000000000000e+00,3.550000000000000000e+03,2.669565878849975427e-01,0.000000000000000000e+00,-2.275957200481570908e-15,-1.348476452028846140e-18,0.000000000000000000e+00,-1.348476452028846140e-18,0.000000000000000000e+00,0.000000000000000000e+00,2.669565878849975427e-01,2.669565878849977092e-01,-5.000000000000000000e+00,6.944444444445717346e-02
3.000000000000000000e+00,3.555000000000000000e+03,2.669565878849977092e-01,0.000000000000000000e+00,-2.109423746787797427e-15,-2.026102809832286411e-18,0.000000000000000000e+00,-2.026102809832286411e-18,0.000000000000000000e+00,0.000000000000000000e+00,2.669565878849977092e-01,2.669565878849976537e-01,-5.000000000000000000e+00,6.250000000001283695e-02
3.000000000000000000e+00,3.560000000000000000e+03,2.669565878849975427e-01,0.000000000000000000e+00,-2.275957200481570908e-15,-2.181956872127077673e-18,0.000000000000000000e+00,-2.181956872127077673e-18,0.000000000000000000e+00,0.000000000000000000e+00,2.669565878849975982e-01,2.669565878849977647e-01,-5.000000000000000000e+00,5.555555555556850045e-02
3.000000000000000000e+00,3.565000000000000000e+03,2.669565878849974316e-01,0.000000000000000000e+00,-2.386979502944086562e-15,-1.761828530288944705e-18,0.000000000000000000e+00,-1.761828530288944705e-18,0.000000000000000000e+00,0.000000000000000000e+00,2.669565878849973761e-01,2.669565878849974871e-01,-5.000000000000000000e+00,4.861111111112388639e-02
3.000000000000000000e+00,3.570000000000000000e+03,2.669565878849973761e-01,0.000000000000000000e+00,-2.442490654175344389e-15,-1.992221491942114397e-18,0.000000000000000000e+00,-1.992221491942114397e-18,0.000000000000000000e+00,0.000000000000000000e+00,2.669565878849974871e-01,2.669565878849974316e-01,-5.000000000000000000e+00,4.166666666667954988e-02
3.000000000000000000e+00,3.575000000000000000e+03,2.669565878849974316e-01,0.000000000000000000e+00,-2.386979502944086562e-15,-1.924458856161770370e-18,0.000000000000000000e+00,-1.924458856161770370e-18,0.000000000000000000e+00,0.000000000000000000e+00,2.669565878849973206e-01,2.669565878849977092e-01,-5.000000000000000000e+00,3.472222222223532440e-02
3.000000000000000000e+00,3.580000000000000000e+03,2.669565878849976537e-01,0.000000000000000000e+00,-2.164934898019055254e-15,-1.822814902491254330e-18,0.000000000000000000e+00,-1.822814902491254330e-18,0.000000000000000000e+00,0.000000000000000000e+00,2.669565878849974871e-01,2.669565878849974871e-01,-5.000000000000000000e+00,2.777777777779098789e-02
3.000000000000000000e+00,3.585000000000000000e+03,2.669565878849975427e-01,0.000000000000000000e+00,-2.275957200481570908e-15,-2.405573570202212963e-18,0.000000000000000000e+00,-2.405573570202212963e-18,0.000000000000000000e+00,0.000000000000000000e+00,2.669565878849977647e-01,2.669565878849975982e-01,-5.000000000000000000e+00,2.083333333334676588e-02
3.000000000000000000e+00,3.590000000000000000e+03,2.669565878849975982e-01,0.000000000000000000e+00,-2.220446049250313081e-15,-1.700842158086635081e-18,0.000000000000000000e+00,-1.700842158086635081e-18,0.000000000000000000e+00,0.000000000000000000e+00,2.669565878849974316e-01,2.669565878849976537e-01,-5.000000000000000000e+00,1.388888888890254213e-02
3.000000000000000000e+00,3.595000000000000000e+03,2.669565878849974871e-01,0.000000000000000000e+00,-2.331468351712828735e-15,-2.371692252312040949e-18,0.000000000000000000e+00,-2.371692252312040949e-18,0.000000000000000000e+00,0.000000000000000000e+00,2.669565878849976537e-01,2.669565878849975982e-01,-5.000000000000000000e+00,6.944444444458207355e-03
3.000000000000000000e+00,3.600000000000000000e+03,2.669565878849975427e-01,0.000000000000000000e+00,-2.275957200481570908e-15,-2.019326546254252008e-18,0.000000000000000000e+00,-2.019326546254252008e-18,0.000000000000000000e+00,0.000000000000000000e+00,2.669565878849974871e-01,2.669565878849975982e-01,-5.000000000000000000e+00,1.387431836086250314e-14
4.000000000000000000e+00,3.600000000000000455e+03,2.669565878849975427e-01,0.000000000000000000e+00,-2.275957200481570908e-15,-2.232843570324819353e-18,0.000000000000000000e+00,-2.232843570324819353e-18,0.000000000000000000e+00,0.000000000000000000e+00,2.669565878849974871e-01,2.669565878849975982e-01,0.000000000000000000e+00,1.387431836086250314e-14
4.000000000000000000e+00,3.605000000000000455e+03,2.669565878849975427e-01,0.000000000000000000e+00,-2.275957200481570908e-15,-1.900546976851696596e-18,0.000000000000000000e+00,-1.900546976851696596e-18,0.000000000000000000e+00,0.000000000000000000e+00,2.669565878849976537e-01,2.669565878849975427e-01,0.000000000000000000e+00,1.387431836086250314e-14
4.000000000000000000e+00,3.610000000000000455e+03,2.669565878849976537e-01,0.000000000000000000e+00,-2.164934898019055254e-15,-1.973124277063155279e-18,0.000000000000000000e+00,-1.973124277063155279e-18,0.000000000000000000e+00,0.000000000000000000e+00,2.669565878849979867e-01,2.669565878849975427e-01,0.000000000000000000e+00,1.387431836086250314e-14
4.000000000000000000e+00,3.615000000000000455e+03,2.669565878849975427e-01,0.000000000000000000e+00,-2.275957200481570908e-15,-1.514471897015118350e-18,0.000000000000000000e+00,-1.514471897015118350e-18,0.000000000000000000e+00,0.000000000000000000e+00,2.669565878849975982e-01,2.669565878849975427e-01,0.000000000000000000e+00,1.387431836086250314e-14
4.000000000000000000e+00,3.620000000000000455e+03,2.669565878849974871e-01,0.000000000000000000e+00,-2.331468351712828735e-15,-2.073784573186571590e-18,0.000000000000000000e+00,-2.073784573186571590e-18,0.000000000000000000e+00,0.000000000000000000e+00,2.669565878849978202e-01,2.669565878849975427e-01,0.000000000000000000e+00,1.387431836086250314e-14
4.000000000000000000e+00,3.625000000000000455e+03,2.669565878849974316e-01,0.000000000000000000e+00,-2.386979502944086562e-15,-1.873425112304943734e-18,0.000000000000000000e+00,-1.873425112304943734e-18,0.000000000000000000e+00,0.000000000000000000e+00,2.669565878849975982e-01,2.669565878849975982e-01,0.000000000000000000e+00,1.387431836086250314e-14
4.000000000000000000e+00,3.630000000000000455e+03,2.669565878849974871e-01,0.000000000000000000e+00,-2.331468351712828735e-15,-2.154931485647686576e-18,0.000000000000000000e+00,-2.154931485647686576e-18,0.000000000000000000e+00,0.000000000000000000e+00,2.669565878849973761e-01,2.669565878849974871e-01,0.000000000000000000e+00,1.387431836086250314e-14
4.000000000000000000e+00,3.635000000000000455e+03,2.669565878849974316e-01,0.000000000000000000e+00,-2.386979502944086562e-15,-1.600134886293433043e-18,0.000000000000000000e+00,-1.600134886293433043e-18,0.000000000000000000e+00,0.000000000000000000e+00,2.669565878849975982e-01,2.669565878849972651e-01,0.000000000000000000e+00,1.387431836086250314e-14
4.000000000000000000e+00,3.640000000000000455e+03,2.669565878849973761e-01,0.000000000000000000e+00,-2.442490654175344389e-15,-2.401433944826691336e-18,0.000000000000000000e+00,-2.401433944826691336e-18,0.000000000000000000e+00,0.000000000000000000e+00,2.669565878849977092e-01,2.669565878849975427e-01,0.000000000000000000e+00,1.387431836086250314e-14
4.000000000000000000e+00,3.645000000000000455e+03,2.669565878849974871e-01,0.000000000000000000e+00,-2.331468351712828735e-15,-1.964526929271864972e-18,0.000000000000000000e+00,-1.964526929271864972e-18,0.000000000000000000e+00,0.000000000000000000e+00,2.669565878849977092e-01,2.669565878849975982e-01,0.000000000000000000e+00,1.387431836086250314e-14
4.000000000000000000e+00,3.650000000000000455e+03,2.669565878849975427e-01,0.000000000000000000e+00,-2.275957200481570908e-15,-2.122541160811641395e-18,0.000000000000000000e+00,-2.122541160811641395e-18,0.000000000000000000e+00,0.000000000000000000e+00,2.669565878849973761e-01,2.669565878849975427e-01,0.000000000000000000e+00,1.387431836086250314e-14
4.000000000000000000e+00,3.655000000000000455e+03,2.669565878849974316e-01,0.000000000000000000e+00,-2.386979502944086562e-15,-2.039530408482052701e-18,0.000000000000000000e+00,-2.039530408482052701e-18,0.000000000000000000e+00,0.000000000000000000e+00,2.669565878849972651e-01,2.669565878849973206e-01,0.000000000000000000e+00,1.387431836086250314e-14
4.000000000000000000e+00,3.660000000000000455e+03,2.669565878849973206e-01,0.000000000000000000e+00,-2.498001805406602216e-15,-1.711031397144838119e-18,0.000000000000000000e+00,-1.711031397144838119e-18,0.000000000000000000e+00,0.000000000000000000e+00,2.669565878849974316e-01,2.669565878849974871e-01,0.000000000000000000e+00,1.387431836086250314e-14
4.000000000000000000e+00,3.665000000000000455e+03,2.669565878849974871e-01,0.000000000000000000e+00,-2.331468351712828735e-15,-2.057457131340787272e-18,0.000000000000000000e+00,-2.057457131340787272e-18,0.000000000000000000e+00,0.000000000000000000e+00,2.669565878849975982e-01,2.669565878849976537e-01,0.000000000000000000e+00,1.387431836086250314e-14
4.000000000000000000e+00,3.670000000000000455e+03,2.669565878849975427e-01,0.000000000000000000e+00,-2.275957200481570908e-15,-1.425293513422946445e-18,0.000000000000000000e+00,-1.425293513422946445e-18,0.000000000000000000e+00,0.000000000000000000e+00,2.669565878849974871e-01,2.669565878849974871e-01,0.000000000000000000e+00,1.387431836086250314e-14
4.000000000000000000e+00,3.675000000000000455e+03,2.669565878849974316e-01,0.000000000000000000e+00,-2.386979502944086562e-15,-1.730078359236484605e-18,0.000000000000000000e+00,-1.730078359236484605e-18,0.000000000000000000e+00,0.000000000000000000e+00,2.669565878849974871e-01,2.669565878849974871e-01,0.000000000000000000e+00,1.387431836086250314e-14
4.000000000000000000e+00,3.680000000000000455e+03,2.669565878849975427e-01,0.000000000000000000e+00,-2.275957200481570908e-15,-1.664514047214673314e-18,0.000000000000000000e+00,-1.664514047214673314e-18,0.000000000000000000e+00,0.000000000000000000e+00,2.669565878849974871e-01,2.669565878849974871e-01,0.000000000000000000e+00,1.387431836086250314e-14
4.000000000000000000e+00,3.685000000000000455e+03,2.669565878849975427e-01,0.000000000000000000e+00,-2.275957200481570908e-15,-2.026992061302523594e-18,0.000000000000000000e+00,-2.026992061302523594e-18,0.000000000000000000e+00,0.000000000000000000e+00,2.669565878849975982e-01,2.669565878849974871e-01,0.000000000000000000e+00,1.387431836086250314e-14
4.000000000000000000e+00,3.690000000000000455e+03,2.669565878849975427e-01,0.000000000000000000e+00,-2.275957200481570908e-15,-1.760674816898412102e-18,0.000000000000000000e+00,-1.760674816898412102e-18,0.000000000000000000e+00,0.000000000000000000e+00,2.669565878849976537e-01,2.669565878849973761e-01,0.000000000000000000e+00,1.387431836086250314e-14
4.000000000000000000e+00,3.695000000000000455e+03,2.669565878849973206e-01,0.000000000000000000e+00,-2.498001805406602216e-15,-1.243605918820353625e-18,0.000000000000000000e+00,-1.243605918820353625e-18,0.000000000000000000e+00,0.000000000000000000e+00,2.669565878849970986e-01,2.669565878849974316e-01,0.000000000000000000e+00,1.387431836086250314e-14
4.000000000000000000e+00,3.700000000000000455e+03,2.669565878849974316e-01,0.000000000000000000e+00,-2.386979502944086562e-15,-1.976978981884121122e-18,0.000000000000000000e+00,-1.976978981884121122e-18,0.000000000000000000e+00,0.000000000000000000e+00,2.669565878849973761e-01,2.669565878849973761e-01,0.000000000000000000e+00,1.387431836086250314e-14
4.000000000000000000e+00,3.705000000000000455e+03,2.669565878849974871e-01,0.000000000000000000e+00,-2.331468351712828735e-15,-1.853695151260869726e-18,0.000000000000000000e+00,-1.853695151260869726e-18,0.000000000000000000e+00,0.000000000000000000e+00,2.669565878849975427e-01,2.669565878849975427e-01,0.000000000000000000e+00,1.387431836086250314e-14
4.000000000000000000e+00,3.710000000000000455e+03,2.669565878849974316e-01,0.000000000000000000e+00,-2.386979502944086562e-15,-1.553211556936518198e-18,0.000000000000000000e+00,-1.553211556936518198e-18,0.000000000000000000e+00,0.000000000000000000e+00,2.669565878849973761e-01,2.669565878849973206e-01,0.000000000000000000e+00,1.387431836086250314e-14
4.000000000000000000e+00,3.715000000000000455e+03,2.669565878849973761e-01,0.000000000000000000e+00,-2.442490654175344389e-15,-1.760677842665921942e-18,0.000000000000000000e+00,-1.760677842665921942e-18,0.000000000000000000e+00,0.000000000000000000e+00,2.669565878849975427e-01,2.669565878849973761e-01,0.000000000000000000e+00,1.387431836086250314e-14
4.000000000000000000e+00,3.720000000000000455e+03,2.669565878849973761e-01,0.000000000000000000e+00,-2.442490654175344389e-15,-1.613016312204531953e-18,0.000000000000000000e+00,-1.613016312204531953e-18,0.000000000000000000e+00,0.000000000000000000e+00,2.669565878849975427e-01,2.669565878849974316e-01,0.000000000000000000e+00,1.387431836086250314e-14
4.000000000000000000e+00,3.725000000000000455e+03,2.669565878849973761e-01,0.000000000000000000e+00,-2.442490654175344389e-15,-1.617289236424364131e-18,0.000000000000000000e+00,-1.617289236424364131e-18,0.000000000000000000e+00,0.000000000000000000e+00,2.669565878849974871e-01,2.669565878849974316e-01,0.000000000000000000e+00,1.387431836086250314e-14
4.000000000000000000e+00,3.730000000000000455e+03,2.669565878849974316e-01,0.000000000000000000e+00,-2.386979502944086562e-15,-1.443199122526837859e-18,0.000000000000000000e+00,-1.443199122526837859e-18,0.000000000000000000e+00,0.000000000000000000e+00,2.669565878849973761e-01,2.669565878849974316e-01,0.000000000000000000e+00,1.387431836086250314e-14
4.000000000000000000e+00,3.735000000000000455e+03,2.669565878849973761e-01,0.000000000000000000e+00,-2.442490654175344389e-15,-2.424406481538902880e-18,0.000000000000000000e+00,-2.424406481538902880e-18,0.000000000000000000e+00,0.000000000000000000e+00,2.669565878849973761e-01,2.669565878849973761e-01,0.000000000000000000e+00,1.387431836086250314e-14
4.000000000000000000e+00,3.740000000000000455e+03,2.669565878849974316e-01,0.000000000000000000e+00,-2.386979502944086562e-15,-1.677062902172921259e-18,0.000000000000000000e+00,-1.677062902172921259e-18,0.000000000000000000e+00,0.000000000000000000e+00,2.669565878849974871e-01,2.669565878849973761e-01,0.000000000000000000e+00,1.387431836086250314e-14
4.000000000000000000e+00,3.745000000000000455e+03,2.669565878849972651e-01,0.000000000000000000e+00,-2.553512956637860043e-15,-2.156161370740407949e-18,0.000000000000000000e+00,-2.156161370740407949e-18,0.000000000000000000e+00,0.000000000000000000e+00,2.669565878849972096e-01,2.669565878849973761e-01,0.000000000000000000e+00,1.387431836086250314e-14
4.000000000000000000e+00,3.750000000000000455e+03,2.669565878849974316e-01,0.000000000000000000e+00,-2.386979502944086562e-15,-1.692407623562630603e-18,0.000000000000000000e+00,-1.692407623562630603e-18,0.000000000000000000e+00,0.000000000000000000e+00,2.669565878849973761e-01,2.669565878849974871e-01,0.000000000000000000e+00,1.387431836086250314e-14
4.000000000000000000e+00,3.755000000000000455e+03,2.669565878849973206e-01,0.000000000000000000e+00,-2.498001805406602216e-15,-2.068358447698395591e-18,0.000000000000000000e+00,-2.068358447698395591e-18,0.000000000000000000e+00,0.000000000000000000e+00,2.669565878849970431e-01,2.669565878849973761e-01,0.000000000000000000e+00,1.387431836086250314e-14
4.000000000000000000e+00,3.760000000000000455e+03,2.669565878849974316e-01,0.000000000000000000e+00,-2.386979502944086562e-15,-1.753649097781175441e-18,0.000000000000000000e+00,-1.753649097781175441e-18,0.000000000000000000e+00,0.000000000000000000e+00,2.669565878849969320e-01,2.669565878849973761e-01,0.000000000000000000e+00,1.387431836086250314e-14
4.000000000000000000e+00,3.765000000000000455e+03,2.669565878849973206e-01,0.000000000000000000e+00,-2.498001805406602216e-15,-1.543617626345698943e-18,0.000000000000000000e+00,-1.543617626345698943e-18,0.000000000000000000e+00,0.000000000000000000e+00,2.669565878849974871e-01,2.669565878849972096e-01,0.000000000000000000e+00,1.387431836086250314e-14
4.000000000000000000e+00,3.770000000000000455e+03,2.669565878849972651e-01,0.000000000000000000e+00,-2.553512956637860043e-15,-1.992808156866870561e-18,0.000000000000000000e+00,-1.992808156866870561e-18,0.000000000000000000e+00,0.000000000000000000e+00,2.669565878849971541e-01,2.669565878849973761e-01,0.000000000000000000e+00,1.387431836086250314e-14
4.000000000000000000e+00,3.775000000000000455e+03,2.669565878849973206e-01,0.000000000000000000e+00,-2.498001805406602216e-15,-2.270801666309104650e-18,0.000000000000000000e+00,-2.270801666309104650e-18,0.000000000000000000e+00,0.000000000000000000e+00,2.669565878849970431e-01,2.669565878849974316e-01,0.000000000000000000e+00,1.387431836086250314e-14
4.000000000000000000e+00,3.780000000000000455e+03,2.669565878849973206e-01,0.000000000000000000e+00,-2.498001805406602216e-15,-1.319319638003478615e-18,0.000000000000000000e+00,-1.319319638003478615e-18,0.000000000000000000e+00,0.000000000000000000e+00,2.669565878849978757e-01,2.669565878849972096e-01,0.000000000000000000e+00,1.387431836086250314e-14
4.000000000000000000e+00,3.785000000000000455e+03,2.669565878849973206e-01,0.000000000000000000e+00,-2.498001805406602216e-15,-1.457242004258440401e-18,0.000000000000000000e+00,-1.457242004258440401e-18,0.000000000000000000e+00,0.000000000000000000e+00,2.669565878849972096e-01,2.669565878849972651e-01,0.000000000000000000e+00,1.387431836086250314e-14
4.000000000000000000e+00,3.790000000000000455e+03,2.669565878849972651e-01,0.000000000000000000e+00,-2.553512956637860043e-15,-1.941800240088888920e-18,0.000000000000000000e+00,-1.941800240088888920e-18,0.000000000000000000e+00,0.000000000000000000e+00,2.669565878849974316e-01,2.669565878849973206e-01,0.000000000000000000e+00,1.387431836086250314e-14
4.000000000000000000e+00,3.795000000000000455e+03,2.669565878849973761e-01,0.000000000000000000e+00,-2.442490654175344389e-15,-2.546714425538681472e-18,0.000000000000000000e+00,-2.546714425538681472e-18,0.000000000000000000e+00,0.000000000000000000e+00,2.669565878849972096e-01,2.669565878849974316e-01,0.000000000000000000e+00,1.387431836086250314e-14
4.000000000000000000e+00,3.800000000000000455e+03,2.669565878849972096e-01,0.000000000000000000e+00,-2.609024107869117870e-15,-2.050538912987543043e-18,0.000000000000000000e+00,-2.050538912987543043e-18,0.000000000000000000e+00,0.000000000000000000e+00,2.669565878849973206e-01,2.669565878849972096e-01,0.000000000000000000e+00,1.387431836086250314e-14
4.000000000000000000e+00,3.805000000000000455e+03,2.669565878849972651e-01,0.000000000000000000e+00,-2.553512956637860043e-15,-1.525418170568336988e-18,0.000000000000000000e+00,-1.525418170568336988e-18,0.000000000000000000e+00,0.000000000000000000e+00,2.669565878849970986e-01,2.669565878849972651e-01,0.000000000000000000e+00,1.387431836086250314e-14
4.000000000000000000e+00,3.810000000000000455e+03,2.669565878849973206e-01,0.000000000000000000e+00,-2.498001805406602216e-15,-1.669708856975986401e-18,0.000000000000000000e+00,-1.669708856975986401e-18,0.000000000000000000e+00,0.000000000000000000e+00,2.669565878849971541e-01,2.669565878849972096e-01,0.000000000000000000e+00,1.387431836086250314e-14
4.000000000000000000e+00,3.815000000000000455e+03,2.669565878849973206e-01,0.000000000000000000e+00,-2.498001805406602216e-15,-1.866331921321260119e-18,0.000000000000000000e+00,-1.866331921321260119e-18,0.000000000000000000e+00,0.000000000000000000e+00,2.669565878849972096e-01,2.669565878849973761e-01,0.000000000000000000e+00,1.387431836086250314e-14
4.000000000000000000e+00,3.820000000000000455e+03,2.669565878849973206e-01,0.000000000000000000e+00,-2.498001805406602216e-15,-2.187221618232036272e-18,0.000000000000000000e+00,-2.187221618232036272e-18,0.000000000000000000e+00,0.000000000000000000e+00,2.669565878849973206e-01,2.669565878849973206e-01,0.000000000000000000e+00,1.387431836086250314e-14
4.000000000000000000e+00,3.825000000000000455e+03,2.669565878849972651e-01,0.000000000000000000e+00,-2.553512956637860043e-15,-1.771890272865095905e-18,0.000000000000000000e+00,-1.771890272865095905e-18,0.000000000000000000e+00,0.000000000000000000e+00,2.669565878849975982e-01,2.669565878849973761e-01,0.000000000000000000e+00,1.387431836086250314e-14
4.000000000000000000e+00,3.830000000000000455e+03,2.669565878849973206e-01,0.000000000000000000e+00,-2.498001805406602216e-15,-1.909618942743504252e-18,0.000000000000000000e+00,-1.909618942743504252e-18,0.000000000000000000e+00,0.000000000000000000e+00,2.669565878849970986e-01,2.669565878849973761e-01,0.000000000000000000e+00,1.387431836086250314e-14
4.000000000000000000e+00,3.835000000000000455e+03,2.669565878849973206e-01,0.000000000000000000e+00,-2.498001805406602216e-15,-1.980609992762963680e-18,0.000000000000000000e+00,-1.980609992762963680e-18,0.000000000000000000e+00,0.000000000000000000e+00,2.669565878849968765e-01,2.669565878849973761e-01,0.000000000000000000e+00,1.387431836086250314e-14
4.000000000000000000e+00,3.840000000000000455e+03,2.669565878849972096e-01,0.000000000000000000e+00,-2.609024107869117870e-15,-1.931292070953322916e-18,0.000000000000000000e+00,-1.931292070953322916e-18,0.000000000000000000e+00,0.000000000000000000e+00,2.669565878849973761e-01,2.669565878849973761e-01,0.000000000000000000e+00,1.387431836086250314e-14
4.000000000000000000e+00,3.845000000000000455e+03,2.669565878849972651e-01,0.000000000000000000e+00,-2.553512956637860043e-15,-1.669144368054613929e-18,0.000000000000000000e+00,-1.669144368054613929e-18,0.000000000000000000e+00,0.000000000000000000e+00,2.669565878849972651e-01,2.669565878849972651e-01,0.000000000000000000e+00,1.387431836086250314e-14
4.000000000000000000e+00,3.850000000000000455e+03,2.669565878849973206e-01,0.000000000000000000e+00,-2.498001805406602216e-15,-1.672972297497574279e-18,0.000000000000000000e+00,-1.672972297497574279e-18,0.000000000000000000e+00,0.000000000000000000e+00,2.669565878849974316e-01,2.669565878849972651e-01,0.000000000000000000e+00,1.387431836086250314e-14
4.000000000000000000e+00,3.855000000000000455e+03,2.669565878849972096e-01,0.000000000000000000e+00,-2.609024107869117870e-15,-1.782473561652703928e-18,0.000000000000000000e+00,-1.782473561652703928e-18,0.000000000000000000e+00,0.000000000000000000e+00,2.669565878849968765e-01,2.669565878849972096e-01,0.000000000000000000e+00,1.387431836086250314e-14
4.000000000000000000e+00,3.860000000000000455e+03,2.669565878849972651e-01,0.000000000000000000e+00,-2.553512956637860043e-15,-1.606349572339084444e-18,0.000000000000000000e+00,-1.606349572339084444e-18,0.000000000000000000e+00,0.000000000000000000e+00,2.669565878849972651e-01,2.669565878849973206e-01,0.000000000000000000e+00,1.387431836086250314e-14
4.000000000000000000e+00,3.865000000000000455e+03,2.669565878849972096e-01,0.000000000000000000e+00,-2.609024107869117870e-15,-1.598823633366403518e-18,0.000000000000000000e+00,-1.598823633366403518e-18,0.000000000000000000e+00,0.000000000000000000e+00,2.669565878849971541e-01,2.669565878849972651e-01,0.000000000000000000e+00,1.387431836086250314e-14
4.000000000000000000e+00,3.870000000000000455e+03,2.669565878849971541e-01,0.000000000000000000e+00,-2.664535259100375697e-15,-2.225252419583228984e-18,0.000000000000000000e+00,-2.225252419583228984e-18,0.000000000000000000e+00,0.000000000000000000e+00,2.669565878849971541e-01,2.669565878849972096e-01,0.000000000000000000e+00,1.387431836086250314e-14
4.000000000000000000e+00,3.875000000000000455e+03,2.669565878849973206e-01,0.000000000000000000e+00,-2.498001805406602216e-15,-2.057340050448013444e-18,0.000000000000000000e+00,-2.057340050448013444e-18,0.000000000000000000e+00,0.000000000000000000e+00,2.669565878849971541e-01,2.669565878849973761e-01,0.000000000000000000e+00,1.387431836086250314e-14
4.000000000000000000e+00,3.880000000000000455e+03,2.669565878849972651e-01,0.000000000000000000e+00,-2.553512956637860043e-15,-1.918221139568115644e-18,0.000000000000000000e+00,-1.918221139568115644e-18,0.000000000000000000e+00,0.000000000000000000e+00,2.669565878849974316e-01,2.669565878849973206e-01,0.000000000000000000e+00,1.387431836086250314e-14
4.000000000000000000e+00,3.885000000000000455e+03,2.669565878849970986e-01,0.000000000000000000e+00,-2.720046410331633524e-15,-1.559550990612132879e-18,0.000000000000000000e+00,-1.559550990612132879e-18,0.000000000000000000e+00,0.000000000000000000e+00,2.669565878849972096e-01,2.669565878849971541e-01,0.000000000000000000e+00,1.387431836086250314e-14
4.000000000000000000e+00,3.890000000000000455e+03,2.669565878849972651e-01,0.000000000000000000e+00,-2.553512956637860043e-15,-2.068880383114890387e-18,0.000000000000000000e+00,-2.068880383114890387e-18,0.000000000000000000e+00,0.000000000000000000e+00,2.669565878849972651e-01,2.669565878849969875e-01,0.000000000000000000e+00,1.387431836086250314e-14
4.000000000000000000e+00,3.895000000000000455e+03,2.669565878849970986e-01,0.000000000000000000e+00,-2.720046410331633524e-15,-1.824726403560487239e-18,0.000000000000000000e+00,-1.824726403560487239e-18,0.000000000000000000e+00,0.000000000000000000e+00,2.669565878849974316e-01,2.669565878849970986e-01,0.000000000000000000e+00,1.387431836086250314e-14
4.000000000000000000e+00,3.900000000000000455e+03,2.669565878849970986e-01,0.000000000000000000e+00,-2.720046410331633524e-15,-1.914318745133001301e-18,0.000000000000000000e+00,-1.914318745133001301e-18,0.000000000000000000e+00,0.000000000000000000e+00,2.669565878849974871e-01,2.669565878849973206e-01,0.000000000000000000e+00,1.387431836086250314e-14
4.000000000000000000e+00,3.905000000000000455e+03,2.669565878849972096e-01,0.000000000000000000e+00,-2.609024107869117870e-15,-1.590153900796544511e-18,0.000000000000000000e+00,-1.590153900796544511e-18,0.000000000000000000e+00,0.000000000000000000e+00,2.669565878849972651e-01,2.669565878849973206e-01,0.000000000000000000e+00,1.387431836086250314e-14
4.000000000000000000e+00,3.910000000000000455e+03,2.669565878849972096e-01,0.000000000000000000e+00,-2.609024107869117870e-15,-1.574217618962762495e-18,0.000000000000000000e+00,-1.574217618962762495e-18,0.000000000000000000e+00,0.000000000000000000e+00,2.669565878849972096e-01,2.669565878849972651e-01,0.000000000000000000e+00,1.387431836086250314e-14
4.000000000000000000e+00,3.915000000000000455e+03,2.669565878849972096e-01,0.000000000000000000e+00,-2.609024107869117870e-15,-1.802648414296954249e-18,0.000000000000000000e+00,-1.802648414296954249e-18,0.000000000000000000e+00,0.000000000000000000e+00,2.669565878849973206e-01,2.669565878849971541e-01,0.000000000000000000e+00,1.387431836086250314e-14
4.000000000000000000e+00,3.920000000000000455e+03,2.669565878849970431e-01,0.000000000000000000e+00,-2.775557561562891351e-15,-2.081215784025192247e-18,0.000000000000000000e+00,-2.081215784025192247e-18,0.000000000000000000e+00,0.000000000000000000e+00,2.669565878849973206e-01,2.669565878849971541e-01,0.000000000000000000e+00,1.387431836086250314e-14
4.000000000000000000e+00,3.925000000000000455e+03,2.669565878849970986e-01,0.000000000000000000e+00,-2.720046410331633524e-15,-2.058892473678551647e-18,0.000000000000000000e+00,-2.058892473678551647e-18,0.000000000000000000e+00,0.000000000000000000e+00,2.669565878849967655e-01,2.669565878849970986e-01,0.000000000000000000e+00,1.387431836086250314e-14
4.000000000000000000e+00,3.930000000000000455e+03,2.669565878849971541e-01,0.000000000000000000e+00,-2.664535259100375697e-15,-2.225669433444859962e-18,0.000000000000000000e+00,-2.225669433444859962e-18,0.000000000000000000e+00,0.000000000000000000e+00,2.669565878849969875e-01,2.669565878849970431e-01,0.000000000000000000e+00,1.387431836086250314e-14
4.000000000000000000e+00,3.935000000000000455e+03,2.669565878849971541e-01,0.000000000000000000e+00,-2.664535259100375697e-15,-1.824048037085060038e-18,0.000000000000000000e+00,-1.824048037085060038e-18,0.000000000000000000e+00,0.000000000000000000e+00,2.669565878849970986e-01,2.669565878849970431e-01,0.000000000000000000e+00,1.387431836086250314e-14
4.000000000000000000e+00,3.940000000000000455e+03,2.669565878849972651e-01,0.000000000000000000e+00,-2.553512956637860043e-15,-1.599381427042257649e-18,0.000000000000000000e+00,-1.599381427042257649e-18,0.000000000000000000e+00,0.000000000000000000e+00,2.669565878849973206e-01,2.669565878849972651e-01,0.000000000000000000e+00,1.387431836086250314e-14
4.000000000000000000e+00,3.945000000000000455e+03,2.669565878849970431e-01,0.000000000000000000e+00,-2.775557561562891351e-15,-1.722708627900170000e-18,0.000000000000000000e+00,-1.722708627900170000e-18,0.000000000000000000e+00,0.000000000000000000e+00,2.669565878849974316e-01,2.669565878849972096e-01,0.000000000000000000e+00,1.387431836086250314e-14
4.000000000000000000e+00,3.950000000000000455e+03,2.669565878849972651e-01,0.000000000000000000e+00,-2.553512956637860043e-15,-2.178897144369837879e-18,0.000000000000000000e+00,-2.178897144369837879e-18,0.000000000000000000e+00,0.000000000000000000e+00,2.669565878849971541e-01,2.669565878849972651e-01,0.000000000000000000e+00,1.387431836086250314e-14
4.000000000000000000e+00,3.955000000000000455e+03,2.669565878849971541e-01,0.000000000000000000e+00,-2.664535259100375697e-15,-1.515333843497692711e-18,0.000000000000000000e+00,-1.515333843497692711e-18,0.000000000000000000e+00,0.000000000000000000e+00,2.669565878849970986e-01,2.669565878849972096e-01,0.000000000000000000e+00,1.387431836086250314e-14
4.000000000000000000e+00,3.960000000000000455e+03,2.669565878849969875e-01,0.000000000000000000e+00,-2.831068712794149178e-15,-1.930821830058952908e-18,0.000000000000000000e+00,-1.930821830058952908e-18,0.000000000000000000e+00,0.000000000000000000e+00,2.669565878849972096e-01,2.669565878849972096e-01,0.000000000000000000e+00,1.387431836086250314e-14
4.000000000000000000e+00,3.965000000000000455e+03,2.669565878849970986e-01,0.000000000000000000e+00,-2.720046410331633524e-15,-1.662767463706882304e-18,0.000000000000000000e+00,-1.662767463706882304e-18,0.000000000000000000e+00,0.000000000000000000e+00,2.669565878849970986e-01,2.669565878849972096e-01,0.000000000000000000e+00,1.387431836086250314e-14
4.000000000000000000e+00,3.970000000000000455e+03,2.669565878849972096e-01,0.000000000000000000e+00,-2.609024107869117870e-15,-1.762837756698627046e-18,0.000000000000000000e+00,-1.762837756698627046e-18,0.000000000000000000e+00,0.000000000000000000e+00,2.669565878849970431e-01,2.669565878849970431e-01,0.000000000000000000e+00,1.387431836086250314e-14
4.000000000000000000e+00,3.975000000000000455e+03,2.669565878849972096e-01,0.000000000000000000e+00,-2.609024107869117870e-15,-2.230425056004352796e-18,0.000000000000000000e+00,-2.230425056004352796e-18,0.000000000000000000e+00,0.000000000000000000e+00,2.669565878849970431e-01,2.669565878849970986e-01,0.000000000000000000e+00,1.387431836086250314e-14
4.000000000000000000e+00,3.980000000000000455e+03,2.669565878849970986e-01,0.000000000000000000e+00,-2.720046410331633524e-15,-1.970699374226800714e-18,0.000000000000000000e+00,-1.970699374226800714e-18,0.000000000000000000e+00,0.000000000000000000e+00,2.669565878849968210e-01,2.669565878849971541e-01,0.000000000000000000e+00,1.387431836086250314e-14
4.000000000000000000e+00,3.985000000000000455e+03,2.669565878849971541e-01,0.000000000000000000e+00,-2.664535259100375697e-15,-1.960175505982981681e-18,0.000000000000000000e+00,-1.960175505982981681e-18,0.000000000000000000e+00,0.000000000000000000e+00,2.669565878849970431e-01,2.669565878849970431e-01,0.000000000000000000e+00,1.387431836086250314e-14
4.000000000000000000e+00,3.990000000000000455e+03,2.669565878849969875e-01,0.000000000000000000e+00,-2.831068712794149178e-15,-1.941166157038042509e-18,0.000000000000000000e+00,-1.941166157038042509e-18,0.000000000000000000e+00,0.000000000000000000e+00,2.669565878849970986e-01,2.669565878849972651e-01,0.000000000000000000e+00,1.387431836086250314e-14
4.000000000000000000e+00,3.995000000000000455e+03,2.669565878849971541e-01,0.000000000000000000e+00,-2.664535259100375697e-15,-1.934747294567157372e-18,0.000000000000000000e+00,-1.934747294567157372e-18,0.000000000000000000e+00,0.000000000000000000e+00,2.669565878849969320e-01,2.669565878849970986e-01,0.000000000000000000e+00,1.387431836086250314e-14
4.000000000000000000e+00,4.000000000000000455e+03,2.669565878849971541e-01,0.000000000000000000e+00,-2.664535259100375697e-15,-1.968826235518411751e-18,0.000000000000000000e+00,-1.968826235518411751e-18,0.000000000000000000e+00,0.000000000000000000e+00,2.669565878849972096e-01,2.669565878849970431e-01,0.000000000000000000e+00,1.387431836086250314e-14
4.000000000000000000e+00,4.005000000000000455e+03,2.669565878849970986e-01,0.000000000000000000e+00,-2.720046410331633524e-15,-1.837231119777555299e-18,0.000000000000000000e+00,-1.837231119777555299e-18,0.000000000000000000e+00,0.000000000000000000e+00,2.669565878849967655e-01,2.669565878849971541e-01,0.000000000000000000e+00,1.387431836086250314e-14
4.000000000000000000e+00,4.010000000000000455e+03,2.669565878849969875e-01,0.000000000000000000e+00,-2.831068712794149178e-15,-1.969969482176236136e-18,0.000000000000000000e+00,-1.969969482176236136e-18,0.000000000000000000e+00,0.000000000000000000e+00,2.669565878849968765e-01,2.669565878849972096e-01,0.000000000000000000e+00,1.387431836086250314e-14
4.000000000000000000e+00,4.015000000000000455e+03,2.669565878849970986e-01,0.000000000000000000e+00,-2.720046410331633524e-15,-1.899774210324529227e-18,0.000000000000000000e+00,-1.899774210324529227e-18,0.000000000000000000e+00,0.000000000000000000e+00,2.669565878849970431e-01,2.669565878849971541e-01,0.000000000000000000e+00,1.387431836086250314e-14
4.000000000000000000e+00,4.020000000000000455e+03,2.669565878849970986e-01,0.000000000000000000e+00,-2.720046410331633524e-15,-2.245470186293855486e-18,0.000000000000000000e+00,-2.245470186293855486e-18,0.000000000000000000e+00,0.000000000000000000e+00,2.669565878849971541e-01,2.669565878849969320e-01,0.000000000000000000e+00,1.387431836086250314e-14
4.000000000000000000e+00,4.025000000000000455e+03,2.669565878849970986e-01,0.000000000000000000e+00,-2.720046410331633524e-15,-1.797070761604069462e-18,0.000000000000000000e+00,-1.797070761604069462e-18,0.000000000000000000e+00,0.000000000000000000e+00,2.669565878849972651e-01,2.669565878849973206e-01,0.000000000000000000e+00,1.387431836086250314e-14
4.000000000000000000e+00,4.030000000000000455e+03,2.669565878849972096e-01,0.000000000000000000e+00,-2.609024107869117870e-15,-1.705428495223187742e-18,0.000000000000000000e+00,-1.705428495223187742e-18,0.000000000000000000e+00,0.000000000000000000e+00,2.669565878849968210e-01,2.669565878849970986e-01,0.000000000000000000e+00,1.387431836086250314e-14
4.000000000000000000e+00,4.035000000000000455e+03,2.669565878849970431e-01,0.000000000000000000e+00,-2.775557561562891351e-15,-2.504445348934802647e-18,0.000000000000000000e+00,-2.504445348934802647e-18,0.000000000000000000e+00,0.000000000000000000e+00,2.669565878849969320e-01,2.669565878849969875e-01,0.000000000000000000e+00,1.387431836086250314e-14
4.000000000000000000e+00,4.040000000000000455e+03,2.669565878849969875e-01,0.000000000000000000e+00,-2.831068712794149178e-15,-2.229574740575317435e-18,0.000000000000000000e+00,-2.229574740575317435e-18,0.000000000000000000e+00,0.000000000000000000e+00,2.669565878849967655e-01,2.669565878849970431e-01,0.000000000000000000e+00,1.387431836086250314e-14
4.000000000000000000e+00,4.045000000000000455e+03,2.669565878849970986e-01,0.000000000000000000e+00,-2.720046410331633524e-15,-1.570065405209972616e-18,0.000000000000000000e+00,-1.570065405209972616e-18,0.000000000000000000e+00,0.000000000000000000e+00,2.669565878849971541e-01,2.669565878849970431e-01,0.000000000000000000e+00,1.387431836086250314e-14
4.000000000000000000e+00,4.050000000000000455e+03,2.669565878849970986e-01,0.000000000000000000e+00,-2.720046410331633524e-15,-1.984890280494475117e-18,0.000000000000000000e+00,-1.984890280494475117e-18,0.000000000000000000e+00,0.000000000000000000e+00,2.669565878849968765e-01,2.669565878849969320e-01,0.000000000000000000e+00,1.387431836086250314e-14
4.000000000000000000e+00,4.055000000000000455e+03,2.669565878849969875e-01,0.000000000000000000e+00,-2.831068712794149178e-15,-1.758901244439569564e-18,0.000000000000000000e+00,-1.758901244439569564e-18,0.000000000000000000e+00,0.000000000000000000e+00,2.669565878849972651e-01,2.669565878849972651e-01,0.000000000000000000e+00,1.387431836086250314e-14
4.000000000000000000e+00,4.060000000000000455e+03,2.669565878849970431e-01,0.000000000000000000e+00,-2.775557561562891351e-15,-2.203607786872085978e-18,0.000000000000000000e+00,-2.203607786872085978e-18,0.000000000000000000e+00,0.000000000000000000e+00,2.669565878849970986e-01,2.669565878849970986e-01,0.000000000000000000e+00,1.387431836086250314e-14
4.000000000000000000e+00,4.065000000000000455e+03,2.669565878849969875e-01,0.000000000000000000e+00,-2.831068712794149178e-15,-1.699436185532621289e-18,0.000000000000000000e+00,-1.699436185532621289e-18,0.000000000000000000e+00,0.000000000000000000e+00,2.669565878849968210e-01,2.669565878849969320e-01,0.000000000000000000e+00,1.387431836086250314e-14
4.000000000000000000e+00,4.070000000000000455e+03,2.669565878849970431e-01,0.000000000000000000e+00,-2.775557561562891351e-15,-1.147742766640942982e-18,0.000000000000000000e+00,-1.147742766640942982e-18,0.000000000000000000e+00,0.000000000000000000e+00,2.669565878849968210e-01,2.669565878849971541e-01,0.000000000000000000e+00,1.387431836086250314e-14
4.000000000000000000e+00,4.075000000000000455e+03,2.669565878849970431e-01,0.000000000000000000e+00,-2.775557561562891351e-15,-1.991291824767430914e-18,0.000000000000000000e+00,-1.991291824767430914e-18,0.000000000000000000e+00,0.000000000000000000e+00,2.669565878849969320e-01,2.669565878849970431e-01,0.000000000000000000e+00,1.387431836086250314e-14
4.000000000000000000e+00,4.080000000000000455e+03,2.669565878849969875e-01,0.000000000000000000e+00,-2.831068712794149178e-15,-1.771511416584103703e-18,0.000000000000000000e+00,-1.771511416584103703e-18,0.000000000000000000e+00,0.000000000000000000e+00,2.669565878849970986e-01,2.669565878849970986e-01,0.000000000000000000e+00,1.387431836086250314e-14
4.000000000000000000e+00,4.085000000000000455e+03,2.669565878849969875e-01,0.000000000000000000e+00,-2.831068712794149178e-15,-2.354762655279438931e-18,0.000000000000000000e+00,-2.354762655279438931e-18,0.000000000000000000e+00,0.000000000000000000e+00,2.669565878849970986e-01,2.669565878849970986e-01,0.000000000000000000e+00,1.387431836086250314e-14
4.000000000000000000e+00,4.090000000000000455e+03,2.669565878849970431e-01,0.000000000000000000e+00,-2.775557561562891351e-15,-1.752671059228772450e-18,0.000000000000000000e+00,-1.752671059228772450e-18,0.000000000000000000e+00,0.000000000000000000e+00,2.669565878849968765e-01,2.669565878849969875e-01,0.000000000000000000e+00,1.387431836086250314e-14
4.000000000000000000e+00,4.095000000000000455e+03,2.669565878849970431e-01,0.000000000000000000e+00,-2.775557561562891351e-15,-1.798908523800987578e-18,0.000000000000000000e+00,-1.798908523800987578e-18,0.000000000000000000e+00,0.000000000000000000e+00,2.669565878849972651e-01,2.669565878849970431e-01,0.000000000000000000e+00,1.387431836086250314e-14
4.000000000000000000e+00,4.100000000000000000e+03,2.669565878849970431e-01,0.000000000000000000e+00,-2.775557561562891351e-15,-1.606693758713406711e-18,0.000000000000000000e+00,-1.606693758713406711e-18,0.000000000000000000e+00,0.000000000000000000e+00,2.669565878849967655e-01,2.669565878849971541e-01,0.000000000000000000e+00,1.387431836086250314e-14
4.000000000000000000e+00,4.105000000000000000e+03,2.669565878849969875e-01,0.000000000000000000e+00,-2.831068712794149178e-15,-1.711013253126292426e-18,0.000000000000000000e+00,-1.711013253126292426e-18,0.000000000000000000e+00,0.000000000000000000e+00,2.669565878849971541e-01,2.669565878849971541e-01,0.000000000000000000e+00,1.387431836086250314e-14
4.000000000000000000e+00,4.110000000000000000e+03,2.669565878849970986e-01,0.000000000000000000e+00,-2.720046410331633524e-15,-1.697280397583238402e-18,0.000000000000000000e+00,-1.697280397583238402e-18,0.000000000000000000e+00,0.000000000000000000e+00,2.669565878849966545e-01,2.669565878849968210e-01,0.000000000000000000e+00,1.387431836086250314e-14
4.000000000000000000e+00,4.115000000000000000e+03,2.669565878849970431e-01,0.000000000000000000e+00,-2.775557561562891351e-15,-1.674574431561672341e-18,0.000000000000000000e+00,-1.674574431561672341e-18,0.000000000000000000e+00,0.000000000000000000e+00,2.669565878849965990e-01,2.669565878849970431e-01,0.000000000000000000e+00,1.387431836086250314e-14
4.000000000000000000e+00,4.120000000000000000e+03,2.669565878849969875e-01,0.000000000000000000e+00,-2.831068712794149178e-15,-1.866876954383111395e-18,0.000000000000000000e+00,-1.866876954383111395e-18,0.000000000000000000e+00,0.000000000000000000e+00,2.669565878849972096e-01,2.669565878849971541e-01,0.000000000000000000e+00,1.387431836086250314e-14
4.000000000000000000e+00,4.125000000000000000e+03,2.669565878849969875e-01,0.000000000000000000e+00,-2.831068712794149178e-15,-2.074038718876197735e-18,0.000000000000000000e+00,-2.074038718876197735e-18,0.000000000000000000e+00,0.000000000000000000e+00,2.669565878849970431e-01,2.669565878849968765e-01,0.000000000000000000e+00,1.387431836086250314e-14
4.000000000000000000e+00,4.130000000000000000e+03,2.669565878849969875e-01,0.000000000000000000e+00,-2.831068712794149178e-15,-1.476643643211296950e-18,0.000000000000000000e+00,-1.476643643211296950e-18,0.000000000000000000e+00,0.000000000000000000e+00,2.669565878849968765e-01,2.669565878849968765e-01,0.000000000000000000e+00,1.387431836086250314e-14
4.000000000000000000e+00,4.135000000000000000e+03,2.669565878849968210e-01,0.000000000000000000e+00,-2.997602166487922659e-15,-1.637603373985111325e-18,0.000000000000000000e+00,-1.637603373985111325e-18,0.000000000000000000e+00,0.000000000000000000e+00,2.669565878849969875e-01,2.669565878849972651e-01,0.000000000000000000e+00,1.387431836086250314e-14
4.000000000000000000e+00,4.140000000000000000e+03,2.669565878849968210e-01,0.000000000000000000e+00,-2.997602166487922659e-15,-1.460342291318054796e-18,0.000000000000000000e+00,-1.460342291318054796e-18,0.000000000000000000e+00,0.000000000000000000e+00,2.669565878849965435e-01,2.669565878849966545e-01,0.000000000000000000e+00,1.387431836086250314e-14
4.000000000000000000e+00,4.145000000000000000e+03,2.669565878849968765e-01,0.000000000000000000e+00,-2.942091015256664832e-15,-1.280428442572242369e-18,0.000000000000000000e+00,-1.280428442572242369e-18,0.000000000000000000e+00,0.000000000000000000e+00,2.669565878849969875e-01,2.669565878849968765e-01,0.000000000000000000e+00,1.387431836086250314e-14
4.000000000000000000e+00,4.150000000000000000e+03,2.669565878849968765e-01,0.000000000000000000e+00,-2.942091015256664832e-15,-2.012370962551288012e-18,0.000000000000000000e+00,-2.012370962551288012e-18,0.000000000000000000e+00,0.000000000000000000e+00,2.669565878849973206e-01,2.669565878849970431e-01,0.000000000000000000e+00,1.387431836086250314e-14
4.000000000000000000e+00,4.155000000000000000e+03,2.669565878849968765e-01,0.000000000000000000e+00,-2.942091015256664832e-15,-1.152277071269493734e-18,0.000000000000000000e+00,-1.152277071269493734e-18,0.000000000000000000e+00,0.000000000000000000e+00,2.669565878849968765e-01,2.669565878849969320e-01,0.000000000000000000e+00,1.387431836086250314e-14
4.000000000000000000e+00,4.160000000000000000e+03,2.669565878849968765e-01,0.000000000000000000e+00,-2.942091015256664832e-15,-1.797598012302234765e-18,0.000000000000000000e+00,-1.797598012302234765e-18,0.000000000000000000e+00,0.000000000000000000e+00,2.669565878849969320e-01,2.669565878849968210e-01,0.000000000000000000e+00,1.387431836086250314e-14
4.000000000000000000e+00,4.165000000000000000e+03,2.669565878849969875e-01,0.000000000000000000e+00,-2.831068712794149178e-15,-1.240641653809692590e-18,0.000000000000000000e+00,-1.240641653809692590e-18,0.000000000000000000e+00,0.000000000000000000e+00,2.669565878849968765e-01,2.669565878849969320e-01,0.000000000000000000e+00,1.387431836086250314e-14
4.000000000000000000e+00,4.170000000000000000e+03,2.669565878849967655e-01,0.000000000000000000e+00,-3.053113317719180486e-15,-1.917918807245683107e-18,0.000000000000000000e+00,-1.917918807245683107e-18,0.000000000000000000e+00,0.000000000000000000e+00,2.669565878849970431e-01,2.669565878849969320e-01,0.000000000000000000e+00,1.387431836086250314e-14
4.000000000000000000e+00,4.175000000000000000e+03,2.669565878849969320e-01,0.000000000000000000e+00,-2.886579864025407005e-15,-1.801977754567966674e-18,0.000000000000000000e+00,-1.801977754567966674e-18,0.000000000000000000e+00,0.000000000000000000e+00,2.669565878849966545e-01,2.669565878849969320e-01,0.000000000000000000e+00,1.387431836086250314e-14
4.000000000000000000e+00,4.180000000000000000e+03,2.669565878849968765e-01,0.000000000000000000e+00,-2.942091015256664832e-15,-1.848403821023032610e-18,0.000000000000000000e+00,-1.848403821023032610e-18,0.000000000000000000e+00,0.000000000000000000e+00,2.669565878849967655e-01,2.669565878849970431e-01,0.000000000000000000e+00,1.387431836086250314e-14
4.000000000000000000e+00,4.185000000000000000e+03,2.669565878849968765e-01,0.000000000000000000e+00,-2.942091015256664832e-15,-1.566000338398130116e-18,0.000000000000000000e+00,-1.566000338398130116e-18,0.000000000000000000e+00,0.000000000000000000e+00,2.669565878849969875e-01,2.669565878849969320e-01,0.000000000000000000e+00,1.387431836086250314e-14
4.000000000000000000e+00,4.190000000000000000e+03,2.669565878849969875e-01,0.000000000000000000e+00,-2.831068712794149178e-15,-1.729184965602784514e-18,0.000000000000000000e+00,-1.729184965602784514e-18,0.000000000000000000e+00,0.000000000000000000e+00,2.669565878849970986e-01,2.669565878849968765e-01,0.000000000000000000e+00,1.387431836086250314e-14
4.000000000000000000e+00,4.195000000000000000e+03,2.669565878849968765e-01,0.000000000000000000e+00,-2.942091015256664832e-15,-1.790965137176797060e-18,0.000000000000000000e+00,-1.790965137176797060e-18,0.000000000000000000e+00,0.000000000000000000e+00,2.669565878849970431e-01,2.669565878849969320e-01,0.000000000000000000e+00,1.387431836086250314e-14
4.000000000000000000e+00,4.200000000000000000e+03,2.669565878849969875e-01,0.000000000000000000e+00,-2.831068712794149178e-15,-1.756940685920090661e-18,0.000000000000000000e+00,-1.756940685920090661e-18,0.000000000000000000e+00,0.000000000000000000e+00,2.669565878849968210e-01,2.669565878849969320e-01,0.000000000000000000e+00,1.387431836086250314e-14
4.000000000000000000e+00,4.205000000000000000e+03,2.669565878849968210e-01,0.000000000000000000e+00,-2.997602166487922659e-15,-2.034190672173971188e-18,0.000000000000000000e+00,-2.034190672173971188e-18,0.000000000000000000e+00,0.000000000000000000e+00,2.669565878849969875e-01,2.669565878849970431e-01,0.000000000000000000e+00,1.387431836086250314e-14
4.000000000000000000e+00,4.210000000000000000e+03,2.669565878849968765e-01,0.000000000000000000e+00,-2.942091015256664832e-15,-1.766938976412532424e-18,0.000000000000000000e+00,-1.766938976412532424e-18,0.000000000000000000e+00,0.000000000000000000e+00,2.669565878849973206e-01,2.669565878849969320e-01,0.000000000000000000e+00,1.387431836086250314e-14
4.000000000000000000e+00,4.215000000000000000e+03,2.669565878849970431e-01,0.000000000000000000e+00,-2.775557561562891351e-15,-1.614711336072791192e-18,0.000000000000000000e+00,-1.614711336072791192e-18,0.000000000000000000e+00,0.000000000000000000e+00,2.669565878849968765e-01,2.669565878849968210e-01,0.000000000000000000e+00,1.387431836086250314e-14
4.000000000000000000e+00,4.220000000000000000e+03,2.669565878849969320e-01,0.000000000000000000e+00,-2.886579864025407005e-15,-1.764148047215352201e-18,0.000000000000000000e+00,-1.764148047215352201e-18,0.000000000000000000e+00,0.000000000000000000e+00,2.669565878849969320e-01,2.669565878849969320e-01,0.000000000000000000e+00,1.387431836086250314e-14
4.000000000000000000e+00,4.225000000000000000e+03,2.669565878849968765e-01,0.000000000000000000e+00,-2.942091015256664832e-15,-1.777204786740439057e-18,0.000000000000000000e+00,-1.777204786740439057e-18,0.000000000000000000e+00,0.000000000000000000e+00,2.669565878849966545e-01,2.669565878849968765e-01,0.000000000000000000e+00,1.387431836086250314e-14
4.000000000000000000e+00,4.230000000000000000e+03,2.669565878849968765e-01,0.000000000000000000e+00,-2.942091015256664832e-15,-2.426341821689854806e-18,0.000000000000000000e+00,-2.426341821689854806e-18,0.000000000000000000e+00,0.000000000000000000e+00,2.669565878849969320e-01,2.669565878849968210e-01,0.000000000000000000e+00,1.387431836086250314e-14
4.000000000000000000e+00,4.235000000000000000e+03,2.669565878849969320e-01,0.000000000000000000e+00,-2.886579864025407005e-15,-2.109879930156198693e-18,0.000000000000000000e+00,-2.109879930156198693e-18,0.000000000000000000e+00,0.000000000000000000e+00,2.669565878849969320e-01,2.669565878849970431e-01,0.000000000000000000e+00,1.387431836086250314e-14
4.000000000000000000e+00,4.240000000000000000e+03,2.669565878849968765e-01,0.000000000000000000e+00,-2.942091015256664832e-15,-1.337993860919271021e-18,0.000000000000000000e+00,-1.337993860919271021e-18,0.000000000000000000e+00,0.000000000000000000e+00,2.669565878849967655e-01,2.669565878849968210e-01,0.000000000000000000e+00,1.387431836086250314e-14
4.000000000000000000e+00,4.245000000000000000e+03,2.669565878849968765e-01,0.000000000000000000e+00,-2.942091015256664832e-15,-2.089674740319670724e-18,0.000000000000000000e+00,-2.089674740319670724e-18,0.000000000000000000e+00,0.000000000000000000e+00,2.669565878849969875e-01,2.669565878849969320e-01,0.000000000000000000e+00,1.387431836086250314e-14
4.000000000000000000e+00,4.250000000000000000e+03,2.669565878849968765e-01,0.000000000000000000e+00,-2.942091015256664832e-15,-1.867123345434355142e-18,0.000000000000000000e+00,-1.867123345434355142e-18,0.000000000000000000e+00,0.000000000000000000e+00,2.669565878849969320e-01,2.669565878849968765e-01,0.000000000000000000e+00,1.387431836086250314e-14
4.000000000000000000e+00,4.255000000000000000e+03,2.669565878849969320e-01,0.000000000000000000e+00,-2.886579864025407005e-15,-1.552151913782672684e-18,0.000000000000000000e+00,-1.552151913782672684e-18,0.000000000000000000e+00,0.000000000000000000e+00,2.669565878849968210e-01,2.669565878849970431e-01,0.000000000000000000e+00,1.387431836086250314e-14
4.000000000000000000e+00,4.260000000000000000e+03,2.669565878849968765e-01,0.000000000000000000e+00,-2.942091015256664832e-15,-1.443613783008129283e-18,0.000000000000000000e+00,-1.443613783008129283e-18,0.000000000000000000e+00,0.000000000000000000e+00,2.669565878849969875e-01,2.669565878849968210e-01,0.000000000000000000e+00,1.387431836086250314e-14
4.000000000000000000e+00,4.265000000000000000e+03,2.669565878849968765e-01,0.000000000000000000e+00,-2.942091015256664832e-15,-2.135440803054587458e-18,0.000000000000000000e+00,-2.135440803054587458e-18,0.000000000000000000e+00,0.000000000000000000e+00,2.669565878849968210e-01,2.669565878849969875e-01,0.000000000000000000e+00,1.387431836086250314e-14
4.000000000000000000e+00,4.270000000000000000e+03,2.669565878849967655e-01,0.000000000000000000e+00,-3.053113317719180486e-15,-1.563677051650606975e-18,0.000000000000000000e+00,-1.563677051650606975e-18,0.000000000000000000e+00,0.000000000000000000e+00,2.669565878849966545e-01,2.669565878849968210e-01,0.000000000000000000e+00,1.387431836086250314e-14
4.000000000000000000e+00,4.275000000000000000e+03,2.669565878849967655e-01,0.000000000000000000e+00,-3.053113317719180486e-15,-1.799220977948785630e-18,0.000000000000000000e+00,-1.799220977948785630e-18,0.000000000000000000e+00,0.000000000000000000e+00,2.669565878849969320e-01,2.669565878849970431e-01,0.000000000000000000e+00,1.387431836086250314e-14
4.000000000000000000e+00,4.280000000000000000e+03,2.669565878849969875e-01,0.000000000000000000e+00,-2.831068712794149178e-15,-2.439012570248730700e-18,0.000000000000000000e+00,-2.439012570248730700e-18,0.000000000000000000e+00,0.000000000000000000e+00,2.669565878849965435e-01,2.669565878849966545e-01,0.000000000000000000e+00,1.387431836086250314e-14
4.000000000000000000e+00,4.285000000000000000e+03,2.669565878849967655e-01,0.000000000000000000e+00,-3.053113317719180486e-15,-1.991619754195244191e-18,0.000000000000000000e+00,-1.991619754195244191e-18,0.000000000000000000e+00,0.000000000000000000e+00,2.669565878849968765e-01,2.669565878849968210e-01,0.000000000000000000e+00,1.387431836086250314e-14
4.000000000000000000e+00,4.290000000000000000e+03,2.669565878849967655e-01,0.000000000000000000e+00,-3.053113317719180486e-15,-1.994800024745563158e-18,0.000000000000000000e+00,-1.994800024745563158e-18,0.000000000000000000e+00,0.000000000000000000e+00,2.669565878849972651e-01,2.669565878849970431e-01,0.000000000000000000e+00,1.387431836086250314e-14
4.000000000000000000e+00,4.295000000000000000e+03,2.669565878849967655e-01,0.000000000000000000e+00,-3.053113317719180486e-15,-1.186201141735170577e-18,0.000000000000000000e+00,-1.186201141735170577e-18,0.000000000000000000e+00,0.000000000000000000e+00,2.669565878849967655e-01,2.669565878849967100e-01,0.000000000000000000e+00,1.387431836086250314e-14
4.000000000000000000e+00,4.300000000000000000e+03,2.669565878849966545e-01,0.000000000000000000e+00,-3.164135620181696140e-15,-1.589934307934008192e-18,0.000000000000000000e+00,-1.589934307934008192e-18,0.000000000000000000e+00,0.000000000000000000e+00,2.669565878849967100e-01,2.669565878849968765e-01,0.000000000000000000e+00,1.387431836086250314e-14
4.000000000000000000e+00,4.305000000000000000e+03,2.669565878849967100e-01,0.000000000000000000e+00,-3.108624468950438313e-15,-1.902505726254373450e-18,0.000000000000000000e+00,-1.902505726254373450e-18,0.000000000000000000e+00,0.000000000000000000e+00,2.669565878849966545e-01,2.669565878849968765e-01,0.000000000000000000e+00,1.387431836086250314e-14
4.000000000000000000e+00,4.310000000000000000e+03,2.669565878849967655e-01,0.000000000000000000e+00,-3.053113317719180486e-15,-2.247505471200860215e-18,0.000000000000000000e+00,-2.247505471200860215e-18,0.000000000000000000e+00,0.000000000000000000e+00,2.669565878849967655e-01,2.669565878849967655e-01,0.000000000000000000e+00,1.387431836086250314e-14
4.000000000000000000e+00,4.315000000000000000e+03,2.669565878849967100e-01,0.000000000000000000e+00,-3.108624468950438313e-15,-1.559728246906540458e-18,0.000000000000000000e+00,-1.559728246906540458e-18,0.000000000000000000e+00,0.000000000000000000e+00,2.669565878849964324e-01,2.669565878849967100e-01,0.000000000000000000e+00,1.387431836086250314e-14
4.000000000000000000e+00,4.320000000000000000e+03,2.669565878849968210e-01,0.000000000000000000e+00,-2.997602166487922659e-15,-1.650080756580246210e-18,0.000000000000000000e+00,-1.650080756580246210e-18,0.000000000000000000e+00,0.000000000000000000e+00,2.669565878849967655e-01,2.669565878849967100e-01,0.000000000000000000e+00,1.387431836086250314e-14
4.000000000000000000e+00,4.325000000000000000e+03,2.669565878849967655e-01,0.000000000000000000e+00,-3.053113317719180486e-15,-1.866854024758816841e-18,0.000000000000000000e+00,-1.866854024758816841e-18,0.000000000000000000e+00,0.000000000000000000e+00,2.669565878849969320e-01,2.669565878849969320e-01,0.000000000000000000e+00,1.387431836086250314e-14
4.000000000000000000e+00,4.330000000000000000e+03,2.669565878849966545e-01,0.000000000000000000e+00,-3.164135620181696140e-15,-2.162818923399224622e-18,0.000000000000000000e+00,-2.162818923399224622e-18,0.000000000000000000e+00,0.000000000000000000e+00,2.669565878849968210e-01,2.669565878849968210e-01,0.000000000000000000e+00,1.387431836086250314e-14
4.000000000000000000e+00,4.335000000000000000e+03,2.669565878849967100e-01,0.000000000000000000e+00,-3.108624468950438313e-15,-2.017376821622279274e-18,0.000000000000000000e+00,-2.017376821622279274e-18,0.000000000000000000e+00,0.000000000000000000e+00,2.669565878849966545e-01,2.669565878849967655e-01,0.000000000000000000e+00,1.387431836086250314e-14
4.000000000000000000e+00,4.340000000000000000e+03,2.669565878849967655e-01,0.000000000000000000e+00,-3.053113317719180486e-15,-1.880166674888877649e-18,0.000000000000000000e+00,-1.880166674888877649e-18,0.000000000000000000e+00,0.000000000000000000e+00,2.669565878849965435e-01,2.669565878849965990e-01,0.000000000000000000e+00,1.387431836086250314e-14
4.000000000000000000e+00,4.345000000000000000e+03,2.669565878849967655e-01,0.000000000000000000e+00,-3.053113317719180486e-15,-1.849520981098328619e-18,0.000000000000000000e+00,-1.849520981098328619e-18,0.000000000000000000e+00,0.000000000000000000e+00,2.669565878849967100e-01,2.669565878849968210e-01,0.000000000000000000e+00,1.387431836086250314e-14
4.000000000000000000e+00,4.350000000000000000e+03,2.669565878849968210e-01,0.000000000000000000e+00,-2.997602166487922659e-15,-2.078867190518855421e-18,0.000000000000000000e+00,-2.078867190518855421e-18,0.000000000000000000e+00,0.000000000000000000e+00,2.669565878849964324e-01,2.669565878849966545e-01,0.000000000000000000e+00,1.387431836086250314e-14
4.000000000000000000e+00,4.355000000000000000e+03,2.669565878849968210e-01,0.000000000000000000e+00,-2.997602166487922659e-15,-1.961583089195326430e-18,0.000000000000000000e+00,-1.961583089195326430e-18,0.000000000000000000e+00,0.000000000000000000e+00,2.669565878849967100e-01,2.669565878849968210e-01,0.000000000000000000e+00,1.387431836086250314e-14
4.000000000000000000e+00,4.360000000000000000e+03,2.669565878849965435e-01,0.000000000000000000e+00,-3.275157922644211794e-15,-1.817539663652732078e-18,0.000000000000000000e+00,-1.817539663652732078e-18,0.000000000000000000e+00,0.000000000000000000e+00,2.669565878849964879e-01,2.669565878849966545e-01,0.000000000000000000e+00,1.387431836086250314e-14
4.000000000000000000e+00,4.365000000000000000e+03,2.669565878849965435e-01,0.000000000000000000e+00,-3.275157922644211794e-15,-1.980313797757863379e-18,0.000000000000000000e+00,-1.980313797757863379e-18,0.000000000000000000e+00,0.000000000000000000e+00,2.669565878849969320e-01,2.669565878849967100e-01,0.000000000000000000e+00,1.387431836086250314e-14
4.000000000000000000e+00,4.370000000000000000e+03,2.669565878849967100e-01,0.000000000000000000e+00,-3.108624468950438313e-15,-2.211335654395073995e-18,0.000000000000000000e+00,-2.211335654395073995e-18,0.000000000000000000e+00,0.000000000000000000e+00,2.669565878849967100e-01,2.669565878849967100e-01,0.000000000000000000e+00,1.387431836086250314e-14
4.000000000000000000e+00,4.375000000000000000e+03,2.669565878849968210e-01,0.000000000000000000e+00,-2.997602166487922659e-15,-1.862282396836298901e-18,0.000000000000000000e+00,-1.862282396836298901e-18,0.000000000000000000e+00,0.000000000000000000e+00,2.669565878849965990e-01,2.669565878849966545e-01,0.000000000000000000e+00,1.387431836086250314e-14
4.000000000000000000e+00,4.380000000000000000e+03,2.669565878849967655e-01,0.000000000000000000e+00,-3.053113317719180486e-15,-2.379851893473523246e-18,0.000000000000000000e+00,-2.379851893473523246e-18,0.000000000000000000e+00,0.000000000000000000e+00,2.669565878849967655e-01,2.669565878849968210e-01,0.000000000000000000e+00,1.387431836086250314e-14
4.000000000000000000e+00,4.385000000000000000e+03,2.669565878849967100e-01,0.000000000000000000e+00,-3.108624468950438313e-15,-1.791700669751650201e-18,0.000000000000000000e+00,-1.791700669751650201e-18,0.000000000000000000e+00,0.000000000000000000e+00,2.669565878849965435e-01,2.669565878849966545e-01,0.000000000000000000e+00,1.387431836086250314e-14
4.000000000000000000e+00,4.390000000000000000e+03,2.669565878849966545e-01,0.000000000000000000e+00,-3.164135620181696140e-15,-1.702595687685090517e-18,0.000000000000000000e+00,-1.702595687685090517e-18,0.000000000000000000e+00,0.000000000000000000e+00,2.669565878849963769e-01,2.669565878849967100e-01,0.000000000000000000e+00,1.387431836086250314e-14
4.000000000000000000e+00,4.395000000000000000e+03,2.669565878849967100e-01,0.000000000000000000e+00,-3.108624468950438313e-15,-1.842818643455392680e-18,0.000000000000000000e+00,-1.842818643455392680e-18,0.000000000000000000e+00,0.000000000000000000e+00,2.669565878849967100e-01,2.669565878849968210e-01,0.000000000000000000e+00,1.387431836086250314e-14
4.000000000000000000e+00,4.400000000000000000e+03,2.669565878849966545e-01,0.000000000000000000e+00,-3.164135620181696140e-15,-1.759202575358303186e-18,0.000000000000000000e+00,-1.759202575358303186e-18,0.000000000000000000e+00,0.000000000000000000e+00,2.669565878849965435e-01,2.669565878849965435e-01,0.000000000000000000e+00,1.387431836086250314e-14
4.000000000000000000e+00,4.405000000000000000e+03,2.669565878849965990e-01,0.000000000000000000e+00,-3.219646771412953967e-15,-1.811551346860523492e-18,0.000000000000000000e+00,-1.811551346860523492e-18,0.000000000000000000e+00,0.000000000000000000e+00,2.669565878849965435e-01,2.669565878849967100e-01,0.000000000000000000e+00,1.387431836086250314e-14
4.000000000000000000e+00,4.410000000000000000e+03,2.669565878849967100e-01,0.000000000000000000e+00,-3.108624468950438313e-15,-1.756484905565554500e-18,0.000000000000000000e+00,-1.756484905565554500e-18,0.000000000000000000e+00,0.000000000000000000e+00,2.669565878849965435e-01,2.669565878849965990e-01,0.000000000000000000e+00,1.387431836086250314e-14
4.000000000000000000e+00,4.415000000000000000e+03,2.669565878849966545e-01,0.000000000000000000e+00,-3.164135620181696140e-15,-2.184251610086793287e-18,0.000000000000000000e+00,-2.184251610086793287e-18,0.000000000000000000e+00,0.000000000000000000e+00,2.669565878849969875e-01,2.669565878849967100e-01,0.000000000000000000e+00,1.387431836086250314e-14
4.000000000000000000e+00,4.420000000000000000e+03,2.669565878849966545e-01,0.000000000000000000e+00,-3.164135620181696140e-15,-1.910129116736151409e-18,0.000000000000000000e+00,-1.910129116736151409e-18,0.000000000000000000e+00,0.000000000000000000e+00,2.669565878849965435e-01,2.669565878849965990e-01,0.000000000000000000e+00,1.387431836086250314e-14
4.000000000000000000e+00,4.425000000000000000e+03,2.669565878849967655e-01,0.000000000000000000e+00,-3.053113317719180486e-15,-2.287936894956564160e-18,0.000000000000000000e+00,-2.287936894956564160e-18,0.000000000000000000e+00,0.000000000000000000e+00,2.669565878849966545e-01,2.669565878849967100e-01,0.000000000000000000e+00,1.387431836086250314e-14
4.000000000000000000e+00,4.430000000000000000e+03,2.669565878849966545e-01,0.000000000000000000e+00,-3.164135620181696140e-15,-2.086688727259511636e-18,0.000000000000000000e+00,-2.086688727259511636e-18,0.000000000000000000e+00,0.000000000000000000e+00,2.669565878849965990e-01,2.669565878849967100e-01,0.000000000000000000e+00,1.387431836086250314e-14
4.000000000000000000e+00,4.435000000000000000e+03,2.669565878849967655e-01,0.000000000000000000e+00,-3.053113317719180486e-15,-1.914788597409245848e-18,0.000000000000000000e+00,-1.914788597409245848e-18,0.000000000000000000e+00,0.000000000000000000e+00,2.669565878849963769e-01,2.669565878849966545e-01,0.000000000000000000e+00,1.387431836086250314e-14
4.000000000000000000e+00,4.440000000000000000e+03,2.669565878849967100e-01,0.000000000000000000e+00,-3.108624468950438313e-15,-1.834108493098494582e-18,0.000000000000000000e+00,-1.834108493098494582e-18,0.000000000000000000e+00,0.000000000000000000e+00,2.669565878849963769e-01,2.669565878849967655e-01,0.000000000000000000e+00,1.387431836086250314e-14
4.000000000000000000e+00,4.445000000000000000e+03,2.669565878849965435e-01,0.000000000000000000e+00,-3.275157922644211794e-15,-1.755375507730104572e-18,0.000000000000000000e+00,-1.755375507730104572e-18,0.000000000000000000e+00,0.000000000000000000e+00,2.669565878849966545e-01,2.669565878849965435e-01,0.000000000000000000e+00,1.387431836086250314e-14
4.000000000000000000e+00,4.450000000000000000e+03,2.669565878849966545e-01,0.000000000000000000e+00,-3.164135620181696140e-15,-1.558837735076390448e-18,0.000000000000000000e+00,-1.558837735076390448e-18,0.000000000000000000e+00,0.000000000000000000e+00,2.669565878849963214e-01,2.669565878849967100e-01,0.000000000000000000e+00,1.387431836086250314e-14
4.000000000000000000e+00,4.455000000000000000e+03,2.669565878849965990e-01,0.000000000000000000e+00,-3.219646771412953967e-15,-1.728995284162207190e-18,0.000000000000000000e+00,-1.728995284162207190e-18,0.000000000000000000e+00,0.000000000000000000e+00,2.669565878849966545e-01,2.669565878849966545e-01,0.000000000000000000e+00,1.387431836086250314e-14
4.000000000000000000e+00,4.460000000000000000e+03,2.669565878849966545e-01,0.000000000000000000e+00,-3.164135620181696140e-15,-1.951029059044122888e-18,0.000000000000000000e+00,-1.951029059044122888e-18,0.000000000000000000e+00,0.000000000000000000e+00,2.669565878849963769e-01,2.669565878849964324e-01,0.000000000000000000e+00,1.387431836086250314e-14
4.000000000000000000e+00,4.465000000000000000e+03,2.669565878849966545e-01,0.000000000000000000e+00,-3.164135620181696140e-15,-1.954298635414183997e-18,0.000000000000000000e+00,-1.954298635414183997e-18,0.000000000000000000e+00,0.000000000000000000e+00,2.669565878849965990e-01,2.669565878849967100e-01,0.000000000000000000e+00,1.387431836086250314e-14
4.000000000000000000e+00,4.470000000000000000e+03,2.669565878849966545e-01,0.000000000000000000e+00,-3.164135620181696140e-15,-1.614176533262081409e-18,0.000000000000000000e+00,-1.614176533262081409e-18,0.000000000000000000e+00,0.000000000000000000e+00,2.669565878849967655e-01,2.669565878849965990e-01,0.000000000000000000e+00,1.387431836086250314e-14
4.000000000000000000e+00,4.475000000000000000e+03,2.669565878849965435e-01,0.000000000000000000e+00,-3.275157922644211794e-15,-2.070135194293707023e-18,0.000000000000000000e+00,-2.070135194293707023e-18,0.000000000000000000e+00,0.000000000000000000e+00,2.669565878849966545e-01,2.669565878849967100e-01,0.000000000000000000e+00,1.387431836086250314e-14
4.000000000000000000e+00,4.480000000000000000e+03,2.669565878849966545e-01,0.000000000000000000e+00,-3.164135620181696140e-15,-1.647804663505797676e-18,0.000000000000000000e+00,-1.647804663505797676e-18,0.000000000000000000e+00,0.000000000000000000e+00,2.669565878849968210e-01,2.669565878849964879e-01,0.000000000000000000e+00,1.387431836086250314e-14
4.000000000000000000e+00,4.485000000000000000e+03,2.669565878849966545e-01,0.000000000000000000e+00,-3.164135620181696140e-15,-2.228703641084810201e-18,0.000000000000000000e+00,-2.228703641084810201e-18,0.000000000000000000e+00,0.000000000000000000e+00,2.669565878849964879e-01,2.669565878849965435e-01,0.000000000000000000e+00,1.387431836086250314e-14
4.000000000000000000e+00,4.490000000000000000e+03,2.669565878849964324e-01,0.000000000000000000e+00,-3.386180225106727448e-15,-1.969202368159309925e-18,0.000000000000000000e+00,-1.969202368159309925e-18,0.000000000000000000e+00,0.000000000000000000e+00,2.669565878849963214e-01,2.669565878849964324e-01,0.000000000000000000e+00,1.387431836086250314e-14
4.000000000000000000e+00,4.495000000000000000e+03,2.669565878849965990e-01,0.000000000000000000e+00,-3.219646771412953967e-15,-2.190476187009313868e-18,0.000000000000000000e+00,-2.190476187009313868e-18,0.000000000000000000e+00,0.000000000000000000e+00,2.669565878849967100e-01,2.669565878849967100e-01,0.000000000000000000e+00,1.387431836086250314e-14
4.000000000000000000e+00,4.500000000000000000e+03,2.669565878849965435e-01,0.000000000000000000e+00,-3.275157922644211794e-15,-1.985334170077218731e-18,0.000000000000000000e+00,-1.985334170077218731e-18,0.000000000000000000e+00,0.000000000000000000e+00,2.669565878849961549e-01,2.669565878849965435e-01,0.000000000000000000e+00,1.387431836086250314e-14
4.000000000000000000e+00,4.505000000000000000e+03,2.669565878849965435e-01,0.000000000000000000e+00,-3.275157922644211794e-15,-2.107980515361959256e-18,0.000000000000000000e+00,-2.107980515361959256e-18,0.000000000000000000e+00,0.000000000000000000e+00,2.669565878849966545e-01,2.669565878849966545e-01,0.000000000000000000e+00,1.387431836086250314e-14
4.000000000000000000e+00,4.510000000000000000e+03,2.669565878849965435e-01,0.000000000000000000e+00,-3.275157922644211794e-15,-1.847876819074798828e-18,0.000000000000000000e+00,-1.847876819074798828e-18,0.000000000000000000e+00,0.000000000000000000e+00,2.669565878849964324e-01,2.669565878849963214e-01,0.000000000000000000e+00,1.387431836086250314e-14
4.000000000000000000e+00,4.515000000000000000e+03,2.669565878849964324e-01,0.000000000000000000e+00,-3.386180225106727448e-15,-1.698451450212198410e-18,0.000000000000000000e+00,-1.698451450212198410e-18,0.000000000000000000e+00,0.000000000000000000e+00,2.669565878849967100e-01,2.669565878849964879e-01,0.000000000000000000e+00,1.387431836086250314e-14
4.000000000000000000e+00,4.520000000000000000e+03,2.669565878849964879e-01,0.000000000000000000e+00,-3.330669073875469621e-15,-1.903050066835189462e-18,0.000000000000000000e+00,-1.903050066835189462e-18,0.000000000000000000e+00,0.000000000000000000e+00,2.669565878849967655e-01,2.669565878849966545e-01,0.000000000000000000e+00,1.387431836086250314e-14
4.000000000000000000e+00,4.525000000000000000e+03,2.669565878849964324e-01,0.000000000000000000e+00,-3.386180225106727448e-15,-2.118765276801380025e-18,0.000000000000000000e+00,-2.118765276801380025e-18,0.000000000000000000e+00,0.000000000000000000e+00,2.669565878849963769e-01,2.669565878849964879e-01,0.000000000000000000e+00,1.387431836086250314e-14
4.000000000000000000e+00,4.530000000000000000e+03,2.669565878849964879e-01,0.000000000000000000e+00,-3.330669073875469621e-15,-1.816757771885535700e-18,0.000000000000000000e+00,-1.816757771885535700e-18,0.000000000000000000e+00,0.000000000000000000e+00,2.669565878849963214e-01,2.669565878849964879e-01,0.000000000000000000e+00,1.387431836086250314e-14
4.000000000000000000e+00,4.535000000000000000e+03,2.669565878849964324e-01,0.000000000000000000e+00,-3.386180225106727448e-15,-1.891206949531969590e-18,0.000000000000000000e+00,-1.891206949531969590e-18,0.000000000000000000e+00,0.000000000000000000e+00,2.669565878849964324e-01,2.669565878849965435e-01,0.000000000000000000e+00,1.387431836086250314e-14
4.000000000000000000e+00,4.540000000000000000e+03,2.669565878849965435e-01,0.000000000000000000e+00,-3.275157922644211794e-15,-2.259929812606263565e-18,0.000000000000000000e+00,-2.259929812606263565e-18,0.000000000000000000e+00,0.000000000000000000e+00,2.669565878849965435e-01,2.669565878849965990e-01,0.000000000000000000e+00,1.387431836086250314e-14
4.000000000000000000e+00,4.545000000000000000e+03,2.669565878849964879e-01,0.000000000000000000e+00,-3.330669073875469621e-15,-1.772495825619034408e-18,0.000000000000000000e+00,-1.772495825619034408e-18,0.000000000000000000e+00,0.000000000000000000e+00,2.669565878849965990e-01,2.669565878849964879e-01,0.000000000000000000e+00,1.387431836086250314e-14
4.000000000000000000e+00,4.550000000000000000e+03,2.669565878849965435e-01,0.000000000000000000e+00,-3.275157922644211794e-15,-1.860432385989794530e-18,0.000000000000000000e+00,-1.860432385989794530e-18,0.000000000000000000e+00,0.000000000000000000e+00,2.669565878849963214e-01,2.669565878849964879e-01,0.000000000000000000e+00,1.387431836086250314e-14
4.000000000000000000e+00,4.555000000000000000e+03,2.669565878849965990e-01,0.000000000000000000e+00,-3.219646771412953967e-15,-1.544473693252309188e-18,0.000000000000000000e+00,-1.544473693252309188e-18,0.000000000000000000e+00,0.000000000000000000e+00,2.669565878849964879e-01,2.669565878849966545e-01,0.000000000000000000e+00,1.387431836086250314e-14
4.000000000000000000e+00,4.560000000000000000e+03,2.669565878849965435e-01,0.000000000000000000e+00,-3.275157922644211794e-15,-1.453230332273206916e-18,0.000000000000000000e+00,-1.453230332273206916e-18,0.000000000000000000e+00,0.000000000000000000e+00,2.669565878849964324e-01,2.669565878849965990e-01,0.000000000000000000e+00,1.387431836086250314e-14
4.000000000000000000e+00,4.565000000000000000e+03,2.669565878849965435e-01,0.000000000000000000e+00,-3.275157922644211794e-15,-2.028254126467571407e-18,0.000000000000000000e+00,-2.028254126467571407e-18,0.000000000000000000e+00,0.000000000000000000e+00,2.669565878849968210e-01,2.669565878849963769e-01,0.000000000000000000e+00,1.387431836086250314e-14
4.000000000000000000e+00,4.570000000000000000e+03,2.669565878849963769e-01,0.000000000000000000e+00,-3.441691376337985275e-15,-1.432765209713939199e-18,0.000000000000000000e+00,-1.432765209713939199e-18,0.000000000000000000e+00,0.000000000000000000e+00,2.669565878849964324e-01,2.669565878849964879e-01,0.000000000000000000e+00,1.387431836086250314e-14
4.000000000000000000e+00,4.575000000000000000e+03,2.669565878849964879e-01,0.000000000000000000e+00,-3.330669073875469621e-15,-1.864534075763825224e-18,0.000000000000000000e+00,-1.864534075763825224e-18,0.000000000000000000e+00,0.000000000000000000e+00,2.669565878849967100e-01,2.669565878849965435e-01,0.000000000000000000e+00,1.387431836086250314e-14
4.000000000000000000e+00,4.580000000000000000e+03,2.669565878849964879e-01,0.000000000000000000e+00,-3.330669073875469621e-15,-1.414985349380230436e-18,0.000000000000000000e+00,-1.414985349380230436e-18,0.000000000000000000e+00,0.000000000000000000e+00,2.669565878849964324e-01,2.669565878849965435e-01,0.000000000000000000e+00,1.387431836086250314e-14
4.000000000000000000e+00,4.585000000000000000e+03,2.669565878849964324e-01,0.000000000000000000e+00,-3.386180225106727448e-15,-1.408931265367949544e-18,0.000000000000000000e+00,-1.408931265367949544e-18,0.000000000000000000e+00,0.000000000000000000e+00,2.669565878849961549e-01,2.669565878849964324e-01,0.000000000000000000e+00,1.387431836086250314e-14
4.000000000000000000e+00,4.590000000000000000e+03,2.669565878849964324e-01,0.000000000000000000e+00,-3.386180225106727448e-15,-1.899937473532831845e-18,0.000000000000000000e+00,-1.899937473532831845e-18,0.000000000000000000e+00,0.000000000000000000e+00,2.669565878849963769e-01,2.669565878849964324e-01,0.000000000000000000e+00,1.387431836086250314e-14
4.000000000000000000e+00,4.595000000000000000e+03,2.669565878849964324e-01,0.000000000000000000e+00,-3.386180225106727448e-15,-1.980230482257534673e-18,0.000000000000000000e+00,-1.980230482257534673e-18,0.000000000000000000e+00,0.000000000000000000e+00,2.669565878849964879e-01,2.669565878849963214e-01,0.000000000000000000e+00,1.387431836086250314e-14
4.000000000000000000e+00,4.600000000000000000e+03,2.669565878849965435e-01,0.000000000000000000e+00,-3.275157922644211794e-15,-1.892275135839581647e-18,0.000000000000000000e+00,-1.892275135839581647e-18,0.000000000000000000e+00,0.000000000000000000e+00,2.669565878849963769e-01,2.669565878849965435e-01,0.000000000000000000e+00,1.387431836086250314e-14
4.000000000000000000e+00,4.605000000000000000e+03,2.669565878849964324e-01,0.000000000000000000e+00,-3.386180225106727448e-15,-2.154267577886471872e-18,0.000000000000000000e+00,-2.154267577886471872e-18,0.000000000000000000e+00,0.000000000000000000e+00,2.669565878849965990e-01,2.669565878849965435e-01,0.000000000000000000e+00,1.387431836086250314e-14
4.000000000000000000e+00,4.610000000000000000e+03,2.669565878849963214e-01,0.000000000000000000e+00,-3.497202527569243102e-15,-1.649044363391331643e-18,0.000000000000000000e+00,-1.649044363391331643e-18,0.000000000000000000e+00,0.000000000000000000e+00,2.669565878849962659e-01,2.669565878849964879e-01,0.000000000000000000e+00,1.387431836086250314e-14
4.000000000000000000e+00,4.615000000000000000e+03,2.669565878849964879e-01,0.000000000000000000e+00,-3.330669073875469621e-15,-1.916774684313276593e-18,0.000000000000000000e+00,-1.916774684313276593e-18,0.000000000000000000e+00,0.000000000000000000e+00,2.669565878849963214e-01,2.669565878849964324e-01,0.000000000000000000e+00,1.387431836086250314e-14
4.000000000000000000e+00,4.620000000000000000e+03,2.669565878849964879e-01,0.000000000000000000e+00,-3.330669073875469621e-15,-2.081310730112054298e-18,0.000000000000000000e+00,-2.081310730112054298e-18,0.000000000000000000e+00,0.000000000000000000e+00,2.669565878849965435e-01,2.669565878849964879e-01,0.000000000000000000e+00,1.387431836086250314e-14
4.000000000000000000e+00,4.625000000000000000e+03,2.669565878849965990e-01,0.000000000000000000e+00,-3.219646771412953967e-15,-2.041340940437456488e-18,0.000000000000000000e+00,-2.041340940437456488e-18,0.000000000000000000e+00,0.000000000000000000e+00,2.669565878849963214e-01,2.669565878849964324e-01,0.000000000000000000e+00,1.387431836086250314e-14
4.000000000000000000e+00,4.630000000000000000e+03,2.669565878849964324e-01,0.000000000000000000e+00,-3.386180225106727448e-15,-2.106635180412649916e-18,0.000000000000000000e+00,-2.106635180412649916e-18,0.000000000000000000e+00,0.000000000000000000e+00,2.669565878849964324e-01,2.669565878849962659e-01,0.000000000000000000e+00,1.387431836086250314e-14
4.000000000000000000e+00,4.635000000000000000e+03,2.669565878849964879e-01,0.000000000000000000e+00,-3.330669073875469621e-15,-1.555683271309103106e-18,0.000000000000000000e+00,-1.555683271309103106e-18,0.000000000000000000e+00,0.000000000000000000e+00,2.669565878849965435e-01,2.669565878849964879e-01,0.000000000000000000e+00,1.387431836086250314e-14
4.000000000000000000e+00,4.640000000000000000e+03,2.669565878849963769e-01,0.000000000000000000e+00,-3.441691376337985275e-15,-2.093286457957934532e-18,0.000000000000000000e+00,-2.093286457957934532e-18,0.000000000000000000e+00,0.000000000000000000e+00,2.669565878849962104e-01,2.669565878849963769e-01,0.000000000000000000e+00,1.387431836086250314e-14
4.000000000000000000e+00,4.645000000000000000e+03,2.669565878849964324e-01,0.000000000000000000e+00,-3.386180225106727448e-15,-1.315139777642077743e-18,0.000000000000000000e+00,-1.315139777642077743e-18,0.000000000000000000e+00,0.000000000000000000e+00,2.669565878849963214e-01,2.669565878849965435e-01,0.000000000000000000e+00,1.387431836086250314e-14
4.000000000000000000e+00,4.650000000000000000e+03,2.669565878849964324e-01,0.000000000000000000e+00,-3.386180225106727448e-15,-2.265049745962372480e-18,0.000000000000000000e+00,-2.265049745962372480e-18,0.000000000000000000e+00,0.000000000000000000e+00,2.669565878849965990e-01,2.669565878849964879e-01,0.000000000000000000e+00,1.387431836086250314e-14
4.000000000000000000e+00,4.655000000000000000e+03,2.669565878849963769e-01,0.000000000000000000e+00,-3.441691376337985275e-15,-1.887016518464415470e-18,0.000000000000000000e+00,-1.887016518464415470e-18,0.000000000000000000e+00,0.000000000000000000e+00,2.669565878849965990e-01,2.669565878849963769e-01,0.000000000000000000e+00,1.387431836086250314e-14
4.000000000000000000e+00,4.660000000000000000e+03,2.669565878849965435e-01,0.000000000000000000e+00,-3.275157922644211794e-15,-1.991753253593240398e-18,0.000000000000000000e+00,-1.991753253593240398e-18,0.000000000000000000e+00,0.000000000000000000e+00,2.669565878849962659e-01,2.669565878849961549e-01,0.000000000000000000e+00,1.387431836086250314e-14
4.000000000000000000e+00,4.665000000000000000e+03,2.669565878849965435e-01,0.000000000000000000e+00,-3.275157922644211794e-15,-2.447577702450021170e-18,0.000000000000000000e+00,-2.447577702450021170e-18,0.000000000000000000e+00,0.000000000000000000e+00,2.669565878849964324e-01,2.669565878849963769e-01,0.000000000000000000e+00,1.387431836086250314e-14
4.000000000000000000e+00,4.670000000000000000e+03,2.669565878849964324e-01,0.000000000000000000e+00,-3.386180225106727448e-15,-1.771322870181840360e-18,0.000000000000000000e+00,-1.771322870181840360e-18,0.000000000000000000e+00,0.000000000000000000e+00,2.669565878849963769e-01,2.669565878849964324e-01,0.000000000000000000e+00,1.387431836086250314e-14
4.000000000000000000e+00,4.675000000000000000e+03,2.669565878849963214e-01,0.000000000000000000e+00,-3.497202527569243102e-15,-2.019013349340269150e-18,0.000000000000000000e+00,-2.019013349340269150e-18,0.000000000000000000e+00,0.000000000000000000e+00,2.669565878849964879e-01,2.669565878849962104e-01,0.000000000000000000e+00,1.387431836086250314e-14
4.000000000000000000e+00,4.680000000000000000e+03,2.669565878849963769e-01,0.000000000000000000e+00,-3.441691376337985275e-15,-1.816045472039002726e-18,0.000000000000000000e+00,-1.816045472039002726e-18,0.000000000000000000e+00,0.000000000000000000e+00,2.669565878849964879e-01,2.669565878849967100e-01,0.000000000000000000e+00,1.387431836086250314e-14
4.000000000000000000e+00,4.685000000000000000e+03,2.669565878849963769e-01,0.000000000000000000e+00,-3.441691376337985275e-15,-1.922164249872406169e-18,0.000000000000000000e+00,-1.922164249872406169e-18,0.000000000000000000e+00,0.000000000000000000e+00,2.669565878849963214e-01,2.669565878849963769e-01,0.000000000000000000e+00,1.387431836086250314e-14
4.000000000000000000e+00,4.690000000000000000e+03,2.669565878849965435e-01,0.000000000000000000e+00,-3.275157922644211794e-15,-2.097173331188707192e-18,0.000000000000000000e+00,-2.097173331188707192e-18,0.000000000000000000e+00,0.000000000000000000e+00,2.669565878849959883e-01,2.669565878849963214e-01,0.000000000000000000e+00,1.387431836086250314e-14
4.000000000000000000e+00,4.695000000000000000e+03,2.669565878849964324e-01,0.000000000000000000e+00,-3.386180225106727448e-15,-1.912349360982865192e-18,0.000000000000000000e+00,-1.912349360982865192e-18,0.000000000000000000e+00,0.000000000000000000e+00,2.669565878849960994e-01,2.669565878849963214e-01,0.000000000000000000e+00,1.387431836086250314e-14
4.000000000000000000e+00,4.700000000000000000e+03,2.669565878849962659e-01,0.000000000000000000e+00,-3.552713678800500929e-15,-1.670344804982365176e-18,0.000000000000000000e+00,-1.670344804982365176e-18,0.000000000000000000e+00,0.000000000000000000e+00,2.669565878849963214e-01,2.669565878849963769e-01,0.000000000000000000e+00,1.387431836086250314e-14
4.000000000000000000e+00,4.705000000000000000e+03,2.669565878849962104e-01,0.000000000000000000e+00,-3.608224830031758756e-15,-2.003884482912448149e-18,0.000000000000000000e+00,-2.003884482912448149e-18,0.000000000000000000e+00,0.000000000000000000e+00,2.669565878849965435e-01,2.669565878849964879e-01,0.000000000000000000e+00,1.387431836086250314e-14
4.000000000000000000e+00,4.710000000000000000e+03,2.669565878849963214e-01,0.000000000000000000e+00,-3.497202527569243102e-15,-1.987000229364864519e-18,0.000000000000000000e+00,-1.987000229364864519e-18,0.000000000000000000e+00,0.000000000000000000e+00,2.669565878849963769e-01,2.669565878849964879e-01,0.000000000000000000e+00,1.387431836086250314e-14
4.000000000000000000e+00,4.715000000000000000e+03,2.669565878849963769e-01,0.000000000000000000e+00,-3.441691376337985275e-15,-1.807347512801642786e-18,0.000000000000000000e+00,-1.807347512801642786e-18,0.000000000000000000e+00,0.000000000000000000e+00,2.669565878849961549e-01,2.669565878849961549e-01,0.000000000000000000e+00,1.387431836086250314e-14
4.000000000000000000e+00,4.720000000000000000e+03,2.669565878849963769e-01,0.000000000000000000e+00,-3.441691376337985275e-15,-1.795724256792970340e-18,0.000000000000000000e+00,-1.795724256792970340e-18,0.000000000000000000e+00,0.000000000000000000e+00,2.669565878849962659e-01,2.669565878849961549e-01,0.000000000000000000e+00,1.387431836086250314e-14
4.000000000000000000e+00,4.725000000000000000e+03,2.669565878849963214e-01,0.000000000000000000e+00,-3.497202527569243102e-15,-1.146386722671342438e-18,0.000000000000000000e+00,-1.146386722671342438e-18,0.000000000000000000e+00,0.000000000000000000e+00,2.669565878849962104e-01,2.669565878849961549e-01,0.000000000000000000e+00,1.387431836086250314e-14
4.000000000000000000e+00,4.730000000000000000e+03,2.669565878849963214e-01,0.000000000000000000e+00,-3.497202527569243102e-15,-1.560551219520454871e-18,0.000000000000000000e+00,-1.560551219520454871e-18,0.000000000000000000e+00,0.000000000000000000e+00,2.669565878849960994e-01,2.669565878849962104e-01,0.000000000000000000e+00,1.387431836086250314e-14
4.000000000000000000e+00,4.735000000000000000e+03,2.669565878849962659e-01,0.000000000000000000e+00,-3.552713678800500929e-15,-1.998651448763443946e-18,0.000000000000000000e+00,-1.998651448763443946e-18,0.000000000000000000e+00,0.000000000000000000e+00,2.669565878849962104e-01,2.669565878849961549e-01,0.000000000000000000e+00,1.387431836086250314e-14
4.000000000000000000e+00,4.740000000000000000e+03,2.669565878849962659e-01,0.000000000000000000e+00,-3.552713678800500929e-15,-1.890325222335375541e-18,0.000000000000000000e+00,-1.890325222335375541e-18,0.000000000000000000e+00,0.000000000000000000e+00,2.669565878849962104e-01,2.669565878849962104e-01,0.000000000000000000e+00,1.387431836086250314e-14
4.000000000000000000e+00,4.745000000000000000e+03,2.669565878849962659e-01,0.000000000000000000e+00,-3.552713678800500929e-15,-2.065382111601271736e-18,0.000000000000000000e+00,-2.065382111601271736e-18,0.000000000000000000e+00,0.000000000000000000e+00,2.669565878849964879e-01,2.669565878849965435e-01,0.000000000000000000e+00,1.387431836086250314e-14
4.000000000000000000e+00,4.750000000000000000e+03,2.669565878849963214e-01,0.000000000000000000e+00,-3.497202527569243102e-15,-2.148462416067690662e-18,0.000000000000000000e+00,-2.148462416067690662e-18,0.000000000000000000e+00,0.000000000000000000e+00,2.669565878849962659e-01,2.669565878849963214e-01,0.000000000000000000e+00,1.387431836086250314e-14
4.000000000000000000e+00,4.755000000000000000e+03,2.669565878849962659e-01,0.000000000000000000e+00,-3.552713678800500929e-15,-1.848700510624987823e-18,0.000000000000000000e+00,-1.848700510624987823e-18,0.000000000000000000e+00,0.000000000000000000e+00,2.669565878849966545e-01,2.669565878849964879e-01,0.000000000000000000e+00,1.387431836086250314e-14
4.000000000000000000e+00,4.760000000000000000e+03,2.669565878849962659e-01,0.000000000000000000e+00,-3.552713678800500929e-15,-1.722938513267595009e-18,0.000000000000000000e+00,-1.722938513267595009e-18,0.000000000000000000e+00,0.000000000000000000e+00,2.669565878849960994e-01,2.669565878849963214e-01,0.000000000000000000e+00,1.387431836086250314e-14
4.000000000000000000e+00,4.765000000000000000e+03,2.669565878849963769e-01,0.000000000000000000e+00,-3.441691376337985275e-15,-2.443206804059721483e-18,0.000000000000000000e+00,-2.443206804059721483e-18,0.000000000000000000e+00,0.000000000000000000e+00,2.669565878849965435e-01,2.669565878849962659e-01,0.000000000000000000e+00,1.387431836086250314e-14
4.000000000000000000e+00,4.770000000000000000e+03,2.669565878849962104e-01,0.000000000000000000e+00,-3.608224830031758756e-15,-1.850705620411187881e-18,0.000000000000000000e+00,-1.850705620411187881e-18,0.000000000000000000e+00,0.000000000000000000e+00,2.669565878849964324e-01,2.669565878849963769e-01,0.000000000000000000e+00,1.387431836086250314e-14
4.000000000000000000e+00,4.775000000000000000e+03,2.669565878849962104e-01,0.000000000000000000e+00,-3.608224830031758756e-15,-1.688309118211815007e-18,0.000000000000000000e+00,-1.688309118211815007e-18,0.000000000000000000e+00,0.000000000000000000e+00,2.669565878849963769e-01,2.669565878849962104e-01,0.000000000000000000e+00,1.387431836086250314e-14
4.000000000000000000e+00,4.780000000000000000e+03,2.669565878849963214e-01,0.000000000000000000e+00,-3.497202527569243102e-15,-1.857927657447538212e-18,0.000000000000000000e+00,-1.857927657447538212e-18,0.000000000000000000e+00,0.000000000000000000e+00,2.669565878849960439e-01,2.669565878849962104e-01,0.000000000000000000e+00,1.387431836086250314e-14
4.000000000000000000e+00,4.785000000000000000e+03,2.669565878849962104e-01,0.000000000000000000e+00,-3.608224830031758756e-15,-1.981098907295003041e-18,0.000000000000000000e+00,-1.981098907295003041e-18,0.000000000000000000e+00,0.000000000000000000e+00,2.669565878849963769e-01,2.669565878849963769e-01,0.000000000000000000e+00,1.387431836086250314e-14
4.000000000000000000e+00,4.790000000000000000e+03,2.669565878849962659e-01,0.000000000000000000e+00,-3.552713678800500929e-15,-1.852006896633281737e-18,0.000000000000000000e+00,-1.852006896633281737e-18,0.000000000000000000e+00,0.000000000000000000e+00,2.669565878849960994e-01,2.669565878849962659e-01,0.000000000000000000e+00,1.387431836086250314e-14
4.000000000000000000e+00,4.795000000000000000e+03,2.669565878849962104e-01,0.000000000000000000e+00,-3.608224830031758756e-15,-1.582924481246433436e-18,0.000000000000000000e+00,-1.582924481246433436e-18,0.000000000000000000e+00,0.000000000000000000e+00,2.669565878849963214e-01,2.669565878849962659e-01,0.000000000000000000e+00,1.387431836086250314e-14
4.000000000000000000e+00,4.800000000000000000e+03,2.669565878849963214e-01,0.000000000000000000e+00,-3.497202527569243102e-15,-2.093229606968849271e-18,0.000000000000000000e+00,-2.093229606968849271e-18,0.000000000000000000e+00,0.000000000000000000e+00,2.669565878849962659e-01,2.669565878849962659e-01,0.000000000000000000e+00,1.387431836086250314e-14
