step,time_s,inventory_mol,input_mol,residual_mol,inventory_rate_mol_s,input_rate_mol_s,balance_rate_mol_s,predicted_rate_mol_s,predicted_integral_mol,loop_inventory_mol,supplied_inventory,current_A,capacity_Ah
0.000000000000000000e+00,0.000000000000000000e+00,2.669565878849998186e-01,0.000000000000000000e+00,0.000000000000000000e+00,2.767618298749206313e-18,0.000000000000000000e+00,2.767618298749206313e-18,-1.010334749750189468e-19,0.000000000000000000e+00,2.669565878850003737e-01,2.766810063355795450e-06,0.000000000000000000e+00,0.000000000000000000e+00
0.000000000000000000e+00,5.000000000000000000e+00,2.669565878850003182e-01,0.000000000000000000e+00,4.996003610813204432e-16,1.313008383628655548e-18,0.000000000000000000e+00,1.313008383628655548e-18,1.387263396098739239e-19,9.423216158713744261e-20,2.669565878850002627e-01,2.766810063355795450e-06,0.000000000000000000e+00,0.000000000000000000e+00
0.000000000000000000e+00,1.000000000000000000e+01,2.669565878849999851e-01,0.000000000000000000e+00,1.665334536937734811e-16,1.454733284783075946e-18,0.000000000000000000e+00,1.454733284783075946e-18,2.384473149229773465e-19,1.037166297919265618e-18,2.669565878850003737e-01,2.766810063355794179e-06,0.000000000000000000e+00,0.000000000000000000e+00
0.000000000000000000e+00,1.500000000000000000e+01,2.669565878850000962e-01,0.000000000000000000e+00,2.775557561562891351e-16,1.719240870219083780e-18,0.000000000000000000e+00,1.719240870219083780e-18,2.603318686771740284e-19,2.284114256919644056e-18,2.669565878850004848e-01,2.766810063355793332e-06,0.000000000000000000e+00,0.000000000000000000e+00
0.000000000000000000e+00,2.000000000000000000e+01,2.669565878850000962e-01,0.000000000000000000e+00,2.775557561562891351e-16,2.140217757949190125e-18,0.000000000000000000e+00,2.140217757949190125e-18,4.138787880608667212e-19,3.969640898764745930e-18,2.669565878850004848e-01,2.766810063355795026e-06,0.000000000000000000e+00,0.000000000000000000e+00
0.000000000000000000e+00,2.500000000000000000e+01,2.669565878850000962e-01,0.000000000000000000e+00,2.775557561562891351e-16,1.574150512856974407e-18,0.000000000000000000e+00,1.574150512856974407e-18,2.372244931104479980e-19,5.597399101693032728e-18,2.669565878850006513e-01,2.766810063355793755e-06,0.000000000000000000e+00,0.000000000000000000e+00
0.000000000000000000e+00,3.000000000000000000e+01,2.669565878849998741e-01,0.000000000000000000e+00,5.551115123125782702e-17,3.564145161771405924e-18,0.000000000000000000e+00,3.564145161771405924e-18,2.050213255596800337e-18,1.131599347346115357e-17,2.669565878850003182e-01,2.766810063355796297e-06,0.000000000000000000e+00,0.000000000000000000e+00
0.000000000000000000e+00,3.500000000000000000e+01,2.669565878850000407e-01,0.000000000000000000e+00,2.220446049250313081e-16,1.453855370388338836e-18,0.000000000000000000e+00,1.453855370388338836e-18,2.179849768448920244e-19,1.698648905456538447e-17,2.669565878850007068e-01,2.766810063355795450e-06,0.000000000000000000e+00,0.000000000000000000e+00
0.000000000000000000e+00,4.000000000000000000e+01,2.669565878850002627e-01,0.000000000000000000e+00,4.440892098500626162e-16,1.113437775672871344e-18,0.000000000000000000e+00,1.113437775672871344e-18,1.156393667835254715e-19,1.782054991363642821e-17,2.669565878850005958e-01,2.766810063355794179e-06,0.000000000000000000e+00,0.000000000000000000e+00
0.000000000000000000e+00,4.500000000000000000e+01,2.669565878850000962e-01,0.000000000000000000e+00,2.775557561562891351e-16,1.192866316148109214e-18,0.000000000000000000e+00,1.192866316148109214e-18,8.139246164772905262e-21,1.812999644600717415e-17,2.669565878850006513e-01,2.766810063355794602e-06,0.000000000000000000e+00,0.000000000000000000e+00
0.000000000000000000e+00,5.000000000000000000e+01,2.669565878850000407e-01,0.000000000000000000e+00,2.220446049250313081e-16,1.035064450885943343e-18,0.000000000000000000e+00,1.035064450885943343e-18,-4.625972852313734545e-21,1.813877962928832208e-17,2.669565878850006513e-01,2.766810063355795450e-06,0.000000000000000000e+00,0.000000000000000000e+00
0.000000000000000000e+00,5.500000000000000000e+01,2.669565878850001517e-01,0.000000000000000000e+00,3.330669073875469621e-16,1.306272768255006662e-18,0.000000000000000000e+00,1.306272768255006662e-18,2.556337039403227496e-20,1.819112312314261843e-17,2.669565878850007623e-01,2.766810063355795450e-06,0.000000000000000000e+00,0.000000000000000000e+00
0.000000000000000000e+00,6.000000000000000000e+01,2.669565878850000962e-01,0.000000000000000000e+00,2.775557561562891351e-16,1.404272899657349302e-18,0.000000000000000000e+00,1.404272899657349302e-18,-1.123448703366403053e-19,1.797416937328609835e-17,2.669565878850007068e-01,2.766810063355795450e-06,0.000000000000000000e+00,0.000000000000000000e+00
0.000000000000000000e+00,6.500000000000000000e+01,2.669565878849999851e-01,0.000000000000000000e+00,1.665334536937734811e-16,2.769434126948811314e-18,0.000000000000000000e+00,2.769434126948811314e-18,1.728438074965095065e-18,2.201440238485723525e-17,2.669565878850004848e-01,2.766810063355794602e-06,0.000000000000000000e+00,0.000000000000000000e+00
0.000000000000000000e+00,7.000000000000000000e+01,2.669565878850002627e-01,0.000000000000000000e+00,4.440892098500626162e-16,3.062248753680755123e-18,0.000000000000000000e+00,3.062248753680755123e-18,1.924598907864533220e-18,3.114699484193130288e-17,2.669565878850005403e-01,2.766810063355794602e-06,0.000000000000000000e+00,0.000000000000000000e+00
0.000000000000000000e+00,7.500000000000000000e+01,2.669565878849999296e-01,0.000000000000000000e+00,1.110223024625156540e-16,1.063702369398824266e-18,0.000000000000000000e+00,1.063702369398824266e-18,-1.981686780623631893e-19,3.546307041643672873e-17,2.669565878850004292e-01,2.766810063355794602e-06,0.000000000000000000e+00,0.000000000000000000e+00
0.000000000000000000e+00,8.000000000000000000e+01,2.669565878849999296e-01,0.000000000000000000e+00,1.110223024625156540e-16,8.531957423574149859e-19,0.000000000000000000e+00,8.531957423574149859e-19,-2.316321150115236237e-19,3.438856843375201247e-17,2.669565878850003737e-01,2.766810063355793755e-06,0.000000000000000000e+00,0.000000000000000000e+00
0.000000000000000000e+00,8.500000000000000000e+01,2.669565878850000407e-01,0.000000000000000000e+00,2.220446049250313081e-16,1.528239102876951783e-18,0.000000000000000000e+00,1.528239102876951783e-18,-1.095036646368377605e-19,3.353572898463111209e-17,2.669565878850001517e-01,2.766810063355793755e-06,0.000000000000000000e+00,0.000000000000000000e+00
0.000000000000000000e+00,9.000000000000000000e+01,2.669565878850003182e-01,0.000000000000000000e+00,4.996003610813204432e-16,2.161430529030598665e-18,0.000000000000000000e+00,2.161430529030598665e-18,1.007180552664247537e-18,3.577992120469963884e-17,2.669565878850002627e-01,2.766810063355793332e-06,0.000000000000000000e+00,0.000000000000000000e+00
0.000000000000000000e+00,9.500000000000000000e+01,2.669565878850002072e-01,0.000000000000000000e+00,3.885780586188047891e-16,3.106754338712578661e-18,0.000000000000000000e+00,3.106754338712578661e-18,2.134285117786528790e-18,4.363358538082657850e-17,2.669565878850005958e-01,2.766810063355794602e-06,0.000000000000000000e+00,0.000000000000000000e+00
0.000000000000000000e+00,1.000000000000000000e+02,2.669565878850000962e-01,0.000000000000000000e+00,2.775557561562891351e-16,2.761592984145804356e-18,0.000000000000000000e+00,2.761592984145804356e-18,2.187303074438625228e-18,5.443755586138946663e-17,2.669565878850005403e-01,2.766810063355795450e-06,0.000000000000000000e+00,0.000000000000000000e+00
0.000000000000000000e+00,1.050000000000000000e+02,2.669565878849999851e-01,0.000000000000000000e+00,1.665334536937734811e-16,3.455572555608677089e-18,0.000000000000000000e+00,3.455572555608677089e-18,2.159195618801611772e-18,6.530380259449005682e-17,2.669565878850004292e-01,2.766810063355793755e-06,0.000000000000000000e+00,0.000000000000000000e+00
0.000000000000000000e+00,1.100000000000000000e+02,2.669565878849999851e-01,0.000000000000000000e+00,1.665334536937734811e-16,3.074106749426329656e-18,0.000000000000000000e+00,3.074106749426329656e-18,1.749490938851916835e-18,7.507551898862387622e-17,2.669565878850003737e-01,2.766810063355793755e-06,0.000000000000000000e+00,0.000000000000000000e+00
0.000000000000000000e+00,1.150000000000000000e+02,2.669565878850002072e-01,0.000000000000000000e+00,3.885780586188047891e-16,2.396501634178073937e-18,0.000000000000000000e+00,2.396501634178073937e-18,1.147127314209646566e-18,8.231706462127778742e-17,2.669565878850002627e-01,2.766810063355794179e-06,0.000000000000000000e+00,0.000000000000000000e+00
0.000000000000000000e+00,1.200000000000000000e+02,2.669565878850001517e-01,0.000000000000000000e+00,3.330669073875469621e-16,2.179146058116547789e-18,0.000000000000000000e+00,2.179146058116547789e-18,8.337521066062951476e-19,8.726926317331763987e-17,2.669565878850001517e-01,2.766810063355795873e-06,0.000000000000000000e+00,0.000000000000000000e+00
0.000000000000000000e+00,1.250000000000000000e+02,2.669565878850000962e-01,0.000000000000000000e+00,2.775557561562891351e-16,1.449708179226529119e-18,0.000000000000000000e+00,1.449708179226529119e-18,1.507945932567195458e-19,8.973062992297518055e-17,2.669565878850002072e-01,2.766810063355795450e-06,0.000000000000000000e+00,0.000000000000000000e+00
0.000000000000000000e+00,1.300000000000000000e+02,2.669565878850003182e-01,0.000000000000000000e+00,4.996003610813204432e-16,1.625189287143104996e-18,0.000000000000000000e+00,1.625189287143104996e-18,5.410816747897996573e-20,9.024288682481443029e-17,2.669565878850001517e-01,2.766810063355794602e-06,0.000000000000000000e+00,0.000000000000000000e+00
0.000000000000000000e+00,1.350000000000000000e+02,2.669565878850002627e-01,0.000000000000000000e+00,4.440892098500626162e-16,1.462615887446609589e-18,0.000000000000000000e+00,1.462615887446609589e-18,2.160020386258331576e-19,9.091816234007646387e-17,2.669565878850000962e-01,2.766810063355794179e-06,0.000000000000000000e+00,0.000000000000000000e+00
0.000000000000000000e+00,1.400000000000000000e+02,2.669565878850003182e-01,0.000000000000000000e+00,4.996003610813204432e-16,1.779505414151369259e-18,0.000000000000000000e+00,1.779505414151369259e-18,1.606756043654039951e-19,9.185985644755455136e-17,2.669565878850001517e-01,2.766810063355794602e-06,0.000000000000000000e+00,0.000000000000000000e+00
0.000000000000000000e+00,1.450000000000000000e+02,2.669565878850003182e-01,0.000000000000000000e+00,4.996003610813204432e-16,1.729981660919860682e-18,0.000000000000000000e+00,1.729981660919860682e-18,2.398494924778435819e-19,9.286116918966267030e-17,2.669565878850003182e-01,2.766810063355795450e-06,0.000000000000000000e+00,0.000000000000000000e+00
0.000000000000000000e+00,1.500000000000000000e+02,2.669565878850001517e-01,0.000000000000000000e+00,3.330669073875469621e-16,1.850717964479793020e-18,0.000000000000000000e+00,1.850717964479793020e-18,3.075399856056179134e-19,9.422964288487132712e-17,2.669565878850002072e-01,2.766810063355795026e-06,0.000000000000000000e+00,0.000000000000000000e+00
0.000000000000000000e+00,1.550000000000000000e+02,2.669565878850000962e-01,0.000000000000000000e+00,2.775557561562891351e-16,1.525756492669610624e-18,0.000000000000000000e+00,1.525756492669610624e-18,3.490124068160978253e-19,9.587102386592561801e-17,2.669565878850001517e-01,2.766810063355794602e-06,0.000000000000000000e+00,0.000000000000000000e+00
0.000000000000000000e+00,1.600000000000000000e+02,2.669565878850001517e-01,0.000000000000000000e+00,3.330669073875469621e-16,1.557009413449619900e-18,0.000000000000000000e+00,1.557009413449619900e-18,3.127083918065801222e-19,9.752532586248231827e-17,2.669565878849999851e-01,2.766810063355793755e-06,0.000000000000000000e+00,0.000000000000000000e+00
0.000000000000000000e+00,1.650000000000000000e+02,2.669565878850002627e-01,0.000000000000000000e+00,4.440892098500626162e-16,1.945626657521628381e-18,0.000000000000000000e+00,1.945626657521628381e-18,4.653426564172155603e-19,9.947045348304181210e-17,2.669565878849999851e-01,2.766810063355792908e-06,0.000000000000000000e+00,0.000000000000000000e+00
0.000000000000000000e+00,1.700000000000000000e+02,2.669565878850003182e-01,0.000000000000000000e+00,4.996003610813204432e-16,1.762931367646073752e-18,0.000000000000000000e+00,1.762931367646073752e-18,3.724745898333654748e-19,1.015649965986682670e-16,2.669565878850001517e-01,2.766810063355796297e-06,0.000000000000000000e+00,0.000000000000000000e+00
0.000000000000000000e+00,1.750000000000000000e+02,2.669565878850003182e-01,0.000000000000000000e+00,4.996003610813204432e-16,1.580929797440559795e-18,0.000000000000000000e+00,1.580929797440559795e-18,2.131536474356781741e-19,1.030290671918408700e-16,2.669565878850003182e-01,2.766810063355797144e-06,0.000000000000000000e+00,0.000000000000000000e+00
0.000000000000000000e+00,1.800000000000000000e+02,2.669565878850003182e-01,0.000000000000000000e+00,4.996003610813204432e-16,1.613652681762043807e-18,0.000000000000000000e+00,1.613652681762043807e-18,2.056631817951479785e-19,1.040761092649179292e-16,2.669565878850003737e-01,2.766810063355796297e-06,0.000000000000000000e+00,0.000000000000000000e+00
0.000000000000000000e+00,1.850000000000000000e+02,2.669565878850002627e-01,0.000000000000000000e+00,4.440892098500626162e-16,1.524278248867670940e-18,0.000000000000000000e+00,1.524278248867670940e-18,1.421401881620651167e-19,1.049456176898109627e-16,2.669565878850005403e-01,2.766810063355794602e-06,0.000000000000000000e+00,0.000000000000000000e+00
0.000000000000000000e+00,1.900000000000000000e+02,2.669565878850003182e-01,0.000000000000000000e+00,4.996003610813204432e-16,1.368169414782718727e-18,0.000000000000000000e+00,1.368169414782718727e-18,2.141805640653626736e-19,1.058364195703795360e-16,2.669565878850006513e-01,2.766810063355794602e-06,0.000000000000000000e+00,0.000000000000000000e+00
0.000000000000000000e+00,1.950000000000000000e+02,2.669565878850002627e-01,0.000000000000000000e+00,4.440892098500626162e-16,1.340809292107694461e-18,0.000000000000000000e+00,1.340809292107694461e-18,1.375796047022399709e-19,1.067158199922985480e-16,2.669565878850004848e-01,2.766810063355795026e-06,0.000000000000000000e+00,0.000000000000000000e+00
0.000000000000000000e+00,2.000000000000000000e+02,2.669565878850001517e-01,0.000000000000000000e+00,3.330669073875469621e-16,1.442935750859410915e-18,0.000000000000000000e+00,1.442935750859410915e-18,1.290260918981842392e-19,1.073823342337996101e-16,2.669565878850004292e-01,2.766810063355795450e-06,0.000000000000000000e+00,0.000000000000000000e+00
0.000000000000000000e+00,2.050000000000000000e+02,2.669565878850003182e-01,0.000000000000000000e+00,4.996003610813204432e-16,1.313060379740698376e-18,0.000000000000000000e+00,1.313060379740698376e-18,2.413634121551746182e-19,1.083083079939330041e-16,2.669565878850003737e-01,2.766810063355796297e-06,0.000000000000000000e+00,0.000000000000000000e+00
0.000000000000000000e+00,2.100000000000000000e+02,2.669565878850004292e-01,0.000000000000000000e+00,6.106226635438360972e-16,1.693365470514306515e-18,0.000000000000000000e+00,1.693365470514306515e-18,3.961943107676653445e-20,1.090107651020128601e-16,2.669565878850003182e-01,2.766810063355795450e-06,0.000000000000000000e+00,0.000000000000000000e+00
0.000000000000000000e+00,2.150000000000000000e+02,2.669565878850003182e-01,0.000000000000000000e+00,4.996003610813204432e-16,1.653702341260378356e-18,0.000000000000000000e+00,1.653702341260378356e-18,1.687553821362532271e-19,1.095317021350454126e-16,2.669565878850000962e-01,2.766810063355795873e-06,0.000000000000000000e+00,0.000000000000000000e+00
0.000000000000000000e+00,2.200000000000000000e+02,2.669565878850003737e-01,0.000000000000000000e+00,5.551115123125782702e-16,1.335854662111727052e-18,0.000000000000000000e+00,1.335854662111727052e-18,1.617964400775289404e-19,1.103580816905798711e-16,2.669565878850000962e-01,2.766810063355796297e-06,0.000000000000000000e+00,0.000000000000000000e+00
0.000000000000000000e+00,2.250000000000000000e+02,2.669565878850003182e-01,0.000000000000000000e+00,4.996003610813204432e-16,1.735216146431379264e-18,0.000000000000000000e+00,1.735216146431379264e-18,2.327737688173179095e-19,1.113445072128169898e-16,2.669565878850000407e-01,2.766810063355796720e-06,0.000000000000000000e+00,0.000000000000000000e+00
0.000000000000000000e+00,2.300000000000000000e+02,2.669565878850003182e-01,0.000000000000000000e+00,4.996003610813204432e-16,1.169407731538402043e-18,0.000000000000000000e+00,1.169407731538402043e-18,2.890785610817109407e-19,1.126491380375645542e-16,2.669565878850000407e-01,2.766810063355796297e-06,0.000000000000000000e+00,0.000000000000000000e+00
0.000000000000000000e+00,2.350000000000000000e+02,2.669565878850003182e-01,0.000000000000000000e+00,4.996003610813204432e-16,1.206682447857469726e-18,0.000000000000000000e+00,1.206682447857469726e-18,1.999311595703712540e-19,1.138716623391947581e-16,2.669565878849999851e-01,2.766810063355796297e-06,0.000000000000000000e+00,0.000000000000000000e+00
0.000000000000000000e+00,2.400000000000000000e+02,2.669565878850003182e-01,0.000000000000000000e+00,4.996003610813204432e-16,1.254435214216237208e-18,0.000000000000000000e+00,1.254435214216237208e-18,2.578305225800710783e-19,1.150160665445708547e-16,2.669565878849998186e-01,2.766810063355795450e-06,0.000000000000000000e+00,0.000000000000000000e+00
0.000000000000000000e+00,2.450000000000000000e+02,2.669565878850004292e-01,0.000000000000000000e+00,6.106226635438360972e-16,1.892048568185045045e-18,0.000000000000000000e+00,1.892048568185045045e-18,3.821827614035541918e-19,1.166160997545299271e-16,2.669565878849998741e-01,2.766810063355796297e-06,0.000000000000000000e+00,0.000000000000000000e+00
0.000000000000000000e+00,2.500000000000000000e+02,2.669565878850004292e-01,0.000000000000000000e+00,6.106226635438360972e-16,1.246017232708938376e-18,0.000000000000000000e+00,1.246017232708938376e-18,2.244563897513524103e-19,1.181326976324171967e-16,2.669565878849997631e-01,2.766810063355794602e-06,0.000000000000000000e+00,0.000000000000000000e+00
0.000000000000000000e+00,2.550000000000000000e+02,2.669565878850003182e-01,0.000000000000000000e+00,4.996003610813204432e-16,1.592746456300232438e-18,0.000000000000000000e+00,1.592746456300232438e-18,2.698093106128367914e-19,1.193683618833276636e-16,2.669565878850000407e-01,2.766810063355795450e-06,0.000000000000000000e+00,0.000000000000000000e+00
0.000000000000000000e+00,2.600000000000000000e+02,2.669565878850003182e-01,0.000000000000000000e+00,4.996003610813204432e-16,1.279714873505816244e-18,0.000000000000000000e+00,1.279714873505816244e-18,1.932083512497063849e-19,1.205259060379840230e-16,2.669565878850000407e-01,2.766810063355797144e-06,0.000000000000000000e+00,0.000000000000000000e+00
0.000000000000000000e+00,2.650000000000000000e+02,2.669565878850002627e-01,0.000000000000000000e+00,4.440892098500626162e-16,1.554314145785304375e-18,0.000000000000000000e+00,1.554314145785304375e-18,2.652487271530763568e-19,1.216720487339909691e-16,2.669565878850002627e-01,2.766810063355795450e-06,0.000000000000000000e+00,0.000000000000000000e+00
0.000000000000000000e+00,2.700000000000000000e+02,2.669565878850003182e-01,0.000000000000000000e+00,4.996003610813204432e-16,1.550856899301872482e-18,0.000000000000000000e+00,1.550856899301872482e-18,1.462247291091789450e-19,1.227007323746466182e-16,2.669565878850004292e-01,2.766810063355796297e-06,0.000000000000000000e+00,0.000000000000000000e+00
0.000000000000000000e+00,2.750000000000000000e+02,2.669565878850004848e-01,0.000000000000000000e+00,6.661338147750939243e-16,1.677120682751075001e-18,0.000000000000000000e+00,1.677120682751075001e-18,2.732345858415899137e-19,1.237493806620235372e-16,2.669565878850002072e-01,2.766810063355795026e-06,0.000000000000000000e+00,0.000000000000000000e+00
0.000000000000000000e+00,2.800000000000000000e+02,2.669565878850004292e-01,0.000000000000000000e+00,6.106226635438360972e-16,1.132662945188087426e-18,0.000000000000000000e+00,1.132662945188087426e-18,2.625549787105046804e-19,1.250888545734037799e-16,2.669565878850003182e-01,2.766810063355792908e-06,0.000000000000000000e+00,0.000000000000000000e+00
0.000000000000000000e+00,2.850000000000000000e+02,2.669565878850004292e-01,0.000000000000000000e+00,6.106226635438360972e-16,1.494994587210696725e-18,0.000000000000000000e+00,1.494994587210696725e-18,3.063133288266853499e-19,1.265110253422467580e-16,2.669565878850004848e-01,2.766810063355793755e-06,0.000000000000000000e+00,0.000000000000000000e+00
0.000000000000000000e+00,2.900000000000000000e+02,2.669565878850003737e-01,0.000000000000000000e+00,5.551115123125782702e-16,1.736621129522755619e-18,0.000000000000000000e+00,1.736621129522755619e-18,3.108377817527557409e-19,1.280539031186953669e-16,2.669565878850004848e-01,2.766810063355795026e-06,0.000000000000000000e+00,0.000000000000000000e+00
0.000000000000000000e+00,2.950000000000000000e+02,2.669565878850003182e-01,0.000000000000000000e+00,4.996003610813204432e-16,1.300316057326710546e-18,0.000000000000000000e+00,1.300316057326710546e-18,2.630503717586575235e-19,1.294886235024738985e-16,2.669565878850005403e-01,2.766810063355795026e-06,0.000000000000000000e+00,0.000000000000000000e+00
0.000000000000000000e+00,3.000000000000000000e+02,2.669565878850004848e-01,0.000000000000000000e+00,6.661338147750939243e-16,2.181402009456361082e-18,0.000000000000000000e+00,2.181402009456361082e-18,6.062174867348838588e-19,1.316617931487077612e-16,2.669565878850005403e-01,2.766810063355794602e-06,0.000000000000000000e+00,0.000000000000000000e+00
0.000000000000000000e+00,3.050000000000000000e+02,2.669565878850004292e-01,0.000000000000000000e+00,6.106226635438360972e-16,1.661964974462541258e-18,0.000000000000000000e+00,1.661964974462541258e-18,3.380206298428157453e-19,1.340223884401520226e-16,2.669565878850004848e-01,2.766810063355793332e-06,0.000000000000000000e+00,0.000000000000000000e+00
0.000000000000000000e+00,3.100000000000000000e+02,2.669565878850004292e-01,0.000000000000000000e+00,6.106226635438360972e-16,1.646226155775286909e-18,0.000000000000000000e+00,1.646226155775286909e-18,3.667104751673844119e-19,1.357842162026775307e-16,2.669565878850003737e-01,2.766810063355793755e-06,0.000000000000000000e+00,0.000000000000000000e+00
0.000000000000000000e+00,3.150000000000000000e+02,2.669565878850004292e-01,0.000000000000000000e+00,6.106226635438360972e-16,1.757584473830053741e-18,0.000000000000000000e+00,1.757584473830053741e-18,4.281937942433410321e-19,1.377714768762043427e-16,2.669565878850005403e-01,2.766810063355794179e-06,0.000000000000000000e+00,0.000000000000000000e+00
0.000000000000000000e+00,3.200000000000000000e+02,2.669565878850004292e-01,0.000000000000000000e+00,6.106226635438360972e-16,1.972893483003044827e-18,0.000000000000000000e+00,1.972893483003044827e-18,4.189720488513844854e-19,1.398893914839411658e-16,2.669565878850006513e-01,2.766810063355794602e-06,0.000000000000000000e+00,0.000000000000000000e+00
0.000000000000000000e+00,3.250000000000000000e+02,2.669565878850005403e-01,0.000000000000000000e+00,7.216449660063517513e-16,1.634845001446553217e-18,0.000000000000000000e+00,1.634845001446553217e-18,5.196892651173558580e-19,1.422360447688630074e-16,2.669565878850006513e-01,2.766810063355795450e-06,0.000000000000000000e+00,0.000000000000000000e+00
0.000000000000000000e+00,3.300000000000000000e+02,2.669565878850004292e-01,0.000000000000000000e+00,6.106226635438360972e-16,1.560784424363083550e-18,0.000000000000000000e+00,1.560784424363083550e-18,4.005285580672556879e-19,1.445365893268245363e-16,2.669565878850007623e-01,2.766810063355796297e-06,0.000000000000000000e+00,0.000000000000000000e+00
0.000000000000000000e+00,3.350000000000000000e+02,2.669565878850004292e-01,0.000000000000000000e+00,6.106226635438360972e-16,1.570697960606913229e-18,0.000000000000000000e+00,1.570697960606913229e-18,1.783386959221066051e-19,1.459837574617979528e-16,2.669565878850007068e-01,2.766810063355796720e-06,0.000000000000000000e+00,0.000000000000000000e+00
0.000000000000000000e+00,3.400000000000000000e+02,2.669565878850004292e-01,0.000000000000000000e+00,6.106226635438360972e-16,1.513964257819408770e-18,0.000000000000000000e+00,1.513964257819408770e-18,1.397718775793828347e-19,1.467790338955516825e-16,2.669565878850007623e-01,2.766810063355795450e-06,0.000000000000000000e+00,0.000000000000000000e+00
0.000000000000000000e+00,3.450000000000000000e+02,2.669565878850004848e-01,0.000000000000000000e+00,6.661338147750939243e-16,1.673853857972988938e-18,0.000000000000000000e+00,1.673853857972988938e-18,2.829121325262475536e-19,1.478357439208157539e-16,2.669565878850007623e-01,2.766810063355795450e-06,0.000000000000000000e+00,0.000000000000000000e+00
0.000000000000000000e+00,3.500000000000000000e+02,2.669565878850004292e-01,0.000000000000000000e+00,6.106226635438360972e-16,1.194487401049226207e-18,0.000000000000000000e+00,1.194487401049226207e-18,-1.157736483217387441e-20,1.485140808400509288e-16,2.669565878850007623e-01,2.766810063355796297e-06,0.000000000000000000e+00,0.000000000000000000e+00
0.000000000000000000e+00,3.550000000000000000e+02,2.669565878850004292e-01,0.000000000000000000e+00,6.106226635438360972e-16,2.058074320200043730e-18,0.000000000000000000e+00,2.058074320200043730e-18,3.864225219668044178e-19,1.494511937328875114e-16,2.669565878850007623e-01,2.766810063355796297e-06,0.000000000000000000e+00,0.000000000000000000e+00
0.000000000000000000e+00,3.600000000000000000e+02,2.669565878850004292e-01,0.000000000000000000e+00,6.106226635438360972e-16,1.444387140678163022e-18,0.000000000000000000e+00,1.444387140678163022e-18,5.057303309123088367e-20,1.505436826205326011e-16,2.669565878850007623e-01,2.766810063355796297e-06,0.000000000000000000e+00,0.000000000000000000e+00
0.000000000000000000e+00,3.650000000000000000e+02,2.669565878850004292e-01,0.000000000000000000e+00,6.106226635438360972e-16,1.447398427689298217e-18,0.000000000000000000e+00,1.447398427689298217e-18,2.884481896390158089e-19,1.513912356773582071e-16,2.669565878850007068e-01,2.766810063355795450e-06,0.000000000000000000e+00,0.000000000000000000e+00
0.000000000000000000e+00,3.700000000000000000e+02,2.669565878850004848e-01,0.000000000000000000e+00,6.661338147750939243e-16,1.263142897374452907e-18,0.000000000000000000e+00,1.263142897374452907e-18,1.316481561442015165e-19,1.524414765418162627e-16,2.669565878850007623e-01,2.766810063355795026e-06,0.000000000000000000e+00,0.000000000000000000e+00
0.000000000000000000e+00,3.750000000000000000e+02,2.669565878850004848e-01,0.000000000000000000e+00,6.661338147750939243e-16,1.446677386778206618e-18,0.000000000000000000e+00,1.446677386778206618e-18,2.443802909767210903e-19,1.533815476596185662e-16,2.669565878850007623e-01,2.766810063355795026e-06,0.000000000000000000e+00,0.000000000000000000e+00
0.000000000000000000e+00,3.800000000000000000e+02,2.669565878850004848e-01,0.000000000000000000e+00,6.661338147750939243e-16,1.523736092405168071e-18,0.000000000000000000e+00,1.523736092405168071e-18,2.210175326912145741e-19,1.545450422187884146e-16,2.669565878850008733e-01,2.766810063355794602e-06,0.000000000000000000e+00,0.000000000000000000e+00
0.000000000000000000e+00,3.850000000000000000e+02,2.669565878850005958e-01,0.000000000000000000e+00,7.771561172376095783e-16,1.320597774950472954e-18,0.000000000000000000e+00,1.320597774950472954e-18,1.594839243790493596e-19,1.554962958614640775e-16,2.669565878850007623e-01,2.766810063355794602e-06,0.000000000000000000e+00,0.000000000000000000e+00
0.000000000000000000e+00,3.900000000000000000e+02,2.669565878850005958e-01,0.000000000000000000e+00,7.771561172376095783e-16,1.421426832691918798e-18,0.000000000000000000e+00,1.421426832691918798e-18,-4.080219496014991885e-20,1.557930001850113168e-16,2.669565878850007068e-01,2.766810063355794602e-06,0.000000000000000000e+00,0.000000000000000000e+00
0.000000000000000000e+00,3.950000000000000000e+02,2.669565878850006513e-01,0.000000000000000000e+00,8.326672684688674053e-16,1.361903627876013154e-18,0.000000000000000000e+00,1.361903627876013154e-18,4.945540476909879392e-21,1.557033585488032275e-16,2.669565878850006513e-01,2.766810063355795450e-06,0.000000000000000000e+00,0.000000000000000000e+00
0.000000000000000000e+00,4.000000000000000000e+02,2.669565878850005403e-01,0.000000000000000000e+00,7.216449660063517513e-16,1.137613847623869560e-18,0.000000000000000000e+00,1.137613847623869560e-18,-1.682264706332065877e-20,1.556736657823372021e-16,2.669565878850008178e-01,2.766810063355795450e-06,0.000000000000000000e+00,0.000000000000000000e+00
0.000000000000000000e+00,4.050000000000000000e+02,2.669565878850005403e-01,0.000000000000000000e+00,7.216449660063517513e-16,1.429001717420942268e-18,0.000000000000000000e+00,1.429001717420942268e-18,1.780979472219853377e-19,1.560768540327338754e-16,2.669565878850008178e-01,2.766810063355795026e-06,0.000000000000000000e+00,0.000000000000000000e+00
0.000000000000000000e+00,4.100000000000000000e+02,2.669565878850005958e-01,0.000000000000000000e+00,7.771561172376095783e-16,1.333776197531406175e-18,0.000000000000000000e+00,1.333776197531406175e-18,-1.310640866117133909e-19,1.561944386842595560e-16,2.669565878850007623e-01,2.766810063355794602e-06,0.000000000000000000e+00,0.000000000000000000e+00
0.000000000000000000e+00,4.150000000000000000e+02,2.669565878850005403e-01,0.000000000000000000e+00,7.216449660063517513e-16,1.401241368351285704e-18,0.000000000000000000e+00,1.401241368351285704e-18,1.623120743469831513e-19,1.562725586535977273e-16,2.669565878850007623e-01,2.766810063355795450e-06,0.000000000000000000e+00,0.000000000000000000e+00
0.000000000000000000e+00,4.200000000000000000e+02,2.669565878850005403e-01,0.000000000000000000e+00,7.216449660063517513e-16,9.569414247530808816e-19,0.000000000000000000e+00,9.569414247530808816e-19,8.504288239598736689e-20,1.568909460454551452e-16,2.669565878850007623e-01,2.766810063355795450e-06,0.000000000000000000e+00,0.000000000000000000e+00
0.000000000000000000e+00,4.250000000000000000e+02,2.669565878850005958e-01,0.000000000000000000e+00,7.771561172376095783e-16,1.221747972835329638e-18,0.000000000000000000e+00,1.221747972835329638e-18,1.873546694074488810e-19,1.575719399249637335e-16,2.669565878850007623e-01,2.766810063355795450e-06,0.000000000000000000e+00,0.000000000000000000e+00
0.000000000000000000e+00,4.300000000000000000e+02,2.669565878850006513e-01,0.000000000000000000e+00,8.326672684688674053e-16,1.225802338688386110e-18,0.000000000000000000e+00,1.225802338688386110e-18,-5.322839428541086395e-20,1.579072556127688223e-16,2.669565878850008178e-01,2.766810063355795450e-06,0.000000000000000000e+00,0.000000000000000000e+00
0.000000000000000000e+00,4.350000000000000000e+02,2.669565878850006513e-01,0.000000000000000000e+00,8.326672684688674053e-16,1.310546669322172918e-18,0.000000000000000000e+00,1.310546669322172918e-18,-1.980135092137539923e-19,1.572791508540209087e-16,2.669565878850008178e-01,2.766810063355795450e-06,0.000000000000000000e+00,0.000000000000000000e+00
0.000000000000000000e+00,4.400000000000000000e+02,2.669565878850005958e-01,0.000000000000000000e+00,7.771561172376095783e-16,1.137261909714716259e-18,0.000000000000000000e+00,1.137261909714716259e-18,-8.156070930864236023e-20,1.565802153077149255e-16,2.669565878850007623e-01,2.766810063355794602e-06,0.000000000000000000e+00,0.000000000000000000e+00
0.000000000000000000e+00,4.450000000000000000e+02,2.669565878850005958e-01,0.000000000000000000e+00,7.771561172376095783e-16,8.728666972979854177e-19,0.000000000000000000e+00,8.728666972979854177e-19,-3.346902151497406595e-19,1.555395879965689672e-16,2.669565878850008178e-01,2.766810063355794602e-06,0.000000000000000000e+00,0.000000000000000000e+00
0.000000000000000000e+00,4.500000000000000000e+02,2.669565878850005958e-01,0.000000000000000000e+00,7.771561172376095783e-16,8.235299610646108832e-19,0.000000000000000000e+00,8.235299610646108832e-19,-1.973967196023388038e-19,1.542093706596887631e-16,2.669565878850008733e-01,2.766810063355794602e-06,0.000000000000000000e+00,0.000000000000000000e+00
0.000000000000000000e+00,4.550000000000000000e+02,2.669565878850005403e-01,0.000000000000000000e+00,7.216449660063517513e-16,9.325320853919681794e-19,0.000000000000000000e+00,9.325320853919681794e-19,-1.620693319863524728e-19,1.533107055307170372e-16,2.669565878850008733e-01,2.766810063355794602e-06,0.000000000000000000e+00,0.000000000000000000e+00
0.000000000000000000e+00,4.600000000000000000e+02,2.669565878850006513e-01,0.000000000000000000e+00,8.326672684688674053e-16,1.395488780106852289e-18,0.000000000000000000e+00,1.395488780106852289e-18,-3.052598761693533710e-19,1.521423825103277749e-16,2.669565878850008733e-01,2.766810063355795026e-06,0.000000000000000000e+00,0.000000000000000000e+00
0.000000000000000000e+00,4.650000000000000000e+02,2.669565878850006513e-01,0.000000000000000000e+00,8.326672684688674053e-16,1.001258555901371243e-18,0.000000000000000000e+00,1.001258555901371243e-18,-2.605751878957667236e-19,1.507277948501649809e-16,2.669565878850010399e-01,2.766810063355795450e-06,0.000000000000000000e+00,0.000000000000000000e+00
0.000000000000000000e+00,4.700000000000000000e+02,2.669565878850005958e-01,0.000000000000000000e+00,7.771561172376095783e-16,6.573541840425759456e-19,0.000000000000000000e+00,6.573541840425759456e-19,-2.415149075004646344e-19,1.494725696116743909e-16,2.669565878850009844e-01,2.766810063355795450e-06,0.000000000000000000e+00,0.000000000000000000e+00
0.000000000000000000e+00,4.750000000000000000e+02,2.669565878850006513e-01,0.000000000000000000e+00,8.326672684688674053e-16,1.442692283115698603e-18,0.000000000000000000e+00,1.442692283115698603e-18,-3.726905331169604721e-19,1.479370560101308243e-16,2.669565878850009844e-01,2.766810063355795026e-06,0.000000000000000000e+00,0.000000000000000000e+00
0.000000000000000000e+00,4.800000000000000000e+02,2.669565878850006513e-01,0.000000000000000000e+00,8.326672684688674053e-16,1.266948905601779197e-18,0.000000000000000000e+00,1.266948905601779197e-18,-2.839882354172468707e-19,1.462953590887953009e-16,2.669565878850009288e-01,2.766810063355795450e-06,0.000000000000000000e+00,0.000000000000000000e+00
0.000000000000000000e+00,4.850000000000000000e+02,2.669565878850006513e-01,0.000000000000000000e+00,8.326672684688674053e-16,7.902000521017088542e-19,0.000000000000000000e+00,7.902000521017088542e-19,-2.534445600372386965e-19,1.449517771001590897e-16,2.669565878850010399e-01,2.766810063355796297e-06,0.000000000000000000e+00,0.000000000000000000e+00
0.000000000000000000e+00,4.900000000000000000e+02,2.669565878850007068e-01,0.000000000000000000e+00,8.881784197001252323e-16,8.518756671639673336e-19,0.000000000000000000e+00,8.518756671639673336e-19,-1.260398887291614067e-19,1.440030659782431010e-16,2.669565878850009288e-01,2.766810063355796297e-06,0.000000000000000000e+00,0.000000000000000000e+00
0.000000000000000000e+00,4.950000000000000000e+02,2.669565878850007623e-01,0.000000000000000000e+00,9.436895709313830594e-16,1.191641967118699929e-18,0.000000000000000000e+00,1.191641967118699929e-18,-1.582284240904623306e-19,1.432923951961940409e-16,2.669565878850008733e-01,2.766810063355796297e-06,0.000000000000000000e+00,0.000000000000000000e+00
0.000000000000000000e+00,5.000000000000000000e+02,2.669565878850007068e-01,0.000000000000000000e+00,8.881784197001252323e-16,1.016029689927154633e-18,0.000000000000000000e+00,1.016029689927154633e-18,-4.134840242586378947e-19,1.418631140753212903e-16,2.669565878850008178e-01,2.766810063355796720e-06,0.000000000000000000e+00,0.000000000000000000e+00
0.000000000000000000e+00,5.050000000000000000e+02,2.669565878850007623e-01,0.000000000000000000e+00,9.436895709313830594e-16,1.030795840046274547e-18,0.000000000000000000e+00,1.030795840046274547e-18,-2.850163057869819132e-19,1.401168632502072335e-16,2.669565878850007623e-01,2.766810063355796297e-06,0.000000000000000000e+00,0.000000000000000000e+00
0.000000000000000000e+00,5.100000000000000000e+02,2.669565878850006513e-01,0.000000000000000000e+00,8.326672684688674053e-16,9.617382323752961010e-19,0.000000000000000000e+00,9.617382323752961010e-19,-2.125811153079402276e-19,1.388728696974699224e-16,2.669565878850008178e-01,2.766810063355796720e-06,0.000000000000000000e+00,0.000000000000000000e+00
0.000000000000000000e+00,5.150000000000000000e+02,2.669565878850007068e-01,0.000000000000000000e+00,8.881784197001252323e-16,9.075698512618098402e-19,0.000000000000000000e+00,9.075698512618098402e-19,-3.688496252209305074e-19,1.374192928461477542e-16,2.669565878850008733e-01,2.766810063355796297e-06,0.000000000000000000e+00,0.000000000000000000e+00
0.000000000000000000e+00,5.200000000000000000e+02,2.669565878850008178e-01,0.000000000000000000e+00,9.992007221626408864e-16,7.812209485206081514e-19,0.000000000000000000e+00,7.812209485206081514e-19,-3.916808599246149371e-19,1.355179666332838998e-16,2.669565878850008178e-01,2.766810063355795873e-06,0.000000000000000000e+00,0.000000000000000000e+00
0.000000000000000000e+00,5.250000000000000000e+02,2.669565878850008733e-01,0.000000000000000000e+00,1.054711873393898713e-15,1.019255376979007479e-18,0.000000000000000000e+00,1.019255376979007479e-18,-2.349311156657588680e-19,1.339514366943079584e-16,2.669565878850009288e-01,2.766810063355795450e-06,0.000000000000000000e+00,0.000000000000000000e+00
0.000000000000000000e+00,5.300000000000000000e+02,2.669565878850008178e-01,0.000000000000000000e+00,9.992007221626408864e-16,1.387031809170267797e-18,0.000000000000000000e+00,1.387031809170267797e-18,-3.415453805674667945e-19,1.325102454537248994e-16,2.669565878850009288e-01,2.766810063355795873e-06,0.000000000000000000e+00,0.000000000000000000e+00
0.000000000000000000e+00,5.350000000000000000e+02,2.669565878850007623e-01,0.000000000000000000e+00,9.436895709313830594e-16,7.816681944381559575e-19,0.000000000000000000e+00,7.816681944381559575e-19,-2.266871514076086072e-19,1.310896641237872077e-16,2.669565878850009288e-01,2.766810063355795873e-06,0.000000000000000000e+00,0.000000000000000000e+00
0.000000000000000000e+00,5.400000000000000000e+02,2.669565878850008733e-01,0.000000000000000000e+00,1.054711873393898713e-15,8.497402116213216440e-19,0.000000000000000000e+00,8.497402116213216440e-19,-3.154397383432548172e-19,1.297343468994100396e-16,2.669565878850008733e-01,2.766810063355795450e-06,0.000000000000000000e+00,0.000000000000000000e+00
0.000000000000000000e+00,5.450000000000000000e+02,2.669565878850008178e-01,0.000000000000000000e+00,9.992007221626408864e-16,8.211361812567839286e-19,0.000000000000000000e+00,8.211361812567839286e-19,-3.377394494651424861e-19,1.281013989298890508e-16,2.669565878850009844e-01,2.766810063355795450e-06,0.000000000000000000e+00,0.000000000000000000e+00
0.000000000000000000e+00,5.500000000000000000e+02,2.669565878850007068e-01,0.000000000000000000e+00,8.881784197001252323e-16,8.703835437518745646e-19,0.000000000000000000e+00,8.703835437518745646e-19,-5.374940452224460111e-19,1.259133151931700744e-16,2.669565878850009288e-01,2.766810063355796297e-06,0.000000000000000000e+00,0.000000000000000000e+00
0.000000000000000000e+00,5.550000000000000000e+02,2.669565878850007068e-01,0.000000000000000000e+00,8.881784197001252323e-16,6.697495644911332280e-19,0.000000000000000000e+00,6.697495644911332280e-19,-4.514493654315499090e-19,1.234409566665350901e-16,2.669565878850009288e-01,2.766810063355796720e-06,0.000000000000000000e+00,0.000000000000000000e+00
0.000000000000000000e+00,5.600000000000000000e+02,2.669565878850007068e-01,0.000000000000000000e+00,8.881784197001252323e-16,1.279112013580739600e-18,0.000000000000000000e+00,1.279112013580739600e-18,-3.920921406825105569e-19,1.213321029012499407e-16,2.669565878850008178e-01,2.766810063355797567e-06,0.000000000000000000e+00,0.000000000000000000e+00
0.000000000000000000e+00,5.650000000000000000e+02,2.669565878850007068e-01,0.000000000000000000e+00,8.881784197001252323e-16,1.543794168989071354e-18,0.000000000000000000e+00,1.543794168989071354e-18,-2.646874693743746707e-19,1.196901538761077237e-16,2.669565878850008733e-01,2.766810063355797991e-06,0.000000000000000000e+00,0.000000000000000000e+00
0.000000000000000000e+00,5.700000000000000000e+02,2.669565878850007068e-01,0.000000000000000000e+00,8.881784197001252323e-16,9.262470926696220619e-19,0.000000000000000000e+00,9.262470926696220619e-19,-4.198929321237500514e-19,1.179787028723624219e-16,2.669565878850009288e-01,2.766810063355798414e-06,0.000000000000000000e+00,0.000000000000000000e+00
0.000000000000000000e+00,5.750000000000000000e+02,2.669565878850007068e-01,0.000000000000000000e+00,8.881784197001252323e-16,1.023201347504122163e-18,0.000000000000000000e+00,1.023201347504122163e-18,-4.704746690328072819e-19,1.157527838694710358e-16,2.669565878850008733e-01,2.766810063355798414e-06,0.000000000000000000e+00,0.000000000000000000e+00
0.000000000000000000e+00,5.800000000000000000e+02,2.669565878850006513e-01,0.000000000000000000e+00,8.326672684688674053e-16,3.517451973883941884e-19,0.000000000000000000e+00,3.517451973883941884e-19,-3.948503370630414619e-19,1.135894713542314118e-16,2.669565878850009288e-01,2.766810063355798838e-06,0.000000000000000000e+00,0.000000000000000000e+00
0.000000000000000000e+00,5.850000000000000000e+02,2.669565878850005958e-01,0.000000000000000000e+00,7.771561172376095783e-16,1.104310350293716645e-18,0.000000000000000000e+00,1.104310350293716645e-18,-3.616490437740576696e-19,1.116982229021386543e-16,2.669565878850010399e-01,2.766810063355799261e-06,0.000000000000000000e+00,0.000000000000000000e+00
0.000000000000000000e+00,5.900000000000000000e+02,2.669565878850007623e-01,0.000000000000000000e+00,9.436895709313830594e-16,8.434880863699521679e-19,0.000000000000000000e+00,8.434880863699521679e-19,-3.980897677895050340e-19,1.097988758732297489e-16,2.669565878850009844e-01,2.766810063355799685e-06,0.000000000000000000e+00,0.000000000000000000e+00
0.000000000000000000e+00,5.950000000000000000e+02,2.669565878850008178e-01,0.000000000000000000e+00,9.992007221626408864e-16,8.874418219997504609e-19,0.000000000000000000e+00,8.874418219997504609e-19,-3.245915301468322714e-19,1.079921726283889083e-16,2.669565878850009288e-01,2.766810063355799685e-06,0.000000000000000000e+00,0.000000000000000000e+00
0.000000000000000000e+00,6.000000000000000000e+02,2.669565878850008733e-01,0.000000000000000000e+00,1.054711873393898713e-15,8.635951862706624611e-19,0.000000000000000000e+00,8.635951862706624611e-19,-4.693766450750471328e-19,1.060072521903342147e-16,2.669565878850009844e-01,2.766810063355799261e-06,0.000000000000000000e+00,0.000000000000000000e+00
1.000000000000000000e+00,6.000000000000001137e+02,2.669565878850008733e-01,0.000000000000000000e+00,1.054711873393898713e-15,6.776263578034402713e-19,0.000000000000000000e+00,6.776263578034402713e-19,-7.589415207398531038e-19,1.060072521903342147e-16,2.669565878850009844e-01,2.766810063355799261e-06,5.000000000000000000e+00,4.665149332835248390e-17
1.000000000000000000e+00,6.050000000000001137e+02,2.669592493956879919e-01,0.000000000000000000e+00,2.661510688173329697e-06,9.741891575224104053e-07,0.000000000000000000e+00,9.741891575224104053e-07,9.741891575212770752e-07,2.435472893907302778e-06,2.669592493956881030e-01,2.766837647970254436e-06,5.000000000000000000e+00,6.944444444444346914e-03
1.000000000000000000e+00,6.100000000000001137e+02,2.669657928384176482e-01,0.000000000000000000e+00,9.204953417829564444e-06,1.604469123286434741e-06,0.000000000000000000e+00,1.604469123286434741e-06,1.604469123285018502e-06,8.882118595923042145e-06,2.669657928384175927e-01,2.766905465975186020e-06,5.000000000000000000e+00,1.388888888888854638e-02
1.000000000000000000e+00,6.150000000000001137e+02,2.669749842515626859e-01,0.000000000000000000e+00,1.839636656286725014e-05,2.047075432514126219e-06,0.000000000000000000e+00,2.047075432514126219e-06,2.047075432512549044e-06,1.801097998541695847e-05,2.669749842515626304e-01,2.767000728259541941e-06,5.000000000000000000e+00,2.083333333333275972e-02
1.000000000000000000e+00,6.200000000000001137e+02,2.669860569516527282e-01,0.000000000000000000e+00,2.946906665290960348e-05,2.364972602017837398e-06,0.000000000000000000e+00,2.364972602017837398e-06,2.364972602016012889e-06,2.904110007173836330e-05,2.669860569516525617e-01,2.767115488709099147e-06,5.000000000000000000e+00,2.777777777777697132e-02
1.000000000000000000e+00,6.250000000000001137e+02,2.669984917672282299e-01,0.000000000000000000e+00,4.190388222841123778e-05,2.597117589478087677e-06,0.000000000000000000e+00,2.597117589478087677e-06,2.597117589476845927e-06,4.144632555047050865e-05,2.669984917672285074e-01,2.767244366490851097e-06,5.000000000000000000e+00,3.472222222222118293e-02
1.000000000000000000e+00,6.300000000000001137e+02,2.670119285476120763e-01,0.000000000000000000e+00,5.534066261225767391e-05,2.769243758276916472e-06,0.000000000000000000e+00,2.769243758276916472e-06,2.769243758275764507e-06,5.486222891985203219e-05,2.670119285476124649e-01,2.767383628906059577e-06,5.000000000000000000e+00,4.166666666666535290e-02
1.000000000000000000e+00,6.350000000000001137e+02,2.670261134994516006e-01,0.000000000000000000e+00,6.952561445178195854e-05,2.898766840045366325e-06,0.000000000000000000e+00,2.898766840045366325e-06,2.898766840043938227e-06,6.903225541565128818e-05,2.670261134994514340e-01,2.767530645571984690e-06,5.000000000000000000e+00,4.861111111110987676e-02
1.000000000000000000e+00,6.400000000000001137e+02,2.670408654127981452e-01,0.000000000000000000e+00,8.427752779832653474e-05,2.997683862737534689e-06,0.000000000000000000e+00,2.997683862737534689e-06,2.997683862736369171e-06,8.377338217260206260e-05,2.670408654127981452e-01,2.767683538379855301e-06,5.000000000000000000e+00,5.555555555555440062e-02
1.000000000000000000e+00,6.450000000000001137e+02,2.670560534580689316e-01,0.000000000000000000e+00,9.946557306911296692e-05,3.074387445516802580e-06,0.000000000000000000e+00,3.074387445516802580e-06,3.074387445515979264e-06,9.895356044323293200e-05,2.670560534580693757e-01,2.767840951376592539e-06,5.000000000000000000e+00,6.249999999999891753e-02
1.000000000000000000e+00,6.500000000000001137e+02,2.670715822823953589e-01,0.000000000000000000e+00,1.149943973955402932e-04,3.134829329840432041e-06,0.000000000000000000e+00,3.134829329840432041e-06,3.134829329839464729e-06,1.144766023816215462e-04,2.670715822823953589e-01,2.768001896299358072e-06,5.000000000000000000e+00,6.944444444444346221e-02
1.000000000000000000e+00,6.550000000000001137e+02,2.670873818348106221e-01,0.000000000000000000e+00,1.307939498108035004e-04,3.183280389482716019e-06,0.000000000000000000e+00,3.183280389482716019e-06,3.183280389481711438e-06,1.302718766799244832e-04,2.670873818348106776e-01,2.768165647121037226e-06,5.000000000000000000e+00,7.638888888888797912e-02
1.000000000000000000e+00,6.600000000000001137e+02,2.671034003092748188e-01,0.000000000000000000e+00,1.468124242750001862e-04,3.222836479700213932e-06,0.000000000000000000e+00,3.222836479700213932e-06,3.222836479698851903e-06,1.462871688528758992e-04,2.671034003092748743e-01,2.768331666909868097e-06,5.000000000000000000e+00,8.333333333333250992e-02
1.000000000000000000e+00,6.650000000000001137e+02,2.671195991808997250e-01,0.000000000000000000e+00,1.630112958999063721e-04,3.255761106990700290e-06,0.000000000000000000e+00,3.255761106990700290e-06,3.255761106989112951e-06,1.624836628195958088e-04,2.671195991808995029e-01,2.768499556383513992e-06,5.000000000000000000e+00,9.027777777777702684e-02
1.000000000000000000e+00,6.700000000000001137e+02,2.671359496701661840e-01,0.000000000000000000e+00,1.793617851663653617e-04,3.283721611314433181e-06,0.000000000000000000e+00,3.283721611314433181e-06,3.283721611313054212e-06,1.788323696153512360e-04,2.671359496701661840e-01,2.768669017263281567e-06,5.000000000000000000e+00,9.722222222222157151e-02
1.000000000000000000e+00,6.750000000000001137e+02,2.671524301984143368e-01,0.000000000000000000e+00,1.958423134145181876e-04,3.307954166846744423e-06,0.000000000000000000e+00,3.307954166846744423e-06,3.307954166845145224e-06,1.953115590607467397e-04,2.671524301984142258e-01,2.768839825902127792e-06,5.000000000000000000e+00,1.041666666666661023e-01
1.000000000000000000e+00,6.800000000000001137e+02,2.671690245407538633e-01,0.000000000000000000e+00,2.124366557540446898e-04,3.329380593013249348e-06,0.000000000000000000e+00,3.329380593013249348e-06,3.329380593011812780e-06,2.119048959603891415e-04,2.671690245407535302e-01,2.769011814140898802e-06,5.000000000000000000e+00,1.111111111111106192e-01
1.000000000000000000e+00,6.850000000000001137e+02,2.671857204754958803e-01,0.000000000000000000e+00,2.291325904960617166e-04,3.348692070476124891e-06,0.000000000000000000e+00,3.348692070476124891e-06,3.348692070474523999e-06,2.286000776191049911e-04,2.671857204754956583e-01,2.769184855310732244e-06,5.000000000000000000e+00,1.180555555555551361e-01
1.000000000000000000e+00,6.900000000000001137e+02,2.672025087905015583e-01,0.000000000000000000e+00,2.459209055017397283e-04,3.366411816797271618e-06,0.000000000000000000e+00,3.366411816797271618e-06,3.366411816795403063e-06,2.453878373372797681e-04,2.672025087905016694e-01,2.769358853934523654e-06,5.000000000000000000e+00,1.249999999999997086e-01
1.000000000000000000e+00,6.950000000000001137e+02,2.672193825483589746e-01,0.000000000000000000e+00,2.627946633591560222e-04,3.382936321483612804e-06,0.000000000000000000e+00,3.382936321483612804e-06,3.382936321482359196e-06,2.622612076829741864e-04,2.672193825483587526e-01,2.769533738111071118e-06,5.000000000000000000e+00,1.319444444444442532e-01
1.000000000000000000e+00,7.000000000000001137e+02,2.672363365404168412e-01,0.000000000000000000e+00,2.797486554170225403e-04,3.398566495485575258e-06,0.000000000000000000e+00,3.398566495485575258e-06,3.398566495484477503e-06,2.792149647253912748e-04,2.672363365404170632e-01,2.769709453856509782e-06,5.000000000000000000e+00,1.388888888888887563e-01
1.000000000000000000e+00,7.050000000000001137e+02,2.672533668788914518e-01,0.000000000000000000e+00,2.967789938916332027e-04,3.413501308485604512e-06,0.000000000000000000e+00,3.413501308485604512e-06,3.413501308484632118e-06,2.962451342353140471e-04,2.672533668788915073e-01,2.769885960876797095e-06,5.000000000000000000e+00,1.458333333333333148e-01
1.000000000000000000e+00,7.100000000000001137e+02,2.672704706931085528e-01,0.000000000000000000e+00,3.138828081087341459e-04,3.427963432966678423e-06,0.000000000000000000e+00,3.427963432966678423e-06,3.427963432965526458e-06,3.133487960889394216e-04,2.672704706931088858e-01,2.770063229419493362e-06,5.000000000000000000e+00,1.527777777777778456e-01
1.000000000000000000e+00,7.150000000000001137e+02,2.672876458995839810e-01,0.000000000000000000e+00,3.310580145841623967e-04,3.442072616272782114e-06,0.000000000000000000e+00,3.442072616272782114e-06,3.442072616271645396e-06,3.305238862120323537e-04,2.672876458995842586e-01,2.770241237890807765e-06,5.000000000000000000e+00,1.597222222222223487e-01
1.000000000000000000e+00,7.200000000000001137e+02,2.673048910218787100e-01,0.000000000000000000e+00,3.483031368788913618e-04,3.455942765711546890e-06,0.000000000000000000e+00,3.455942765711546890e-06,3.455942765710067971e-06,3.477689246669866236e-04,2.673048910218788210e-01,2.770419970988523870e-06,5.000000000000000000e+00,1.666666666666668795e-01
1.000000000000000000e+00,7.250000000000001137e+02,2.673222050654457393e-01,0.000000000000000000e+00,3.656171804459207308e-04,3.469654980249280694e-06,0.000000000000000000e+00,3.469654980249280694e-06,3.469654980248150752e-06,3.650829190318821975e-04,2.673222050654458504e-01,2.770599418404894031e-06,5.000000000000000000e+00,1.736111111111114380e-01
1.000000000000000000e+00,7.300000000000001137e+02,2.673395874179598231e-01,0.000000000000000000e+00,3.829995329600044407e-04,3.483276782412101031e-06,0.000000000000000000e+00,3.483276782412101031e-06,3.483276782411206564e-06,3.824652484385305628e-04,2.673395874179598231e-01,2.770779573793609864e-06,5.000000000000000000e+00,1.805555555555559410e-01
1.000000000000000000e+00,7.350000000000001137e+02,2.673570377685188237e-01,0.000000000000000000e+00,4.004498835190051231e-04,3.496861840279699588e-06,0.000000000000000000e+00,3.496861840279699588e-06,3.496861840278469696e-06,3.999155949952547620e-04,2.673570377685184352e-01,2.770960433932398795e-06,5.000000000000000000e+00,1.875000000000004996e-01
1.000000000000000000e+00,7.400000000000001137e+02,2.673745560443875902e-01,0.000000000000000000e+00,4.179681593877715429e-04,3.510453160524640368e-06,0.000000000000000000e+00,3.510453160524640368e-06,3.510453160523474851e-06,4.174338824972596081e-04,2.673745560443876457e-01,2.771141998067416748e-06,5.000000000000000000e+00,1.944444444444450026e-01
1.000000000000000000e+00,7.450000000000001137e+02,2.673921423671309361e-01,0.000000000000000000e+00,4.355544821311174708e-04,3.524085420974786595e-06,0.000000000000000000e+00,3.524085420974786595e-06,3.524085420973964973e-06,4.350202289510032220e-04,2.673921423671309361e-01,2.771324267458589656e-06,5.000000000000000000e+00,2.013888888888895334e-01
1.000000000000000000e+00,7.500000000000001137e+02,2.674097970137812585e-01,0.000000000000000000e+00,4.532091287814399294e-04,3.537786664760137682e-06,0.000000000000000000e+00,3.537786664760137682e-06,3.537786664759444809e-06,4.526749091653367346e-04,2.674097970137812585e-01,2.771507244977159735e-06,5.000000000000000000e+00,2.083333333333340920e-01
1.000000000000000000e+00,7.550000000000001137e+02,2.674275203870924988e-01,0.000000000000000000e+00,4.709325020926802274e-04,3.551579512131296267e-06,0.000000000000000000e+00,3.551579512131296267e-06,3.551579512129985060e-06,4.703983246075603051e-04,2.674275203870926654e-01,2.771690934797376923e-06,5.000000000000000000e+00,2.152777777777785950e-01
1.000000000000000000e+00,7.600000000000001137e+02,2.674453129924358463e-01,0.000000000000000000e+00,4.887251074360277059e-04,3.565482199094012516e-06,0.000000000000000000e+00,3.565482199094012516e-06,3.565482199093297620e-06,4.881909788856185050e-04,2.674453129924359573e-01,2.771875342157043939e-06,5.000000000000000000e+00,2.222222222222229870e-01
1.000000000000000000e+00,7.650000000000001137e+02,2.674631754171657438e-01,0.000000000000000000e+00,5.065875321659252251e-04,3.579509185912896493e-06,0.000000000000000000e+00,3.579509185912896493e-06,3.579509185911654742e-06,5.060534573481309528e-04,2.674631754171654108e-01,2.772060473143658671e-06,5.000000000000000000e+00,2.291666666666673513e-01
1.000000000000000000e+00,7.700000000000001137e+02,2.674811083130795852e-01,0.000000000000000000e+00,5.245204280797666208e-04,3.593672083461032043e-06,0.000000000000000000e+00,3.593672083461032043e-06,3.593672083460000357e-06,5.239864105215600448e-04,2.674811083130797518e-01,2.772246334512626088e-06,5.000000000000000000e+00,2.361111111111117433e-01
1.000000000000000000e+00,7.750000000000001137e+02,2.674991123822322847e-01,0.000000000000000000e+00,5.425244972324660964e-04,3.607979743297173793e-06,0.000000000000000000e+00,3.607979743297173793e-06,3.607979743296477532e-06,5.419905400884512904e-04,2.674991123822322847e-01,2.772432933540238305e-06,5.000000000000000000e+00,2.430555555555561353e-01
1.000000000000000000e+00,7.800000000000001137e+02,2.675171883656021210e-01,0.000000000000000000e+00,5.606004806023023868e-04,3.622438801312472011e-06,0.000000000000000000e+00,3.622438801312472011e-06,3.622438801311482677e-06,5.600665864499711731e-04,2.675171883656025651e-01,2.772620277906184759e-06,5.000000000000000000e+00,2.500000000000005551e-01
1.000000000000000000e+00,7.850000000000001137e+02,2.675353370325289082e-01,0.000000000000000000e+00,5.787491475290895693e-04,3.637053902630723754e-06,0.000000000000000000e+00,3.637053902630723754e-06,3.637053902630163019e-06,5.782153182098253305e-04,2.675353370325289082e-01,2.772808375584112167e-06,5.000000000000000000e+00,2.569444444444449749e-01
1.000000000000000000e+00,7.900000000000001137e+02,2.675535591710919148e-01,0.000000000000000000e+00,5.969712860920961539e-04,3.651827928481058815e-06,0.000000000000000000e+00,3.651827928481058815e-06,3.651827928479713727e-06,5.964375227876000029e-04,2.675535591710920813e-01,2.772997234741896558e-06,5.000000000000000000e+00,2.638888888888893947e-01
1.000000000000000000e+00,7.950000000000001137e+02,2.675718555799066478e-01,0.000000000000000000e+00,6.152676949068291989e-04,3.666762127481188968e-06,0.000000000000000000e+00,3.666762127481188968e-06,3.666762127479718518e-06,6.147339979274985683e-04,2.675718555799066478e-01,2.773186863656592275e-06,5.000000000000000000e+00,2.708333333333337589e-01
1.000000000000000000e+00,8.000000000000001137e+02,2.675902270602105726e-01,0.000000000000000000e+00,6.336391752107539688e-04,3.681856374383178003e-06,0.000000000000000000e+00,3.681856374383178003e-06,3.681856374382009098e-06,6.331055441821529161e-04,2.675902270602103505e-01,2.773377270632444263e-06,5.000000000000000000e+00,2.777777777777781232e-01
1.000000000000000000e+00,8.050000000000001137e+02,2.676086744091787373e-01,0.000000000000000000e+00,6.520865241789186584e-04,3.697109256710424583e-06,0.000000000000000000e+00,3.697109256710424583e-06,3.697109256709101517e-06,6.515529582598806376e-04,2.676086744091790148e-01,2.773568463931596968e-06,5.000000000000000000e+00,2.847222222222225430e-01
1.000000000000000000e+00,8.100000000000001137e+02,2.676271984138748894e-01,0.000000000000000000e+00,6.706105288750707771e-04,3.712518162370379612e-06,0.000000000000000000e+00,3.712518162370379612e-06,3.712518162368897304e-06,6.700770268075756245e-04,2.676271984138750004e-01,2.773760451711381704e-06,5.000000000000000000e+00,2.916666666666669627e-01
1.000000000000000000e+00,8.150000000000001137e+02,2.676457998455782916e-01,0.000000000000000000e+00,6.892119605784730041e-04,3.728079395847442743e-06,0.000000000000000000e+00,3.728079395847442743e-06,3.728079395846341601e-06,6.886785207031137328e-04,2.676457998455784026e-01,2.773953241965548247e-06,5.000000000000000000e+00,2.986111111111113825e-01
1.000000000000000000e+00,8.200000000000001137e+02,2.676644794546012007e-01,0.000000000000000000e+00,7.078915696013821091e-04,3.743788255382212511e-06,0.000000000000000000e+00,3.743788255382212511e-06,3.743788255380626866e-06,7.073581898311811014e-04,2.676644794546012007e-01,2.774146842470532018e-06,5.000000000000000000e+00,3.055555555555557468e-01
1.000000000000000000e+00,8.250000000000001137e+02,2.676832379654098260e-01,0.000000000000000000e+00,7.266500804100073374e-04,3.759639109164756232e-06,0.000000000000000000e+00,3.759639109164756232e-06,3.759639109163817719e-06,7.261167582425421705e-04,2.676832379654097704e-01,2.774341260734904437e-06,5.000000000000000000e+00,3.125000000000001665e-01
1.000000000000000000e+00,8.300000000000001137e+02,2.677020760721077752e-01,0.000000000000000000e+00,7.454881871079566125e-04,3.775625465100729424e-06,0.000000000000000000e+00,3.775625465100729424e-06,3.775625465099611340e-06,7.449549196782007110e-04,2.677020760721079973e-01,2.774536503952536230e-06,5.000000000000000000e+00,3.194444444444445308e-01
1.000000000000000000e+00,8.350000000000001137e+02,2.677209944343499348e-01,0.000000000000000000e+00,7.644065493501162045e-04,3.791740049012147680e-06,0.000000000000000000e+00,3.791740049012147680e-06,3.791740049010587445e-06,7.638733334634762156e-04,2.677209944343498238e-01,2.774732578960266958e-06,5.000000000000000000e+00,3.263888888888889506e-01
1.000000000000000000e+00,8.400000000000001137e+02,2.677399936735398445e-01,0.000000000000000000e+00,7.834057885400258492e-04,3.807974848153907615e-06,0.000000000000000000e+00,3.807974848153907615e-06,3.807974848152565915e-06,7.828726207063840727e-04,2.677399936735398445e-01,2.774929492198496391e-06,5.000000000000000000e+00,3.333333333333333703e-01
1.000000000000000000e+00,8.450000000000001137e+02,2.677590743692369601e-01,0.000000000000000000e+00,8.024864842371415286e-04,3.824321167355083180e-06,0.000000000000000000e+00,3.824321167355083180e-06,3.824321167353921051e-06,8.019533607451503291e-04,2.677590743692369601e-01,2.775127249673929028e-06,5.000000000000000000e+00,3.402777777777777901e-01
1.000000000000000000e+00,8.500000000000001137e+02,2.677782370559658176e-01,0.000000000000000000e+00,8.216491709659989873e-04,3.840769667409176110e-06,0.000000000000000000e+00,3.840769667409176110e-06,3.840769667408073273e-06,8.211160878320553124e-04,2.677782370559658176e-01,2.775325856926527108e-06,5.000000000000000000e+00,3.472222222222221544e-01
1.000000000000000000e+00,8.550000000000001137e+02,2.677974822201079630e-01,0.000000000000000000e+00,8.408943351081443751e-04,3.857310432511924737e-06,0.000000000000000000e+00,3.857310432511924737e-06,3.857310432511089563e-06,8.403612880818532669e-04,2.677974822201079630e-01,2.775525318997274657e-06,5.000000000000000000e+00,3.541666666666665741e-01
1.000000000000000000e+00,8.600000000000001137e+02,2.678168102970498454e-01,0.000000000000000000e+00,8.602224120500268079e-04,3.873933004072480774e-06,0.000000000000000000e+00,3.873933004072480774e-06,3.873933004071540567e-06,8.596893966733098287e-04,2.678168102970498454e-01,2.775725640398637634e-06,5.000000000000000000e+00,3.611111111111109384e-01
1.000000000000000000e+00,8.650000000000001137e+02,2.678362216686002162e-01,0.000000000000000000e+00,8.796337836003975674e-04,3.890626412379268484e-06,0.000000000000000000e+00,3.890626412379268484e-06,3.890626412378092803e-06,8.791007952144338621e-04,2.678362216685999941e-01,2.775926825087783291e-06,5.000000000000000000e+00,3.680555555555553582e-01
1.000000000000000000e+00,8.700000000000001137e+02,2.678557166605579076e-01,0.000000000000000000e+00,8.991287755580890106e-04,3.907379225649162220e-06,0.000000000000000000e+00,3.907379225649162220e-06,3.907379225647905223e-06,8.985958093094988369e-04,2.678557166605580186e-01,2.776128876441380097e-06,5.000000000000000000e+00,3.749999999999997780e-01
1.000000000000000000e+00,8.750000000000001137e+02,2.678752955404668512e-01,0.000000000000000000e+00,9.187076554670325912e-04,3.924179584226285809e-06,0.000000000000000000e+00,3.924179584226285809e-06,3.924179584225093186e-06,9.181747063341813651e-04,2.678752955404669622e-01,2.776331797232322966e-06,5.000000000000000000e+00,3.819444444444441422e-01
1.000000000000000000e+00,8.800000000000001137e+02,2.678949585155542268e-01,0.000000000000000000e+00,9.383706305544081694e-04,3.941015230296151964e-06,0.000000000000000000e+00,3.941015230296151964e-06,3.941015230295335424e-06,9.378376933704824078e-04,2.678949585155545043e-01,2.776535589608372778e-06,5.000000000000000000e+00,3.888888888888885620e-01
1.000000000000000000e+00,8.850000000000001137e+02,2.679147057308089441e-01,0.000000000000000000e+00,9.581178458091255123e-04,3.957873526672521015e-06,0.000000000000000000e+00,3.957873526672521015e-06,3.957873526671350415e-06,9.575849152628991470e-04,2.679147057308089441e-01,2.776740255072232475e-06,5.000000000000000000e+00,3.958333333333329263e-01
1.000000000000000000e+00,8.900000000000001137e+02,2.679345372672322645e-01,0.000000000000000000e+00,9.779493822324458741e-04,3.974741506214909026e-06,0.000000000000000000e+00,3.974741506214909026e-06,3.974741506213762143e-06,9.774164528451119351e-04,2.679345372672322090e-01,2.776945794463423515e-06,5.000000000000000000e+00,4.027777777777773460e-01
1.000000000000000000e+00,8.950000000000001137e+02,2.679544531401928942e-01,0.000000000000000000e+00,9.978652551930755621e-04,3.991605896702130421e-06,0.000000000000000000e+00,3.991605896702130421e-06,3.991605896701193602e-06,9.973323213523994143e-04,2.679544531401930607e-01,2.777152207941227056e-06,5.000000000000000000e+00,4.097222222222217658e-01
1.000000000000000000e+00,9.000000000000001137e+02,2.679744532979127514e-01,0.000000000000000000e+00,1.017865412912932754e-03,4.008453137547673267e-06,0.000000000000000000e+00,4.008453137547673267e-06,4.008453137546746613e-06,1.017332468938019190e-03,2.679744532979126959e-01,2.777359494969003680e-06,5.000000000000000000e+00,4.166666666666661856e-01
1.000000000000000000e+00,9.050000000000001137e+02,2.679945376201526286e-01,0.000000000000000000e+00,1.037949735152809971e-03,4.025269394770871097e-06,0.000000000000000000e+00,4.025269394770871097e-06,4.025269394770396758e-06,1.037416775268812028e-03,2.679945376201527951e-01,2.777567654300560399e-06,5.000000000000000000e+00,4.236111111111105498e-01
1.000000000000000000e+00,9.100000000000001137e+02,2.680147059169882273e-01,0.000000000000000000e+00,1.058118031988408703e-03,4.042040604521921290e-06,0.000000000000000000e+00,4.042040604521921290e-06,4.042040604520752385e-06,1.057585050267039872e-03,2.680147059169880053e-01,2.777776683967470147e-06,5.000000000000000000e+00,4.305555555555549696e-01
1.000000000000000000e+00,9.150000000000001137e+02,2.680349579276115612e-01,0.000000000000000000e+00,1.078370042611742630e-03,4.058752506426238291e-06,0.000000000000000000e+00,4.058752506426238291e-06,4.058752506425672473e-06,1.077837033044405863e-03,2.680349579276117278e-01,2.777986581266653854e-06,5.000000000000000000e+00,4.374999999999993339e-01
1.000000000000000000e+00,9.200000000000001137e+02,2.680552933193243170e-01,0.000000000000000000e+00,1.098705434324498409e-03,4.075390628843485012e-06,0.000000000000000000e+00,4.075390628843485012e-06,4.075390628842510924e-06,1.098172390882576214e-03,2.680552933193243170e-01,2.778197342749929754e-06,5.000000000000000000e+00,4.444444444444438092e-01
1.000000000000000000e+00,9.250000000000001137e+02,2.680757116866722134e-01,0.000000000000000000e+00,1.119123801672394780e-03,4.091940320404594911e-06,0.000000000000000000e+00,4.091940320404594911e-06,4.091940320403510709e-06,1.118590718255691287e-03,2.680757116866719358e-01,2.778408964215063210e-06,5.000000000000000000e+00,4.513888888888881734e-01
1.000000000000000000e+00,9.300000000000001137e+02,2.680962125506345384e-01,0.000000000000000000e+00,1.139624665634719758e-03,4.108386782028174047e-06,0.000000000000000000e+00,4.108386782028174047e-06,4.108386782027411717e-06,1.139091536011768669e-03,2.680962125506340943e-01,2.778621440697354832e-06,5.000000000000000000e+00,4.583333333333325377e-01
1.000000000000000000e+00,9.350000000000001137e+02,2.681167953578890151e-01,0.000000000000000000e+00,1.160207472889196456e-03,4.124715118433873646e-06,0.000000000000000000e+00,4.124715118433873646e-06,4.124715118433096070e-06,1.159674290762919896e-03,2.681167953578891261e-01,2.778834766462026495e-06,5.000000000000000000e+00,4.652777777777769574e-01
1.000000000000000000e+00,9.400000000000001137e+02,2.681374594801294031e-01,0.000000000000000000e+00,1.180871595129584506e-03,4.140910299219233951e-06,0.000000000000000000e+00,4.140910299219233951e-06,4.140910299217739784e-06,1.180338354307046986e-03,2.681374594801290701e-01,2.779048934997132523e-06,5.000000000000000000e+00,4.722222222222213217e-01
1.000000000000000000e+00,9.450000000000001137e+02,2.681582042137267141e-01,0.000000000000000000e+00,1.201616328726895500e-03,4.156957160183962635e-06,0.000000000000000000e+00,4.156957160183962635e-06,4.156957160183049534e-06,1.201083022955549062e-03,2.681582042137267696e-01,2.779263939010084313e-06,5.000000000000000000e+00,4.791666666666657415e-01
1.000000000000000000e+00,9.500000000000001137e+02,2.681790287792985006e-01,0.000000000000000000e+00,1.222440894298681968e-03,4.172840507681270050e-06,0.000000000000000000e+00,4.172840507681270050e-06,4.172840507680375584e-06,1.221907517125207614e-03,2.681790287792985561e-01,2.779479770423147502e-06,5.000000000000000000e+00,4.861111111111101613e-01
1.000000000000000000e+00,9.550000000000001137e+02,2.681999323212692632e-01,0.000000000000000000e+00,1.243344436269444575e-03,4.188545124033215129e-06,0.000000000000000000e+00,4.188545124033215129e-06,4.188545124032130927e-06,1.242810981204488978e-03,2.681999323212692077e-01,2.779696420368901033e-06,5.000000000000000000e+00,4.930555555555545810e-01
1.000000000000000000e+00,9.600000000000001137e+02,2.682209139075884541e-01,0.000000000000000000e+00,1.264326022588635468e-03,4.204055762875344546e-06,0.000000000000000000e+00,4.204055762875344546e-06,4.204055762874142606e-06,1.263792483421754577e-03,2.682209139075885651e-01,2.779913879187328011e-06,5.000000000000000000e+00,4.999999999999989453e-01
1.000000000000000000e+00,9.650000000000001137e+02,2.682419725298345603e-01,0.000000000000000000e+00,1.285384644834741685e-03,4.219357043243543914e-06,0.000000000000000000e+00,4.219357043243543914e-06,4.219357043242882381e-06,1.284851015437047089e-03,2.682419725298345603e-01,2.780132136426876196e-06,5.000000000000000000e+00,5.069444444444433095e-01
1.000000000000000000e+00,9.700000000000001137e+02,2.682631071034159986e-01,0.000000000000000000e+00,1.306519218416180017e-03,4.234433645364382172e-06,0.000000000000000000e+00,4.234433645364382172e-06,4.234433645363001509e-06,1.305985492158561693e-03,2.682631071034162207e-01,2.780351180846545934e-06,5.000000000000000000e+00,5.138888888888877293e-01
1.000000000000000000e+00,9.750000000000001137e+02,2.682843164671428471e-01,0.000000000000000000e+00,1.327728582143028468e-03,4.249270428243870953e-06,0.000000000000000000e+00,4.249270428243870953e-06,4.249270428243009520e-06,1.327194752342576766e-03,2.682843164671431246e-01,2.780571000411448740e-06,5.000000000000000000e+00,5.208333333333321491e-01
1.000000000000000000e+00,9.800000000000001137e+02,2.683055993834108643e-01,0.000000000000000000e+00,1.349011498411045729e-03,4.263852233573035366e-06,0.000000000000000000e+00,4.263852233573035366e-06,4.263852233572218827e-06,1.348477558997114925e-03,2.683055993834108643e-01,2.780791582294720325e-06,5.000000000000000000e+00,5.277777777777765689e-01
1.000000000000000000e+00,9.850000000000001137e+02,2.683269545387257926e-01,0.000000000000000000e+00,1.370366653725973993e-03,4.278163824102546920e-06,0.000000000000000000e+00,4.278163824102546920e-06,4.278163824101520316e-06,1.369832599141299371e-03,2.683269545387257926e-01,2.781012912882956853e-06,5.000000000000000000e+00,5.347222222222208776e-01
1.000000000000000000e+00,9.900000000000001137e+02,2.683483805448731996e-01,0.000000000000000000e+00,1.391792659873380966e-03,4.292189933092595072e-06,0.000000000000000000e+00,4.292189933092595072e-06,4.292189933091174597e-06,1.391258483534281009e-03,2.683483805448733106e-01,2.781234977788325390e-06,5.000000000000000000e+00,5.416666666666652974e-01
1.000000000000000000e+00,9.950000000000001137e+02,2.683698759387049826e-01,0.000000000000000000e+00,1.413288053705163971e-03,4.305915894246763556e-06,0.000000000000000000e+00,4.305915894246763556e-06,4.305915894245999532e-06,1.412753748102624001e-03,2.683698759387045385e-01,2.781457761846362048e-06,5.000000000000000000e+00,5.486111111111097172e-01
1.000000000000000000e+00,1.000000000000000114e+03,2.683914391814583578e-01,0.000000000000000000e+00,1.434851296458539149e-03,4.319327245048540842e-06,0.000000000000000000e+00,4.319327245048540842e-06,4.319327245047562519e-06,1.434316855950857868e-03,2.683914391814581357e-01,2.781681249108922550e-06,5.000000000000000000e+00,5.555555555555540259e-01
1.000000000000000000e+00,1.005000000000000114e+03,2.684130686611810868e-01,0.000000000000000000e+00,1.456480776181268144e-03,4.332409052504256107e-06,0.000000000000000000e+00,4.332409052504256107e-06,4.332409052503161741e-06,1.455946196694734782e-03,2.684130686611810312e-01,2.781905422869293791e-06,5.000000000000000000e+00,5.624999999999985567e-01
1.000000000000000000e+00,1.010000000000000114e+03,2.684347626943018872e-01,0.000000000000000000e+00,1.478174809302068571e-03,4.345146451389183010e-06,0.000000000000000000e+00,4.345146451389183010e-06,4.345146451388284308e-06,1.477640085454463501e-03,2.684347626943018317e-01,2.782130265678489061e-06,5.000000000000000000e+00,5.694444444444430875e-01
1.000000000000000000e+00,1.015000000000000114e+03,2.684565195261240378e-01,0.000000000000000000e+00,1.499931641124219173e-03,4.357525565424824805e-06,0.000000000000000000e+00,4.357525565424824805e-06,4.357525565423745685e-06,1.499396765496493512e-03,2.684565195261241488e-01,2.782355759350363276e-06,5.000000000000000000e+00,5.763888888888876183e-01
1.000000000000000000e+00,1.020000000000000114e+03,2.684783373301452558e-01,0.000000000000000000e+00,1.521749445145437196e-03,4.369532848405140927e-06,0.000000000000000000e+00,4.369532848405140927e-06,4.369532848403730618e-06,1.521214411531062165e-03,2.684783373301453668e-01,2.782581884954544911e-06,5.000000000000000000e+00,5.833333333333322601e-01
1.000000000000000000e+00,1.025000000000000000e+03,2.685002142107302259e-01,0.000000000000000000e+00,1.543626325730407256e-03,4.381153959330416582e-06,0.000000000000000000e+00,4.381153959330416582e-06,4.381153959329619524e-06,1.543091128550395062e-03,2.685002142107301148e-01,2.782808622844164046e-06,5.000000000000000000e+00,5.902777777777766799e-01
1.000000000000000000e+00,1.030000000000000000e+03,2.685221482048176234e-01,0.000000000000000000e+00,1.565560319817804746e-03,4.392375969111706748e-06,0.000000000000000000e+00,4.392375969111706748e-06,4.392375969110565795e-06,1.565024953371495610e-03,2.685221482048171238e-01,2.783035952673523593e-06,5.000000000000000000e+00,5.972222222222210997e-01
1.000000000000000000e+00,1.035000000000000000e+03,2.685441372829435736e-01,0.000000000000000000e+00,1.587549397943754936e-03,4.403185536333379128e-06,0.000000000000000000e+00,4.403185536333379128e-06,4.403185536332070462e-06,1.587013857135102226e-03,2.685441372829436846e-01,2.783263853408715582e-06,5.000000000000000000e+00,6.041666666666654084e-01
1.000000000000000000e+00,1.040000000000000000e+03,2.685661793514584894e-01,0.000000000000000000e+00,1.609591466458670794e-03,4.413569884320485924e-06,0.000000000000000000e+00,4.413569884320485924e-06,4.413569884319494049e-06,1.609055745686731190e-03,2.685661793514585449e-01,2.783492303350588037e-06,5.000000000000000000e+00,6.111111111111098282e-01
1.000000000000000000e+00,1.045000000000000000e+03,2.685882722537631939e-01,0.000000000000000000e+00,1.631684368763375304e-03,4.423517060526334127e-06,0.000000000000000000e+00,4.423517060526334127e-06,4.423517060525325311e-06,1.631148463048843209e-03,2.685882722537633049e-01,2.783721280147559736e-06,5.000000000000000000e+00,6.180555555555541369e-01
1.000000000000000000e+00,1.050000000000000000e+03,2.686104137725981444e-01,0.000000000000000000e+00,1.653825887598325828e-03,4.433014641103484360e-06,0.000000000000000000e+00,4.433014641103484360e-06,4.433014641102423028e-06,1.653289792302912575e-03,2.686104137725981444e-01,2.783950760819367205e-06,5.000000000000000000e+00,6.249999999999987788e-01
1.000000000000000000e+00,1.055000000000000000e+03,2.686326016322890808e-01,0.000000000000000000e+00,1.676013747289262223e-03,4.442051462404036097e-06,0.000000000000000000e+00,4.442051462404036097e-06,4.442051462403217016e-06,1.675477457561676568e-03,2.686326016322893029e-01,2.784180721780299677e-06,5.000000000000000000e+00,6.319444444444434206e-01
1.000000000000000000e+00,1.060000000000000000e+03,2.686548335008802635e-01,0.000000000000000000e+00,1.698245615880444870e-03,4.450616409906617396e-06,0.000000000000000000e+00,4.450616409906617396e-06,4.450616409905284166e-06,1.697709127242447852e-03,2.686548335008803190e-01,2.784411138861340533e-06,5.000000000000000000e+00,6.388888888888880624e-01
1.000000000000000000e+00,1.065000000000000000e+03,2.686771069926552902e-01,0.000000000000000000e+00,1.720519107655471558e-03,4.458699022931569616e-06,0.000000000000000000e+00,4.458699022931569616e-06,4.458699022930773405e-06,1.719982415824537888e-03,2.686771069926550126e-01,2.784641987336279638e-06,5.000000000000000000e+00,6.458333333333325932e-01
1.000000000000000000e+00,1.070000000000000000e+03,2.686994196708180072e-01,0.000000000000000000e+00,1.742831785818188539e-03,4.466289335579564377e-06,0.000000000000000000e+00,4.466289335579564377e-06,4.466289335578994323e-06,1.742294886720812362e-03,2.686994196708179516e-01,2.784873241949515496e-06,5.000000000000000000e+00,6.527777777777771240e-01
1.000000000000000000e+00,1.075000000000000000e+03,2.687217690507603951e-01,0.000000000000000000e+00,1.765181165760576487e-03,4.473377974515438350e-06,0.000000000000000000e+00,4.473377974515438350e-06,4.473377974514740395e-06,1.764644054996046671e-03,2.687217690507600620e-01,2.785104876949886600e-06,5.000000000000000000e+00,6.597222222222215438e-01
1.000000000000000000e+00,1.080000000000000000e+03,2.687441526021087101e-01,0.000000000000000000e+00,1.787564717108891532e-03,4.479956166590473349e-06,0.000000000000000000e+00,4.479956166590473349e-06,4.479956166589301055e-06,1.787027390348806723e-03,2.687441526021086546e-01,2.785336866111926873e-06,5.000000000000000000e+00,6.666666666666658525e-01
1.000000000000000000e+00,1.085000000000000000e+03,2.687665677514138318e-01,0.000000000000000000e+00,1.809979866414013205e-03,4.486015778579747646e-06,0.000000000000000000e+00,4.486015778579747646e-06,4.486015778578519449e-06,1.809442320211726357e-03,2.687665677514134988e-01,2.785569182763707218e-06,5.000000000000000000e+00,6.736111111111102723e-01
1.000000000000000000e+00,1.090000000000000000e+03,2.687890118867543587e-01,0.000000000000000000e+00,1.832424001754540122e-03,4.491549352489132292e-06,0.000000000000000000e+00,4.491549352489132292e-06,4.491549352488010820e-06,1.831886233039392705e-03,2.687890118867543032e-01,2.785801799834581072e-06,5.000000000000000000e+00,6.805555555555545810e-01
1.000000000000000000e+00,1.095000000000000000e+03,2.688114823606332915e-01,0.000000000000000000e+00,1.854894475633472872e-03,4.496550127615091925e-06,0.000000000000000000e+00,4.496550127615091925e-06,4.496550127614393123e-06,1.854356481739648753e-03,2.688114823606332360e-01,2.786034689885166406e-06,5.000000000000000000e+00,6.874999999999990008e-01
1.000000000000000000e+00,1.100000000000000000e+03,2.688339764942976329e-01,0.000000000000000000e+00,1.877388609297814259e-03,4.501012083168067087e-06,0.000000000000000000e+00,4.501012083168067087e-06,4.501012083166936298e-06,1.876850387266602036e-03,2.688339764942976329e-01,2.786267825152148266e-06,5.000000000000000000e+00,6.944444444444434206e-01
1.000000000000000000e+00,1.105000000000000000e+03,2.688564915793184573e-01,0.000000000000000000e+00,1.899903694318638703e-03,4.504929972254589031e-06,0.000000000000000000e+00,4.504929972254589031e-06,4.504929972253736916e-06,1.899365242405153757e-03,2.688564915793184018e-01,2.786501177564636244e-06,5.000000000000000000e+00,7.013888888888877293e-01
1.000000000000000000e+00,1.110000000000000000e+03,2.688790248836375185e-01,0.000000000000000000e+00,1.922436998637699901e-03,4.508299343573466235e-06,0.000000000000000000e+00,4.508299343573466235e-06,4.508299343572481136e-06,1.921898315694719290e-03,2.688790248836373520e-01,2.786734718806847039e-06,5.000000000000000000e+00,7.083333333333321491e-01
1.000000000000000000e+00,1.115000000000000000e+03,2.689015736551026992e-01,0.000000000000000000e+00,1.944985770102880540e-03,4.511116561616266586e-06,0.000000000000000000e+00,4.511116561616266586e-06,4.511116561615606748e-06,1.944446855457689560e-03,2.689015736551029767e-01,2.786968420354731853e-06,5.000000000000000000e+00,7.152777777777764578e-01
1.000000000000000000e+00,1.120000000000000000e+03,2.689241351257930512e-01,0.000000000000000000e+00,1.967547240793232621e-03,4.513378897785416232e-06,0.000000000000000000e+00,4.513378897785416232e-06,4.513378897784530236e-06,1.967008094106189545e-03,2.689241351257931067e-01,2.787202253520806457e-06,5.000000000000000000e+00,7.222222222222208776e-01
1.000000000000000000e+00,1.125000000000000000e+03,2.689467065165329629e-01,0.000000000000000000e+00,1.990118631533144278e-03,4.515084494289067839e-06,0.000000000000000000e+00,4.515084494289067839e-06,4.515084494287981095e-06,1.989579252586370656e-03,2.689467065165329074e-01,2.787436189500952726e-06,5.000000000000000000e+00,7.291666666666652974e-01
1.000000000000000000e+00,1.130000000000000000e+03,2.689692850409636238e-01,0.000000000000000000e+00,2.012697155963805162e-03,4.516232369801381318e-06,0.000000000000000000e+00,4.516232369801381318e-06,4.516232369800412313e-06,2.012157544746591680e-03,2.689692850409632907e-01,2.787670199416588599e-06,5.000000000000000000e+00,7.361111111111096061e-01
1.000000000000000000e+00,1.135000000000000000e+03,2.689918679105143262e-01,0.000000000000000000e+00,2.035280025514507596e-03,4.516822531580053448e-06,0.000000000000000000e+00,4.516822531580053448e-06,4.516822531579134418e-06,2.034740182000040632e-03,2.689918679105142152e-01,2.787904254366226549e-06,5.000000000000000000e+00,7.430555555555540259e-01
1.000000000000000000e+00,1.140000000000000000e+03,2.690144523387008046e-01,0.000000000000000000e+00,2.057864453700986029e-03,4.516855984363985627e-06,0.000000000000000000e+00,4.516855984363985627e-06,4.516855984363069137e-06,2.057324378289896068e-03,2.690144523387009712e-01,2.788138325469983050e-06,5.000000000000000000e+00,7.499999999999984457e-01
1.000000000000000000e+00,1.145000000000000000e+03,2.690370355465363517e-01,0.000000000000000000e+00,2.080447661536533044e-03,4.516334710430184511e-06,0.000000000000000000e+00,4.516334710430184511e-06,4.516334710428836882e-06,2.079907355026875716e-03,2.690370355465365182e-01,2.788372383925694504e-06,5.000000000000000000e+00,7.569444444444429765e-01
1.000000000000000000e+00,1.150000000000000000e+03,2.690596147678370187e-01,0.000000000000000000e+00,2.103026882837200073e-03,4.515261664797685286e-06,0.000000000000000000e+00,4.515261664797685286e-06,4.515261664796697645e-06,2.102486345964939621e-03,2.690596147678370187e-01,2.788606401063883756e-06,5.000000000000000000e+00,7.638888888888873963e-01
1.000000000000000000e+00,1.155000000000000000e+03,2.690821872538342041e-01,0.000000000000000000e+00,2.125599368834385494e-03,4.513640842488764269e-06,0.000000000000000000e+00,4.513640842488764269e-06,4.513640842487932483e-06,2.125058602233151350e-03,2.690821872538343706e-01,2.788840348395570867e-06,5.000000000000000000e+00,7.708333333333320381e-01
1.000000000000000000e+00,1.160000000000000000e+03,2.691047502771918842e-01,0.000000000000000000e+00,2.148162392192065617e-03,4.511477402402648865e-06,0.000000000000000000e+00,4.511477402402648865e-06,4.511477402401680707e-06,2.147621397845375299e-03,2.691047502771917177e-01,2.789074197653910710e-06,5.000000000000000000e+00,7.777777777777764578e-01
1.000000000000000000e+00,1.165000000000000000e+03,2.691273011384597846e-01,0.000000000000000000e+00,2.170713253459966019e-03,4.508777582494871510e-06,0.000000000000000000e+00,4.508777582494871510e-06,4.508777582494025324e-06,2.170172035307614631e-03,2.691273011384596736e-01,2.789307920861071730e-06,5.000000000000000000e+00,7.847222222222208776e-01
1.000000000000000000e+00,1.170000000000000000e+03,2.691498371745170148e-01,0.000000000000000000e+00,2.193249289517196221e-03,4.505548590309306543e-06,0.000000000000000000e+00,4.505548590309306543e-06,4.505548590308446805e-06,2.192707850739621014e-03,2.691498371745170148e-01,2.789541490415753928e-06,5.000000000000000000e+00,7.916666666666654084e-01
1.000000000000000000e+00,1.175000000000000000e+03,2.691723557602022643e-01,0.000000000000000000e+00,2.215767875202445669e-03,4.501798867073766462e-06,0.000000000000000000e+00,4.501798867073766462e-06,4.501798867072926205e-06,2.215226219383074468e-03,2.691723557602025418e-01,2.789774879110072768e-06,5.000000000000000000e+00,7.986111111111098282e-01
1.000000000000000000e+00,1.180000000000000000e+03,2.691948543145790129e-01,0.000000000000000000e+00,2.238266429579194305e-03,4.497537937840954221e-06,0.000000000000000000e+00,4.497537937840954221e-06,4.497537937840357063e-06,2.237724561395357682e-03,2.691948543145792350e-01,2.790008060194509665e-06,5.000000000000000000e+00,8.055555555555543590e-01
1.000000000000000000e+00,1.185000000000000000e+03,2.692173303071052626e-01,0.000000000000000000e+00,2.260742422105443961e-03,4.492776284850877994e-06,0.000000000000000000e+00,4.492776284850877994e-06,4.492776284849969975e-06,2.260200346952083352e-03,2.692173303071054291e-01,2.790241007441841373e-06,5.000000000000000000e+00,8.124999999999988898e-01
1.000000000000000000e+00,1.190000000000000000e+03,2.692397812630187293e-01,0.000000000000000000e+00,2.283193378018910646e-03,4.487525766889484012e-06,0.000000000000000000e+00,4.487525766889484012e-06,4.487525766888564134e-06,2.282651102081429805e-03,2.692397812630187848e-01,2.790473695202968347e-06,5.000000000000000000e+00,8.194444444444434206e-01
1.000000000000000000e+00,1.195000000000000000e+03,2.692622047712152078e-01,0.000000000000000000e+00,2.305616886215389183e-03,4.481799253419090469e-06,0.000000000000000000e+00,4.481799253419090469e-06,4.481799253418092664e-06,2.305074414632196471e-03,2.692622047712153743e-01,2.790706098488558559e-06,5.000000000000000000e+00,8.263888888888878403e-01
1.000000000000000000e+00,1.200000000000000000e+03,2.692845984863846409e-01,0.000000000000000000e+00,2.328010601384822298e-03,4.475610970162944321e-06,0.000000000000000000e+00,4.475610970162944321e-06,4.475610970162111688e-06,2.327467940191146889e-03,2.692845984863843078e-01,2.790938192991177502e-06,5.000000000000000000e+00,8.333333333333322601e-01
1.000000000000000000e+00,1.205000000000000000e+03,2.693069601367036880e-01,0.000000000000000000e+00,2.350372251703869431e-03,4.468976038292436868e-06,0.000000000000000000e+00,4.468976038292436868e-06,4.468976038291640657e-06,2.349829407712281364e-03,2.693069601367040766e-01,2.791169955165045661e-06,5.000000000000000000e+00,8.402777777777767909e-01
1.000000000000000000e+00,1.210000000000000000e+03,2.693292875290638766e-01,0.000000000000000000e+00,2.372699644064057978e-03,4.461910819837164983e-06,0.000000000000000000e+00,4.461910819837164983e-06,4.461910819836321338e-06,2.372156624857601256e-03,2.693292875290639321e-01,2.791401362280186785e-06,5.000000000000000000e+00,8.472222222222212107e-01
1.000000000000000000e+00,1.215000000000000000e+03,2.693515785548252772e-01,0.000000000000000000e+00,2.394990669825458607e-03,4.454432840351290593e-06,0.000000000000000000e+00,4.454432840351290593e-06,4.454432840350501158e-06,2.394447484008068502e-03,2.693515785548249442e-01,2.791632392482094161e-06,5.000000000000000000e+00,8.541666666666658525e-01
1.000000000000000000e+00,1.220000000000000000e+03,2.693738311956205278e-01,0.000000000000000000e+00,2.417243310620709185e-03,4.446560382341561361e-06,0.000000000000000000e+00,4.446560382341561361e-06,4.446560382340584732e-06,2.416699967064796315e-03,2.693738311956201392e-01,2.791863024851858942e-06,5.000000000000000000e+00,8.611111111111102723e-01
1.000000000000000000e+00,1.225000000000000000e+03,2.693960435286165689e-01,0.000000000000000000e+00,2.439455643616750269e-03,4.438313114284433091e-06,0.000000000000000000e+00,4.438313114284433091e-06,4.438313114283973999e-06,2.438912150806357530e-03,2.693960435286163468e-01,2.792093239460725420e-06,5.000000000000000000e+00,8.680555555555548031e-01
1.000000000000000000e+00,1.230000000000000000e+03,2.694182137305985991e-01,0.000000000000000000e+00,2.461625845598780504e-03,4.429711698642166168e-06,0.000000000000000000e+00,4.429711698642166168e-06,4.429711698641330146e-06,2.461082212838670586e-03,2.694182137305985436e-01,2.792323017412400746e-06,5.000000000000000000e+00,8.749999999999992228e-01
1.000000000000000000e+00,1.235000000000000000e+03,2.694403400859333164e-01,0.000000000000000000e+00,2.483752200933497800e-03,4.420777842947037017e-06,0.000000000000000000e+00,4.420777842947037017e-06,4.420777842946115445e-06,2.483208436692639284e-03,2.694403400859333164e-01,2.792552340925600832e-06,5.000000000000000000e+00,8.819444444444436426e-01
1.000000000000000000e+00,1.240000000000000000e+03,2.694624209879768473e-01,0.000000000000000000e+00,2.505833102977028659e-03,4.411534214732680797e-06,0.000000000000000000e+00,4.411534214732680797e-06,4.411534214732139543e-06,2.505289216836834899e-03,2.694624209879770138e-01,2.792781193348632446e-06,5.000000000000000000e+00,8.888888888888881734e-01
1.000000000000000000e+00,1.245000000000000000e+03,2.694844549457242611e-01,0.000000000000000000e+00,2.527867060724442450e-03,4.402004393649462200e-06,0.000000000000000000e+00,4.402004393649462200e-06,4.402004393648853183e-06,2.527323063357787489e-03,2.694844549457241500e-01,2.793009559228324331e-06,5.000000000000000000e+00,8.958333333333327042e-01
1.000000000000000000e+00,1.250000000000000000e+03,2.695064405891205439e-01,0.000000000000000000e+00,2.549852704120725289e-03,4.392212757313592418e-06,0.000000000000000000e+00,4.392212757313592418e-06,4.392212757313157043e-06,2.549308606235192384e-03,2.695064405891206549e-01,2.793237424365044535e-06,5.000000000000000000e+00,9.027777777777772350e-01
1.000000000000000000e+00,1.255000000000000000e+03,2.695283766681748072e-01,0.000000000000000000e+00,2.571788783174988602e-03,4.382184173846786698e-06,0.000000000000000000e+00,4.382184173846786698e-06,4.382184173845891385e-06,2.571244598563090025e-03,2.695283766681746962e-01,2.793464775803564313e-06,5.000000000000000000e+00,9.097222222222216548e-01
1.000000000000000000e+00,1.260000000000000000e+03,2.695502620655400028e-01,0.000000000000000000e+00,2.593674180540184171e-03,4.371944016785568870e-06,0.000000000000000000e+00,4.371944016785568870e-06,4.371944016784833645e-06,2.593129919039666859e-03,2.695502620655399473e-01,2.793691601963394477e-06,5.000000000000000000e+00,9.166666666666660745e-01
1.000000000000000000e+00,1.265000000000000000e+03,2.695720957871498014e-01,0.000000000000000000e+00,2.615507902149982744e-03,4.361518972810744658e-06,0.000000000000000000e+00,4.361518972810744658e-06,4.361518972809833250e-06,2.614963576513653319e-03,2.695720957871500234e-01,2.793917892541757346e-06,5.000000000000000000e+00,9.236111111111104943e-01
1.000000000000000000e+00,1.270000000000000000e+03,2.695938769792743384e-01,0.000000000000000000e+00,2.637289094274519741e-03,4.350935232970572740e-06,0.000000000000000000e+00,4.350935232970572740e-06,4.350935232969573241e-06,2.636744712028101737e-03,2.695938769792742828e-01,2.794143638690370570e-06,5.000000000000000000e+00,9.305555555555549141e-01
1.000000000000000000e+00,1.275000000000000000e+03,2.696156049124923126e-01,0.000000000000000000e+00,2.659017027492494023e-03,4.340219898653332120e-06,0.000000000000000000e+00,4.340219898653332120e-06,4.340219898652584189e-06,2.658472599857157267e-03,2.696156049124925902e-01,2.794368832849316018e-06,5.000000000000000000e+00,9.374999999999993339e-01
1.000000000000000000e+00,1.280000000000000000e+03,2.696372789971153150e-01,0.000000000000000000e+00,2.680691112115496377e-03,4.329399749631243090e-06,0.000000000000000000e+00,4.329399749631243090e-06,4.329399749630379964e-06,2.680146648977864508e-03,2.696372789971154260e-01,2.794593468906901996e-06,5.000000000000000000e+00,9.444444444444438647e-01
1.000000000000000000e+00,1.285000000000000000e+03,2.696588987750495603e-01,0.000000000000000000e+00,2.702310890049741676e-03,4.318501492363642405e-06,0.000000000000000000e+00,4.318501492363642405e-06,4.318501492362863981e-06,2.701766402082847462e-03,2.696588987750495048e-01,2.794817542115317830e-06,5.000000000000000000e+00,9.513888888888881734e-01
1.000000000000000000e+00,1.290000000000000000e+03,2.696804639221284106e-01,0.000000000000000000e+00,2.723876037128591943e-03,4.307551302982707945e-06,0.000000000000000000e+00,4.307551302982707945e-06,4.307551302982009990e-06,2.723331534071209842e-03,2.696804639221285216e-01,2.795041049114822582e-06,5.000000000000000000e+00,9.583333333333325932e-01
1.000000000000000000e+00,1.295000000000000000e+03,2.697019742427400057e-01,0.000000000000000000e+00,2.745386357740187133e-03,4.296575153667416696e-06,0.000000000000000000e+00,4.296575153667416696e-06,4.296575153666585757e-06,2.744841850212831162e-03,2.697019742427399502e-01,2.795263987878031032e-06,5.000000000000000000e+00,9.652777777777769019e-01
1.000000000000000000e+00,1.300000000000000000e+03,2.697234296712616164e-01,0.000000000000000000e+00,2.766841786261797775e-03,4.285598092970010651e-06,0.000000000000000000e+00,4.285598092970010651e-06,4.285598092969356742e-06,2.766297283329421149e-03,2.697234296712612278e-01,2.795486357724819772e-06,5.000000000000000000e+00,9.722222222222213217e-01
1.000000000000000000e+00,1.305000000000000000e+03,2.697448302624514960e-01,0.000000000000000000e+00,2.788242377451677356e-03,4.274644383156832675e-06,0.000000000000000000e+00,4.274644383156832675e-06,4.274644383156279562e-06,2.787697889519735218e-03,2.697448302624511074e-01,2.795708159222716120e-06,5.000000000000000000e+00,9.791666666666659635e-01
1.000000000000000000e+00,1.310000000000000000e+03,2.697661761936342995e-01,0.000000000000000000e+00,2.809588308634480835e-03,4.263736909081135903e-06,0.000000000000000000e+00,4.263736909081135903e-06,4.263736909080531121e-06,2.809043842750327206e-03,2.697661761936342439e-01,2.795929394209560923e-06,5.000000000000000000e+00,9.861111111111104943e-01
1.000000000000000000e+00,1.315000000000000000e+03,2.697874677468806159e-01,0.000000000000000000e+00,2.830879861880797321e-03,4.252897234160780721e-06,0.000000000000000000e+00,4.252897234160780721e-06,4.252897234159946394e-06,2.830335428108428277e-03,2.697874677468807270e-01,2.796150065608803268e-06,5.000000000000000000e+00,9.930555555555549141e-01
1.000000000000000000e+00,1.320000000000000000e+03,2.698087053138608082e-01,0.000000000000000000e+00,2.852117428860989623e-03,4.242145202006544042e-06,0.000000000000000000e+00,4.242145202006544042e-06,4.242145202005668210e-06,2.851573034198842151e-03,2.698087053138605862e-01,2.796370177479830347e-06,5.000000000000000000e+00,9.999999999999995559e-01
1.000000000000000000e+00,1.325000000000000000e+03,2.698298893773434237e-01,0.000000000000000000e+00,2.873301492343605101e-03,4.231499086354513278e-06,0.000000000000000000e+00,4.231499086354513278e-06,4.231499086353540884e-06,2.872757144919740359e-03,2.698298893773432572e-01,2.796589734826181396e-06,5.000000000000000000e+00,1.006944444444443976e+00
1.000000000000000000e+00,1.330000000000000000e+03,2.698510205092736203e-01,0.000000000000000000e+00,2.894432624273801657e-03,4.220975225165383320e-06,0.000000000000000000e+00,4.220975225165383320e-06,4.220975225164577792e-06,2.893888330698535672e-03,2.698510205092736758e-01,2.796808743575645822e-06,5.000000000000000000e+00,1.013888888888888618e+00
1.000000000000000000e+00,1.335000000000000000e+03,2.698720993581918415e-01,0.000000000000000000e+00,2.915511473192022862e-03,4.210588152774999763e-06,0.000000000000000000e+00,4.210588152774999763e-06,4.210588152774220492e-06,2.914967239143382693e-03,2.698720993581920635e-01,2.797027210449880682e-06,5.000000000000000000e+00,1.020833333333333259e+00
1.000000000000000000e+00,1.340000000000000000e+03,2.698931266379192562e-01,0.000000000000000000e+00,2.936538752919437556e-03,4.200349931492711663e-06,0.000000000000000000e+00,4.200349931492711663e-06,4.200349931492139916e-06,2.935994584354048587e-03,2.698931266379193117e-01,2.797245142847111447e-06,5.000000000000000000e+00,1.027777777777777679e+00
1.000000000000000000e+00,1.345000000000000000e+03,2.699141031207532015e-01,0.000000000000000000e+00,2.957515235753382932e-03,4.190270718262191648e-06,0.000000000000000000e+00,4.190270718262191648e-06,4.190270718261420848e-06,2.956971135978432585e-03,2.699141031207531460e-01,2.797462548771641075e-06,5.000000000000000000e+00,1.034722222222222099e+00
1.000000000000000000e+00,1.350000000000000000e+03,2.699350296213864908e-01,0.000000000000000000e+00,2.978441736386672201e-03,4.180358191423140697e-06,0.000000000000000000e+00,4.180358191423140697e-06,4.180358191422546927e-06,2.977897708252642481e-03,2.699350296213866018e-01,2.797679436667167474e-06,5.000000000000000000e+00,1.041666666666666519e+00
1.000000000000000000e+00,1.355000000000000000e+03,2.699559069899163943e-01,0.000000000000000000e+00,2.999319104916575718e-03,4.170618188650398322e-06,0.000000000000000000e+00,4.170618188650398322e-06,4.170618188649394588e-06,2.998775149202822371e-03,2.699559069899163943e-01,2.797895815344323650e-06,5.000000000000000000e+00,1.048611111111110938e+00
1.000000000000000000e+00,1.360000000000000000e+03,2.699767360986107256e-01,0.000000000000000000e+00,3.020148213610907018e-03,4.161054610195830789e-06,0.000000000000000000e+00,4.161054610195830789e-06,4.161054610195032884e-06,3.019604331199933316e-03,2.699767360986106146e-01,2.798111693843532485e-06,5.000000000000000000e+00,1.055555555555555358e+00
1.000000000000000000e+00,1.365000000000000000e+03,2.699975178325780267e-01,0.000000000000000000e+00,3.040929947578208115e-03,4.151668492559005370e-06,0.000000000000000000e+00,4.151668492559005370e-06,4.151668492558298945e-06,3.040386138956816496e-03,2.699975178325781933e-01,2.798327081338293356e-06,5.000000000000000000e+00,1.062499999999999778e+00
1.000000000000000000e+00,1.370000000000000000e+03,2.700182530788121094e-01,0.000000000000000000e+00,3.061665193812290742e-03,4.142459216828492255e-06,0.000000000000000000e+00,4.142459216828492255e-06,4.142459216827971330e-06,3.061121458230282259e-03,2.700182530788119983e-01,2.798541987021653047e-06,5.000000000000000000e+00,1.069444444444444198e+00
1.000000000000000000e+00,1.375000000000000000e+03,2.700389427161659084e-01,0.000000000000000000e+00,3.082354831166089770e-03,4.133424189689080433e-06,0.000000000000000000e+00,4.133424189689080433e-06,4.133424189688075852e-06,3.081811166746572551e-03,2.700389427161656863e-01,2.798756420002278611e-06,5.000000000000000000e+00,1.076388888888888618e+00
1.000000000000000000e+00,1.380000000000000000e+03,2.700595876052477307e-01,0.000000000000000000e+00,3.102999720247912041e-03,4.124558998437453548e-06,0.000000000000000000e+00,4.124558998437453548e-06,4.124558998436774228e-06,3.102456124716884787e-03,2.700595876052476196e-01,2.798970389199745044e-06,5.000000000000000000e+00,1.083333333333333037e+00
1.000000000000000000e+00,1.385000000000000000e+03,2.700801885794179014e-01,0.000000000000000000e+00,3.123600694418082746e-03,4.115857067634213443e-06,0.000000000000000000e+00,4.115857067634213443e-06,4.115857067633746728e-06,3.123057164882060959e-03,2.700801885794177903e-01,2.799183903251228251e-06,5.000000000000000000e+00,1.090277777777777457e+00
1.000000000000000000e+00,1.390000000000000000e+03,2.701007464352502829e-01,0.000000000000000000e+00,3.144158550250464312e-03,4.107310143657730923e-06,0.000000000000000000e+00,4.107310143657730923e-06,4.107310143656952500e-06,3.143615082910287788e-03,2.701007464352504495e-01,2.799396970412630466e-06,5.000000000000000000e+00,1.097222222222221877e+00
1.000000000000000000e+00,1.395000000000000000e+03,2.701212619245983992e-01,0.000000000000000000e+00,3.164674039598580624e-03,4.098908479076784168e-06,0.000000000000000000e+00,4.098908479076784168e-06,4.098908479076038779e-06,3.164130629467120162e-03,2.701212619245983992e-01,2.799609598476361732e-06,5.000000000000000000e+00,1.104166666666666297e+00
1.000000000000000000e+00,1.400000000000000000e+03,2.701417357464447333e-01,0.000000000000000000e+00,3.185147861444914685e-03,4.090640974228131423e-06,0.000000000000000000e+00,4.090640974228131423e-06,4.090640974227626592e-06,3.184604503100379232e-03,2.701417357464447888e-01,2.799821794686873347e-06,5.000000000000000000e+00,1.111111111111110938e+00
1.000000000000000000e+00,1.405000000000000000e+03,2.701621685391999428e-01,0.000000000000000000e+00,3.205580654200124169e-03,4.082494797106789633e-06,0.000000000000000000e+00,4.082494797106789633e-06,4.082494797106014598e-06,3.205037342528713282e-03,2.701621685392000538e-01,2.800033565660817811e-06,5.000000000000000000e+00,1.118055555555555358e+00
1.000000000000000000e+00,1.410000000000000000e+03,2.701825608737348228e-01,0.000000000000000000e+00,3.225972988735004154e-03,4.074455448431968038e-06,0.000000000000000000e+00,4.074455448431968038e-06,4.074455448431344622e-06,3.225429718142556849e-03,2.701825608737344342e-01,2.800244917314856634e-06,5.000000000000000000e+00,1.124999999999999556e+00
1.000000000000000000e+00,1.415000000000000000e+03,2.702029132468892758e-01,0.000000000000000000e+00,3.246325361889457195e-03,4.066507311118703087e-06,0.000000000000000000e+00,4.066507311118703087e-06,4.066507311118117787e-06,3.245782125041430342e-03,2.702029132468894979e-01,2.800455854798376694e-06,5.000000000000000000e+00,1.131944444444443976e+00
1.000000000000000000e+00,1.420000000000000000e+03,2.702232260748961279e-01,0.000000000000000000e+00,3.266638189896309274e-03,4.058634092052554147e-06,0.000000000000000000e+00,4.058634092052554147e-06,4.058634092052088279e-06,3.266094978549355897e-03,2.702232260748961834e-01,2.800666382425320180e-06,5.000000000000000000e+00,1.138888888888888618e+00
1.000000000000000000e+00,1.425000000000000000e+03,2.702434996873085415e-01,0.000000000000000000e+00,3.286911802308722930e-03,4.050818238400575135e-06,0.000000000000000000e+00,4.050818238400575135e-06,4.050818238399720479e-06,3.286368609375485417e-03,2.702434996873087081e-01,2.800876503611269523e-06,5.000000000000000000e+00,1.145833333333333037e+00
1.000000000000000000e+00,1.430000000000000000e+03,2.702637343220897770e-01,0.000000000000000000e+00,3.307146437089958368e-03,4.043040388069253893e-06,0.000000000000000000e+00,4.043040388069253893e-06,4.043040388068678757e-06,3.306603255941656296e-03,2.702637343220895549e-01,2.801086220822538604e-06,5.000000000000000000e+00,1.152777777777777235e+00
1.000000000000000000e+00,1.435000000000000000e+03,2.702839301205620104e-01,0.000000000000000000e+00,3.327342235562191775e-03,4.035280391035291471e-06,0.000000000000000000e+00,4.035280391035291471e-06,4.035280391034700242e-06,3.326799057889414692e-03,2.702839301205618994e-01,2.801295535523827383e-06,5.000000000000000000e+00,1.159722222222221655e+00
1.000000000000000000e+00,1.440000000000000000e+03,2.703040871221027985e-01,0.000000000000000000e+00,3.347499237102979919e-03,4.027517925151104423e-06,0.000000000000000000e+00,4.027517925151104423e-06,4.027517925150460678e-06,3.346956053679877707e-03,2.703040871221025765e-01,2.801504448123255391e-06,5.000000000000000000e+00,1.166666666666666075e+00
1.000000000000000000e+00,1.445000000000000000e+03,2.703242052599126310e-01,0.000000000000000000e+00,3.367617374912812434e-03,4.019731462076682547e-06,0.000000000000000000e+00,4.019731462076682547e-06,4.019731462075926994e-06,3.367074177147943732e-03,2.703242052599127976e-01,2.801712957928500674e-06,5.000000000000000000e+00,1.173611111111110494e+00
1.000000000000000000e+00,1.450000000000000000e+03,2.703442843564391462e-01,0.000000000000000000e+00,3.387696471439327617e-03,4.011897859296466231e-06,0.000000000000000000e+00,4.011897859296466231e-06,4.011897859295804698e-06,3.387153250451373134e-03,2.703442843564389797e-01,2.801921063099355354e-06,5.000000000000000000e+00,1.180555555555554914e+00
1.000000000000000000e+00,1.455000000000000000e+03,2.703643241195351488e-01,0.000000000000000000e+00,3.407736234535330144e-03,4.003993736596817140e-06,0.000000000000000000e+00,4.003993736596817140e-06,4.003993736596210665e-06,3.407192979441103168e-03,2.703643241195354263e-01,2.802128760607929907e-06,5.000000000000000000e+00,1.187499999999999334e+00
1.000000000000000000e+00,1.460000000000000000e+03,2.703843241392254737e-01,0.000000000000000000e+00,3.427736254225655088e-03,3.995996443764067191e-06,0.000000000000000000e+00,3.995996443764067191e-06,3.995996443763402270e-06,3.427192954892002187e-03,2.703843241392254737e-01,2.802336046205133105e-06,5.000000000000000000e+00,1.194444444444443754e+00
1.000000000000000000e+00,1.465000000000000000e+03,2.704042838842483087e-01,0.000000000000000000e+00,3.447695999248490129e-03,3.987880125186490585e-06,0.000000000000000000e+00,3.987880125186490585e-06,3.987880125185966271e-06,3.447152646314375485e-03,2.704042838842481977e-01,2.802542914384818380e-06,5.000000000000000000e+00,1.201388888888888395e+00
1.000000000000000000e+00,1.470000000000000000e+03,2.704242026986093395e-01,0.000000000000000000e+00,3.467614813609520841e-03,3.979619297900413805e-06,0.000000000000000000e+00,3.979619297900413805e-06,3.979619297899700603e-06,3.467071394872089842e-03,2.704242026986092284e-01,2.802749358348087741e-06,5.000000000000000000e+00,1.208333333333332815e+00
1.000000000000000000e+00,1.475000000000000000e+03,2.704440797985456779e-01,0.000000000000000000e+00,3.487491913545859301e-03,3.971189771888639672e-06,0.000000000000000000e+00,3.971189771888639672e-06,3.971189771888139075e-06,3.486948417546559525e-03,2.704440797985454559e-01,2.802955369971814330e-06,5.000000000000000000e+00,1.215277777777777235e+00
1.000000000000000000e+00,1.480000000000000000e+03,2.704639142701688037e-01,0.000000000000000000e+00,3.507326385168985095e-03,3.962563944779655335e-06,0.000000000000000000e+00,3.962563944779655335e-06,3.962563944778983638e-06,3.506782801838227281e-03,2.704639142701690258e-01,2.803160939784207647e-06,5.000000000000000000e+00,1.222222222222221655e+00
1.000000000000000000e+00,1.485000000000000000e+03,2.704837050669078868e-01,0.000000000000000000e+00,3.527117181908068222e-03,3.953715390858505237e-06,0.000000000000000000e+00,3.953715390858505237e-06,3.953715390857804740e-06,3.526573500177319128e-03,2.704837050669077758e-01,2.803366056938319199e-06,5.000000000000000000e+00,1.229166666666666075e+00
1.000000000000000000e+00,1.490000000000000000e+03,2.705034510072198417e-01,0.000000000000000000e+00,3.546863122220023090e-03,3.944616939534088189e-06,0.000000000000000000e+00,3.944616939534088189e-06,3.944616939533395316e-06,3.546319331003297288e-03,2.705034510072197862e-01,2.803570709188334052e-06,5.000000000000000000e+00,1.236111111111110494e+00
1.000000000000000000e+00,1.495000000000000000e+03,2.705231507723709905e-01,0.000000000000000000e+00,3.566562887371171886e-03,3.935240664505721179e-06,0.000000000000000000e+00,3.935240664505721179e-06,3.935240664505158749e-06,3.566018975013393599e-03,2.705231507723708240e-01,2.803774882866520098e-06,5.000000000000000000e+00,1.243055555555554914e+00
1.000000000000000000e+00,1.500000000000000000e+03,2.705428029049237182e-01,0.000000000000000000e+00,3.586215019923899572e-03,3.925559111511998977e-06,0.000000000000000000e+00,3.925559111511998977e-06,3.925559111511347608e-06,3.585670974453435047e-03,2.705428029049238847e-01,2.803978562867618935e-06,5.000000000000000000e+00,1.249999999999999334e+00
1.000000000000000000e+00,1.505000000000000000e+03,2.705624058071314786e-01,0.000000000000000000e+00,3.605817922131659969e-03,3.915543621737834076e-06,0.000000000000000000e+00,3.915543621737834076e-06,3.915543621737123415e-06,3.605273731286556035e-03,2.705624058071316451e-01,2.804181732632147032e-06,5.000000000000000000e+00,1.256944444444443532e+00
1.000000000000000000e+00,1.510000000000000000e+03,2.705819577396176845e-01,0.000000000000000000e+00,3.625369854617865872e-03,3.905166629001291165e-06,0.000000000000000000e+00,3.905166629001291165e-06,3.905166629000602527e-06,3.624825506913400500e-03,2.705819577396176845e-01,2.804384374132732664e-06,5.000000000000000000e+00,1.263888888888887951e+00
1.000000000000000000e+00,1.515000000000000000e+03,2.706014568203807813e-01,0.000000000000000000e+00,3.644868935380962682e-03,3.894398287407422601e-06,0.000000000000000000e+00,3.894398287407422601e-06,3.894398287406721258e-06,3.644324419204419008e-03,2.706014568203807813e-01,2.804586467863811761e-06,5.000000000000000000e+00,1.270833333333332371e+00
1.000000000000000000e+00,1.520000000000000000e+03,2.706209010235953727e-01,0.000000000000000000e+00,3.664313138595554076e-03,3.883210875227378477e-06,0.000000000000000000e+00,3.883210875227378477e-06,3.883210875226861787e-06,3.663768442111003162e-03,2.706209010235954282e-01,2.804787992829180331e-06,5.000000000000000000e+00,1.277777777777776791e+00
1.000000000000000000e+00,1.525000000000000000e+03,2.706402881795124671e-01,0.000000000000000000e+00,3.683700294512648465e-03,3.871574457406384709e-06,0.000000000000000000e+00,3.871574457406384709e-06,3.871574457405905289e-06,3.683155405442584910e-03,2.706402881795121340e-01,2.804988926540971668e-06,5.000000000000000000e+00,1.284722222222221211e+00
1.000000000000000000e+00,1.530000000000000000e+03,2.706596159736534557e-01,0.000000000000000000e+00,3.703028088653637084e-03,3.859461181178821957e-06,0.000000000000000000e+00,3.859461181178821957e-06,3.859461181178217175e-06,3.702482994539045297e-03,2.706596159736532337e-01,2.805189245011307574e-06,5.000000000000000000e+00,1.291666666666665630e+00
1.000000000000000000e+00,1.535000000000000000e+03,2.706788819475689500e-01,0.000000000000000000e+00,3.722294062569131423e-03,3.846841668142621836e-06,0.000000000000000000e+00,3.846841668142621836e-06,3.846841668141919646e-06,3.721748751662345631e-03,2.706788819475690611e-01,2.805388922760162211e-06,5.000000000000000000e+00,1.298611111111109828e+00
1.000000000000000000e+00,1.540000000000000000e+03,2.706980834987526841e-01,0.000000000000000000e+00,3.741495613752865435e-03,3.833687283418452021e-06,0.000000000000000000e+00,3.833687283418452021e-06,3.833687283417693079e-06,3.740950074041244754e-03,2.706980834987529061e-01,2.805587932814446459e-06,5.000000000000000000e+00,1.305555555555554248e+00
1.000000000000000000e+00,1.545000000000000000e+03,2.707172178805298257e-01,0.000000000000000000e+00,3.760629995530007097e-03,3.819969156955878569e-06,0.000000000000000000e+00,3.819969156955878569e-06,3.819969156955312751e-06,3.760084215142177420e-03,2.707172178805300478e-01,2.805786246706889408e-06,5.000000000000000000e+00,1.312499999999998668e+00
1.000000000000000000e+00,1.550000000000000000e+03,2.707362822049870221e-01,0.000000000000000000e+00,3.779694319987203510e-03,3.805659453161723180e-06,0.000000000000000000e+00,3.805659453161723180e-06,3.805659453161118399e-06,3.779148286667468378e-03,2.707362822049869111e-01,2.805983834506382046e-06,5.000000000000000000e+00,1.319444444444442865e+00
1.000000000000000000e+00,1.555000000000000000e+03,2.707552734425518470e-01,0.000000000000000000e+00,3.798685557552028413e-03,3.790729832260730065e-06,0.000000000000000000e+00,3.790729832260730065e-06,3.790729832260188811e-06,3.798139259881021506e-03,2.707552734425518470e-01,2.806180664813607411e-06,5.000000000000000000e+00,1.326388888888886841e+00
1.000000000000000000e+00,1.560000000000000000e+03,2.707741884240326136e-01,0.000000000000000000e+00,3.817600539032794948e-03,3.775152548396268381e-06,0.000000000000000000e+00,3.775152548396268381e-06,3.775152548395733903e-06,3.817053965832661183e-03,2.707741884240325581e-01,2.806376704782215996e-06,5.000000000000000000e+00,1.333333333333331039e+00
1.000000000000000000e+00,1.565000000000000000e+03,2.707930238433420289e-01,0.000000000000000000e+00,3.836435958342210295e-03,3.758900467106654811e-06,0.000000000000000000e+00,3.758900467106654811e-06,3.758900467106088146e-06,3.835889098371415926e-03,2.707930238433420844e-01,2.806571920147029826e-06,5.000000000000000000e+00,1.340277777777775015e+00
1.000000000000000000e+00,1.570000000000000000e+03,2.708117762596536360e-01,0.000000000000000000e+00,3.855188374653817363e-03,3.741946951001143783e-06,0.000000000000000000e+00,3.741946951001143783e-06,3.741946951000430581e-06,3.854641216916682329e-03,2.708117762596536915e-01,2.806766275246390575e-06,5.000000000000000000e+00,1.347222222222219212e+00
1.000000000000000000e+00,1.575000000000000000e+03,2.708304421005884866e-01,0.000000000000000000e+00,3.873854215588667937e-03,3.724266038557605082e-06,0.000000000000000000e+00,3.724266038557605082e-06,3.724266038557057052e-06,3.873306749390576040e-03,2.708304421005885421e-01,2.806959733055195546e-06,5.000000000000000000e+00,1.354166666666663632e+00
1.000000000000000000e+00,1.580000000000000000e+03,2.708490176655718451e-01,0.000000000000000000e+00,3.892429780572026488e-03,3.705832442378964131e-06,0.000000000000000000e+00,3.705832442378964131e-06,3.705832442378400007e-06,3.891881995592914780e-03,2.708490176655720116e-01,2.807152255219704797e-06,5.000000000000000000e+00,1.361111111111108052e+00
1.000000000000000000e+00,1.585000000000000000e+03,2.708674991300686896e-01,0.000000000000000000e+00,3.910911245068871001e-03,3.686621831428022356e-06,0.000000000000000000e+00,3.686621831428022356e-06,3.686621831427525995e-06,3.910363131277429932e-03,2.708674991300686896e-01,2.807343802101395421e-06,5.000000000000000000e+00,1.368055555555552472e+00
1.000000000000000000e+00,1.590000000000000000e+03,2.708858825499435574e-01,0.000000000000000000e+00,3.929294664943738802e-03,3.666610769091540722e-06,0.000000000000000000e+00,3.666610769091540722e-06,3.666610769090998621e-06,3.928746212778726384e-03,2.708858825499435019e-01,2.807534332822177016e-06,5.000000000000000000e+00,1.374999999999996891e+00
1.000000000000000000e+00,1.595000000000000000e+03,2.709041638667699647e-01,0.000000000000000000e+00,3.947575981770146125e-03,3.645776990093396036e-06,0.000000000000000000e+00,3.645776990093396036e-06,3.645776990092872570e-06,3.947027182176685717e-03,2.709041638667700758e-01,2.807723805319439931e-06,5.000000000000000000e+00,1.381944444444441311e+00
1.000000000000000000e+00,1.600000000000000000e+03,2.709223389136137250e-01,0.000000000000000000e+00,3.965751028613906382e-03,3.624099362751321369e-06,0.000000000000000000e+00,3.624099362751321369e-06,3.624099362750852960e-06,3.965201873058795193e-03,2.709223389136138360e-01,2.807912176405941765e-06,5.000000000000000000e+00,1.388888888888885731e+00
1.000000000000000000e+00,1.605000000000000000e+03,2.709404034214555335e-01,0.000000000000000000e+00,3.983815536455714845e-03,3.601558214430301841e-06,0.000000000000000000e+00,3.601558214430301841e-06,3.601558214429762281e-06,3.983266017001746429e-03,2.709404034214554780e-01,2.808099401836425663e-06,5.000000000000000000e+00,1.395833333333330151e+00
1.000000000000000000e+00,1.610000000000000000e+03,2.709583530264130791e-01,0.000000000000000000e+00,4.001765141413260451e-03,3.578135301540294932e-06,0.000000000000000000e+00,3.578135301540294932e-06,3.578135301539511427e-06,4.001215250791669356e-03,2.709583530264130236e-01,2.808285436382426876e-06,5.000000000000000000e+00,1.402777777777774570e+00
1.000000000000000000e+00,1.615000000000000000e+03,2.709761832776051982e-01,0.000000000000000000e+00,4.019595392605379569e-03,3.553814079040728418e-06,0.000000000000000000e+00,3.553814079040728418e-06,3.553814079040302361e-06,4.019045124243119001e-03,2.709761832776051982e-01,2.808470233913820859e-06,5.000000000000000000e+00,1.409722222222218990e+00
1.000000000000000000e+00,1.620000000000000000e+03,2.709938896459230806e-01,0.000000000000000000e+00,4.037301760923261984e-03,3.528579857396240815e-06,0.000000000000000000e+00,3.528579857396240815e-06,3.528579857395769864e-06,4.036751109084209428e-03,2.709938896459228030e-01,2.808653747489699744e-06,5.000000000000000000e+00,1.416666666666663410e+00
1.000000000000000000e+00,1.625000000000000000e+03,2.710114675336441348e-01,0.000000000000000000e+00,4.054879648644316159e-03,3.502419895754357783e-06,0.000000000000000000e+00,3.502419895754357783e-06,3.502419895753952055e-06,4.054328608467083414e-03,2.710114675336442458e-01,2.808835929458028302e-06,5.000000000000000000e+00,1.423611111111107830e+00
1.000000000000000000e+00,1.630000000000000000e+03,2.710289122849304788e-01,0.000000000000000000e+00,4.072324399930660199e-03,3.475323704054531144e-06,0.000000000000000000e+00,3.475323704054531144e-06,3.475323704054020383e-06,4.071772967466603770e-03,2.710289122849305898e-01,2.809016731564448717e-06,5.000000000000000000e+00,1.430555555555552028e+00
1.000000000000000000e+00,1.635000000000000000e+03,2.710462191973779245e-01,0.000000000000000000e+00,4.089631312378105843e-03,3.447283221968057041e-06,0.000000000000000000e+00,3.447283221968057041e-06,3.447283221967488682e-06,4.089079484781657330e-03,2.710462191973780355e-01,2.809196105071973542e-06,5.000000000000000000e+00,1.437499999999996447e+00
1.000000000000000000e+00,1.640000000000000000e+03,2.710633835346066278e-01,0.000000000000000000e+00,4.106795649606809206e-03,3.418292934536646982e-06,0.000000000000000000e+00,3.418292934536646982e-06,3.418292934536109117e-06,4.106243425172916711e-03,2.710633835346070719e-01,2.809374000891482134e-06,5.000000000000000000e+00,1.444444444444440867e+00
1.000000000000000000e+00,1.645000000000000000e+03,2.710804005399738426e-01,0.000000000000000000e+00,4.123812654974023939e-03,3.388350264243758752e-06,0.000000000000000000e+00,3.388350264243758752e-06,3.388350264243230204e-06,4.123260033169865411e-03,2.710804005399740646e-01,2.809550369723848969e-06,5.000000000000000000e+00,1.451388888888885287e+00
1.000000000000000000e+00,1.650000000000000000e+03,2.710972654515944047e-01,0.000000000000000000e+00,4.140677566594586079e-03,3.357455802980464368e-06,0.000000000000000000e+00,3.357455802980464368e-06,3.357455802979987488e-06,4.140124548337923045e-03,2.710972654515945157e-01,2.809725162215610940e-06,5.000000000000000000e+00,1.458333333333329707e+00
1.000000000000000000e+00,1.655000000000000000e+03,2.711139735186526289e-01,0.000000000000000000e+00,4.157385633652810331e-03,3.325613406504152004e-06,0.000000000000000000e+00,3.325613406504152004e-06,3.325613406503687830e-06,4.156832221361632211e-03,2.711139735186525179e-01,2.809898329128039361e-06,5.000000000000000000e+00,1.465277777777774126e+00
1.000000000000000000e+00,1.660000000000000000e+03,2.711305200191239662e-01,0.000000000000000000e+00,4.173932134124147542e-03,3.292830708464183432e-06,0.000000000000000000e+00,3.292830708464183432e-06,3.292830708463857324e-06,4.173378331649051261e-03,2.711305200191237996e-01,2.810069821520789421e-06,5.000000000000000000e+00,1.472222222222218546e+00
1.000000000000000000e+00,1.665000000000000000e+03,2.711469002791757066e-01,0.000000000000000000e+00,4.190312394175887967e-03,3.259119541243295291e-06,0.000000000000000000e+00,3.259119541243295291e-06,3.259119541242962407e-06,4.189758207273318324e-03,2.711469002791755400e-01,2.810239590953005284e-06,5.000000000000000000e+00,1.479166666666662966e+00
1.000000000000000000e+00,1.670000000000000000e+03,2.711631096942672681e-01,0.000000000000000000e+00,4.206521809267449452e-03,3.224495850755259663e-06,0.000000000000000000e+00,3.224495850755259663e-06,3.224495850754499874e-06,4.205967245753312357e-03,2.711631096942674346e-01,2.810407589701985881e-06,5.000000000000000000e+00,1.486111111111107386e+00
1.000000000000000000e+00,1.675000000000000000e+03,2.711791437518931702e-01,0.000000000000000000e+00,4.222555866893351606e-03,3.188980335972370751e-06,0.000000000000000000e+00,3.188980335972370751e-06,3.188980335972070055e-06,4.222000936220128391e-03,2.711791437518935588e-01,2.810573770998903167e-06,5.000000000000000000e+00,1.493055555555551805e+00
1.000000000000000000e+00,1.680000000000000000e+03,2.711949980566297214e-01,0.000000000000000000e+00,4.238410171629902745e-03,3.152599452132463483e-06,0.000000000000000000e+00,3.152599452132463483e-06,3.152599452131819738e-06,4.237854885690388318e-03,2.711949980566301655e-01,2.810738089288410944e-06,5.000000000000000000e+00,1.499999999999996225e+00
1.000000000000000000e+00,1.685000000000000000e+03,2.712106683576686605e-01,0.000000000000000000e+00,4.254080472668841928e-03,3.115384867757882003e-06,0.000000000000000000e+00,3.115384867757882003e-06,3.115384867757142543e-06,4.253524846490110492e-03,2.712106683576684385e-01,2.810900500513969181e-06,5.000000000000000000e+00,1.506944444444440645e+00
1.000000000000000000e+00,1.690000000000000000e+03,2.712261505778371662e-01,0.000000000000000000e+00,4.269562692837347573e-03,3.077373758876026310e-06,0.000000000000000000e+00,3.077373758876026310e-06,3.077373758875497761e-06,4.269006743056692234e-03,2.712261505778371107e-01,2.811060962418674538e-06,5.000000000000000000e+00,1.513888888888885065e+00
1.000000000000000000e+00,1.695000000000000000e+03,2.712414408456811366e-01,0.000000000000000000e+00,4.284852960681317935e-03,3.038611677154877345e-06,0.000000000000000000e+00,3.038611677154877345e-06,3.038611677154436041e-06,4.284296706646767081e-03,2.712414408456812476e-01,2.811219434877726306e-06,5.000000000000000000e+00,1.520833333333329485e+00
1.000000000000000000e+00,1.700000000000000000e+03,2.712565355321379656e-01,0.000000000000000000e+00,4.299947647138147033e-03,2.999151061986144817e-06,0.000000000000000000e+00,2.999151061986144817e-06,2.999151061985701819e-06,4.299391113494617847e-03,2.712565355321379656e-01,2.811375880278541334e-06,5.000000000000000000e+00,1.527777777777773904e+00
1.000000000000000000e+00,1.705000000000000000e+03,2.712714312878384826e-01,0.000000000000000000e+00,4.314843402838663966e-03,2.959050156088372007e-06,0.000000000000000000e+00,2.959050156088372007e-06,2.959050156087986607e-06,4.314286616539802360e-03,2.712714312878383716e-01,2.811530263907355965e-06,5.000000000000000000e+00,1.534722222222218546e+00
1.000000000000000000e+00,1.710000000000000000e+03,2.712861250849056827e-01,0.000000000000000000e+00,4.329537199905864053e-03,2.918379705740267250e-06,0.000000000000000000e+00,2.918379705740267250e-06,2.918379705739846274e-06,4.328980191194371600e-03,2.712861250849052941e-01,2.811682554382430441e-06,5.000000000000000000e+00,1.541666666666663188e+00
1.000000000000000000e+00,1.715000000000000000e+03,2.713006142632758411e-01,0.000000000000000000e+00,4.344026378276022449e-03,2.877216766251683346e-06,0.000000000000000000e+00,2.877216766251683346e-06,2.877216766251296252e-06,4.343469182374349105e-03,2.713006142632757300e-01,2.811832724134159042e-06,5.000000000000000000e+00,1.548611111111107830e+00
1.000000000000000000e+00,1.720000000000000000e+03,2.713148965800623036e-01,0.000000000000000000e+00,4.358308695062484972e-03,2.835650691078556141e-06,0.000000000000000000e+00,2.835650691078556141e-06,2.835650691077992017e-06,4.357751351017672380e-03,2.713148965800623591e-01,2.811980749916650878e-06,5.000000000000000000e+00,1.555555555555552472e+00
1.000000000000000000e+00,1.725000000000000000e+03,2.713289702643401635e-01,0.000000000000000000e+00,4.372382379340344905e-03,2.793781645653725264e-06,0.000000000000000000e+00,2.793781645653725264e-06,2.793781645653250078e-06,4.371824931859500871e-03,2.713289702643401635e-01,2.812126613375560874e-06,5.000000000000000000e+00,1.562499999999996669e+00
1.000000000000000000e+00,1.730000000000000000e+03,2.713428340743523903e-01,0.000000000000000000e+00,4.386246189352571712e-03,2.751720847348522057e-06,0.000000000000000000e+00,2.751720847348522057e-06,2.751720847348012991e-06,4.385688688092003948e-03,2.713428340743525569e-01,2.812270301640993773e-06,5.000000000000000000e+00,1.569444444444440867e+00
1.000000000000000000e+00,1.735000000000000000e+03,2.713564873622720808e-01,0.000000000000000000e+00,4.399899477272262160e-03,2.709594491058239330e-06,0.000000000000000000e+00,2.709594491058239330e-06,2.709594491057860706e-06,4.399341976438018303e-03,2.713564873622720808e-01,2.812411807998686268e-06,5.000000000000000000e+00,1.576388888888885065e+00
1.000000000000000000e+00,1.740000000000000000e+03,2.713699301413833309e-01,0.000000000000000000e+00,4.413342256383512296e-03,2.667541737910729372e-06,0.000000000000000000e+00,2.667541737910729372e-06,2.667541737910172872e-06,4.412784817010438794e-03,2.713699301413832754e-01,2.812551132586323564e-06,5.000000000000000000e+00,1.583333333333329485e+00
1.000000000000000000e+00,1.745000000000000000e+03,2.713831631572389269e-01,0.000000000000000000e+00,4.426575272239108294e-03,2.625716168186673679e-06,0.000000000000000000e+00,2.625716168186673679e-06,2.625716168186193412e-06,4.426017961775679903e-03,2.713831631572389824e-01,2.812688283131018356e-06,5.000000000000000000e+00,1.590277777777773904e+00
1.000000000000000000e+00,1.750000000000000000e+03,2.713961879633254304e-01,0.000000000000000000e+00,4.439600078325611765e-03,2.584287177958734933e-06,0.000000000000000000e+00,2.584287177958734933e-06,2.584287177958284311e-06,4.439042970141041100e-03,2.713961879633253194e-01,2.812823275733518071e-06,5.000000000000000000e+00,1.597222222222218324e+00
1.000000000000000000e+00,1.755000000000000000e+03,2.714090069974170460e-01,0.000000000000000000e+00,4.452419112417227431e-03,2.543439604339590076e-06,0.000000000000000000e+00,2.543439604339590076e-06,2.543439604338979366e-06,4.451862287096783853e-03,2.714090069974171571e-01,2.812956135659576740e-06,5.000000000000000000e+00,1.604166666666662744e+00
1.000000000000000000e+00,1.760000000000000000e+03,2.714216236584029440e-01,0.000000000000000000e+00,4.465035773403125408e-03,2.503372368885881441e-06,0.000000000000000000e+00,2.503372368885881441e-06,2.503372368885573968e-06,4.464479317029845448e-03,2.714216236584027775e-01,2.813086898136196039e-06,5.000000000000000000e+00,1.611111111111107164e+00
1.000000000000000000e+00,1.765000000000000000e+03,2.714340423792460655e-01,0.000000000000000000e+00,4.477454494246246863e-03,2.464299934031362490e-06,0.000000000000000000e+00,2.464299934031362490e-06,2.464299934030960149e-06,4.476898497787137020e-03,2.714340423792462875e-01,2.813215609107801666e-06,5.000000000000000000e+00,1.618055555555551583e+00
1.000000000000000000e+00,1.770000000000000000e+03,2.714462686914749234e-01,0.000000000000000000e+00,4.489680806475104813e-03,2.426448292944629378e-06,0.000000000000000000e+00,2.426448292944629378e-06,2.426448292944255836e-06,4.489125368354575200e-03,2.714462686914752010e-01,2.813342325904642128e-06,5.000000000000000000e+00,1.624999999999996003e+00
1.000000000000000000e+00,1.775000000000000000e+03,2.714583092789801810e-01,0.000000000000000000e+00,4.501721393980362418e-03,2.390048165650683197e-06,0.000000000000000000e+00,2.390048165650683197e-06,2.390048165650279163e-06,4.501166609501061622e-03,2.714583092789805696e-01,2.813467117800368927e-06,5.000000000000000000e+00,1.631944444444440423e+00
1.000000000000000000e+00,1.780000000000000000e+03,2.714701720059859436e-01,0.000000000000000000e+00,4.513584120986124937e-03,2.355343398240941286e-06,0.000000000000000000e+00,2.355343398240941286e-06,2.355343398240599084e-06,4.513030088410788579e-03,2.714701720059858325e-01,2.813590066301911141e-06,5.000000000000000000e+00,1.638888888888884843e+00
1.000000000000000000e+00,1.785000000000000000e+03,2.714818659242744237e-01,0.000000000000000000e+00,4.525278039274605035e-03,2.322565183116252752e-06,0.000000000000000000e+00,2.322565183116252752e-06,2.322565183115853799e-06,4.524724859864179792e-03,2.714818659242742571e-01,2.813711265224392101e-06,5.000000000000000000e+00,1.645833333333329040e+00
1.000000000000000000e+00,1.790000000000000000e+03,2.714934012334612734e-01,0.000000000000000000e+00,4.536813348461454787e-03,2.291935134320675449e-06,0.000000000000000000e+00,2.291935134320675449e-06,2.291935134320342565e-06,4.536261110657770039e-03,2.714934012334612179e-01,2.813830820279374813e-06,5.000000000000000000e+00,1.652777777777773238e+00
1.000000000000000000e+00,1.795000000000000000e+03,2.715047892110588057e-01,0.000000000000000000e+00,4.548201326058987082e-03,2.263661579523391497e-06,0.000000000000000000e+00,2.263661579523391497e-06,2.263661579522943417e-06,4.547650102442378668e-03,2.715047892110585281e-01,2.813948848350034696e-06,5.000000000000000000e+00,1.659722222222217658e+00
1.000000000000000000e+00,1.800000000000000000e+03,2.715160420764671789e-01,0.000000000000000000e+00,4.559454191467360307e-03,2.237912441305351904e-06,0.000000000000000000e+00,2.237912441305351904e-06,2.237912441305007161e-06,4.558904037494448426e-03,2.715160420764674010e-01,2.814065476081530732e-06,5.000000000000000000e+00,1.666666666666662300e+00
2.000000000000000000e+00,1.800000000000000227e+03,2.715160420764671789e-01,0.000000000000000000e+00,4.559454191467360307e-03,-2.804760320144880088e-07,0.000000000000000000e+00,-2.804760320144880088e-07,-2.804760320148581093e-07,4.558904037494448426e-03,2.715160420764674010e-01,2.814065476081530732e-06,0.000000000000000000e+00,1.666666666666662300e+00
2.000000000000000000e+00,1.805000000000000227e+03,2.715151327952047278e-01,0.000000000000000000e+00,4.558544910204909151e-03,-1.083873553582970480e-07,0.000000000000000000e+00,-1.083873553582970480e-07,-1.083873553588462298e-07,4.557931879026013745e-03,2.715151327952048388e-01,2.814056052045335439e-06,0.000000000000000000e+00,1.666666666666662300e+00
2.000000000000000000e+00,1.810000000000000227e+03,2.715148445937031751e-01,0.000000000000000000e+00,4.558256708703356530e-03,-1.314624087499959071e-08,0.000000000000000000e+00,-1.314624087499959071e-08,-1.314624087551107949e-08,4.557628045035427844e-03,2.715148445937030086e-01,2.814053065047258698e-06,0.000000000000000000e+00,1.666666666666662300e+00
2.000000000000000000e+00,1.815000000000000227e+03,2.715149551431883523e-01,0.000000000000000000e+00,4.558367258188533722e-03,5.363627794832581597e-08,0.000000000000000000e+00,5.363627794832581597e-08,5.363627794791761888e-08,4.557729270128109064e-03,2.715149551431881303e-01,2.814054210811932327e-06,0.000000000000000000e+00,1.666666666666662300e+00
2.000000000000000000e+00,1.820000000000000227e+03,2.715153482665437212e-01,0.000000000000000000e+00,4.558760381543902618e-03,1.006428283113028935e-07,0.000000000000000000e+00,1.006428283113028935e-07,1.006428283109751050e-07,4.558114967893756725e-03,2.715153482665438878e-01,2.814058285248397560e-06,0.000000000000000000e+00,1.666666666666662300e+00
2.000000000000000000e+00,1.825000000000000227e+03,2.715159348825201824e-01,0.000000000000000000e+00,4.559346997520363765e-03,1.316083853550170416e-07,0.000000000000000000e+00,1.316083853550170416e-07,1.316083853545999837e-07,4.558695595927920487e-03,2.715159348825205710e-01,2.814064365094564551e-06,0.000000000000000000e+00,1.666666666666662300e+00
2.000000000000000000e+00,1.830000000000000227e+03,2.715166434080339974e-01,0.000000000000000000e+00,4.560055523034178826e-03,1.499600937063424099e-07,0.000000000000000000e+00,1.499600937063424099e-07,1.499600937060015056e-07,4.559399517125571968e-03,2.715166434080339974e-01,2.814071708444046170e-06,0.000000000000000000e+00,1.666666666666662300e+00
2.000000000000000000e+00,1.835000000000000227e+03,2.715174189946737426e-01,0.000000000000000000e+00,4.560831109673924022e-03,1.589385952607336070e-07,0.000000000000000000e+00,1.589385952607336070e-07,1.589385952603789913e-07,4.560171763847987482e-03,2.715174189946738537e-01,2.814079746833120737e-06,0.000000000000000000e+00,1.666666666666662300e+00
2.000000000000000000e+00,1.840000000000000227e+03,2.715182219409489339e-01,0.000000000000000000e+00,4.561634055949115307e-03,1.613310890322651086e-07,0.000000000000000000e+00,1.613310890322651086e-07,1.613310890318136930e-07,4.560972438058718582e-03,2.715182219409489894e-01,2.814088068784836801e-06,0.000000000000000000e+00,1.666666666666662300e+00
2.000000000000000000e+00,1.845000000000000227e+03,2.715190249559870650e-01,0.000000000000000000e+00,4.562437070987246379e-03,1.592932246382840739e-07,0.000000000000000000e+00,1.592932246382840739e-07,1.592932246379413697e-07,4.561773998842892815e-03,2.715190249559868985e-01,2.814096391449227329e-06,0.000000000000000000e+00,1.666666666666662300e+00
2.000000000000000000e+00,1.850000000000000227e+03,2.715198102154732784e-01,0.000000000000000000e+00,4.563222330473459820e-03,1.544554795094539280e-07,0.000000000000000000e+00,1.544554795094539280e-07,1.544554795091326907e-07,4.562558370603260298e-03,2.715198102154731674e-01,2.814104530090293713e-06,0.000000000000000000e+00,1.666666666666662300e+00
2.000000000000000000e+00,1.855000000000000227e+03,2.715205667606671591e-01,0.000000000000000000e+00,4.563978875667340507e-03,1.479645741480835723e-07,0.000000000000000000e+00,1.479645741480835723e-07,1.479645741475990694e-07,4.563314420737402122e-03,2.715205667606671591e-01,2.814112371128689255e-06,0.000000000000000000e+00,1.666666666666662300e+00
2.000000000000000000e+00,1.860000000000000227e+03,2.715212884391794423e-01,0.000000000000000000e+00,4.564700554179623726e-03,1.406142330104351969e-07,0.000000000000000000e+00,1.406142330104351969e-07,1.406142330101362208e-07,4.564035867755296579e-03,2.715212884391793868e-01,2.814119850799398449e-06,0.000000000000000000e+00,1.666666666666662300e+00
2.000000000000000000e+00,1.865000000000000227e+03,2.715219723585984291e-01,0.000000000000000000e+00,4.565384473598610438e-03,1.329318978994100095e-07,0.000000000000000000e+00,1.329318978994100095e-07,1.329318978989745551e-07,4.564719733082569543e-03,2.715219723585984291e-01,2.814126939124675919e-06,0.000000000000000000e+00,1.666666666666662300e+00
2.000000000000000000e+00,1.870000000000000227e+03,2.715226177805316610e-01,0.000000000000000000e+00,4.566029895531842353e-03,1.252593057813935764e-07,0.000000000000000000e+00,1.252593057813935764e-07,1.252593057810117498e-07,4.565365211091769113e-03,2.715226177805319940e-01,2.814133628451637430e-06,0.000000000000000000e+00,1.666666666666662300e+00
2.000000000000000000e+00,1.875000000000000227e+03,2.715232253290164599e-01,0.000000000000000000e+00,4.566637444016641290e-03,1.178101006851028260e-07,0.000000000000000000e+00,1.178101006851028260e-07,1.178101006847261875e-07,4.565972884607933518e-03,2.715232253290164599e-01,2.814139925247961449e-06,0.000000000000000000e+00,1.666666666666662300e+00
2.000000000000000000e+00,1.880000000000000227e+03,2.715237964536487136e-01,0.000000000000000000e+00,4.567208568648895017e-03,1.107060720425964220e-07,0.000000000000000000e+00,1.107060720425964220e-07,1.107060720421845257e-07,4.566544175039751428e-03,2.715237964536487136e-01,2.814145844537657282e-06,0.000000000000000000e+00,1.666666666666662300e+00
2.000000000000000000e+00,1.885000000000000227e+03,2.715243330655014442e-01,0.000000000000000000e+00,4.567745180501625590e-03,1.040116272690404169e-07,0.000000000000000000e+00,1.040116272690404169e-07,1.040116272686829955e-07,4.567080969288028584e-03,2.715243330655012222e-01,2.814151406127600645e-06,0.000000000000000000e+00,1.666666666666662300e+00
2.000000000000000000e+00,1.890000000000000227e+03,2.715248372961314161e-01,0.000000000000000000e+00,4.568249411131597437e-03,9.775411845104840039e-08,0.000000000000000000e+00,9.775411845104840039e-08,9.775411845057162672e-08,4.567585383652325928e-03,2.715248372961314161e-01,2.814156632109821957e-06,0.000000000000000000e+00,1.666666666666662300e+00
2.000000000000000000e+00,1.895000000000000227e+03,2.715253113380519112e-01,0.000000000000000000e+00,4.568723453052092598e-03,9.193460075485739312e-08,0.000000000000000000e+00,9.193460075485739312e-08,9.193460075452391361e-08,4.568059605450339351e-03,2.715253113380520777e-01,2.814161545208111165e-06,0.000000000000000000e+00,1.666666666666662300e+00
2.000000000000000000e+00,1.900000000000000227e+03,2.715257573494402887e-01,0.000000000000000000e+00,4.569169464440470119e-03,8.653881205466800719e-08,0.000000000000000000e+00,8.653881205466800719e-08,8.653881205427092079e-08,4.568505788982360830e-03,2.715257573494402332e-01,2.814166167790410355e-06,0.000000000000000000e+00,1.666666666666662300e+00
2.000000000000000000e+00,1.905000000000000227e+03,2.715261773940166323e-01,0.000000000000000000e+00,4.569589509016813711e-03,8.154359407310222735e-08,0.000000000000000000e+00,8.154359407310222735e-08,8.154359407268955025e-08,4.568925994997678590e-03,2.715261773940165768e-01,2.814170521245667285e-06,0.000000000000000000e+00,1.666666666666662300e+00
2.000000000000000000e+00,1.910000000000000227e+03,2.715265734095536065e-01,0.000000000000000000e+00,4.569985524553787926e-03,7.692274674510734033e-08,0.000000000000000000e+00,7.692274674510734033e-08,7.692274674464652794e-08,4.569322160849721357e-03,2.715265734095538286e-01,2.814174625657481216e-06,0.000000000000000000e+00,1.666666666666662300e+00
2.000000000000000000e+00,1.915000000000000227e+03,2.715269471932015843e-01,0.000000000000000000e+00,4.570359308201765725e-03,7.264580945453051499e-08,0.000000000000000000e+00,7.264580945453051499e-08,7.264580945412718172e-08,4.569696082240218803e-03,2.715269471932014178e-01,2.814178499652002048e-06,0.000000000000000000e+00,1.666666666666662300e+00
2.000000000000000000e+00,1.920000000000000227e+03,2.715273003971921395e-01,0.000000000000000000e+00,4.570712512192320887e-03,6.868622332003245871e-08,0.000000000000000000e+00,6.868622332003245871e-08,6.868622331957097133e-08,4.570049412322152622e-03,2.715273003971922505e-01,2.814182160353403922e-06,0.000000000000000000e+00,1.666666666666662300e+00
2.000000000000000000e+00,1.925000000000000227e+03,2.715276345324727503e-01,0.000000000000000000e+00,4.571046647472931657e-03,6.501357918271741823e-08,0.000000000000000000e+00,6.501357918271741823e-08,6.501357918231356881e-08,4.570383661828407960e-03,2.715276345324726948e-01,2.814185623421554037e-06,0.000000000000000000e+00,1.666666666666662300e+00
2.000000000000000000e+00,1.930000000000000227e+03,2.715279509779596201e-01,0.000000000000000000e+00,4.571363092959801477e-03,6.161017003576456500e-08,0.000000000000000000e+00,6.161017003576456500e-08,6.161017003530733927e-08,4.570700221201451710e-03,2.715279509779595646e-01,2.814188903147910766e-06,0.000000000000000000e+00,1.666666666666662300e+00
2.000000000000000000e+00,1.935000000000000227e+03,2.715282509835008073e-01,0.000000000000000000e+00,4.571663098500988731e-03,5.843350965027351127e-08,0.000000000000000000e+00,5.843350965027351127e-08,5.843350964985926584e-08,4.571000330400664703e-03,2.715282509835010294e-01,2.814192012486241297e-06,0.000000000000000000e+00,1.666666666666662300e+00
2.000000000000000000e+00,1.940000000000000227e+03,2.715285356875956624e-01,0.000000000000000000e+00,4.571947802595843768e-03,5.548006378218879796e-08,0.000000000000000000e+00,5.548006378218879796e-08,5.548006378174765923e-08,4.571285114334243914e-03,2.715285356875955514e-01,2.814194963236246521e-06,0.000000000000000000e+00,1.666666666666662300e+00
2.000000000000000000e+00,1.945000000000000227e+03,2.715288061247633222e-01,0.000000000000000000e+00,4.572218239763503611e-03,5.272252605071831734e-08,0.000000000000000000e+00,5.272252605071831734e-08,5.272252605028198949e-08,4.571555620808823335e-03,2.715288061247637663e-01,2.814197766119978653e-06,0.000000000000000000e+00,1.666666666666662300e+00
2.000000000000000000e+00,1.950000000000000227e+03,2.715290632349987021e-01,0.000000000000000000e+00,4.572475349998883498e-03,5.014576158051782658e-08,0.000000000000000000e+00,5.014576158051782658e-08,5.014576158011863584e-08,4.571812791527899399e-03,2.715290632349985911e-01,2.814200430879791270e-06,0.000000000000000000e+00,1.666666666666662300e+00
2.000000000000000000e+00,1.955000000000000227e+03,2.715293078728509002e-01,0.000000000000000000e+00,4.572719987851081580e-03,4.773442807262174609e-08,0.000000000000000000e+00,4.773442807262174609e-08,4.773442807217908535e-08,4.572057492002030293e-03,2.715293078728511222e-01,2.814202966372462039e-06,0.000000000000000000e+00,1.666666666666662300e+00
2.000000000000000000e+00,1.960000000000000227e+03,2.715295408187666792e-01,0.000000000000000000e+00,4.572952933766860628e-03,4.546804315939599447e-08,0.000000000000000000e+00,4.546804315939599447e-08,4.546804315897814914e-08,4.572290498180107965e-03,2.715295408187667348e-01,2.814205380686742677e-06,0.000000000000000000e+00,1.666666666666662300e+00
2.000000000000000000e+00,1.965000000000000227e+03,2.715297627858890284e-01,0.000000000000000000e+00,4.573174900889209749e-03,4.334042215556668502e-08,0.000000000000000000e+00,4.334042215556668502e-08,4.334042215510428444e-08,4.572512519343393741e-03,2.715297627858890284e-01,2.814207681213854965e-06,0.000000000000000000e+00,1.666666666666662300e+00
2.000000000000000000e+00,1.970000000000000227e+03,2.715299744251783443e-01,0.000000000000000000e+00,4.573386540178525639e-03,4.133570737732389210e-08,0.000000000000000000e+00,4.133570737732389210e-08,4.133570737694029206e-08,4.572724209667223920e-03,2.715299744251783998e-01,2.814209874700522629e-06,0.000000000000000000e+00,1.666666666666662300e+00
2.000000000000000000e+00,1.975000000000000227e+03,2.715301763347730546e-01,0.000000000000000000e+00,4.573588449773235975e-03,3.944687398045052788e-08,0.000000000000000000e+00,3.944687398045052788e-08,3.944687398015189582e-08,4.572926166120616122e-03,2.715301763347728325e-01,2.814211967346006593e-06,0.000000000000000000e+00,1.666666666666662300e+00
2.000000000000000000e+00,1.980000000000000227e+03,2.715303690641323042e-01,0.000000000000000000e+00,4.573781179132485608e-03,3.766270218780085831e-08,0.000000000000000000e+00,3.766270218780085831e-08,3.766270218740862911e-08,4.573118940061035240e-03,2.715303690641324152e-01,2.814213964845059286e-06,0.000000000000000000e+00,1.666666666666662300e+00
2.000000000000000000e+00,1.985000000000000227e+03,2.715305531198563549e-01,0.000000000000000000e+00,4.573965234856536277e-03,3.597536015319591919e-08,0.000000000000000000e+00,3.597536015319591919e-08,3.597536015273555679e-08,4.573303035216885748e-03,2.715305531198562994e-01,2.814215872448210943e-06,0.000000000000000000e+00,1.666666666666662300e+00
2.000000000000000000e+00,1.990000000000000227e+03,2.715307289699598892e-01,0.000000000000000000e+00,4.574141084960070547e-03,3.437902963106232194e-08,0.000000000000000000e+00,3.437902963106232194e-08,3.437902963074584925e-08,4.573478921191344304e-03,2.715307289699600002e-01,2.814217695006104156e-06,0.000000000000000000e+00,1.666666666666662300e+00
2.000000000000000000e+00,1.995000000000000227e+03,2.715308970478534922e-01,0.000000000000000000e+00,4.574309162853673616e-03,3.286515637629414883e-08,0.000000000000000000e+00,3.286515637629414883e-08,3.286515637586857433e-08,4.573647031656360822e-03,2.715308970478533257e-01,2.814219437010716428e-06,0.000000000000000000e+00,1.666666666666662300e+00
2.000000000000000000e+00,2.000000000000000227e+03,2.715310577561600436e-01,0.000000000000000000e+00,4.574469871160224965e-03,3.142965442674605781e-08,0.000000000000000000e+00,3.142965442674605781e-08,3.142965442640080585e-08,4.573807768683367005e-03,2.715310577561599881e-01,2.814221102634944563e-06,0.000000000000000000e+00,1.666666666666662300e+00
2.000000000000000000e+00,2.005000000000000227e+03,2.715312114688570033e-01,0.000000000000000000e+00,4.574623583857184705e-03,3.006574835413129174e-08,0.000000000000000000e+00,3.006574835413129174e-08,3.006574835363534733e-08,4.573961507190316307e-03,2.715312114688567258e-01,2.814222695754782952e-06,0.000000000000000000e+00,1.666666666666662300e+00
2.000000000000000000e+00,2.010000000000000227e+03,2.715313585344489855e-01,0.000000000000000000e+00,4.574770649449166893e-03,2.877012448775456431e-08,0.000000000000000000e+00,2.877012448775456431e-08,2.877012448737646998e-08,4.574108596872419018e-03,2.715313585344489855e-01,2.814224219982232073e-06,0.000000000000000000e+00,1.666666666666662300e+00
2.000000000000000000e+00,2.015000000000000227e+03,2.715314992794745086e-01,0.000000000000000000e+00,4.574911394474689974e-03,2.753742876717686586e-08,0.000000000000000000e+00,2.753742876717686586e-08,2.753742876679438417e-08,4.574249365755555033e-03,2.715314992794748417e-01,2.814225678701635361e-06,0.000000000000000000e+00,1.666666666666662300e+00
2.000000000000000000e+00,2.020000000000000227e+03,2.715316340066130651e-01,0.000000000000000000e+00,4.575046121613246530e-03,2.636486949061027377e-08,0.000000000000000000e+00,2.636486949061027377e-08,2.636486949010830748e-08,4.574384121501197040e-03,2.715316340066132872e-01,2.814227075050025076e-06,0.000000000000000000e+00,1.666666666666662300e+00
2.000000000000000000e+00,2.025000000000000227e+03,2.715317630063353582e-01,0.000000000000000000e+00,4.575175121335539608e-03,2.524585700110198056e-08,0.000000000000000000e+00,2.524585700110198056e-08,2.524585700068577636e-08,4.574513148317423984e-03,2.715317630063351362e-01,2.814228412037935884e-06,0.000000000000000000e+00,1.666666666666662300e+00
2.000000000000000000e+00,2.030000000000000227e+03,2.715318865453230091e-01,0.000000000000000000e+00,4.575298660323190436e-03,2.418017480910062614e-08,0.000000000000000000e+00,2.418017480910062614e-08,2.418017480874517009e-08,4.574636713396947399e-03,2.715318865453230091e-01,2.814229692429313795e-06,0.000000000000000000e+00,1.666666666666662300e+00
2.000000000000000000e+00,2.035000000000000227e+03,2.715320048758830263e-01,0.000000000000000000e+00,4.575416990883207635e-03,2.316043569975125539e-08,0.000000000000000000e+00,2.316043569975125539e-08,2.316043569942859870e-08,4.574755064923217637e-03,2.715320048758831928e-01,2.814230918839148569e-06,0.000000000000000000e+00,1.666666666666662300e+00
2.000000000000000000e+00,2.040000000000000227e+03,2.715321182357635643e-01,0.000000000000000000e+00,4.575530350763745702e-03,2.218916769777596269e-08,0.000000000000000000e+00,2.218916769777596269e-08,2.218916769734682800e-08,4.574868438931709719e-03,2.715321182357635643e-01,2.814232093731521731e-06,0.000000000000000000e+00,1.666666666666662300e+00
2.000000000000000000e+00,2.045000000000000227e+03,2.715322268516028315e-01,0.000000000000000000e+00,4.575638966603012836e-03,2.126434644405063558e-08,0.000000000000000000e+00,2.126434644405063558e-08,2.126434644366706531e-08,4.574977072717062443e-03,2.715322268516031090e-01,2.814233219455363640e-06,0.000000000000000000e+00,1.666666666666662300e+00
2.000000000000000000e+00,2.050000000000000000e+03,2.715323309367483895e-01,0.000000000000000000e+00,4.575743051748570878e-03,2.037817286100768804e-08,0.000000000000000000e+00,2.037817286100768804e-08,2.037817286055502503e-08,4.575081179015323338e-03,2.715323309367481674e-01,2.814234298221880911e-06,0.000000000000000000e+00,1.666666666666662300e+00
2.000000000000000000e+00,2.055000000000000000e+03,2.715324306928612597e-01,0.000000000000000000e+00,4.575842807861441042e-03,1.952880937235242886e-08,0.000000000000000000e+00,1.952880937235242886e-08,1.952880937194025138e-08,4.575180946470904127e-03,2.715324306928612041e-01,2.814235332121133692e-06,0.000000000000000000e+00,1.666666666666662300e+00
2.000000000000000000e+00,2.060000000000000000e+03,2.715325263108059883e-01,0.000000000000000000e+00,4.575938425806169718e-03,1.872548928806626800e-08,0.000000000000000000e+00,1.872548928806626800e-08,1.872548928774650645e-08,4.575276582217553331e-03,2.715325263108060438e-01,2.814236323131297553e-06,0.000000000000000000e+00,1.666666666666662300e+00
2.000000000000000000e+00,2.065000000000000000e+03,2.715326179718491884e-01,0.000000000000000000e+00,4.576030086849369738e-03,1.794814646769661683e-08,0.000000000000000000e+00,1.794814646769661683e-08,1.794814646731757621e-08,4.575368266306940705e-03,2.715326179718491328e-01,2.814237273131067430e-06,0.000000000000000000e+00,1.666666666666662300e+00
2.000000000000000000e+00,2.070000000000000000e+03,2.715327058482132072e-01,0.000000000000000000e+00,4.576117963213388595e-03,1.720621178266708873e-08,0.000000000000000000e+00,1.720621178266708873e-08,1.720621178219296535e-08,4.575456152202565102e-03,2.715327058482132072e-01,2.814238183905399241e-06,0.000000000000000000e+00,1.666666666666662300e+00
2.000000000000000000e+00,2.075000000000000000e+03,2.715327901040800462e-01,0.000000000000000000e+00,4.576202219080227618e-03,1.650132418396971033e-08,0.000000000000000000e+00,1.650132418396971033e-08,1.650132418350228380e-08,4.575540421042478996e-03,2.715327901040797687e-01,2.814239057155920766e-06,0.000000000000000000e+00,1.666666666666662300e+00
2.000000000000000000e+00,2.080000000000000000e+03,2.715328708952017278e-01,0.000000000000000000e+00,4.576283010201909196e-03,1.582114342760351590e-08,0.000000000000000000e+00,1.582114342760351590e-08,1.582114342712377100e-08,4.575621227211505888e-03,2.715328708952016723e-01,2.814239894496896386e-06,0.000000000000000000e+00,1.666666666666662300e+00
2.000000000000000000e+00,2.085000000000000000e+03,2.715329483695197443e-01,0.000000000000000000e+00,4.576360484519925720e-03,1.516987544206169690e-08,0.000000000000000000e+00,1.516987544206169690e-08,1.516987544154024886e-08,4.575698704758677203e-03,2.715329483695196333e-01,2.814240697461619212e-06,0.000000000000000000e+00,1.666666666666662300e+00
2.000000000000000000e+00,2.090000000000000000e+03,2.715330226687828752e-01,0.000000000000000000e+00,4.576434783783056570e-03,1.455133745264777695e-08,0.000000000000000000e+00,1.455133745264777695e-08,1.455133745229587943e-08,4.575773007790912006e-03,2.715330226687828197e-01,2.814241467519217069e-06,0.000000000000000000e+00,1.666666666666662300e+00
2.000000000000000000e+00,2.095000000000000000e+03,2.715330939276119904e-01,0.000000000000000000e+00,4.576506042612171754e-03,1.395639821453899189e-08,0.000000000000000000e+00,1.395639821453899189e-08,1.395639821425251112e-08,4.575844277130078352e-03,2.715330939276121569e-01,2.814242206064935334e-06,0.000000000000000000e+00,1.666666666666662300e+00
2.000000000000000000e+00,2.100000000000000000e+03,2.715331622746255391e-01,0.000000000000000000e+00,4.576574389625720496e-03,1.338650748362094329e-08,0.000000000000000000e+00,1.338650748362094329e-08,1.338650748322373612e-08,4.575912634394321485e-03,2.715331622746258722e-01,2.814242914431815400e-06,0.000000000000000000e+00,1.666666666666662300e+00
2.000000000000000000e+00,2.105000000000000000e+03,2.715332278325994775e-01,0.000000000000000000e+00,4.576639947599658864e-03,1.284058747673772059e-08,0.000000000000000000e+00,1.284058747673772059e-08,1.284058747630547406e-08,4.575978202131720726e-03,2.715332278325993665e-01,2.814243593892333265e-06,0.000000000000000000e+00,1.666666666666662300e+00
2.000000000000000000e+00,2.110000000000000000e+03,2.715332907187370526e-01,0.000000000000000000e+00,4.576702833737233966e-03,1.231759036787460952e-08,0.000000000000000000e+00,1.231759036787460952e-08,1.231759036739545687e-08,4.576041097576330138e-03,2.715332907187370526e-01,2.814244245661221420e-06,0.000000000000000000e+00,1.666666666666662300e+00
2.000000000000000000e+00,2.115000000000000000e+03,2.715333510451045651e-01,0.000000000000000000e+00,4.576763160104746486e-03,1.181648477305288962e-08,0.000000000000000000e+00,1.181648477305288962e-08,1.181648477258036766e-08,4.576101432764180348e-03,2.715333510451046206e-01,2.814244870899961512e-06,0.000000000000000000e+00,1.666666666666662300e+00
2.000000000000000000e+00,2.120000000000000000e+03,2.715334089187821931e-01,0.000000000000000000e+00,4.576821033782374482e-03,1.133631579970344531e-08,0.000000000000000000e+00,1.133631579970344531e-08,1.133631579927366377e-08,4.576159314765609193e-03,2.715334089187820266e-01,2.814245470718360248e-06,0.000000000000000000e+00,1.666666666666662300e+00
2.000000000000000000e+00,2.125000000000000000e+03,2.715334644419730714e-01,0.000000000000000000e+00,4.576876556973252796e-03,1.087615667670466950e-08,0.000000000000000000e+00,1.087615667670466950e-08,1.087615667628541797e-08,4.576214845946798178e-03,2.715334644419730714e-01,2.814246046175685692e-06,0.000000000000000000e+00,1.666666666666662300e+00
2.000000000000000000e+00,2.130000000000000000e+03,2.715335177126557142e-01,0.000000000000000000e+00,4.576929827655895622e-03,1.043514307820192615e-08,0.000000000000000000e+00,1.043514307820192615e-08,1.043514307774781889e-08,4.576268124196183375e-03,2.715335177126558808e-01,2.814246598287403717e-06,0.000000000000000000e+00,1.666666666666662300e+00
2.000000000000000000e+00,2.135000000000000000e+03,2.715335688244168155e-01,0.000000000000000000e+00,4.576980939416996907e-03,1.001244885860498346e-08,0.000000000000000000e+00,1.001244885860498346e-08,1.001244885829536313e-08,4.576319243176023288e-03,2.715335688244169265e-01,2.814247128023479702e-06,0.000000000000000000e+00,1.666666666666662300e+00
2.000000000000000000e+00,2.140000000000000000e+03,2.715336178668201206e-01,0.000000000000000000e+00,4.577029981820301963e-03,9.607289032663857658e-09,0.000000000000000000e+00,9.607289032663857658e-09,9.607289032237020881e-09,4.576368292520749739e-03,2.715336178668197875e-01,2.814247636312172820e-06,0.000000000000000000e+00,1.666666666666662300e+00
2.000000000000000000e+00,2.145000000000000000e+03,2.715336649256657187e-01,0.000000000000000000e+00,4.577077040665900043e-03,9.218910445107534494e-09,0.000000000000000000e+00,9.218910445107534494e-09,9.218910444705106163e-09,4.576415358019442561e-03,2.715336649256658297e-01,2.814248124042735951e-06,0.000000000000000000e+00,1.666666666666662300e+00
2.000000000000000000e+00,2.150000000000000000e+03,2.715337100830871320e-01,0.000000000000000000e+00,4.577122198087313354e-03,8.846599840742638354e-09,0.000000000000000000e+00,8.846599840742638354e-09,8.846599840364530788e-09,4.576460521795154904e-03,2.715337100830867989e-01,2.814248592066432124e-06,0.000000000000000000e+00,1.666666666666662300e+00
2.000000000000000000e+00,2.155000000000000000e+03,2.715337534176793799e-01,0.000000000000000000e+00,4.577165532679561277e-03,8.489675479969346048e-09,0.000000000000000000e+00,8.489675479969346048e-09,8.489675479534833036e-09,4.576503862483454442e-03,2.715337534176792134e-01,2.814249041197828363e-06,0.000000000000000000e+00,1.666666666666662300e+00
2.000000000000000000e+00,2.160000000000000000e+03,2.715337950047124749e-01,0.000000000000000000e+00,4.577207119712656258e-03,8.147489105626122371e-09,0.000000000000000000e+00,8.147489105626122371e-09,8.147489105160863055e-09,4.576545455394916660e-03,2.715337950047124749e-01,2.814249472217058950e-06,0.000000000000000000e+00,1.666666666666662300e+00
2.000000000000000000e+00,2.165000000000000000e+03,2.715338349162910170e-01,0.000000000000000000e+00,4.577247031291198365e-03,7.819420004272262413e-09,0.000000000000000000e+00,7.819420004272262413e-09,7.819420003796655067e-09,4.576585372667688577e-03,2.715338349162911280e-01,2.814249885871417858e-06,0.000000000000000000e+00,1.666666666666662300e+00
2.000000000000000000e+00,2.170000000000000000e+03,2.715338732215216710e-01,0.000000000000000000e+00,4.577285336521852432e-03,7.504873771954473931e-09,0.000000000000000000e+00,7.504873771954473931e-09,7.504873771577133987e-09,4.576623683402127572e-03,2.715338732215217266e-01,2.814250282877158688e-06,0.000000000000000000e+00,1.666666666666662300e+00
2.000000000000000000e+00,2.175000000000000000e+03,2.715339099866201367e-01,0.000000000000000000e+00,4.577322101620318051e-03,7.203283387092707858e-09,0.000000000000000000e+00,7.203283387092707858e-09,7.203283386627155720e-09,4.576660453795023016e-03,2.715339099866200256e-01,2.814250663920552191e-06,0.000000000000000000e+00,1.666666666666662300e+00
2.000000000000000000e+00,2.180000000000000000e+03,2.715339452750060167e-01,0.000000000000000000e+00,4.577357390006198123e-03,6.914109451810033361e-09,0.000000000000000000e+00,6.914109451810033361e-09,6.914109451304812123e-09,4.576695747277117338e-03,2.715339452750057392e-01,2.814251029658901018e-06,0.000000000000000000e+00,1.666666666666662300e+00
2.000000000000000000e+00,2.185000000000000000e+03,2.715339791474982722e-01,0.000000000000000000e+00,4.577391262498453628e-03,6.636835409334561767e-09,0.000000000000000000e+00,6.636835409334561767e-09,6.636835409027584289e-09,4.576729624639268128e-03,2.715339791474984388e-01,2.814251380722541677e-06,0.000000000000000000e+00,1.666666666666662300e+00
2.000000000000000000e+00,2.190000000000000000e+03,2.715340116623275457e-01,0.000000000000000000e+00,4.577423777327727095e-03,6.370964935658297889e-09,0.000000000000000000e+00,6.370964935658297889e-09,6.370964935156533438e-09,4.576762144140129364e-03,2.715340116623276567e-01,2.814251717714999118e-06,0.000000000000000000e+00,1.666666666666662300e+00
2.000000000000000000e+00,2.195000000000000000e+03,2.715340428752794355e-01,0.000000000000000000e+00,4.577454990279616887e-03,6.116020521661599449e-09,0.000000000000000000e+00,6.116020521661599449e-09,6.116020521263075410e-09,4.576793361603770371e-03,2.715340428752793800e-01,2.814252041214449138e-06,0.000000000000000000e+00,1.666666666666662300e+00
2.000000000000000000e+00,2.200000000000000000e+03,2.715340728398172865e-01,0.000000000000000000e+00,4.577484954817467866e-03,5.871544865956559759e-09,0.000000000000000000e+00,5.871544865956559759e-09,5.871544865457258652e-09,4.576823330517236672e-03,2.715340728398172310e-01,2.814252351775002479e-06,0.000000000000000000e+00,1.666666666666662300e+00
2.000000000000000000e+00,2.205000000000000000e+03,2.715341016072809199e-01,0.000000000000000000e+00,4.577513722281101316e-03,5.637110283297718666e-09,0.000000000000000000e+00,5.637110283297718666e-09,5.637110282974323306e-09,4.576852102155107467e-03,2.715341016072807534e-01,2.814252649928751687e-06,0.000000000000000000e+00,1.666666666666662300e+00
2.000000000000000000e+00,2.210000000000000000e+03,2.715341292268647622e-01,0.000000000000000000e+00,4.577541341864943547e-03,5.412303544039510947e-09,0.000000000000000000e+00,5.412303544039510947e-09,5.412303543641740470e-09,4.576879725689674862e-03,2.715341292268645956e-01,2.814252936185567396e-06,0.000000000000000000e+00,1.666666666666662300e+00
2.000000000000000000e+00,2.215000000000000000e+03,2.715341557456385502e-01,0.000000000000000000e+00,4.577567860638731556e-03,5.196715984700156150e-09,0.000000000000000000e+00,5.196715984700156150e-09,5.196715984232691570e-09,4.576906248238494374e-03,2.715341557456386057e-01,2.814253211033288493e-06,0.000000000000000000e+00,1.666666666666662300e+00
2.000000000000000000e+00,2.220000000000000000e+03,2.715341812088644113e-01,0.000000000000000000e+00,4.577593323864592723e-03,4.989966620902401237e-09,0.000000000000000000e+00,4.989966620902401237e-09,4.989966620445668498e-09,4.576931714945006203e-03,2.715341812088640783e-01,2.814253474941028928e-06,0.000000000000000000e+00,1.666666666666662300e+00
2.000000000000000000e+00,2.225000000000000000e+03,2.715342056598619713e-01,0.000000000000000000e+00,4.577617774862152711e-03,4.791698477245015577e-09,0.000000000000000000e+00,4.791698477245015577e-09,4.791698476929359319e-09,4.576956169107749585e-03,2.715342056598617493e-01,2.814253728357762750e-06,0.000000000000000000e+00,1.666666666666662300e+00
2.000000000000000000e+00,2.230000000000000000e+03,2.715342291400837937e-01,0.000000000000000000e+00,4.577641255083975125e-03,4.601585983339018260e-09,0.000000000000000000e+00,4.601585983339018260e-09,4.601585982822930350e-09,4.576979652318898667e-03,2.715342291400836272e-01,2.814253971713110152e-06,0.000000000000000000e+00,1.666666666666662300e+00
2.000000000000000000e+00,2.235000000000000000e+03,2.715342516893741731e-01,0.000000000000000000e+00,4.577663804374354495e-03,4.419306547473327860e-09,0.000000000000000000e+00,4.419306547473327860e-09,4.419306546917188692e-09,4.577002204550223267e-03,2.715342516893739511e-01,2.814254205420038660e-06,0.000000000000000000e+00,1.666666666666662300e+00
2.000000000000000000e+00,2.240000000000000000e+03,2.715342733457709046e-01,0.000000000000000000e+00,4.577685460771085957e-03,4.244423415734459170e-09,0.000000000000000000e+00,4.244423415734459170e-09,4.244423415351974164e-09,4.577023863875128926e-03,2.715342733457706270e-01,2.814254429872770960e-06,0.000000000000000000e+00,1.666666666666662300e+00
2.000000000000000000e+00,2.245000000000000000e+03,2.715342941458161463e-01,0.000000000000000000e+00,4.577706260816327699e-03,4.076570717833173934e-09,0.000000000000000000e+00,4.076570717833173934e-09,4.076570717387493156e-09,4.577044666360460465e-03,2.715342941458162573e-01,2.814254645450049787e-06,0.000000000000000000e+00,1.666666666666662300e+00
2.000000000000000000e+00,2.250000000000000000e+03,2.715343141245648573e-01,0.000000000000000000e+00,4.577726239565038657e-03,3.915650384498519041e-09,0.000000000000000000e+00,3.915650384498519041e-09,3.915650383984896956e-09,4.577064646913213582e-03,2.715343141245648573e-01,2.814254852515189595e-06,0.000000000000000000e+00,1.666666666666662300e+00
2.000000000000000000e+00,2.255000000000000000e+03,2.715343333156574057e-01,0.000000000000000000e+00,4.577745430657587100e-03,3.761708243090291189e-09,0.000000000000000000e+00,3.761708243090291189e-09,3.761708242694955932e-09,4.577083840309780979e-03,2.715343333156574612e-01,2.814255051416846086e-06,0.000000000000000000e+00,1.666666666666662300e+00
2.000000000000000000e+00,2.260000000000000000e+03,2.715343517513464922e-01,0.000000000000000000e+00,4.577763866346673538e-03,3.614555862317905391e-09,0.000000000000000000e+00,3.614555862317905391e-09,3.614555861913400837e-09,4.577102280970041931e-03,2.715343517513465477e-01,2.814255242489301659e-06,0.000000000000000000e+00,1.666666666666662300e+00
2.000000000000000000e+00,2.265000000000000000e+03,2.715343694625056425e-01,0.000000000000000000e+00,4.577781577505823929e-03,3.473043398006302074e-09,0.000000000000000000e+00,3.473043398006302074e-09,3.473043397610902297e-09,4.577119999968190869e-03,2.715343694625055870e-01,2.814255426052527246e-06,0.000000000000000000e+00,1.666666666666662300e+00
2.000000000000000000e+00,2.270000000000000000e+03,2.715343864788637429e-01,0.000000000000000000e+00,4.577798593863924292e-03,3.336536760808888526e-09,0.000000000000000000e+00,3.336536760808888526e-09,3.336536760413340270e-09,4.577137023918586081e-03,2.715343864788638539e-01,2.814255602414653951e-06,0.000000000000000000e+00,1.666666666666662300e+00
2.000000000000000000e+00,2.275000000000000000e+03,2.715344028287867140e-01,0.000000000000000000e+00,4.577814943786895352e-03,3.205353673477118960e-09,0.000000000000000000e+00,3.205353673477118960e-09,3.205353672947617489e-09,4.577153378644669042e-03,2.715344028287870470e-01,2.814255771869662770e-06,0.000000000000000000e+00,1.666666666666662300e+00
2.000000000000000000e+00,2.280000000000000000e+03,2.715344185395497378e-01,0.000000000000000000e+00,4.577830654549919220e-03,3.079387621237193982e-09,0.000000000000000000e+00,3.079387621237193982e-09,3.079387620805231167e-09,4.577169090497904165e-03,2.715344185395496268e-01,2.814255934700246290e-06,0.000000000000000000e+00,1.666666666666662300e+00
2.000000000000000000e+00,2.285000000000000000e+03,2.715344336372961243e-01,0.000000000000000000e+00,4.577845752296305637e-03,2.958716070748686097e-09,0.000000000000000000e+00,2.958716070748686097e-09,2.958716070188874660e-09,4.577184185757131665e-03,2.715344336372958467e-01,2.814256091177363998e-06,0.000000000000000000e+00,1.666666666666662300e+00
2.000000000000000000e+00,2.290000000000000000e+03,2.715344481470458593e-01,0.000000000000000000e+00,4.577860262046040685e-03,2.843751684030902271e-09,0.000000000000000000e+00,2.843751684030902271e-09,2.843751683673098266e-09,4.577198691926516287e-03,2.715344481470459148e-01,2.814256241560320208e-06,0.000000000000000000e+00,1.666666666666662300e+00
2.000000000000000000e+00,2.295000000000000000e+03,2.715344620928039632e-01,0.000000000000000000e+00,4.577874207804144557e-03,2.734619544673796107e-09,0.000000000000000000e+00,2.734619544673796107e-09,2.734619544161367643e-09,4.577212637854585764e-03,2.715344620928039632e-01,2.814256386097919836e-06,0.000000000000000000e+00,1.666666666666662300e+00
2.000000000000000000e+00,2.300000000000000000e+03,2.715344754974436947e-01,0.000000000000000000e+00,4.577887612443876098e-03,2.628321915793042278e-09,0.000000000000000000e+00,2.628321915793042278e-09,2.628321915375533203e-09,4.577226045208234069e-03,2.715344754974433616e-01,2.814256525027218606e-06,0.000000000000000000e+00,1.666666666666662300e+00
2.000000000000000000e+00,2.305000000000000000e+03,2.715344883829480804e-01,0.000000000000000000e+00,4.577900497948261815e-03,2.523318354327377404e-09,0.000000000000000000e+00,2.523318354327377404e-09,2.523318353960799081e-09,4.577238924308908025e-03,2.715344883829478584e-01,2.814256658576061181e-06,0.000000000000000000e+00,1.666666666666662300e+00
2.000000000000000000e+00,2.310000000000000000e+03,2.715345007706915781e-01,0.000000000000000000e+00,4.577912885691759470e-03,2.424340197900533287e-09,0.000000000000000000e+00,2.424340197900533287e-09,2.424340197507496351e-09,4.577251293455286175e-03,2.715345007706916891e-01,2.814256786965976745e-06,0.000000000000000000e+00,1.666666666666662300e+00
2.000000000000000000e+00,2.315000000000000000e+03,2.715345126810791432e-01,0.000000000000000000e+00,4.577924796079324565e-03,2.333453369283828226e-09,0.000000000000000000e+00,2.333453369283828226e-09,2.333453368830627135e-09,4.577263187939202213e-03,2.715345126810790877e-01,2.814256910408444439e-06,0.000000000000000000e+00,1.666666666666662300e+00
2.000000000000000000e+00,2.320000000000000000e+03,2.715345241335259119e-01,0.000000000000000000e+00,4.577936248526093266e-03,2.246656629837316999e-09,0.000000000000000000e+00,2.246656629837316999e-09,2.246656629384563827e-09,4.577274638214197736e-03,2.715345241335258009e-01,2.814257029104690915e-06,0.000000000000000000e+00,1.666666666666662300e+00
2.000000000000000000e+00,2.325000000000000000e+03,2.715345351468101964e-01,0.000000000000000000e+00,4.577947261810377810e-03,2.162450805833342158e-09,0.000000000000000000e+00,2.162450805833342158e-09,2.162450805369271087e-09,4.577285660982784513e-03,2.715345351468104185e-01,2.814257143249339356e-06,0.000000000000000000e+00,1.666666666666662300e+00
2.000000000000000000e+00,2.330000000000000000e+03,2.715345457387674521e-01,0.000000000000000000e+00,4.577957853767633534e-03,2.080204228574562185e-09,0.000000000000000000e+00,2.080204228574562185e-09,2.080204228210574178e-09,4.577296267620368370e-03,2.715345457387675077e-01,2.814257253027241999e-06,0.000000000000000000e+00,1.666666666666662300e+00
2.000000000000000000e+00,2.335000000000000000e+03,2.715345559263986908e-01,0.000000000000000000e+00,4.577968041398872145e-03,1.998611575912067618e-09,0.000000000000000000e+00,1.998611575912067618e-09,1.998611575374962289e-09,4.577306464659877151e-03,2.715345559263985242e-01,2.814257358614596096e-06,0.000000000000000000e+00,1.666666666666662300e+00
2.000000000000000000e+00,2.340000000000000000e+03,2.715345657262691059e-01,0.000000000000000000e+00,4.577977841269287307e-03,1.920436017652024764e-09,0.000000000000000000e+00,1.920436017652024764e-09,1.920436017173384975e-09,4.577316262278858898e-03,2.715345657262693280e-01,2.814257460183102000e-06,0.000000000000000000e+00,1.666666666666662300e+00
2.000000000000000000e+00,2.345000000000000000e+03,2.715345751543136177e-01,0.000000000000000000e+00,4.577987269313799068e-03,1.851800317200011756e-09,0.000000000000000000e+00,1.851800317200011756e-09,1.851800316913462950e-09,4.577325692869694054e-03,2.715345751543134512e-01,2.814257557897896833e-06,0.000000000000000000e+00,1.666666666666662300e+00
2.000000000000000000e+00,2.350000000000000000e+03,2.715345842254287545e-01,0.000000000000000000e+00,4.577996340428935884e-03,1.786423888606264649e-09,0.000000000000000000e+00,1.786423888606264649e-09,1.786423888317988897e-09,4.577334788430207149e-03,2.715345842254289765e-01,2.814257651913376913e-06,0.000000000000000000e+00,1.666666666666662300e+00
2.000000000000000000e+00,2.355000000000000000e+03,2.715345929538439673e-01,0.000000000000000000e+00,4.578005068844148706e-03,1.715585184742396335e-09,0.000000000000000000e+00,1.715585184742396335e-09,1.715585184301487149e-09,4.577343543452888804e-03,2.715345929538440228e-01,2.814257742377025499e-06,0.000000000000000000e+00,1.666666666666662300e+00
2.000000000000000000e+00,2.360000000000000000e+03,2.715346013534187808e-01,0.000000000000000000e+00,4.578013468418962173e-03,1.646011972669463080e-09,0.000000000000000000e+00,1.646011972669463080e-09,1.646011972194845662e-09,4.577351947445780153e-03,2.715346013534185032e-01,2.814257829432483285e-06,0.000000000000000000e+00,1.666666666666662300e+00
2.000000000000000000e+00,2.365000000000000000e+03,2.715346094373460306e-01,0.000000000000000000e+00,4.578021552346211998e-03,1.583376255748492091e-09,0.000000000000000000e+00,1.583376255748492091e-09,1.583376255370497227e-09,4.577360020916349317e-03,2.715346094373460861e-01,2.814257913216487647e-06,0.000000000000000000e+00,1.666666666666662300e+00
2.000000000000000000e+00,2.370000000000000000e+03,2.715346172180259643e-01,0.000000000000000000e+00,4.578029333026145675e-03,1.522115466779404748e-09,0.000000000000000000e+00,1.522115466779404748e-09,1.522115466461691499e-09,4.577367784645653727e-03,2.715346172180259643e-01,2.814257993857550424e-06,0.000000000000000000e+00,1.666666666666662300e+00
2.000000000000000000e+00,2.375000000000000000e+03,2.715346247073220365e-01,0.000000000000000000e+00,4.578036822322217869e-03,1.460443628021019202e-09,0.000000000000000000e+00,1.460443628021019202e-09,1.460443627656845286e-09,4.577375241043389088e-03,2.715346247073218700e-01,2.814258071478635389e-06,0.000000000000000000e+00,1.666666666666662300e+00
2.000000000000000000e+00,2.380000000000000000e+03,2.715346319181842216e-01,0.000000000000000000e+00,4.578044033184403006e-03,1.407696756223535503e-09,0.000000000000000000e+00,1.407696756223535503e-09,1.407696755946722199e-09,4.577382411394347907e-03,2.715346319181842216e-01,2.814258146213954488e-06,0.000000000000000000e+00,1.666666666666662300e+00
2.000000000000000000e+00,2.385000000000000000e+03,2.715346388631900698e-01,0.000000000000000000e+00,4.578050978190251197e-03,1.371259186844636203e-09,0.000000000000000000e+00,1.371259186844636203e-09,1.371259186366073548e-09,4.577389358784204020e-03,2.715346388631898478e-01,2.814258218193866515e-06,0.000000000000000000e+00,1.666666666666662300e+00
2.000000000000000000e+00,2.390000000000000000e+03,2.715346455520915026e-01,0.000000000000000000e+00,4.578057667091683935e-03,1.330064635441572715e-09,0.000000000000000000e+00,1.330064635441572715e-09,1.330064635076566448e-09,4.577396112093757088e-03,2.715346455520915581e-01,2.814258287519448761e-06,0.000000000000000000e+00,1.666666666666662300e+00
2.000000000000000000e+00,2.395000000000000000e+03,2.715346519951181703e-01,0.000000000000000000e+00,4.578064110118351682e-03,1.267682211322822926e-09,0.000000000000000000e+00,1.267682211322822926e-09,1.267682210849391479e-09,4.577402606460872353e-03,2.715346519951182813e-01,2.814258354296717137e-06,0.000000000000000000e+00,1.666666666666662300e+00
2.000000000000000000e+00,2.400000000000000000e+03,2.715346582013898891e-01,0.000000000000000000e+00,4.578070316390070449e-03,1.216288908123066029e-09,0.000000000000000000e+00,1.216288908123066029e-09,1.216288907744441061e-09,4.577408816388668297e-03,2.715346582013902221e-01,2.814258418620187817e-06,0.000000000000000000e+00,1.666666666666662300e+00
3.000000000000000000e+00,2.400000000000000455e+03,2.715346582013898891e-01,0.000000000000000000e+00,4.578070316390070449e-03,-4.891861755516207274e-08,0.000000000000000000e+00,-4.891861755516207274e-08,-4.891861755553561427e-08,4.577408816388668297e-03,2.715346582013902221e-01,2.814258418620187394e-06,-5.000000000000000000e+00,1.666666666666662522e+00
3.000000000000000000e+00,2.405000000000000455e+03,2.715359751587901882e-01,0.000000000000000000e+00,4.579387273790369584e-03,5.379639332314984528e-07,0.000000000000000000e+00,5.379639332314984528e-07,5.379639332311079707e-07,4.578631429677857204e-03,2.715359751587901882e-01,2.814272067921809328e-06,-5.000000000000000000e+00,1.659722222222216992e+00
3.000000000000000000e+00,2.410000000000000455e+03,2.715398090004904064e-01,0.000000000000000000e+00,4.583221115490587749e-03,9.780659968431661393e-07,0.000000000000000000e+00,9.780659968431661393e-07,9.780659968427028123e-07,4.582421504503041490e-03,2.715398090004903509e-01,2.814311802891012306e-06,-5.000000000000000000e+00,1.652777777777773682e+00
3.000000000000000000e+00,2.415000000000000455e+03,2.715456054810150288e-01,0.000000000000000000e+00,4.589017596015210199e-03,1.327375028375924056e-06,0.000000000000000000e+00,1.327375028375924056e-06,1.327375028375525951e-06,4.588185107066087599e-03,2.715456054810148068e-01,2.814371879178223205e-06,-5.000000000000000000e+00,1.645833333333329263e+00
3.000000000000000000e+00,2.420000000000000455e+03,2.715529654553582861e-01,0.000000000000000000e+00,4.596377570358467501e-03,1.606131526377196450e-06,0.000000000000000000e+00,1.606131526377196450e-06,1.606131526376680607e-06,4.595518873452967765e-03,2.715529654553581196e-01,2.814448159936978951e-06,-5.000000000000000000e+00,1.638888888888884399e+00
3.000000000000000000e+00,2.425000000000000455e+03,2.715615726322181400e-01,0.000000000000000000e+00,4.604984747218321406e-03,1.828298803239546773e-06,0.000000000000000000e+00,1.828298803239546773e-06,1.828298803239115633e-06,4.604104949277007183e-03,2.715615726322182510e-01,2.814537367038938561e-06,-5.000000000000000000e+00,1.631944444444439535e+00
3.000000000000000000e+00,2.430000000000000455e+03,2.715711726502715306e-01,0.000000000000000000e+00,4.614584765271712019e-03,2.004924456365174380e-06,0.000000000000000000e+00,2.004924456365174380e-06,2.004924456364696653e-06,4.613688007426016736e-03,2.715711726502716972e-01,2.814636864214744467e-06,-5.000000000000000000e+00,1.624999999999995559e+00
3.000000000000000000e+00,2.435000000000000455e+03,2.715815610571197802e-01,0.000000000000000000e+00,4.624973172119961617e-03,2.144999241180798233e-06,0.000000000000000000e+00,2.144999241180798233e-06,2.144999241180339141e-06,4.624062816669879256e-03,2.715815610571200023e-01,2.814744532464617576e-06,-5.000000000000000000e+00,1.618055555555552916e+00
3.000000000000000000e+00,2.440000000000000455e+03,2.715925740061095883e-01,0.000000000000000000e+00,4.635986121109769709e-03,2.255832745953917655e-06,0.000000000000000000e+00,2.255832745953917655e-06,2.255832745953536490e-06,4.635064896637714101e-03,2.715925740061095883e-01,2.814858673637660642e-06,-5.000000000000000000e+00,1.611111111111110716e+00
3.000000000000000000e+00,2.445000000000000455e+03,2.716040805776517297e-01,0.000000000000000000e+00,4.647492692651911117e-03,2.343328519718083068e-06,0.000000000000000000e+00,2.343328519718083068e-06,2.343328519717542661e-06,4.646562799801892164e-03,2.716040805776516187e-01,2.814977930847943011e-06,-5.000000000000000000e+00,1.604166666666669405e+00
3.000000000000000000e+00,2.450000000000000455e+03,2.716159763726087029e-01,0.000000000000000000e+00,4.659388487608884244e-03,2.412229404986994028e-06,0.000000000000000000e+00,2.412229404986994028e-06,2.412229404986515454e-06,4.658451694613652272e-03,2.716159763726087029e-01,2.815101222074651913e-06,-5.000000000000000000e+00,1.597222222222227650e+00
3.000000000000000000e+00,2.455000000000000455e+03,2.716281782610525664e-01,0.000000000000000000e+00,4.671590376052747740e-03,2.466331754469103992e-06,0.000000000000000000e+00,2.466331754469103992e-06,2.466331754468541562e-06,4.670648097512289376e-03,2.716281782610527884e-01,2.815227685736801043e-06,-5.000000000000000000e+00,1.590277777777785229e+00
3.000000000000000000e+00,2.460000000000000455e+03,2.716406201246497343e-01,0.000000000000000000e+00,4.684032239649915663e-03,2.508671040075337007e-06,0.000000000000000000e+00,2.508671040075337007e-06,2.508671040074987183e-06,4.683085604498648212e-03,2.716406201246496233e-01,2.815356636566147510e-06,-5.000000000000000000e+00,1.583333333333338810e+00
3.000000000000000000e+00,2.465000000000000455e+03,2.716532494538000386e-01,0.000000000000000000e+00,4.696661568800220010e-03,2.541681164247370486e-06,0.000000000000000000e+00,2.541681164247370486e-06,2.541681164246747917e-06,4.695711485009452721e-03,2.716532494538001496e-01,2.815487530339037491e-06,-5.000000000000000000e+00,1.576388888888892170e+00
3.000000000000000000e+00,2.470000000000000455e+03,2.716660245569642029e-01,0.000000000000000000e+00,4.709436671964384313e-03,2.567267061970693635e-06,0.000000000000000000e+00,2.567267061970693635e-06,2.567267061970270965e-06,4.708483855574995686e-03,2.716660245569644250e-01,2.815619934953118194e-06,-5.000000000000000000e+00,1.569444444444446418e+00
3.000000000000000000e+00,2.475000000000000455e+03,2.716789124203399242e-01,0.000000000000000000e+00,4.722324535340105545e-03,2.587009709490116483e-06,0.000000000000000000e+00,2.587009709490116483e-06,2.587009709489758188e-06,4.721369547503645285e-03,2.716789124203400352e-01,2.815753508244438162e-06,-5.000000000000000000e+00,1.562499999999999112e+00
3.000000000000000000e+00,2.480000000000000455e+03,2.716918869284812299e-01,0.000000000000000000e+00,4.735299043481411285e-03,2.602097644749219664e-06,0.000000000000000000e+00,2.602097644749219664e-06,2.602097644748680951e-06,4.734342315889241738e-03,2.716918869284811744e-01,2.815887979545472408e-06,-5.000000000000000000e+00,1.555555555555551583e+00
3.000000000000000000e+00,2.485000000000000455e+03,2.717049274400313852e-01,0.000000000000000000e+00,4.748339555031566572e-03,2.613558024416839356e-06,0.000000000000000000e+00,2.613558024416839356e-06,2.613558024416426851e-06,4.747381455062153928e-03,2.717049274400312742e-01,2.816023134923633180e-06,-5.000000000000000000e+00,1.548611111111104943e+00
3.000000000000000000e+00,2.490000000000000455e+03,2.717180177117759499e-01,0.000000000000000000e+00,4.761429826776131247e-03,2.622129394888504065e-06,0.000000000000000000e+00,2.622129394888504065e-06,2.622129394888004315e-06,4.760470673610414996e-03,2.717180177117758944e-01,2.816158806029868178e-06,-5.000000000000000000e+00,1.541666666666659857e+00
3.000000000000000000e+00,2.495000000000000455e+03,2.717311449782200961e-01,0.000000000000000000e+00,4.774557093220277437e-03,2.628446381143253292e-06,0.000000000000000000e+00,2.628446381143253292e-06,2.628446381142794200e-06,4.773597113050492662e-03,2.717311449782199850e-01,2.816294860559144688e-06,-5.000000000000000000e+00,1.534722222222214993e+00
3.000000000000000000e+00,2.500000000000000455e+03,2.717442992407729796e-01,0.000000000000000000e+00,4.787711355773160982e-03,2.633000191852894823e-06,0.000000000000000000e+00,2.633000191852894823e-06,2.633000191852420484e-06,4.786750729482980304e-03,2.717442992407730351e-01,2.816431194883374596e-06,-5.000000000000000000e+00,1.527777777777771240e+00
3.000000000000000000e+00,2.505000000000000455e+03,2.717574726968266519e-01,0.000000000000000000e+00,4.800884811826833243e-03,2.636180573571794672e-06,0.000000000000000000e+00,2.636180573571794672e-06,2.636180573571325416e-06,4.799923681396540097e-03,2.717574726968265963e-01,2.816567728134217974e-06,-5.000000000000000000e+00,1.520833333333327042e+00
3.000000000000000000e+00,2.510000000000000455e+03,2.717706592789674303e-01,0.000000000000000000e+00,4.814071393967611634e-03,2.638296099044450745e-06,0.000000000000000000e+00,2.638296099044450745e-06,2.638296099043706203e-06,4.813109873078077160e-03,2.717706592789675413e-01,2.816704397427370293e-06,-5.000000000000000000e+00,1.513888888888883510e+00
3.000000000000000000e+00,2.515000000000000455e+03,2.717838542943749047e-01,0.000000000000000000e+00,4.827266409375086109e-03,2.639589977806036192e-06,0.000000000000000000e+00,2.639589977806036192e-06,2.639589977805332307e-06,4.826304588270199925e-03,2.717838542943745717e-01,2.816841154125171002e-06,-5.000000000000000000e+00,1.506944444444439313e+00
3.000000000000000000e+00,2.520000000000000455e+03,2.717970541321393374e-01,0.000000000000000000e+00,4.840466247139518785e-03,2.640253275675655275e-06,0.000000000000000000e+00,2.640253275675655275e-06,2.640253275675247853e-06,4.839504196403901504e-03,2.717970541321394484e-01,2.816977960803182450e-06,-5.000000000000000000e+00,1.499999999999995559e+00
3.000000000000000000e+00,2.525000000000000455e+03,2.718102560287171121e-01,0.000000000000000000e+00,4.853668143717293493e-03,2.640435393263118201e-06,0.000000000000000000e+00,2.640435393263118201e-06,2.640435393262614216e-06,4.852705918076245795e-03,2.718102560287168901e-01,2.817114788819285374e-06,-5.000000000000000000e+00,1.493055555555551583e+00
3.000000000000000000e+00,2.530000000000000455e+03,2.718234578810137525e-01,0.000000000000000000e+00,4.866869996013933886e-03,2.640252539939530474e-06,0.000000000000000000e+00,2.640252539939530474e-06,2.640252539938923998e-06,4.865907637909249774e-03,2.718234578810143076e-01,2.817251616376450602e-06,-5.000000000000000000e+00,1.486111111111107830e+00
3.000000000000000000e+00,2.535000000000000455e+03,2.718366580980371428e-01,0.000000000000000000e+00,4.880070213037324134e-03,2.639794321907246567e-06,0.000000000000000000e+00,2.639794321907246567e-06,2.639794321906668891e-06,4.879107755063863579e-03,2.718366580980368652e-01,2.817388426985201874e-06,-5.000000000000000000e+00,1.479166666666663854e+00
3.000000000000000000e+00,2.540000000000000455e+03,2.718498554810657719e-01,0.000000000000000000e+00,4.893267596065953295e-03,2.639129066852399796e-06,0.000000000000000000e+00,2.639129066852399796e-06,2.639129066851944092e-06,4.892305063535760425e-03,2.718498554810657719e-01,2.817525208221669037e-06,-5.000000000000000000e+00,1.472222222222220100e+00
3.000000000000000000e+00,2.545000000000000455e+03,2.718630491283693384e-01,0.000000000000000000e+00,4.906461243369519831e-03,2.638307724187342797e-06,0.000000000000000000e+00,2.638307724187342797e-06,2.638307724186682112e-06,4.905498655513356593e-03,2.718630491283695605e-01,2.817661950740071717e-06,-5.000000000000000000e+00,1.465277777777776347e+00
3.000000000000000000e+00,2.550000000000000455e+03,2.718762383593270049e-01,0.000000000000000000e+00,4.919650474327186274e-03,2.637367068456592174e-06,0.000000000000000000e+00,2.637367068456592174e-06,2.637367068456179668e-06,4.918687842494964130e-03,2.718762383593271714e-01,2.817798647486275906e-06,-5.000000000000000000e+00,1.458333333333332149e+00
3.000000000000000000e+00,2.555000000000000455e+03,2.718894226531366476e-01,0.000000000000000000e+00,4.932834768136828973e-03,2.636334729568735771e-06,0.000000000000000000e+00,2.636334729568735771e-06,2.636334729568251268e-06,4.931872096990024858e-03,2.718894226531366476e-01,2.817935293062545936e-06,-5.000000000000000000e+00,1.451388888888888618e+00
3.000000000000000000e+00,2.560000000000000455e+03,2.719026016004049140e-01,0.000000000000000000e+00,4.946013715405095379e-03,2.635232820804415152e-06,0.000000000000000000e+00,2.635232820804415152e-06,2.635232820803843405e-06,4.945051015865955038e-03,2.719026016004048030e-01,2.818071883225817643e-06,-5.000000000000000000e+00,1.444444444444444420e+00
3.000000000000000000e+00,2.565000000000000455e+03,2.719157748642115346e-01,0.000000000000000000e+00,4.959186979211716029e-03,2.634073046112245166e-06,0.000000000000000000e+00,2.634073046112245166e-06,2.634073046111677654e-06,4.958224280533243995e-03,2.719157748642116457e-01,2.818208414484166361e-06,-5.000000000000000000e+00,1.437500000000000666e+00
3.000000000000000000e+00,2.570000000000000455e+03,2.719289421496660086e-01,0.000000000000000000e+00,4.972354264666190016e-03,2.632843378990117175e-06,0.000000000000000000e+00,2.632843378990117175e-06,2.632843378989665707e-06,4.971391571595997448e-03,2.719289421496658421e-01,2.818344883781259199e-06,-5.000000000000000000e+00,1.430555555555556690e+00
3.000000000000000000e+00,2.575000000000000455e+03,2.719421031804468702e-01,0.000000000000000000e+00,4.985515295447051631e-03,2.631503866135679822e-06,0.000000000000000000e+00,2.631503866135679822e-06,2.631503866135042007e-06,4.984552439708809027e-03,2.719421031804468147e-01,2.818481288253222283e-06,-5.000000000000000000e+00,1.423611111111112493e+00
3.000000000000000000e+00,2.580000000000000455e+03,2.719552576727243265e-01,0.000000000000000000e+00,4.998669787724507874e-03,2.630220738569655366e-06,0.000000000000000000e+00,2.630220738569655366e-06,2.630220738569197968e-06,4.997706751220569454e-03,2.719552576727243265e-01,2.818617624958377526e-06,-5.000000000000000000e+00,1.416666666666667629e+00
3.000000000000000000e+00,2.585000000000000455e+03,2.719684053238080046e-01,0.000000000000000000e+00,5.011817438808185976e-03,2.628821816873371940e-06,0.000000000000000000e+00,2.628821816873371940e-06,2.628821816872784946e-06,5.010854357609174393e-03,2.719684053238079491e-01,2.818753890759555448e-06,-5.000000000000000000e+00,1.409722222222222987e+00
3.000000000000000000e+00,2.590000000000000455e+03,2.719815458052076140e-01,0.000000000000000000e+00,5.024957920207795414e-03,2.627354035638079929e-06,0.000000000000000000e+00,2.627354035638079929e-06,2.627354035637663189e-06,5.023994797240451116e-03,2.719815458052078361e-01,2.818890082252192246e-06,-5.000000000000000000e+00,1.402777777777778345e+00
3.000000000000000000e+00,2.595000000000000455e+03,2.719946787452362513e-01,0.000000000000000000e+00,5.038090860236432711e-03,2.625805379643966590e-06,0.000000000000000000e+00,2.625805379643966590e-06,2.625805379643162756e-06,5.037127695778653193e-03,2.719946787452365289e-01,2.819026195584034590e-06,-5.000000000000000000e+00,1.395833333333333703e+00
3.000000000000000000e+00,2.600000000000000455e+03,2.720078037244113012e-01,0.000000000000000000e+00,5.051215839411482555e-03,2.624167813913333002e-06,0.000000000000000000e+00,2.624167813913333002e-06,2.624167813912773113e-06,5.050252628762542766e-03,2.720078037244112457e-01,2.819162226407434310e-06,-5.000000000000000000e+00,1.388888888888889062e+00
3.000000000000000000e+00,2.605000000000000455e+03,2.720209202684520933e-01,0.000000000000000000e+00,5.064332383452274655e-03,2.622429705749711561e-06,0.000000000000000000e+00,2.622429705749711561e-06,2.622429705749087298e-06,5.063369122561697626e-03,2.720209202684522043e-01,2.819298169806827974e-06,-5.000000000000000000e+00,1.381944444444444420e+00
3.000000000000000000e+00,2.610000000000000455e+03,2.720340278441725212e-01,0.000000000000000000e+00,5.077439959172702633e-03,2.620579317227014348e-06,0.000000000000000000e+00,2.620579317227014348e-06,2.620579317226403637e-06,5.076476645119135968e-03,2.720340278441725768e-01,2.819434020256136211e-06,-5.000000000000000000e+00,1.374999999999999778e+00
3.000000000000000000e+00,2.615000000000000455e+03,2.720471258561510952e-01,0.000000000000000000e+00,5.090537971151276597e-03,2.618603599647451486e-06,0.000000000000000000e+00,2.618603599647451486e-06,2.618603599647047451e-06,5.089574602411319967e-03,2.720471258561510397e-01,2.819569771584242886e-06,-5.000000000000000000e+00,1.368055555555554914e+00
3.000000000000000000e+00,2.620000000000000455e+03,2.720602136438233787e-01,0.000000000000000000e+00,5.103625758823560066e-03,2.616489654085578506e-06,0.000000000000000000e+00,2.616489654085578506e-06,2.616489654084909350e-06,5.102662335545649422e-03,2.720602136438233787e-01,2.819705416944881382e-06,-5.000000000000000000e+00,1.361111111111110272e+00
3.000000000000000000e+00,2.625000000000000455e+03,2.720732904799452734e-01,0.000000000000000000e+00,5.116702594945454763e-03,2.614224468176914399e-06,0.000000000000000000e+00,2.614224468176914399e-06,2.614224468176271501e-06,5.115739120851302280e-03,2.720732904799452734e-01,2.819840948800699796e-06,-5.000000000000000000e+00,1.354166666666665630e+00
3.000000000000000000e+00,2.630000000000000455e+03,2.720863555689941315e-01,0.000000000000000000e+00,5.129767683994312932e-03,2.611795271349044939e-06,0.000000000000000000e+00,2.611795271349044939e-06,2.611795271348124214e-06,5.128804170200113380e-03,2.720863555689944091e-01,2.819976358906687043e-06,-5.000000000000000000e+00,1.347222222222220989e+00
3.000000000000000000e+00,2.635000000000000455e+03,2.720994080503700840e-01,0.000000000000000000e+00,5.142820165370265428e-03,2.609171013722614110e-06,0.000000000000000000e+00,2.609171013722614110e-06,2.609171013722194828e-06,5.141856585912789844e-03,2.720994080503700285e-01,2.820111638343351136e-06,-5.000000000000000000e+00,1.340277777777776347e+00
3.000000000000000000e+00,2.640000000000000455e+03,2.721124469831712189e-01,0.000000000000000000e+00,5.155859098171400312e-03,2.606376948026213939e-06,0.000000000000000000e+00,2.606376948026213939e-06,2.606376948025776870e-06,5.154895455817159675e-03,2.721124469831707748e-01,2.820246777358929656e-06,-5.000000000000000000e+00,1.333333333333331483e+00
3.000000000000000000e+00,2.645000000000000455e+03,2.721254713672935366e-01,0.000000000000000000e+00,5.168883482293717968e-03,2.603376651483414869e-06,0.000000000000000000e+00,2.603376651483414869e-06,2.603376651482756724e-06,5.167919839815930325e-03,2.721254713672932590e-01,2.820381765588081797e-06,-5.000000000000000000e+00,1.326388888888886841e+00
3.000000000000000000e+00,2.650000000000000455e+03,2.721384801427558786e-01,0.000000000000000000e+00,5.181892257756059994e-03,2.600126024934061619e-06,0.000000000000000000e+00,2.600126024934061619e-06,2.600126024933687230e-06,5.180928596506971864e-03,2.721384801427557676e-01,2.820516592044871973e-06,-5.000000000000000000e+00,1.319444444444442199e+00
3.000000000000000000e+00,2.655000000000000455e+03,2.721514721510590595e-01,0.000000000000000000e+00,5.194884266059240918e-03,2.596647362719203302e-06,0.000000000000000000e+00,2.596647362719203302e-06,2.596647362718755221e-06,5.193920529976103241e-03,2.721514721510590595e-01,2.820651244722301107e-06,-5.000000000000000000e+00,1.312499999999997335e+00
3.000000000000000000e+00,2.660000000000000455e+03,2.721644461970484929e-01,0.000000000000000000e+00,5.207858312048674332e-03,2.592928546302305408e-06,0.000000000000000000e+00,2.592928546302305408e-06,2.592928546301542232e-06,5.206894469748654143e-03,2.721644461970484929e-01,2.820785711233469916e-06,-5.000000000000000000e+00,1.305555555555552250e+00
3.000000000000000000e+00,2.665000000000000455e+03,2.721774010053703008e-01,0.000000000000000000e+00,5.220813120370482174e-03,2.588949653291357646e-06,0.000000000000000000e+00,2.588949653291357646e-06,2.588949653290900248e-06,5.219849165247635384e-03,2.721774010053704673e-01,2.820919978360261545e-06,-5.000000000000000000e+00,1.298611111111107608e+00
3.000000000000000000e+00,2.670000000000000455e+03,2.721903352400688592e-01,0.000000000000000000e+00,5.233747355069040541e-03,2.584697253512686270e-06,0.000000000000000000e+00,2.584697253512686270e-06,2.584697253511946811e-06,5.232783282514642288e-03,2.721903352400690257e-01,2.821054032256474893e-06,-5.000000000000000000e+00,1.291666666666662300e+00
3.000000000000000000e+00,2.675000000000000455e+03,2.722032475003305363e-01,0.000000000000000000e+00,5.246659615330717674e-03,2.580152130913910516e-06,0.000000000000000000e+00,2.580152130913910516e-06,2.580152130913110917e-06,5.245695405975704315e-03,2.722032475003304253e-01,2.821187858403700546e-06,-5.000000000000000000e+00,1.284722222222218102e+00
3.000000000000000000e+00,2.680000000000000455e+03,2.722161363176263671e-01,0.000000000000000000e+00,5.259548432626548475e-03,2.575315766854641370e-06,0.000000000000000000e+00,2.575315766854641370e-06,2.575315766854126373e-06,5.258584075720123055e-03,2.722161363176261450e-01,2.821321441581703000e-06,-5.000000000000000000e+00,1.277777777777773904e+00
3.000000000000000000e+00,2.685000000000000455e+03,2.722290001637385770e-01,0.000000000000000000e+00,5.272412278738758395e-03,2.570189418873128253e-06,0.000000000000000000e+00,2.570189418873128253e-06,2.570189418872637821e-06,5.271447838684439890e-03,2.722290001637382995e-01,2.821454765951627675e-06,-5.000000000000000000e+00,1.270833333333329707e+00
3.000000000000000000e+00,2.690000000000000455e+03,2.722418374572517230e-01,0.000000000000000000e+00,5.285249572251904393e-03,2.564673106298527279e-06,0.000000000000000000e+00,2.564673106298527279e-06,2.564673106297955532e-06,5.284284994997365953e-03,2.722418374572519451e-01,2.821587815123253634e-06,-5.000000000000000000e+00,1.263888888888885509e+00
3.000000000000000000e+00,2.695000000000000455e+03,2.722546465607273425e-01,0.000000000000000000e+00,5.298058675727523870e-03,2.558916459909336310e-06,0.000000000000000000e+00,2.558916459909336310e-06,2.558916459908592615e-06,5.297093968912882332e-03,2.722546465607277311e-01,2.821720572125732407e-06,-5.000000000000000000e+00,1.256944444444441089e+00
3.000000000000000000e+00,2.700000000000000455e+03,2.722674257832825573e-01,0.000000000000000000e+00,5.310837898282738667e-03,2.552726328220724858e-06,0.000000000000000000e+00,2.552726328220724858e-06,2.552726328220098054e-06,5.309873075883203911e-03,2.722674257832828904e-01,2.821853019434286470e-06,-5.000000000000000000e+00,1.249999999999996447e+00
3.000000000000000000e+00,2.705000000000000455e+03,2.722801733690963788e-01,0.000000000000000000e+00,5.323585484096560183e-03,2.546240657668380003e-06,0.000000000000000000e+00,2.546240657668380003e-06,2.546240657667510948e-06,5.322620493347923407e-03,2.722801733690964343e-01,2.821985138851130811e-06,-5.000000000000000000e+00,1.243055555555551805e+00
3.000000000000000000e+00,2.710000000000000455e+03,2.722928875254964076e-01,0.000000000000000000e+00,5.336299640496589003e-03,2.539362156461250238e-06,0.000000000000000000e+00,2.539362156461250238e-06,2.539362156460804698e-06,5.335334500383244125e-03,2.722928875254964631e-01,2.822116911796513030e-06,-5.000000000000000000e+00,1.236111111111107164e+00
3.000000000000000000e+00,2.715000000000000455e+03,2.723055664044885527e-01,0.000000000000000000e+00,5.348978519488734040e-03,2.532119309855556137e-06,0.000000000000000000e+00,2.532119309855556137e-06,2.532119309854969990e-06,5.348013204049033298e-03,2.723055664044887192e-01,2.822248319117325816e-06,-5.000000000000000000e+00,1.229166666666662522e+00
3.000000000000000000e+00,2.720000000000000455e+03,2.723182081221908746e-01,0.000000000000000000e+00,5.361620237191055960e-03,2.524497080422645435e-06,0.000000000000000000e+00,2.524497080422645435e-06,2.524497080421848377e-06,5.360654745024725359e-03,2.723182081221908746e-01,2.822379341288510212e-06,-5.000000000000000000e+00,1.222222222222217880e+00
3.000000000000000000e+00,2.725000000000000455e+03,2.723308107467703465e-01,0.000000000000000000e+00,5.374222861770527881e-03,2.516478258848622060e-06,0.000000000000000000e+00,2.516478258848622060e-06,2.516478258847930034e-06,5.373257183372900404e-03,2.723308107467701245e-01,2.822509958288027618e-06,-5.000000000000000000e+00,1.215277777777773238e+00
3.000000000000000000e+00,2.730000000000000455e+03,2.723433723136542417e-01,0.000000000000000000e+00,5.386784428654423085e-03,2.508031996469862709e-06,0.000000000000000000e+00,2.508031996469862709e-06,2.508031996469120708e-06,5.385818459011192452e-03,2.723433723136540752e-01,2.822640149754519307e-06,-5.000000000000000000e+00,1.208333333333328818e+00
3.000000000000000000e+00,2.735000000000000455e+03,2.723558908172992732e-01,0.000000000000000000e+00,5.399302932299454572e-03,2.499291116700540617e-06,0.000000000000000000e+00,2.499291116700540617e-06,2.499291116699849438e-06,5.398336766794115289e-03,2.723558908172990511e-01,2.822769894901989030e-06,-5.000000000000000000e+00,1.201388888888884177e+00
3.000000000000000000e+00,2.740000000000000455e+03,2.723683642200030453e-01,0.000000000000000000e+00,5.411776335003226635e-03,2.490031738852443392e-06,0.000000000000000000e+00,2.490031738852443392e-06,2.490031738851723414e-06,5.410810073932993680e-03,2.723683642200033783e-01,2.822899172611142391e-06,-5.000000000000000000e+00,1.194444444444439979e+00
3.000000000000000000e+00,2.745000000000000455e+03,2.723807904784115164e-01,0.000000000000000000e+00,5.424202593411697748e-03,2.480368441499067767e-06,0.000000000000000000e+00,2.480368441499067767e-06,2.480368441498418093e-06,5.423236074383869405e-03,2.723807904784115164e-01,2.823027961704102499e-06,-5.000000000000000000e+00,1.187499999999995781e+00
3.000000000000000000e+00,2.750000000000000455e+03,2.723931674898738553e-01,0.000000000000000000e+00,5.436579604874036686e-03,2.470347662696010551e-06,0.000000000000000000e+00,2.470347662696010551e-06,2.470347662695132177e-06,5.435612864644353767e-03,2.723931674898740773e-01,2.823156240388440841e-06,-5.000000000000000000e+00,1.180555555555551805e+00
3.000000000000000000e+00,2.755000000000000455e+03,2.724054931496275866e-01,0.000000000000000000e+00,5.448905264627768030e-03,2.459857261055366966e-06,0.000000000000000000e+00,2.459857261055366966e-06,2.459857261054657999e-06,5.447938376953728040e-03,2.724054931496276422e-01,2.823283986849819546e-06,-5.000000000000000000e+00,1.173611111111107608e+00
3.000000000000000000e+00,2.760000000000000455e+03,2.724177653434260438e-01,0.000000000000000000e+00,5.461177458426225151e-03,2.448953004702558733e-06,0.000000000000000000e+00,2.448953004702558733e-06,2.448953004701549917e-06,5.460210402618118596e-03,2.724177653434259327e-01,2.823411179175619937e-06,-5.000000000000000000e+00,1.166666666666663410e+00
3.000000000000000000e+00,2.765000000000000455e+03,2.724299819408854129e-01,0.000000000000000000e+00,5.473394055885594245e-03,2.437614374412879446e-06,0.000000000000000000e+00,2.437614374412879446e-06,2.437614374412261112e-06,5.472426821065902620e-03,2.724299819408854129e-01,2.823537795285970749e-06,-5.000000000000000000e+00,1.159722222222219434e+00
3.000000000000000000e+00,2.770000000000000455e+03,2.724421408184896642e-01,0.000000000000000000e+00,5.485552933489845628e-03,2.425822577012192805e-06,0.000000000000000000e+00,2.425822577012192805e-06,2.425822577011388971e-06,5.484585413444461981e-03,2.724421408184897753e-01,2.823663813172180710e-06,-5.000000000000000000e+00,1.152777777777775237e+00
3.000000000000000000e+00,2.775000000000000455e+03,2.724542398077467453e-01,0.000000000000000000e+00,5.497651922746926711e-03,2.413676660865826814e-06,0.000000000000000000e+00,2.413676660865826814e-06,2.413676660864966228e-06,5.496684161539152659e-03,2.724542398077469674e-01,2.823789210359407093e-06,-5.000000000000000000e+00,1.145833333333331039e+00
3.000000000000000000e+00,2.780000000000000455e+03,2.724662767644202011e-01,0.000000000000000000e+00,5.509688879420382435e-03,2.401048909999632533e-06,0.000000000000000000e+00,2.401048909999632533e-06,2.401048909999078574e-06,5.508720975466313563e-03,2.724662767644203121e-01,2.823913964624209938e-06,-5.000000000000000000e+00,1.138888888888887063e+00
3.000000000000000000e+00,2.785000000000000455e+03,2.724782495733440446e-01,0.000000000000000000e+00,5.521661688344225993e-03,2.388008028219871701e-06,0.000000000000000000e+00,2.388008028219871701e-06,2.388008028219094125e-06,5.520693617811858224e-03,2.724782495733442667e-01,2.824038054044442717e-06,-5.000000000000000000e+00,1.131944444444442865e+00
3.000000000000000000e+00,2.790000000000000455e+03,2.724901561211175993e-01,0.000000000000000000e+00,5.533568236117780703e-03,2.374509604200365212e-06,0.000000000000000000e+00,2.374509604200365212e-06,2.374509604199746031e-06,5.532599911892905828e-03,2.724901561211174883e-01,2.824161456716244647e-06,-5.000000000000000000e+00,1.124999999999998668e+00
3.000000000000000000e+00,2.795000000000000455e+03,2.725019942786885419e-01,0.000000000000000000e+00,5.545406393688723234e-03,2.360664395111841196e-06,0.000000000000000000e+00,2.360664395111841196e-06,2.360664395111129689e-06,5.544437846891183200e-03,2.725019942786884308e-01,2.824284150573540092e-06,-5.000000000000000000e+00,1.118055555555554692e+00
3.000000000000000000e+00,2.800000000000000455e+03,2.725137619624249385e-01,0.000000000000000000e+00,5.557174077425119929e-03,2.346362291258829340e-06,0.000000000000000000e+00,2.346362291258829340e-06,2.346362291257995013e-06,5.556205413607105854e-03,2.725137619624246610e-01,2.824406114021014420e-06,-5.000000000000000000e+00,1.111111111111110494e+00
3.000000000000000000e+00,2.805000000000000455e+03,2.725254571269578596e-01,0.000000000000000000e+00,5.568869241958041005e-03,2.331642640087888490e-06,0.000000000000000000e+00,2.331642640087888490e-06,2.331642640087240510e-06,5.567900425935468946e-03,2.725254571269576931e-01,2.824527325859905875e-06,-5.000000000000000000e+00,1.104166666666666519e+00
3.000000000000000000e+00,2.810000000000000455e+03,2.725370777696063396e-01,0.000000000000000000e+00,5.580489884606520956e-03,2.316547145108906408e-06,0.000000000000000000e+00,2.316547145108906408e-06,2.316547145108148314e-06,5.579520900398457321e-03,2.725370777696062841e-01,2.824647765333897394e-06,-5.000000000000000000e+00,1.097222222222222321e+00
3.000000000000000000e+00,2.815000000000000455e+03,2.725486218371235281e-01,0.000000000000000000e+00,5.592033952123709462e-03,2.301043243736571303e-06,0.000000000000000000e+00,2.301043243736571303e-06,2.301043243735910617e-06,5.591064876370567018e-03,2.725486218371236391e-01,2.824767411162573244e-06,-5.000000000000000000e+00,1.090277777777778123e+00
3.000000000000000000e+00,2.820000000000000455e+03,2.725600874307768651e-01,0.000000000000000000e+00,5.603499545777046453e-03,2.285122136679685690e-06,0.000000000000000000e+00,2.285122136679685690e-06,2.285122136678961476e-06,5.602530289821603879e-03,2.725600874307767540e-01,2.824886243666967311e-06,-5.000000000000000000e+00,1.083333333333334147e+00
3.000000000000000000e+00,2.825000000000000455e+03,2.725714726558224887e-01,0.000000000000000000e+00,5.614884770822670124e-03,2.268889771473418413e-06,0.000000000000000000e+00,2.268889771473418413e-06,2.268889771472732317e-06,5.613915319591983658e-03,2.725714726558223222e-01,2.825004243209437675e-06,-5.000000000000000000e+00,1.076388888888889950e+00
3.000000000000000000e+00,2.830000000000000455e+03,2.725827756066582785e-01,0.000000000000000000e+00,5.626187721658459928e-03,2.252261579901658191e-06,0.000000000000000000e+00,2.252261579901658191e-06,2.252261579900784900e-06,5.625218197970417375e-03,2.725827756066579455e-01,2.825121390039810702e-06,-5.000000000000000000e+00,1.069444444444445752e+00
3.000000000000000000e+00,2.835000000000000455e+03,2.725939944918803759e-01,0.000000000000000000e+00,5.637406606880557280e-03,2.235282843286730107e-06,0.000000000000000000e+00,2.235282843286730107e-06,2.235282843285845805e-06,5.636437059028383961e-03,2.725939944918805424e-01,2.825237665591495613e-06,-5.000000000000000000e+00,1.062500000000001776e+00
3.000000000000000000e+00,2.840000000000000455e+03,2.726051275912345639e-01,0.000000000000000000e+00,5.648539706234745328e-03,2.217922697505195901e-06,0.000000000000000000e+00,2.217922697505195901e-06,2.217922697504389525e-06,5.647570072880359060e-03,2.726051275912343419e-01,2.825353052035313265e-06,-5.000000000000000000e+00,1.055555555555557579e+00
3.000000000000000000e+00,2.845000000000000455e+03,2.726161732661094295e-01,0.000000000000000000e+00,5.659585381109610847e-03,2.200291939827434733e-06,0.000000000000000000e+00,2.200291939827434733e-06,2.200291939827050180e-06,5.658615609473688184e-03,2.726161732661097625e-01,2.825467532388250524e-06,-5.000000000000000000e+00,1.048611111111113381e+00
3.000000000000000000e+00,2.850000000000000455e+03,2.726271298339629778e-01,0.000000000000000000e+00,5.670541948963159218e-03,2.182291970135115031e-06,0.000000000000000000e+00,2.182291970135115031e-06,2.182291970134469592e-06,5.669572069248591563e-03,2.726271298339629223e-01,2.825581089211991178e-06,-5.000000000000000000e+00,1.041666666666669405e+00
3.000000000000000000e+00,2.855000000000000455e+03,2.726379957978300461e-01,0.000000000000000000e+00,5.681407912830227502e-03,2.164005253104878189e-06,0.000000000000000000e+00,2.164005253104878189e-06,2.164005253104078590e-06,5.680437812306688046e-03,2.726379957978298796e-01,2.825693706991583927e-06,-5.000000000000000000e+00,1.034722222222225207e+00
3.000000000000000000e+00,2.860000000000000455e+03,2.726487696725039545e-01,0.000000000000000000e+00,5.692181787504135837e-03,2.145476609656120403e-06,0.000000000000000000e+00,2.145476609656120403e-06,2.145476609655065847e-06,5.691211516963586362e-03,2.726487696725040100e-01,2.825805370333947725e-06,-5.000000000000000000e+00,1.027777777777781010e+00
3.000000000000000000e+00,2.865000000000000455e+03,2.726594500455250536e-01,0.000000000000000000e+00,5.702862160525234980e-03,2.126650741670123594e-06,0.000000000000000000e+00,2.126650741670123594e-06,2.126650741669606057e-06,5.701891835341897814e-03,2.726594500455248871e-01,2.825916064599966306e-06,-5.000000000000000000e+00,1.020833333333337256e+00
3.000000000000000000e+00,2.870000000000000455e+03,2.726700356056631636e-01,0.000000000000000000e+00,5.713447720663344942e-03,2.107574635221139494e-06,0.000000000000000000e+00,2.107574635221139494e-06,2.107574635220484738e-06,5.712477398784122570e-03,2.726700356056629970e-01,2.826025776199699913e-06,-5.000000000000000000e+00,1.013888888888893058e+00
3.000000000000000000e+00,2.875000000000000455e+03,2.726805251889075632e-01,0.000000000000000000e+00,5.723937303907744578e-03,2.088219942989660903e-06,0.000000000000000000e+00,2.088219942989660903e-06,2.088219942988699521e-06,5.722966885229646000e-03,2.726805251889073411e-01,2.826134493069025147e-06,-5.000000000000000000e+00,1.006944444444448861e+00
3.000000000000000000e+00,2.880000000000000455e+03,2.726909175633585036e-01,0.000000000000000000e+00,5.734329678358685012e-03,2.068680006289783406e-06,0.000000000000000000e+00,2.068680006289783406e-06,2.068680006289115944e-06,5.733359135102840745e-03,2.726909175633583371e-01,2.826242202440207815e-06,-5.000000000000000000e+00,1.000000000000004885e+00
3.000000000000000000e+00,2.885000000000000455e+03,2.727012116995226054e-01,0.000000000000000000e+00,5.744623814522786809e-03,2.048912105151957030e-06,0.000000000000000000e+00,2.048912105151957030e-06,2.048912105151226040e-06,5.743653115381440986e-03,2.727012116995226054e-01,2.826348893643288232e-06,-5.000000000000000000e+00,9.930555555555605762e-01
3.000000000000000000e+00,2.890000000000000455e+03,2.727114065485041206e-01,0.000000000000000000e+00,5.754818663504301934e-03,2.028988834903968296e-06,0.000000000000000000e+00,2.028988834903968296e-06,2.028988834903302528e-06,5.753847867731576998e-03,2.727114065485043426e-01,2.826454555807237606e-06,-5.000000000000000000e+00,9.861111111111160454e-01
3.000000000000000000e+00,2.895000000000000455e+03,2.727215013936950538e-01,0.000000000000000000e+00,5.764913508695235222e-03,2.008909752377427036e-06,0.000000000000000000e+00,2.008909752377427036e-06,2.008909752376472430e-06,5.763942614199777173e-03,2.727215013936949428e-01,2.826559181504936477e-06,-5.000000000000000000e+00,9.791666666666709595e-01
3.000000000000000000e+00,2.900000000000000455e+03,2.727314953100681838e-01,0.000000000000000000e+00,5.774907425068365185e-03,1.988653390355433473e-06,0.000000000000000000e+00,1.988653390355433473e-06,1.988653390354586440e-06,5.773936522056604889e-03,2.727314953100681838e-01,2.826662761149150105e-06,-5.000000000000000000e+00,9.722222222222259846e-01
3.000000000000000000e+00,2.905000000000000455e+03,2.727413876708842388e-01,0.000000000000000000e+00,5.784799785884420231e-03,1.968256306988957517e-06,0.000000000000000000e+00,1.968256306988957517e-06,1.968256306988248551e-06,5.783828796299961272e-03,2.727413876708840168e-01,2.826765288244181871e-06,-5.000000000000000000e+00,9.652777777777813428e-01
3.000000000000000000e+00,2.910000000000000455e+03,2.727511777346580679e-01,0.000000000000000000e+00,5.794589849658249303e-03,1.947752124659401368e-06,0.000000000000000000e+00,1.947752124659401368e-06,1.947752124658672920e-06,5.793618817379078863e-03,2.727511777346580679e-01,2.826866755105084378e-06,-5.000000000000000000e+00,9.583333333333369231e-01
3.000000000000000000e+00,2.915000000000000000e+03,2.727608650190164741e-01,0.000000000000000000e+00,5.804277134016655459e-03,1.927149862261072889e-06,0.000000000000000000e+00,1.927149862261072889e-06,1.927149862260317336e-06,5.803306072346375681e-03,2.727608650190161965e-01,2.826967156732413370e-06,-5.000000000000000000e+00,9.513888888888931694e-01
3.000000000000000000e+00,2.920000000000000000e+03,2.727704490747291932e-01,0.000000000000000000e+00,5.813861189729374601e-03,1.906465519116729024e-06,0.000000000000000000e+00,1.906465519116729024e-06,1.906465519115711737e-06,5.812890110799815747e-03,2.727704490747293598e-01,2.827066488470221858e-06,-5.000000000000000000e+00,9.444444444444488607e-01
3.000000000000000000e+00,2.925000000000000000e+03,2.727799295580844996e-01,0.000000000000000000e+00,5.823341673084680981e-03,1.885718089358551035e-06,0.000000000000000000e+00,1.885718089358551035e-06,1.885718089357569324e-06,5.822370569820998869e-03,2.727799295580842776e-01,2.827164746756187422e-06,-5.000000000000000000e+00,9.375000000000044409e-01
3.000000000000000000e+00,2.930000000000000000e+03,2.727893061790085949e-01,0.000000000000000000e+00,5.832718294008776283e-03,1.864923782074863956e-06,0.000000000000000000e+00,1.864923782074863956e-06,1.864923782074011841e-06,5.831747174499577954e-03,2.727893061790086504e-01,2.827261928583909764e-06,-5.000000000000000000e+00,9.305555555555600211e-01
3.000000000000000000e+00,2.935000000000000000e+03,2.727985787464353717e-01,0.000000000000000000e+00,5.841990861435553128e-03,1.844098938485481183e-06,0.000000000000000000e+00,1.844098938485481183e-06,1.844098938484719701e-06,5.841019731300974883e-03,2.727985787464351497e-01,2.827358031973126651e-06,-5.000000000000000000e+00,9.236111111111156013e-01
3.000000000000000000e+00,2.940000000000000000e+03,2.728077471464905868e-01,0.000000000000000000e+00,5.851159261490768149e-03,1.823259629610209272e-06,0.000000000000000000e+00,1.823259629610209272e-06,1.823259629609086106e-06,5.850188127721209566e-03,2.728077471464903647e-01,2.827453055743612866e-06,-5.000000000000000000e+00,9.166666666666711816e-01
3.000000000000000000e+00,2.945000000000000000e+03,2.728168113450903931e-01,0.000000000000000000e+00,5.860223460090574488e-03,1.802421411377169106e-06,0.000000000000000000e+00,1.802421411377169106e-06,1.802421411376382212e-06,5.859252330323672618e-03,2.728168113450904486e-01,2.827546999542122636e-06,-5.000000000000000000e+00,9.097222222222268728e-01
3.000000000000000000e+00,2.950000000000000000e+03,2.728257713871159451e-01,0.000000000000000000e+00,5.869183502116126494e-03,1.781599633659249830e-06,0.000000000000000000e+00,1.781599633659249830e-06,1.781599633658199509e-06,5.868212382936259346e-03,2.728257713871159451e-01,2.827639863833806647e-06,-5.000000000000000000e+00,9.027777777777824531e-01
3.000000000000000000e+00,2.955000000000000000e+03,2.728346273933459631e-01,0.000000000000000000e+00,5.878039508346144526e-03,1.760808949561556058e-06,0.000000000000000000e+00,1.760808949561556058e-06,1.760808949560728507e-06,5.877068404394307152e-03,2.728346273933459076e-01,2.827731649870449996e-06,-5.000000000000000000e+00,8.958333333333380333e-01
3.000000000000000000e+00,2.960000000000000000e+03,2.728433795489434432e-01,0.000000000000000000e+00,5.886791663943624631e-03,1.740063363992005020e-06,0.000000000000000000e+00,1.740063363992005020e-06,1.740063363991286736e-06,5.885820585178187098e-03,2.728433795489433322e-01,2.827822359571137118e-06,-5.000000000000000000e+00,8.888888888888936135e-01
3.000000000000000000e+00,2.965000000000000000e+03,2.728520281261275215e-01,0.000000000000000000e+00,5.895440241127702929e-03,1.719376141317150906e-06,0.000000000000000000e+00,1.719376141317150906e-06,1.719376141316321660e-06,5.894469183941455220e-03,2.728520281261272440e-01,2.827911995757215327e-06,-5.000000000000000000e+00,8.819444444444491937e-01
3.000000000000000000e+00,2.970000000000000000e+03,2.728605734360121660e-01,0.000000000000000000e+00,5.903985551012347344e-03,1.698761173284012919e-06,0.000000000000000000e+00,1.698761173284012919e-06,1.698761173283091347e-06,5.903014527227953834e-03,2.728605734360122215e-01,2.828000561653159482e-06,-5.000000000000000000e+00,8.750000000000048850e-01
3.000000000000000000e+00,2.975000000000000000e+03,2.728690158804548682e-01,0.000000000000000000e+00,5.912427995455049601e-03,1.678230231472829413e-06,0.000000000000000000e+00,1.678230231472829413e-06,1.678230231471884971e-06,5.911457005739841931e-03,2.728690158804547017e-01,2.828088061423920795e-06,-5.000000000000000000e+00,8.680555555555604652e-01
3.000000000000000000e+00,2.980000000000000000e+03,2.728773559011914429e-01,0.000000000000000000e+00,5.920768016191624294e-03,1.657794924497084930e-06,0.000000000000000000e+00,1.657794924497084930e-06,1.657794924496142182e-06,5.919797068629761676e-03,2.728773559011914984e-01,2.828174499647774178e-06,-5.000000000000000000e+00,8.611111111111160454e-01
3.000000000000000000e+00,2.985000000000000000e+03,2.728855940119351287e-01,0.000000000000000000e+00,5.929006126935310039e-03,1.637467379907113344e-06,0.000000000000000000e+00,1.637467379907113344e-06,1.637467379906557691e-06,5.928035224390768021e-03,2.728855940119351287e-01,2.828259881648977732e-06,-5.000000000000000000e+00,8.541666666666716257e-01
3.000000000000000000e+00,2.990000000000000000e+03,2.728937307734206064e-01,0.000000000000000000e+00,5.937142888420787745e-03,1.617258037536807862e-06,0.000000000000000000e+00,1.617258037536807862e-06,1.617258037535796505e-06,5.936172037934374368e-03,2.728937307734209394e-01,2.828344213239143093e-06,-5.000000000000000000e+00,8.472222222222273169e-01
3.000000000000000000e+00,2.995000000000000000e+03,2.729017668065459312e-01,0.000000000000000000e+00,5.945178921546112605e-03,1.597176640648497424e-06,0.000000000000000000e+00,1.597176640648497424e-06,1.597176640647622439e-06,5.944208124629832800e-03,2.729017668065457647e-01,2.828427500853420542e-06,-5.000000000000000000e+00,8.402777777777828971e-01
3.000000000000000000e+00,3.000000000000000000e+03,2.729097027732015346e-01,0.000000000000000000e+00,5.953114888201715971e-03,1.577233178490312416e-06,0.000000000000000000e+00,1.577233178490312416e-06,1.577233178489335787e-06,5.952144149177674912e-03,2.729097027732011460e-01,2.828509751351821922e-06,-5.000000000000000000e+00,8.333333333333384774e-01
3.000000000000000000e+00,3.005000000000000000e+03,2.729175393884154532e-01,0.000000000000000000e+00,5.960951503415634622e-03,1.557437297161330756e-06,0.000000000000000000e+00,1.557437297161330756e-06,1.557437297160578591e-06,5.959980825366800218e-03,2.729175393884155643e-01,2.828590972145091004e-06,-5.000000000000000000e+00,8.263888888888940576e-01
3.000000000000000000e+00,3.010000000000000000e+03,2.729252774076448285e-01,0.000000000000000000e+00,5.968689522645009848e-03,1.537797380858135158e-06,0.000000000000000000e+00,1.537797380858135158e-06,1.537797380857338947e-06,5.967718912061844780e-03,2.729252774076447730e-01,2.828671171062991984e-06,-5.000000000000000000e+00,8.194444444444496378e-01
3.000000000000000000e+00,3.015000000000000000e+03,2.729329176358472053e-01,0.000000000000000000e+00,5.976329750847386713e-03,1.518322032829915065e-06,0.000000000000000000e+00,1.518322032829915065e-06,1.518322032829032457e-06,5.975359210596060955e-03,2.729329176358474274e-01,2.828750356448314464e-06,-5.000000000000000000e+00,8.125000000000053291e-01
3.000000000000000000e+00,3.020000000000000000e+03,2.729404609182992658e-01,0.000000000000000000e+00,5.983873033299447197e-03,1.499019892950202530e-06,0.000000000000000000e+00,1.499019892950202530e-06,1.499019892949130187e-06,5.982902565410506621e-03,2.729404609182993768e-01,2.828828537061741495e-06,-5.000000000000000000e+00,8.055555555555609093e-01
3.000000000000000000e+00,3.025000000000000000e+03,2.729479081384000860e-01,0.000000000000000000e+00,5.991320253400267415e-03,1.479899010927703961e-06,0.000000000000000000e+00,1.479899010927703961e-06,1.479899010926686674e-06,5.990349862670196410e-03,2.729479081383998085e-01,2.828905722059055068e-06,-5.000000000000000000e+00,7.986111111111164895e-01
3.000000000000000000e+00,3.030000000000000000e+03,2.729552602245602921e-01,0.000000000000000000e+00,5.998672339560473521e-03,1.460967645442129512e-06,0.000000000000000000e+00,1.460967645442129512e-06,1.460967645441477297e-06,5.997702029311116623e-03,2.729552602245602921e-01,2.828981921062558781e-06,-5.000000000000000000e+00,7.916666666666720698e-01
3.000000000000000000e+00,3.035000000000000000e+03,2.729625181462966288e-01,0.000000000000000000e+00,6.005930261296810180e-03,1.442234442269841547e-06,0.000000000000000000e+00,1.442234442269841547e-06,1.442234442268917434e-06,6.004960034530392593e-03,2.729625181462964068e-01,2.829057144120577382e-06,-5.000000000000000000e+00,7.847222222222276500e-01
3.000000000000000000e+00,3.040000000000000000e+03,2.729696829162194249e-01,0.000000000000000000e+00,6.013095031219606312e-03,1.423708458739220476e-06,0.000000000000000000e+00,1.423708458739220476e-06,1.423708458738144744e-06,6.012124891782910305e-03,2.729696829162195915e-01,2.829131401728082022e-06,-5.000000000000000000e+00,7.777777777777832302e-01
3.000000000000000000e+00,3.045000000000000000e+03,2.729767555939686674e-01,0.000000000000000000e+00,6.020167708968848785e-03,1.405399470291688615e-06,0.000000000000000000e+00,1.405399470291688615e-06,1.405399470290840735e-06,6.019197661605482641e-03,2.729767555939688339e-01,2.829204704867466843e-06,-5.000000000000000000e+00,7.708333333333389215e-01
3.000000000000000000e+00,3.050000000000000000e+03,2.729837372923972771e-01,0.000000000000000000e+00,6.027149407397458525e-03,1.387318683765085419e-06,0.000000000000000000e+00,1.387318683765085419e-06,1.387318683764031710e-06,6.026179456990620256e-03,2.729837372923972771e-01,2.829277065072639727e-06,-5.000000000000000000e+00,7.638888888888945017e-01
3.000000000000000000e+00,3.055000000000000000e+03,2.729906291834828247e-01,0.000000000000000000e+00,6.034041298483006077e-03,1.369478613238464765e-06,0.000000000000000000e+00,1.369478613238464765e-06,1.369478613237542346e-06,6.033071450233123446e-03,2.729906291834827692e-01,2.829348494490289037e-06,-5.000000000000000000e+00,7.569444444444500819e-01
3.000000000000000000e+00,3.060000000000000000e+03,2.729974325072167529e-01,0.000000000000000000e+00,6.040844622216934301e-03,1.351894170445688782e-06,0.000000000000000000e+00,1.351894170445688782e-06,1.351894170444653708e-06,6.039874882192329368e-03,2.729974325072171970e-01,2.829419005972028942e-06,-5.000000000000000000e+00,7.500000000000056621e-01
3.000000000000000000e+00,3.065000000000000000e+03,2.730041485822546909e-01,0.000000000000000000e+00,6.047560697254872331e-03,1.334582985780199830e-06,0.000000000000000000e+00,1.334582985780199830e-06,1.334582985779565402e-06,6.046591075082890024e-03,2.730041485822546354e-01,2.829488613184751291e-06,-5.000000000000000000e+00,7.430555555555613534e-01
3.000000000000000000e+00,3.070000000000000000e+03,2.730107788283023806e-01,0.000000000000000000e+00,6.054190943302562022e-03,1.317566345351876215e-06,0.000000000000000000e+00,1.317566345351876215e-06,1.317566345351203671e-06,6.053221448410716667e-03,2.730107788283023806e-01,2.829557330842677070e-06,-5.000000000000000000e+00,7.361111111111169336e-01
3.000000000000000000e+00,3.075000000000000000e+03,2.730173247799887459e-01,0.000000000000000000e+00,6.060736894988927315e-03,1.300869563132434797e-06,0.000000000000000000e+00,1.300869563132434797e-06,1.300869563131370923e-06,6.059767538181923263e-03,2.730173247799887459e-01,2.829625174851113982e-06,-5.000000000000000000e+00,7.291666666666725138e-01
3.000000000000000000e+00,3.080000000000000000e+03,2.730237881105208597e-01,0.000000000000000000e+00,6.067200225521041101e-03,1.284523014669310180e-06,0.000000000000000000e+00,1.284523014669310180e-06,1.284523014668234448e-06,6.066231019626422069e-03,2.730237881105207487e-01,2.829692162551622937e-06,-5.000000000000000000e+00,7.222222222222280941e-01
3.000000000000000000e+00,3.085000000000000000e+03,2.730301706554480456e-01,0.000000000000000000e+00,6.073582770448227031e-03,1.268562665330264503e-06,0.000000000000000000e+00,1.268562665330264503e-06,1.268562665329430176e-06,6.072613733826415575e-03,2.730301706554479346e-01,2.829758312968343279e-06,-5.000000000000000000e+00,7.152777777777836743e-01
3.000000000000000000e+00,3.090000000000000000e+03,2.730364744496888152e-01,0.000000000000000000e+00,6.079886564688996575e-03,1.253029984981040375e-06,0.000000000000000000e+00,1.253029984981040375e-06,1.253029984980037488e-06,6.078917715452190201e-03,2.730364744496889817e-01,2.829823647191712261e-06,-5.000000000000000000e+00,7.083333333333389215e-01
3.000000000000000000e+00,3.095000000000000000e+03,2.730427017452926042e-01,0.000000000000000000e+00,6.086113860292785560e-03,1.237971326365112923e-06,0.000000000000000000e+00,1.237971326365112923e-06,1.237971326364537788e-06,6.085145218730551170e-03,2.730427017452923821e-01,2.829888188562578672e-06,-5.000000000000000000e+00,7.013888888888941686e-01
3.000000000000000000e+00,3.100000000000000000e+03,2.730488550359395084e-01,0.000000000000000000e+00,6.092267150939689735e-03,1.223436341919436070e-06,0.000000000000000000e+00,1.223436341919436070e-06,1.223436341918360338e-06,6.091298737901258524e-03,2.730488550359396194e-01,2.829951962926120443e-06,-5.000000000000000000e+00,6.944444444444491937e-01
3.000000000000000000e+00,3.105000000000000000e+03,2.730549370652171626e-01,0.000000000000000000e+00,6.098349180217343957e-03,1.209474995793079547e-06,0.000000000000000000e+00,1.209474995793079547e-06,1.209474995792143575e-06,6.097381016245535107e-03,2.730549370652171071e-01,2.830014998717609694e-06,-5.000000000000000000e+00,6.875000000000043299e-01
3.000000000000000000e+00,3.110000000000000000e+03,2.730609508168969080e-01,0.000000000000000000e+00,6.104362931897089339e-03,1.196132473844550110e-06,0.000000000000000000e+00,1.196132473844550110e-06,1.196132473843614986e-06,6.103395034919623791e-03,2.730609508168969080e-01,2.830077326861663677e-06,-5.000000000000000000e+00,6.805555555555595770e-01
3.000000000000000000e+00,3.115000000000000000e+03,2.730668994800740101e-01,0.000000000000000000e+00,6.110311595074191526e-03,1.183444388108117877e-06,0.000000000000000000e+00,1.183444388108117877e-06,1.183444388107541894e-06,6.109343977074502621e-03,2.730668994800741767e-01,2.830138980410925503e-06,-5.000000000000000000e+00,6.736111111111147132e-01
3.000000000000000000e+00,3.120000000000000000e+03,2.730727863821810208e-01,0.000000000000000000e+00,6.116198497181202232e-03,1.171429568616937317e-06,0.000000000000000000e+00,1.171429568616937317e-06,1.171429568616180916e-06,6.115231161966311509e-03,2.730727863821816315e-01,2.830199993851802483e-06,-5.000000000000000000e+00,6.666666666666699603e-01
3.000000000000000000e+00,3.125000000000000000e+03,2.730786148896059418e-01,0.000000000000000000e+00,6.122027004606123146e-03,1.160083760298788837e-06,0.000000000000000000e+00,1.160083760298788837e-06,1.160083760297901994e-06,6.121059945288596406e-03,2.730786148896059973e-01,2.830260402074446535e-06,-5.000000000000000000e+00,6.597222222222250965e-01
3.000000000000000000e+00,3.130000000000000000e+03,2.730843882894782304e-01,0.000000000000000000e+00,6.127800404478411789e-03,1.149379616767483129e-06,0.000000000000000000e+00,1.149379616767483129e-06,1.149379616766420103e-06,6.126833603731257627e-03,2.730843882894781194e-01,2.830320239147556179e-06,-5.000000000000000000e+00,6.527777777777804546e-01
3.000000000000000000e+00,3.135000000000000000e+03,2.730901096681240814e-01,0.000000000000000000e+00,6.133521783124262772e-03,1.139264645540505078e-06,0.000000000000000000e+00,1.139264645540505078e-06,1.139264645539614846e-06,6.132555214387022495e-03,2.730901096681239149e-01,2.830379537058648381e-06,-5.000000000000000000e+00,6.458333333333354798e-01
3.000000000000000000e+00,3.140000000000000000e+03,2.730957817991296332e-01,0.000000000000000000e+00,6.139193914129814633e-03,1.129667215531280809e-06,0.000000000000000000e+00,1.129667215531280809e-06,1.129667215530251664e-06,6.138227544039697413e-03,2.730957817991295777e-01,2.830438324553915225e-06,-5.000000000000000000e+00,6.388888888888908379e-01
3.000000000000000000e+00,3.145000000000000000e+03,2.731014070618983935e-01,0.000000000000000000e+00,6.144819176898574931e-03,1.120502750298460243e-06,0.000000000000000000e+00,1.120502750298460243e-06,1.120502750297549682e-06,6.143852968954266643e-03,2.731014070618984491e-01,2.830496626294135246e-06,-5.000000000000000000e+00,6.319444444444458631e-01
3.000000000000000000e+00,3.150000000000000000e+03,2.731069874003581033e-01,0.000000000000000000e+00,6.150399515358284663e-03,1.111682743673306976e-06,0.000000000000000000e+00,1.111682743673306976e-06,1.111682743672196516e-06,6.149433432689191056e-03,2.731069874003583253e-01,2.830554462426707919e-06,-5.000000000000000000e+00,6.250000000000012212e-01
3.000000000000000000e+00,3.155000000000000000e+03,2.731125243223744281e-01,0.000000000000000000e+00,6.155936437374609493e-03,1.103122602444607709e-06,0.000000000000000000e+00,1.103122602444607709e-06,1.103122602443603975e-06,6.154970446054480737e-03,2.731125243223744836e-01,2.830611848579553753e-06,-5.000000000000000000e+00,6.180555555555562464e-01
3.000000000000000000e+00,3.160000000000000000e+03,2.731180189322293117e-01,0.000000000000000000e+00,6.161431047229493085e-03,1.094746213078985511e-06,0.000000000000000000e+00,1.094746213078985511e-06,1.094746213078196923e-06,6.160465118093285536e-03,2.731180189322294782e-01,2.830668796197742967e-06,-5.000000000000000000e+00,6.111111111111116045e-01
3.000000000000000000e+00,3.165000000000000000e+03,2.731234719876509676e-01,0.000000000000000000e+00,6.166884102651148947e-03,1.086491546313956289e-06,0.000000000000000000e+00,1.086491546313956289e-06,1.086491546312614589e-06,6.165918212491762300e-03,2.731234719876513561e-01,2.830725313134583035e-06,-5.000000000000000000e+00,6.041666666666666297e-01
3.000000000000000000e+00,3.170000000000000000e+03,2.731288839695213966e-01,0.000000000000000000e+00,6.172296084521577963e-03,1.078310080815827034e-06,0.000000000000000000e+00,1.078310080815827034e-06,1.078310080814676763e-06,6.171330216559580209e-03,2.731288839695212300e-01,2.830781404374061983e-06,-5.000000000000000000e+00,5.972222222222217658e-01
3.000000000000000000e+00,3.175000000000000000e+03,2.731342551565666965e-01,0.000000000000000000e+00,6.177667271566877893e-03,1.070169323259360786e-06,0.000000000000000000e+00,1.070169323259360786e-06,1.070169323258108872e-06,6.176701415069762134e-03,2.731342551565668075e-01,2.830837072804973820e-06,-5.000000000000000000e+00,5.902777777777771240e-01
3.000000000000000000e+00,3.180000000000000000e+03,2.731395856984292214e-01,0.000000000000000000e+00,6.182997813429402800e-03,1.062050061277901736e-06,0.000000000000000000e+00,1.062050061277901736e-06,1.062050061276896308e-06,6.182031963531099683e-03,2.731395856984289439e-01,2.830892319978253658e-06,-5.000000000000000000e+00,5.833333333333321491e-01
3.000000000000000000e+00,3.185000000000000000e+03,2.731448756835182512e-01,0.000000000000000000e+00,6.188287798518432581e-03,1.053946666954589046e-06,0.000000000000000000e+00,1.053946666954589046e-06,1.053946666953919890e-06,6.187321955351677075e-03,2.731448756835183622e-01,2.830947146810190824e-06,-5.000000000000000000e+00,5.763888888888875073e-01
3.000000000000000000e+00,3.190000000000000000e+03,2.731501252008781133e-01,0.000000000000000000e+00,6.193537315878294702e-03,1.045864840426826629e-06,0.000000000000000000e+00,1.045864840426826629e-06,1.045864840425767838e-06,6.192571484120125945e-03,2.731501252008781133e-01,2.831001554223675995e-06,-5.000000000000000000e+00,5.694444444444425324e-01
3.000000000000000000e+00,3.195000000000000000e+03,2.731553343932693889e-01,0.000000000000000000e+00,6.198746508269570299e-03,1.037820063276417425e-06,0.000000000000000000e+00,1.037820063276417425e-06,1.037820063275557687e-06,6.197780696379379464e-03,2.731553343932692779e-01,2.831055543698308440e-06,-5.000000000000000000e+00,5.624999999999978906e-01
3.000000000000000000e+00,3.200000000000000000e+03,2.731605035029402995e-01,0.000000000000000000e+00,6.203915617940480853e-03,1.029836270264909909e-06,0.000000000000000000e+00,1.029836270264909909e-06,1.029836270263701193e-06,6.202949837213227700e-03,2.731605035029401884e-01,2.831109117744823411e-06,-5.000000000000000000e+00,5.555555555555529157e-01
3.000000000000000000e+00,3.205000000000000000e+03,2.731656329064319766e-01,0.000000000000000000e+00,6.209045021432157974e-03,1.021942987584152553e-06,0.000000000000000000e+00,1.021942987584152553e-06,1.021942987583130185e-06,6.208079285357845020e-03,2.731656329064318101e-01,2.831162280265785876e-06,-5.000000000000000000e+00,5.486111111111082739e-01
3.000000000000000000e+00,3.210000000000000000e+03,2.731707231387198176e-01,0.000000000000000000e+00,6.214135253719998975e-03,1.014173441324176526e-06,0.000000000000000000e+00,1.014173441324176526e-06,1.014173441323121970e-06,6.213169576430110398e-03,2.731707231387199841e-01,2.831215036805829039e-06,-5.000000000000000000e+00,5.416666666666634100e-01
3.000000000000000000e+00,3.215000000000000000e+03,2.731757749020651826e-01,0.000000000000000000e+00,6.219187017065364032e-03,1.006560822419188346e-06,0.000000000000000000e+00,1.006560822419188346e-06,1.006560822417981324e-06,6.218221412089462719e-03,2.731757749020651826e-01,2.831267394643382077e-06,-5.000000000000000000e+00,5.347222222222186572e-01
3.000000000000000000e+00,3.220000000000000000e+03,2.731807890589051380e-01,0.000000000000000000e+00,6.224201173905319351e-03,9.991354438492329286e-07,0.000000000000000000e+00,9.991354438492329286e-07,9.991354438482630759e-07,6.223235652755128300e-03,2.731807890589052490e-01,2.831319362716966842e-06,-5.000000000000000000e+00,5.277777777777737933e-01
3.000000000000000000e+00,3.225000000000000000e+03,2.731857666049946065e-01,0.000000000000000000e+00,6.229178719994787894e-03,9.919194785235776568e-07,0.000000000000000000e+00,9.919194785235776568e-07,9.919194785225671465e-07,6.228213290061055708e-03,2.731857666049952171e-01,2.831370951346869187e-06,-5.000000000000000000e+00,5.208333333333290405e-01
3.000000000000000000e+00,3.230000000000000000e+03,2.731907086256809003e-01,0.000000000000000000e+00,6.234120740681081685e-03,9.849264351364129134e-07,0.000000000000000000e+00,9.849264351364129134e-07,9.849264351355938325e-07,6.233155404845201406e-03,2.731907086256807893e-01,2.831422171781904762e-06,-5.000000000000000000e+00,5.138888888888841766e-01
3.000000000000000000e+00,3.235000000000000000e+03,2.731956162360015261e-01,0.000000000000000000e+00,6.239028351001707495e-03,9.781540521040232579e-07,0.000000000000000000e+00,9.781540521040232579e-07,9.781540521025993955e-07,6.238063106063296455e-03,2.731956162360014151e-01,2.831473035578636615e-06,-5.000000000000000000e+00,5.069444444444395348e-01
3.000000000000000000e+00,3.240000000000000000e+03,2.732004905145521967e-01,0.000000000000000000e+00,6.243902629552378070e-03,9.715904830773117000e-07,0.000000000000000000e+00,9.715904830773117000e-07,9.715904830761673585e-07,6.242937467401243196e-03,2.732004905145518636e-01,2.831523553915914630e-06,-5.000000000000000000e+00,4.999999999999945044e-01
3.000000000000000000e+00,3.245000000000000000e+03,2.732053324370070646e-01,0.000000000000000000e+00,6.248744552007245989e-03,9.652061650372126028e-07,0.000000000000000000e+00,9.652061650372126028e-07,9.652061650360140512e-07,6.247779459021524096e-03,2.732053324370070091e-01,2.831573736905892992e-06,-5.000000000000000000e+00,4.930555555555494740e-01
3.000000000000000000e+00,3.250000000000000000e+03,2.732101428215786831e-01,0.000000000000000000e+00,6.253554936578864520e-03,9.589689681351057046e-07,0.000000000000000000e+00,9.589689681351057046e-07,9.589689681341028176e-07,6.252589896854449450e-03,2.732101428215789052e-01,2.831623593028740732e-06,-5.000000000000000000e+00,4.861111111111049987e-01
3.000000000000000000e+00,3.255000000000000000e+03,2.732149222900838170e-01,0.000000000000000000e+00,6.258334405083998409e-03,9.528331053816312536e-07,0.000000000000000000e+00,9.528331053816312536e-07,9.528331053806275196e-07,6.257369402038236508e-03,2.732149222900840391e-01,2.831673128729144876e-06,-5.000000000000000000e+00,4.791666666666603014e-01
3.000000000000000000e+00,3.260000000000000000e+03,2.732196712527220628e-01,0.000000000000000000e+00,6.263083367722244166e-03,9.467585213667302968e-07,0.000000000000000000e+00,9.467585213667302968e-07,9.467585213656842111e-07,6.262118381105102015e-03,2.732196712527222293e-01,2.831722348258515404e-06,-5.000000000000000000e+00,4.722222222222152710e-01
3.000000000000000000e+00,3.265000000000000000e+03,2.732243899111190810e-01,0.000000000000000000e+00,6.267802026119262404e-03,9.407053008042454037e-07,0.000000000000000000e+00,9.407053008042454037e-07,9.407053008029223382e-07,6.266837040660523488e-03,2.732243899111194141e-01,2.831771253706556289e-06,-5.000000000000000000e+00,4.652777777777702406e-01
3.000000000000000000e+00,3.270000000000000000e+03,2.732290782770677717e-01,0.000000000000000000e+00,6.272490392067953113e-03,9.346358446793529506e-07,0.000000000000000000e+00,9.346358446793529506e-07,9.346358446780612253e-07,6.271525393524225375e-03,2.732290782770679383e-01,2.831819845195498198e-06,-5.000000000000000000e+00,4.583333333333252657e-01
3.000000000000000000e+00,3.275000000000000000e+03,2.732337362048144480e-01,0.000000000000000000e+00,6.277148319814629396e-03,9.285259371831361950e-07,0.000000000000000000e+00,9.285259371831361950e-07,9.285259371818690337e-07,6.276183297978875364e-03,2.732337362048142815e-01,2.831868121214701914e-06,-5.000000000000000000e+00,4.513888888888805129e-01
3.000000000000000000e+00,3.280000000000000000e+03,2.732383634315043164e-01,0.000000000000000000e+00,6.281775546504497765e-03,9.223531192068646451e-07,0.000000000000000000e+00,9.223531192068646451e-07,9.223531192058414293e-07,6.280810495619845030e-03,2.732383634315044829e-01,2.831916079039878239e-06,-5.000000000000000000e+00,4.444444444444354825e-01
3.000000000000000000e+00,3.285000000000000000e+03,2.732429596203311828e-01,0.000000000000000000e+00,6.286371735331364174e-03,9.161098240082480486e-07,0.000000000000000000e+00,9.161098240082480486e-07,9.161098240071867163e-07,6.285406652977876957e-03,2.732429596203309052e-01,2.831963715180270143e-06,-5.000000000000000000e+00,4.374999999999905076e-01
3.000000000000000000e+00,3.290000000000000000e+03,2.732475243986474123e-01,0.000000000000000000e+00,6.290936513647593653e-03,9.097884704982570243e-07,0.000000000000000000e+00,9.097884704982570243e-07,9.097884704973151237e-07,6.289971398714138198e-03,2.732475243986476343e-01,2.832011025773660225e-06,-5.000000000000000000e+00,4.305555555555454772e-01
3.000000000000000000e+00,3.295000000000000000e+03,2.732520573978984846e-01,0.000000000000000000e+00,6.295469512898665965e-03,9.033992022356953549e-07,0.000000000000000000e+00,9.033992022356953549e-07,9.033992022345950591e-07,6.294504367895968275e-03,2.732520573978985956e-01,2.832058007000249226e-06,-5.000000000000000000e+00,4.236111111111005578e-01
3.000000000000000000e+00,3.300000000000000000e+03,2.732565582878758725e-01,0.000000000000000000e+00,6.299970402876053921e-03,8.969478554569983056e-07,0.000000000000000000e+00,8.969478554569983056e-07,8.969478554558709047e-07,6.299005235540194869e-03,2.732565582878758170e-01,2.832104655437668707e-06,-5.000000000000000000e+00,4.166666666666556385e-01
3.000000000000000000e+00,3.305000000000000000e+03,2.732610268054369573e-01,0.000000000000000000e+00,6.304438920437138716e-03,8.904527604638114613e-07,0.000000000000000000e+00,8.904527604638114613e-07,8.904527604625282064e-07,6.303473737079990334e-03,2.732610268054369573e-01,2.832150968358634785e-06,-5.000000000000000000e+00,4.097222222222107746e-01
3.000000000000000000e+00,3.310000000000000000e+03,2.732654627726797125e-01,0.000000000000000000e+00,6.308874887679893906e-03,8.839327068412637764e-07,0.000000000000000000e+00,8.839327068412637764e-07,8.839327068402990059e-07,6.307909700748248055e-03,2.732654627726798235e-01,2.832196943919325718e-06,-5.000000000000000000e+00,4.027777777777658552e-01
3.000000000000000000e+00,3.315000000000000000e+03,2.732698661131350293e-01,0.000000000000000000e+00,6.313278228135210668e-03,8.774051940658121867e-07,0.000000000000000000e+00,8.774051940658121867e-07,8.774051940649490601e-07,6.312313045500510429e-03,2.732698661131352513e-01,2.832242581327195646e-06,-5.000000000000000000e+00,3.958333333333207138e-01
3.000000000000000000e+00,3.320000000000000000e+03,2.732742368533472854e-01,0.000000000000000000e+00,6.317648968347466809e-03,8.708945381036352048e-07,0.000000000000000000e+00,8.708945381036352048e-07,8.708945381022638584e-07,6.316683794830928525e-03,2.732742368533472854e-01,2.832287880857349860e-06,-5.000000000000000000e+00,3.888888888888757944e-01
3.000000000000000000e+00,3.325000000000000000e+03,2.732785751182969514e-01,0.000000000000000000e+00,6.321987233297132747e-03,8.644183474280805980e-07,0.000000000000000000e+00,8.644183474280805980e-07,8.644183474270717817e-07,6.321022077044751580e-03,2.732785751182968403e-01,2.832332843805130433e-06,-5.000000000000000000e+00,3.819444444444308751e-01
3.000000000000000000e+00,3.330000000000000000e+03,2.732828811170628369e-01,0.000000000000000000e+00,6.326293232063018301e-03,8.579903638514764443e-07,0.000000000000000000e+00,8.579903638514764443e-07,8.579903638502956804e-07,6.325328098822945340e-03,2.732828811170634475e-01,2.832377472337478040e-06,-5.000000000000000000e+00,3.749999999999857336e-01
3.000000000000000000e+00,3.335000000000000000e+03,2.732871551159833379e-01,0.000000000000000000e+00,6.330567230983519256e-03,8.516188586914609851e-07,0.000000000000000000e+00,8.516188586914609851e-07,8.516188586904081231e-07,6.329602121879296731e-03,2.732871551159834489e-01,2.832421769214799785e-06,-5.000000000000000000e+00,3.680555555555408698e-01
3.000000000000000000e+00,3.340000000000000000e+03,2.732913974121501943e-01,0.000000000000000000e+00,6.334809527150375708e-03,8.453091589400216601e-07,0.000000000000000000e+00,8.453091589400216601e-07,8.453091589388231084e-07,6.333844441923370226e-03,2.732913974121504164e-01,2.832465737516236193e-06,-5.000000000000000000e+00,3.611111111110959504e-01
3.000000000000000000e+00,3.345000000000000000e+03,2.732956083045522955e-01,0.000000000000000000e+00,6.339020419552476859e-03,8.390572191167567891e-07,0.000000000000000000e+00,8.390572191167567891e-07,8.390572191152329768e-07,6.338055357868505220e-03,2.732956083045522400e-01,2.832509380340585302e-06,-5.000000000000000000e+00,3.541666666666508090e-01
3.000000000000000000e+00,3.350000000000000000e+03,2.732997880627043297e-01,0.000000000000000000e+00,6.343200177704511056e-03,8.328534131755581556e-07,0.000000000000000000e+00,8.328534131755581556e-07,8.328534131740216378e-07,6.342235134449228547e-03,2.732997880627044407e-01,2.832552700481170767e-06,-5.000000000000000000e+00,3.472222222222058896e-01
3.000000000000000000e+00,3.355000000000000000e+03,2.733039369001347141e-01,0.000000000000000000e+00,6.347349015134895467e-03,8.266865398964069658e-07,0.000000000000000000e+00,8.266865398964069658e-07,8.266865398952372133e-07,6.346383984331901290e-03,2.733039369001347696e-01,2.832595700151058862e-06,-5.000000000000000000e+00,3.402777777777609702e-01
3.000000000000000000e+00,3.360000000000000000e+03,2.733080549631667355e-01,0.000000000000000000e+00,6.351467078166916913e-03,8.205413901071247074e-07,0.000000000000000000e+00,8.205413901071247074e-07,8.205413901057169386e-07,6.350502054156903844e-03,2.733080549631666245e-01,2.832638380866785000e-06,-5.000000000000000000e+00,3.333333333333158288e-01
3.000000000000000000e+00,3.365000000000000000e+03,2.733121423245818971e-01,0.000000000000000000e+00,6.355554439582078441e-03,8.144022120448141480e-07,0.000000000000000000e+00,8.144022120448141480e-07,8.144022120435579981e-07,6.354589413162277725e-03,2.733121423245816750e-01,2.832680743382671830e-06,-5.000000000000000000e+00,3.263888888888709094e-01
3.000000000000000000e+00,3.370000000000000000e+03,2.733161989777054823e-01,0.000000000000000000e+00,6.359611092705663715e-03,8.082554592683796938e-07,0.000000000000000000e+00,8.082554592683796938e-07,8.082554592672505989e-07,6.358646057340554096e-03,2.733161989777057599e-01,2.832722787629548525e-06,-5.000000000000000000e+00,3.194444444444257680e-01
3.000000000000000000e+00,3.375000000000000000e+03,2.733202248513880162e-01,0.000000000000000000e+00,6.363636966388197536e-03,8.020893266185609980e-07,0.000000000000000000e+00,8.020893266185609980e-07,8.020893266175886042e-07,6.362671919305265891e-03,2.733202248513878496e-01,2.832764512869993706e-06,-5.000000000000000000e+00,3.124999999999814038e-01
3.000000000000000000e+00,3.380000000000000000e+03,2.733242198232350151e-01,0.000000000000000000e+00,6.367631938235196465e-03,7.958941379672680966e-07,0.000000000000000000e+00,7.958941379672680966e-07,7.958941379664015819e-07,6.366666877966726222e-03,2.733242198232349041e-01,2.832805917835486596e-06,-5.000000000000000000e+00,3.055555555555376501e-01
3.000000000000000000e+00,3.385000000000000000e+03,2.733281837368688461e-01,0.000000000000000000e+00,6.371595851869027438e-03,7.896654690393525465e-07,0.000000000000000000e+00,7.896654690393525465e-07,7.896654690380930085e-07,6.370630776984237756e-03,2.733281837368689016e-01,2.832847000905283438e-06,-5.000000000000000000e+00,2.986111111110938410e-01
3.000000000000000000e+00,3.390000000000000000e+03,2.733321164206576892e-01,0.000000000000000000e+00,6.375528535657870588e-03,7.834019662336571340e-07,0.000000000000000000e+00,7.834019662336571340e-07,7.834019662325712377e-07,6.374563445572413792e-03,2.733321164206576892e-01,2.832887760300543468e-06,-5.000000000000000000e+00,2.916666666666494212e-01
3.000000000000000000e+00,3.395000000000000000e+03,2.733360177041226358e-01,0.000000000000000000e+00,6.379429819122817147e-03,7.771058665687695355e-07,0.000000000000000000e+00,7.771058665687695355e-07,7.771058665675963949e-07,6.378464715154414343e-03,2.733360177041228578e-01,2.832928194254380945e-06,-5.000000000000000000e+00,2.847222222222049459e-01
3.000000000000000000e+00,3.400000000000000000e+03,2.733398874358459185e-01,0.000000000000000000e+00,6.383299550846099901e-03,7.707823984928641073e-07,0.000000000000000000e+00,7.707823984928641073e-07,7.707823984918840901e-07,6.382334435817062918e-03,2.733398874358461406e-01,2.832968301197456423e-06,-5.000000000000000000e+00,2.777777777777604706e-01
3.000000000000000000e+00,3.405000000000000000e+03,2.733437254974924735e-01,0.000000000000000000e+00,6.387137612492654881e-03,7.644393314190308947e-07,0.000000000000000000e+00,7.644393314190308947e-07,7.644393314176815713e-07,6.386172490141837563e-03,2.733437254974921959e-01,2.833008079903319558e-06,-5.000000000000000000e+00,2.708333333333159954e-01
3.000000000000000000e+00,3.410000000000000000e+03,2.733475318145340838e-01,0.000000000000000000e+00,6.390943929534265155e-03,7.580864699324735148e-07,0.000000000000000000e+00,7.580864699324735148e-07,7.580864699312402349e-07,6.389978804645209121e-03,2.733475318145336952e-01,2.833047529599534748e-06,-5.000000000000000000e+00,2.638888888888715201e-01
3.000000000000000000e+00,3.415000000000000000e+03,2.733513063639885776e-01,0.000000000000000000e+00,6.394718478988759003e-03,7.517343932860519958e-07,0.000000000000000000e+00,7.517343932860519958e-07,7.517343932846577795e-07,6.393753356803249556e-03,2.733513063639887442e-01,2.833086650047915056e-06,-5.000000000000000000e+00,2.569444444444270448e-01
3.000000000000000000e+00,3.420000000000000000e+03,2.733550491778690139e-01,0.000000000000000000e+00,6.398461292869195294e-03,7.453941393911552742e-07,0.000000000000000000e+00,7.453941393911552742e-07,7.453941393893155187e-07,6.397496178134934666e-03,2.733550491778692360e-01,2.833125441580242865e-06,-5.000000000000000000e+00,2.499999999999825973e-01
3.000000000000000000e+00,3.425000000000000000e+03,2.733587603420877810e-01,0.000000000000000000e+00,6.402172457087962343e-03,7.390761433887752148e-07,0.000000000000000000e+00,7.390761433887752148e-07,7.390761433877121884e-07,6.401207353841876710e-03,2.733587603420874479e-01,2.833163905086941232e-06,-5.000000000000000000e+00,2.430555555555381775e-01
3.000000000000000000e+00,3.430000000000000000e+03,2.733624399913373582e-01,0.000000000000000000e+00,6.405852106337539542e-03,7.327894571514784769e-07,0.000000000000000000e+00,7.327894571514784769e-07,7.327894571501071305e-07,6.404887017843221425e-03,2.733624399913374137e-01,2.833202041964006851e-06,-5.000000000000000000e+00,2.361111111110937300e-01
3.000000000000000000e+00,3.435000000000000000e+03,2.733660883009841891e-01,0.000000000000000000e+00,6.409500415984370481e-03,7.265413205030093677e-07,0.000000000000000000e+00,7.265413205030093677e-07,7.265413205020505264e-07,6.408535344787351373e-03,2.733660883009844111e-01,2.833239854028977610e-06,-5.000000000000000000e+00,2.291666666666493102e-01
3.000000000000000000e+00,3.440000000000000000e+03,2.733697054763531975e-01,0.000000000000000000e+00,6.413117591353378888e-03,7.203363510450383846e-07,0.000000000000000000e+00,7.203363510450383846e-07,7.203363510433722708e-07,6.412152538966215364e-03,2.733697054763531975e-01,2.833277343409897157e-06,-5.000000000000000000e+00,2.222222222222048627e-01
3.000000000000000000e+00,3.445000000000000000e+03,2.733732917401108797e-01,0.000000000000000000e+00,6.416703855111061117e-03,7.141768465193353292e-07,0.000000000000000000e+00,7.141768465193353292e-07,7.141768465181706589e-07,6.415738821960118715e-03,2.733732917401105467e-01,2.833314512414537673e-06,-5.000000000000000000e+00,2.152777777777604429e-01
3.000000000000000000e+00,3.450000000000000000e+03,2.733768473196541149e-01,0.000000000000000000e+00,6.420259434654296271e-03,7.080624758235603742e-07,0.000000000000000000e+00,7.080624758235603742e-07,7.080624758224287382e-07,6.419294420265970330e-03,2.733768473196543369e-01,2.833351363399707771e-06,-5.000000000000000000e+00,2.083333333333160231e-01
3.000000000000000000e+00,3.455000000000000000e+03,2.733803724358548903e-01,0.000000000000000000e+00,6.423784550855071718e-03,7.019910226204245846e-07,0.000000000000000000e+00,7.019910226204245846e-07,7.019910226190244392e-07,6.422819554012073814e-03,2.733803724358551679e-01,2.833387898654583873e-06,-5.000000000000000000e+00,2.013888888888715756e-01
3.000000000000000000e+00,3.460000000000000000e+03,2.733838672941554249e-01,0.000000000000000000e+00,6.427279409155606249e-03,6.959586509112637926e-07,0.000000000000000000e+00,6.959586509112637926e-07,6.959586509103811842e-07,6.426314428195897821e-03,2.733838672941554249e-01,2.833424120308420035e-06,-5.000000000000000000e+00,1.944444444444271558e-01
3.000000000000000000e+00,3.465000000000000000e+03,2.733873320787993944e-01,0.000000000000000000e+00,6.430744193799575736e-03,6.899607533677041995e-07,0.000000000000000000e+00,6.899607533677041995e-07,6.899607533663337002e-07,6.429779226706589315e-03,2.733873320787996164e-01,2.833460030270770299e-06,-5.000000000000000000e+00,1.874999999999827083e-01
3.000000000000000000e+00,3.470000000000000000e+03,2.733907669504072047e-01,0.000000000000000000e+00,6.434179065407386044e-03,6.839926116484343409e-07,0.000000000000000000e+00,6.839926116484343409e-07,6.839926116468232842e-07,6.433214110119121754e-03,2.733907669504070936e-01,2.833495630206350869e-06,-5.000000000000000000e+00,1.805555555555382885e-01
3.000000000000000000e+00,3.475000000000000000e+03,2.733941720465961067e-01,0.000000000000000000e+00,6.437584161596288101e-03,6.780498526392787469e-07,0.000000000000000000e+00,6.780498526392787469e-07,6.780498526384105381e-07,6.436619216279835382e-03,2.733941720465960512e-01,2.833530921541456383e-06,-5.000000000000000000e+00,1.736111111110938410e-01
3.000000000000000000e+00,3.480000000000000000e+03,2.733975474854065668e-01,0.000000000000000000e+00,6.440959600406748198e-03,6.721291153818142257e-07,0.000000000000000000e+00,6.721291153818142257e-07,6.721291153808037154e-07,6.439994663699883347e-03,2.733975474854067333e-01,2.833565905499497185e-06,-5.000000000000000000e+00,1.666666666666494212e-01
3.000000000000000000e+00,3.485000000000000000e+03,2.734008933706187916e-01,0.000000000000000000e+00,6.444305485618972984e-03,6.662280897849032994e-07,0.000000000000000000e+00,6.662280897849032994e-07,6.662280897832897016e-07,6.443340556712793578e-03,2.734008933706189026e-01,2.833600583156075945e-06,-5.000000000000000000e+00,1.597222222222049737e-01
3.000000000000000000e+00,3.490000000000000000e+03,2.734042097981579378e-01,0.000000000000000000e+00,6.447621913158119167e-03,6.603459558336051438e-07,0.000000000000000000e+00,6.603459558336051438e-07,6.603459558327064418e-07,6.446656991826833598e-03,2.734042097981576047e-01,2.833634955505386573e-06,-5.000000000000000000e+00,1.527777777777605539e-01
3.000000000000000000e+00,3.495000000000000000e+03,2.734074968631496905e-01,0.000000000000000000e+00,6.450908978149871853e-03,6.544832498192815554e-07,0.000000000000000000e+00,6.544832498192815554e-07,6.544832498181219673e-07,6.449944064840960715e-03,2.734074968631496905e-01,2.833669023533336881e-06,-5.000000000000000000e+00,1.458333333333161064e-01
3.000000000000000000e+00,3.500000000000000000e+03,2.734107546667662314e-01,0.000000000000000000e+00,6.454166781766412786e-03,6.486418141912891357e-07,0.000000000000000000e+00,6.486418141912891357e-07,6.486418141901388650e-07,6.453201877500981155e-03,2.734107546667663424e-01,2.833702788288508764e-06,-5.000000000000000000e+00,1.388888888888716866e-01
3.000000000000000000e+00,3.505000000000000000e+03,2.734139833224882854e-01,0.000000000000000000e+00,6.457395437488466783e-03,6.428246891504907530e-07,0.000000000000000000e+00,6.428246891504907530e-07,6.428246891491414295e-07,6.456430543759329212e-03,2.734139833224877858e-01,2.833736250947036692e-06,-5.000000000000000000e+00,1.319444444444272668e-01
3.000000000000000000e+00,3.510000000000000000e+03,2.734171829613930016e-01,0.000000000000000000e+00,6.460595076393182978e-03,6.370358217381818285e-07,0.000000000000000000e+00,6.370358217381818285e-07,6.370358217369502426e-07,6.459630195036545133e-03,2.734171829613932236e-01,2.833769412867448010e-06,-5.000000000000000000e+00,1.249999999999828054e-01
3.000000000000000000e+00,3.515000000000000000e+03,2.734203537361042380e-01,0.000000000000000000e+00,6.463765851104419369e-03,6.312798363216509277e-07,0.000000000000000000e+00,6.312798363216509277e-07,6.312798363201677730e-07,6.462800984181686983e-03,2.734203537361044600e-01,2.833802275631575901e-06,-5.000000000000000000e+00,1.180555555555383579e-01
3.000000000000000000e+00,3.520000000000000000e+03,2.734234958233220936e-01,0.000000000000000000e+00,6.466907938322274951e-03,6.255616897442105957e-07,0.000000000000000000e+00,6.255616897442105957e-07,6.255616897422598788e-07,6.465943087996843357e-03,2.734234958233217050e-01,2.833834841070785216e-06,-5.000000000000000000e+00,1.111111111110938965e-01
3.000000000000000000e+00,3.525000000000000000e+03,2.734266094247817525e-01,0.000000000000000000e+00,6.470021539781933839e-03,6.198863638505095570e-07,0.000000000000000000e+00,6.198863638505095570e-07,6.198863638488222674e-07,6.469056708130821280e-03,2.734266094247816414e-01,2.833867111275913259e-06,-5.000000000000000000e+00,1.041666666666494490e-01
3.000000000000000000e+00,3.530000000000000000e+03,2.734296947666450261e-01,0.000000000000000000e+00,6.473106881645207533e-03,6.142586173424032306e-07,0.000000000000000000e+00,6.142586173424032306e-07,6.142586173416171840e-07,6.472142070583797660e-03,2.734296947666450261e-01,2.833899088590965741e-06,-5.000000000000000000e+00,9.722222222220500143e-02
3.000000000000000000e+00,3.535000000000000000e+03,2.734327520974547676e-01,0.000000000000000000e+00,6.476164212454948998e-03,6.086826120233347192e-07,0.000000000000000000e+00,6.086826120233347192e-07,6.086826120218956102e-07,6.475199423657205730e-03,2.734327520974549897e-01,2.833930775591907072e-06,-5.000000000000000000e+00,9.027777777776055390e-02
3.000000000000000000e+00,3.540000000000000000e+03,2.734357816849604661e-01,0.000000000000000000e+00,6.479193799960647482e-03,6.031618438427174974e-07,0.000000000000000000e+00,6.031618438427174974e-07,6.031618438411919910e-07,6.478229034796863586e-03,2.734357816849605216e-01,2.833962175053763724e-06,-5.000000000000000000e+00,8.333333333331610637e-02
3.000000000000000000e+00,3.545000000000000000e+03,2.734387838120989622e-01,0.000000000000000000e+00,6.482195927099143606e-03,5.976988646312736647e-07,0.000000000000000000e+00,5.976988646312736647e-07,5.976988646301572753e-07,6.481231186568041890e-03,2.734387838120989067e-01,2.833993289908969691e-06,-5.000000000000000000e+00,7.638888888887165884e-02
3.000000000000000000e+00,3.550000000000000000e+03,2.734417587724589649e-01,0.000000000000000000e+00,6.485170887459146272e-03,5.922953743042429892e-07,0.000000000000000000e+00,5.922953743042429892e-07,5.922953743034628719e-07,6.484206172165375877e-03,2.734417587724587984e-01,2.834024123200357851e-06,-5.000000000000000000e+00,6.944444444442719744e-02
3.000000000000000000e+00,3.555000000000000000e+03,2.734447068659414670e-01,0.000000000000000000e+00,6.488118980941648406e-03,5.869522374859765905e-07,0.000000000000000000e+00,5.869522374859765905e-07,5.869522374843291114e-07,6.487154291194845331e-03,2.734447068659412450e-01,2.834054678036182520e-06,-5.000000000000000000e+00,6.249999999998274991e-02
3.000000000000000000e+00,3.560000000000000000e+03,2.734476283946701836e-01,0.000000000000000000e+00,6.491040509670364944e-03,5.816694556529816446e-07,0.000000000000000000e+00,5.816694556529816446e-07,5.816694556516196156e-07,6.490075845427685855e-03,2.734476283946703501e-01,2.834084957547735191e-06,-5.000000000000000000e+00,5.555555555553830238e-02
3.000000000000000000e+00,3.565000000000000000e+03,2.734505236597226663e-01,0.000000000000000000e+00,6.493935774722847665e-03,5.764466649590979197e-07,0.000000000000000000e+00,5.764466649590979197e-07,5.764466649574258766e-07,6.492971135729207546e-03,2.734505236597225553e-01,2.834114964855465338e-06,-5.000000000000000000e+00,4.861111111109384791e-02
3.000000000000000000e+00,3.570000000000000000e+03,2.734533929588908729e-01,0.000000000000000000e+00,6.496805073891054327e-03,5.712829171445712767e-07,0.000000000000000000e+00,5.712829171445712767e-07,5.712829171432016244e-07,6.495840459684459889e-03,2.734533929588905399e-01,2.834144703045767896e-06,-5.000000000000000000e+00,4.166666666664940039e-02
3.000000000000000000e+00,3.575000000000000000e+03,2.734562365851715970e-01,0.000000000000000000e+00,6.499648700171778426e-03,5.661773025175648828e-07,0.000000000000000000e+00,5.661773025175648828e-07,5.661773025156404239e-07,6.498684110233606329e-03,2.734562365851716526e-01,2.834174175155342379e-06,-5.000000000000000000e+00,3.472222222220495286e-02
3.000000000000000000e+00,3.580000000000000000e+03,2.734590548266876975e-01,0.000000000000000000e+00,6.502466941687878865e-03,5.611288248480230940e-07,0.000000000000000000e+00,5.611288248480230940e-07,5.611288248465687385e-07,6.501502375552012380e-03,2.734590548266875309e-01,2.834203384170372526e-06,-5.000000000000000000e+00,2.777777777776049492e-02
3.000000000000000000e+00,3.585000000000000000e+03,2.734618479669526647e-01,0.000000000000000000e+00,6.505260081952846107e-03,5.561366233868586160e-07,0.000000000000000000e+00,5.561366233868586160e-07,5.561366233858413294e-07,6.504295539172593073e-03,2.734618479669527202e-01,2.834232333029266452e-06,-5.000000000000000000e+00,2.083333333331604739e-02
3.000000000000000000e+00,3.590000000000000000e+03,2.734646162862029439e-01,0.000000000000000000e+00,6.508028401203125313e-03,5.512003485513903948e-07,0.000000000000000000e+00,5.512003485513903948e-07,5.512003485497124226e-07,6.507063881602432112e-03,2.734646162862028329e-01,2.834261024636469217e-06,-5.000000000000000000e+00,1.388888888887159986e-02
3.000000000000000000e+00,3.595000000000000000e+03,2.734673600630202484e-01,0.000000000000000000e+00,6.510772178020429735e-03,5.463195929360706023e-07,0.000000000000000000e+00,5.463195929360706023e-07,5.463195929342003535e-07,6.509807681456141783e-03,2.734673600630200263e-01,2.834289461879285322e-06,-5.000000000000000000e+00,6.944444444427152335e-03
3.000000000000000000e+00,3.600000000000000000e+03,2.734700795759738567e-01,0.000000000000000000e+00,6.513491690974038129e-03,5.414948870174340618e-07,0.000000000000000000e+00,5.414948870174340618e-07,5.414948870164464214e-07,6.512527217656018802e-03,2.734700795759740233e-01,2.834317647644868496e-06,-5.000000000000000000e+00,-1.729432569375077833e-14
4.000000000000000000e+00,3.600000000000000455e+03,2.734700795759738567e-01,0.000000000000000000e+00,6.513491690974038129e-03,-3.782875929426423549e-07,0.000000000000000000e+00,-3.782875929426423549e-07,-3.782875929438105192e-07,6.512527217656018802e-03,2.734700795759740788e-01,2.834317647644868496e-06,0.000000000000000000e+00,-1.729432569375077833e-14
4.000000000000000000e+00,3.605000000000000455e+03,2.734688979895610328e-01,0.000000000000000000e+00,6.512310104561214175e-03,-1.656451041263887560e-07,0.000000000000000000e+00,-1.656451041263887560e-07,-1.656451041276316974e-07,6.511167385913340343e-03,2.734688979895611438e-01,2.834305401364665173e-06,0.000000000000000000e+00,-1.729432569375077833e-14
4.000000000000000000e+00,3.610000000000000455e+03,2.734682015163749091e-01,0.000000000000000000e+00,6.511613631375090527e-03,-1.173850824793844854e-07,0.000000000000000000e+00,-1.173850824793844854e-07,-1.173850824805750829e-07,6.510459810446819588e-03,2.734682015163747426e-01,2.834298182928754353e-06,0.000000000000000000e+00,-1.729432569375077833e-14
4.000000000000000000e+00,3.615000000000000455e+03,2.734677089473699918e-01,0.000000000000000000e+00,6.511121062370173185e-03,-8.047017074897976463e-08,0.000000000000000000e+00,-8.047017074897976463e-08,-8.047017075060192536e-08,6.509965172313741770e-03,2.734677089473700473e-01,2.834293077810762462e-06,0.000000000000000000e+00,-1.729432569375077833e-14
4.000000000000000000e+00,3.620000000000000455e+03,2.734673873438304703e-01,0.000000000000000000e+00,6.510799458830651698e-03,-4.925328329298666351e-08,0.000000000000000000e+00,-4.925328329298666351e-08,-4.925328329463646531e-08,6.509640863678628313e-03,2.734673873438305813e-01,2.834289744624958036e-06,0.000000000000000000e+00,-1.729432569375077833e-14
4.000000000000000000e+00,3.625000000000000455e+03,2.734672051189818154e-01,0.000000000000000000e+00,6.510617233981996765e-03,-2.475635388165435041e-08,0.000000000000000000e+00,-2.475635388165435041e-08,-2.475635388238647143e-08,6.509455839585686493e-03,2.734672051189816488e-01,2.834287855997484426e-06,0.000000000000000000e+00,-1.729432569375077833e-14
4.000000000000000000e+00,3.630000000000000455e+03,2.734671292511140495e-01,0.000000000000000000e+00,6.510541366114230843e-03,-6.557305879934575621e-09,0.000000000000000000e+00,-6.557305879934575621e-09,-6.557305881441746673e-09,6.509377555436276185e-03,2.734671292511140495e-01,2.834287069682448211e-06,0.000000000000000000e+00,-1.729432569375077833e-14
4.000000000000000000e+00,3.635000000000000455e+03,2.734671308952325575e-01,0.000000000000000000e+00,6.510543010232738848e-03,6.452316594767542124e-09,0.000000000000000000e+00,6.452316594767542124e-09,6.452316593276783989e-09,6.509377292963055943e-03,2.734671308952327240e-01,2.834287086722535272e-06,0.000000000000000000e+00,-1.729432569375077833e-14
4.000000000000000000e+00,3.640000000000000455e+03,2.734671871117797526e-01,0.000000000000000000e+00,6.510599226779933968e-03,1.545980113582656736e-08,0.000000000000000000e+00,1.545980113582656736e-08,1.545980113446527623e-08,6.509432073257375752e-03,2.734671871117795861e-01,2.834287669365989561e-06,0.000000000000000000e+00,-1.729432569375077833e-14
4.000000000000000000e+00,3.645000000000000455e+03,2.734672805623876712e-01,0.000000000000000000e+00,6.510692677387852623e-03,2.149807921757534844e-08,0.000000000000000000e+00,2.149807921757534844e-08,2.149807921633594403e-08,6.509524467958252049e-03,2.734672805623877823e-01,2.834288637913289012e-06,0.000000000000000000e+00,-1.729432569375077833e-14
4.000000000000000000e+00,3.650000000000000455e+03,2.734673985282749520e-01,0.000000000000000000e+00,6.510810643275133369e-03,2.538869007202609044e-08,0.000000000000000000e+00,2.538869007202609044e-08,2.538869007092046098e-08,6.509641684881471019e-03,2.734673985282750075e-01,2.834289860543554779e-06,0.000000000000000000e+00,-1.729432569375077833e-14
4.000000000000000000e+00,3.655000000000000455e+03,2.734675319146018801e-01,0.000000000000000000e+00,6.510944029602061534e-03,2.775409440236743580e-08,0.000000000000000000e+00,2.775409440236743580e-08,2.775409440100206170e-08,6.509774541842650031e-03,2.734675319146016026e-01,2.834291242995415659e-06,0.000000000000000000e+00,-1.729432569375077833e-14
4.000000000000000000e+00,3.660000000000000455e+03,2.734676743026941415e-01,0.000000000000000000e+00,6.511086417694322837e-03,2.905436803243254560e-08,0.000000000000000000e+00,2.905436803243254560e-08,2.905436803053126435e-08,6.509916562998729374e-03,2.734676743026941970e-01,2.834292718743999188e-06,0.000000000000000000e+00,-1.729432569375077833e-14
4.000000000000000000e+00,3.665000000000000455e+03,2.734678212406234099e-01,0.000000000000000000e+00,6.511233355623591290e-03,2.962100100530288418e-08,0.000000000000000000e+00,2.962100100530288418e-08,2.962100100348899952e-08,6.510063251421314284e-03,2.734678212406233544e-01,2.834294241648322706e-06,0.000000000000000000e+00,-1.729432569375077833e-14
4.000000000000000000e+00,3.670000000000000455e+03,2.734679696914273928e-01,0.000000000000000000e+00,6.511381806427574137e-03,2.969220795413057741e-08,0.000000000000000000e+00,2.969220795413057741e-08,2.969220795308244362e-08,6.510211534443705560e-03,2.734679696914273372e-01,2.834295780232485616e-06,0.000000000000000000e+00,-1.729432569375077833e-14
4.000000000000000000e+00,3.675000000000000455e+03,2.734681176186596896e-01,0.000000000000000000e+00,6.511529733659870978e-03,2.943505881861336447e-08,0.000000000000000000e+00,2.943505881861336447e-08,2.943505881774093708e-08,6.510359352610632817e-03,2.734681176186597451e-01,2.834297313390209876e-06,0.000000000000000000e+00,-1.729432569375077833e-14
4.000000000000000000e+00,3.680000000000000455e+03,2.734682636922189380e-01,0.000000000000000000e+00,6.511675807219119427e-03,2.896707309830988047e-08,0.000000000000000000e+00,2.896707309830988047e-08,2.896707309709032839e-08,6.510505357940420124e-03,2.734682636922190491e-01,2.834298827335968202e-06,0.000000000000000000e+00,-1.729432569375077833e-14
4.000000000000000000e+00,3.685000000000000455e+03,2.734684070752707585e-01,0.000000000000000000e+00,6.511819190270939917e-03,2.836991550005179784e-08,0.000000000000000000e+00,2.836991550005179784e-08,2.836991549862890822e-08,6.510648700411908983e-03,2.734684070752708696e-01,2.834300313396580706e-06,0.000000000000000000e+00,-1.729432569375077833e-14
4.000000000000000000e+00,3.690000000000000455e+03,2.734685472710037812e-01,0.000000000000000000e+00,6.511959386003962624e-03,2.769943516334258308e-08,0.000000000000000000e+00,2.769943516334258308e-08,2.769943516240171145e-08,6.510788873788561464e-03,2.734685472710036702e-01,2.834301766422962477e-06,0.000000000000000000e+00,-1.729432569375077833e-14
4.000000000000000000e+00,3.695000000000000455e+03,2.734686840143225606e-01,0.000000000000000000e+00,6.512096129322741955e-03,2.699499166934028940e-08,0.000000000000000000e+00,2.699499166934028940e-08,2.699499166814421601e-08,6.510925609855638084e-03,2.734686840143223940e-01,2.834303183667593591e-06,0.000000000000000000e+00,-1.729432569375077833e-14
4.000000000000000000e+00,3.700000000000000455e+03,2.734688171983882254e-01,0.000000000000000000e+00,6.512229313388406826e-03,2.628020444729875327e-08,0.000000000000000000e+00,2.628020444729875327e-08,2.628020444617812868e-08,6.511058797845924000e-03,2.734688171983882810e-01,2.834304564023162699e-06,0.000000000000000000e+00,-1.729432569375077833e-14
4.000000000000000000e+00,3.705000000000000455e+03,2.734689468191627837e-01,0.000000000000000000e+00,6.512358934162965074e-03,2.557150061247091099e-08,0.000000000000000000e+00,2.557150061247091099e-08,2.557150061156203471e-08,6.511188427108568350e-03,2.734689468191626727e-01,2.834305907447822139e-06,0.000000000000000000e+00,-1.729432569375077833e-14
4.000000000000000000e+00,3.710000000000000455e+03,2.734690729399510412e-01,0.000000000000000000e+00,6.512485054951222541e-03,2.488080567721618239e-08,0.000000000000000000e+00,2.488080567721618239e-08,2.488080567583792082e-08,6.511314557874286514e-03,2.734690729399512077e-01,2.834307214597681938e-06,0.000000000000000000e+00,-1.729432569375077833e-14
4.000000000000000000e+00,3.715000000000000455e+03,2.734691956653828582e-01,0.000000000000000000e+00,6.512607780383039557e-03,2.421405563533280694e-08,0.000000000000000000e+00,2.421405563533280694e-08,2.421405563387971861e-08,6.511437295027560669e-03,2.734691956653828582e-01,2.834308486557150519e-06,0.000000000000000000e+00,-1.729432569375077833e-14
4.000000000000000000e+00,3.720000000000000455e+03,2.734693151239270259e-01,0.000000000000000000e+00,6.512727238927207285e-03,2.357455207801876594e-08,0.000000000000000000e+00,2.357455207801876594e-08,2.357455207677665830e-08,6.511556766546838099e-03,2.734693151239269149e-01,2.834309724657716244e-06,0.000000000000000000e+00,-1.729432569375077833e-14
4.000000000000000000e+00,3.725000000000000455e+03,2.734694314563458906e-01,0.000000000000000000e+00,6.512843571346071947e-03,2.296340519375334577e-08,0.000000000000000000e+00,2.296340519375334577e-08,2.296340519261316994e-08,6.511673111440010805e-03,2.734694314563461126e-01,2.834310930358274355e-06,0.000000000000000000e+00,-1.729432569375077833e-14
4.000000000000000000e+00,3.730000000000000455e+03,2.734695448074608848e-01,0.000000000000000000e+00,6.512956922461066167e-03,2.238167730930328335e-08,0.000000000000000000e+00,2.238167730930328335e-08,2.238167730843069383e-08,6.511786474146263361e-03,2.734695448074608293e-01,2.834312105159796457e-06,0.000000000000000000e+00,-1.729432569375077833e-14
4.000000000000000000e+00,3.735000000000000455e+03,2.734696553202381475e-01,0.000000000000000000e+00,6.513067435238328873e-03,2.182802237152310222e-08,0.000000000000000000e+00,2.182802237152310222e-08,2.182802237082208981e-08,6.511896998395462315e-03,2.734696553202381475e-01,2.834313250544019308e-06,0.000000000000000000e+00,-1.729432569375077833e-14
4.000000000000000000e+00,3.740000000000000455e+03,2.734697631341541646e-01,0.000000000000000000e+00,6.513175249154345980e-03,2.130182218003595357e-08,0.000000000000000000e+00,2.130182218003595357e-08,2.130182217916200085e-08,6.512004823006837216e-03,2.734697631341539981e-01,2.834314367956518135e-06,0.000000000000000000e+00,-1.729432569375077833e-14
4.000000000000000000e+00,3.745000000000000455e+03,2.734698683824483556e-01,0.000000000000000000e+00,6.513280497448536988e-03,2.080165921906743342e-08,0.000000000000000000e+00,2.080165921906743342e-08,2.080165921756454882e-08,6.512110081710328381e-03,2.734698683824481891e-01,2.834315458778220916e-06,0.000000000000000000e+00,-1.729432569375077833e-14
4.000000000000000000e+00,3.750000000000000455e+03,2.734699711903666453e-01,0.000000000000000000e+00,6.513383305366826637e-03,2.032550501760605679e-08,0.000000000000000000e+00,2.032550501760605679e-08,2.032550501664913455e-08,6.512212899620914083e-03,2.734699711903668118e-01,2.834316524307206914e-06,0.000000000000000000e+00,-1.729432569375077833e-14
4.000000000000000000e+00,3.755000000000000455e+03,2.734700716754390748e-01,0.000000000000000000e+00,6.513483790439256182e-03,1.987228147139840682e-08,0.000000000000000000e+00,1.987228147139840682e-08,1.987228147061862696e-08,6.512313394087132327e-03,2.734700716754389638e-01,2.834317565761595903e-06,0.000000000000000000e+00,-1.729432569375077833e-14
4.000000000000000000e+00,3.760000000000000455e+03,2.734701699475150516e-01,0.000000000000000000e+00,6.513582062515232973e-03,1.944008983029850042e-08,0.000000000000000000e+00,1.944008983029850042e-08,1.944008982873141667e-08,6.512411675015380465e-03,2.734701699475151626e-01,2.834318584279890798e-06,0.000000000000000000e+00,-1.729432569375077833e-14
4.000000000000000000e+00,3.765000000000000455e+03,2.734702661087228814e-01,0.000000000000000000e+00,6.513678223723062821e-03,1.902743663968515038e-08,0.000000000000000000e+00,1.902743663968515038e-08,1.902743663777176581e-08,6.512507843831547016e-03,2.734702661087228259e-01,2.834319580920577850e-06,0.000000000000000000e+00,-1.729432569375077833e-14
4.000000000000000000e+00,3.770000000000000455e+03,2.734703602534694911e-01,0.000000000000000000e+00,6.513772368469672447e-03,1.863326159661908404e-08,0.000000000000000000e+00,1.863326159661908404e-08,1.863326159560602271e-08,6.512601995577130091e-03,2.734703602534696021e-01,2.834320556662118604e-06,0.000000000000000000e+00,-1.729432569375077833e-14
4.000000000000000000e+00,3.775000000000000455e+03,2.734704524683969629e-01,0.000000000000000000e+00,6.513864583397144248e-03,1.825554436730145295e-08,0.000000000000000000e+00,1.825554436730145295e-08,1.825554436584114830e-08,6.512694217592034096e-03,2.734704524683971294e-01,2.834321512402494191e-06,0.000000000000000000e+00,-1.729432569375077833e-14
4.000000000000000000e+00,3.780000000000000455e+03,2.734705428344157974e-01,0.000000000000000000e+00,6.513954949415978746e-03,1.789335570170677408e-08,0.000000000000000000e+00,1.789335570170677408e-08,1.789335570045205690e-08,6.512784589842200017e-03,2.734705428344159639e-01,2.834322448980283324e-06,0.000000000000000000e+00,-1.729432569375077833e-14
4.000000000000000000e+00,3.785000000000000455e+03,2.734706314256675208e-01,0.000000000000000000e+00,6.514043540667702192e-03,1.754543082215544801e-08,0.000000000000000000e+00,1.754543082215544801e-08,1.754543082121020557e-08,6.512873186808504182e-03,2.734706314256676873e-01,2.834323367163899892e-06,0.000000000000000000e+00,-1.729432569375077833e-14
4.000000000000000000e+00,3.790000000000000455e+03,2.734707183104643224e-01,0.000000000000000000e+00,6.514130425464503826e-03,1.721057054197464967e-08,0.000000000000000000e+00,1.721057054197464967e-08,1.721057054099293187e-08,6.512960076811909194e-03,2.734707183104647110e-01,2.834324267661367724e-06,0.000000000000000000e+00,-1.729432569375077833e-14
4.000000000000000000e+00,3.795000000000000455e+03,2.734708035514896163e-01,0.000000000000000000e+00,6.514215666489797663e-03,1.688781250954892687e-08,0.000000000000000000e+00,1.688781250954892687e-08,1.688781250818038301e-08,6.513045322769532748e-03,2.734708035514895053e-01,2.834325151122336527e-06,0.000000000000000000e+00,-1.729432569375077833e-14
4.000000000000000000e+00,3.800000000000000455e+03,2.734708872063510432e-01,0.000000000000000000e+00,6.514299321351224581e-03,1.657598968295989809e-08,0.000000000000000000e+00,1.657598968295989809e-08,1.657598968194379273e-08,6.513128982275007833e-03,2.734708872063512097e-01,2.834326018143881944e-06,0.000000000000000000e+00,-1.729432569375077833e-14
4.000000000000000000e+00,3.805000000000000455e+03,2.734709693279858134e-01,0.000000000000000000e+00,6.514381442985994752e-03,1.627435385752853651e-08,0.000000000000000000e+00,1.627435385752853651e-08,1.627435385612491028e-08,6.513211108133853088e-03,2.734709693279862019e-01,2.834326869274647965e-06,0.000000000000000000e+00,-1.729432569375077833e-14
4.000000000000000000e+00,3.810000000000000455e+03,2.734710499647502457e-01,0.000000000000000000e+00,6.514462079750427126e-03,1.598192980228031979e-08,0.000000000000000000e+00,1.598192980228031979e-08,1.598192980111697960e-08,6.513291748842996338e-03,2.734710499647498572e-01,2.834327705015817211e-06,0.000000000000000000e+00,-1.729432569375077833e-14
4.000000000000000000e+00,3.815000000000000455e+03,2.734711291608565853e-01,0.000000000000000000e+00,6.514541275856766678e-03,1.569786795245032348e-08,0.000000000000000000e+00,1.569786795245032348e-08,1.569786795148780951e-08,6.513370948337377474e-03,2.734711291608563632e-01,2.834328525825620529e-06,0.000000000000000000e+00,-1.729432569375077833e-14
4.000000000000000000e+00,3.820000000000000455e+03,2.734712069564954051e-01,0.000000000000000000e+00,6.514619071495586500e-03,1.542159460732262683e-08,0.000000000000000000e+00,1.542159460732262683e-08,1.542159460589171355e-08,6.513448746993771334e-03,2.734712069564952941e-01,2.834329332120596536e-06,0.000000000000000000e+00,-1.729432569375077833e-14
4.000000000000000000e+00,3.825000000000000455e+03,2.734712833880648120e-01,0.000000000000000000e+00,6.514695503064993343e-03,1.515216471979927290e-08,0.000000000000000000e+00,1.515216471979927290e-08,1.515216471847004328e-08,6.513525181392081954e-03,2.734712833880648120e-01,2.834330124277993377e-06,0.000000000000000000e+00,-1.729432569375077833e-14
4.000000000000000000e+00,3.830000000000000455e+03,2.734713584885534177e-01,0.000000000000000000e+00,6.514770603553599049e-03,1.488905114476278117e-08,0.000000000000000000e+00,1.488905114476278117e-08,1.488905114368864744e-08,6.513600284431737310e-03,2.734713584885535287e-01,2.834330902639710396e-06,0.000000000000000000e+00,-1.729432569375077833e-14
4.000000000000000000e+00,3.835000000000000455e+03,2.734714322876340975e-01,0.000000000000000000e+00,6.514844402634278886e-03,1.463146128617610989e-08,0.000000000000000000e+00,1.463146128617610989e-08,1.463146128459783274e-08,6.513674085712808058e-03,2.734714322876343195e-01,2.834331667513284080e-06,0.000000000000000000e+00,-1.729432569375077833e-14
4.000000000000000000e+00,3.840000000000000455e+03,2.734715048118202541e-01,0.000000000000000000e+00,6.514916926820435439e-03,1.437897210556693077e-08,0.000000000000000000e+00,1.437897210556693077e-08,1.437897210429201053e-08,6.513746611796280249e-03,2.734715048118201430e-01,2.834332419173502930e-06,0.000000000000000000e+00,-1.729432569375077833e-14
4.000000000000000000e+00,3.845000000000000455e+03,2.734715760847322152e-01,0.000000000000000000e+00,6.514988199732396623e-03,1.413091321774040337e-08,0.000000000000000000e+00,1.413091321774040337e-08,1.413091321611306282e-08,6.513817886509580893e-03,2.734715760847321597e-01,2.834333157865183182e-06,0.000000000000000000e+00,-1.729432569375077833e-14
4.000000000000000000e+00,3.850000000000000455e+03,2.734716461271717858e-01,0.000000000000000000e+00,6.515058242171967162e-03,1.388672697069784268e-08,0.000000000000000000e+00,1.388672697069784268e-08,1.388672696947971004e-08,6.513887930610045077e-03,2.734716461271713417e-01,2.834333883803915052e-06,0.000000000000000000e+00,-1.729432569375077833e-14
4.000000000000000000e+00,3.855000000000000455e+03,2.734717149573434591e-01,0.000000000000000000e+00,6.515127072343640524e-03,1.364588960115966564e-08,0.000000000000000000e+00,1.364588960115966564e-08,1.364588960005709179e-08,6.513956762151469106e-03,2.734717149573431261e-01,2.834334597178371317e-06,0.000000000000000000e+00,-1.729432569375077833e-14
4.000000000000000000e+00,3.860000000000000455e+03,2.734717825910181199e-01,0.000000000000000000e+00,6.515194706018301307e-03,1.340804121251747267e-08,0.000000000000000000e+00,1.340804121251747267e-08,1.340804121106631829e-08,6.514024396978497153e-03,2.734717825910185085e-01,2.834335298152016206e-06,0.000000000000000000e+00,-1.729432569375077833e-14
4.000000000000000000e+00,3.865000000000000455e+03,2.734718490417324954e-01,0.000000000000000000e+00,6.515261156732676806e-03,1.317264935871597378e-08,0.000000000000000000e+00,1.317264935871597378e-08,1.317264935741346210e-08,6.514090848704918134e-03,2.734718490417319403e-01,2.834335986865137011e-06,0.000000000000000000e+00,-1.729432569375077833e-14
4.000000000000000000e+00,3.870000000000000455e+03,2.734719143209594638e-01,0.000000000000000000e+00,6.515326435959645224e-03,1.293935292528791313e-08,0.000000000000000000e+00,1.293935292528791313e-08,1.293935292402790033e-08,6.514156128710621267e-03,2.734719143209594083e-01,2.834336663436648686e-06,0.000000000000000000e+00,-1.729432569375077833e-14
4.000000000000000000e+00,3.875000000000000455e+03,2.734719784383149443e-01,0.000000000000000000e+00,6.515390553315125732e-03,1.270785129806015157e-08,0.000000000000000000e+00,1.270785129806015157e-08,1.270785129654758233e-08,6.514220246721173259e-03,2.734719784383145558e-01,2.834337327966212705e-06,0.000000000000000000e+00,-1.729432569375077833e-14
4.000000000000000000e+00,3.880000000000000455e+03,2.734720414017726142e-01,0.000000000000000000e+00,6.515453516772795606e-03,1.247775359143653181e-08,0.000000000000000000e+00,1.247775359143653181e-08,1.247775358996234872e-08,6.514283210733389125e-03,2.734720414017728363e-01,2.834337980536465179e-06,0.000000000000000000e+00,-1.729432569375077833e-14
4.000000000000000000e+00,3.885000000000000455e+03,2.734721032178918376e-01,0.000000000000000000e+00,6.515515332892019007e-03,1.224886824363516238e-08,0.000000000000000000e+00,1.224886824363516238e-08,1.224886824199544556e-08,6.514345027287969138e-03,2.734721032178918931e-01,2.834338621215395748e-06,0.000000000000000000e+00,-1.729432569375077833e-14
4.000000000000000000e+00,3.890000000000000455e+03,2.734721638920555309e-01,0.000000000000000000e+00,6.515576007055712271e-03,1.202094992164477668e-08,0.000000000000000000e+00,1.202094992164477668e-08,1.202094992029509254e-08,6.514405701833375292e-03,2.734721638920555309e-01,2.834339250058791697e-06,0.000000000000000000e+00,-1.729432569375077833e-14
4.000000000000000000e+00,3.895000000000000455e+03,2.734722234287180198e-01,0.000000000000000000e+00,6.515635543718201195e-03,1.179384421692452849e-08,0.000000000000000000e+00,1.179384421692452849e-08,1.179384421570359667e-08,6.514465238818715337e-03,2.734722234287177978e-01,2.834339867112811237e-06,0.000000000000000000e+00,-1.729432569375077833e-14
4.000000000000000000e+00,3.900000000000000455e+03,2.734722818316562831e-01,0.000000000000000000e+00,6.515693946656464508e-03,1.156744521442537137e-08,0.000000000000000000e+00,1.156744521442537137e-08,1.156744521321070958e-08,6.514523642042286886e-03,2.734722818316560056e-01,2.834340472416611434e-06,0.000000000000000000e+00,-1.729432569375077833e-14
4.000000000000000000e+00,3.905000000000000455e+03,2.734723391042286345e-01,0.000000000000000000e+00,6.515751219228815838e-03,1.134169590312893368e-08,0.000000000000000000e+00,1.134169590312893368e-08,1.134169590194167473e-08,6.514580914895075348e-03,2.734723391042289120e-01,2.834341066004997292e-06,0.000000000000000000e+00,-1.729432569375077833e-14
4.000000000000000000e+00,3.910000000000000455e+03,2.734723952496297406e-01,0.000000000000000000e+00,6.515807364629921938e-03,1.111658030847876980e-08,0.000000000000000000e+00,1.111658030847876980e-08,1.111658030707209126e-08,6.514637060585597508e-03,2.734723952496296850e-01,2.834341647911072555e-06,0.000000000000000000e+00,-1.729432569375077833e-14
4.000000000000000000e+00,3.915000000000000455e+03,2.734724502711349259e-01,0.000000000000000000e+00,6.515862386135107265e-03,1.089214666671281415e-08,0.000000000000000000e+00,1.089214666671281415e-08,1.089214666580483950e-08,6.514692082403029591e-03,2.734724502711353700e-01,2.834342218168791385e-06,0.000000000000000000e+00,-1.729432569375077833e-14
4.000000000000000000e+00,3.920000000000000455e+03,2.734725041723364836e-01,0.000000000000000000e+00,6.515916287336664947e-03,1.066848310694639985e-08,0.000000000000000000e+00,1.066848310694639985e-08,1.066848310622461363e-08,6.514745983977460013e-03,2.734725041723366501e-01,2.834342776815378763e-06,0.000000000000000000e+00,-1.729432569375077833e-14
4.000000000000000000e+00,3.925000000000000455e+03,2.734725569573583925e-01,0.000000000000000000e+00,6.515969072358573921e-03,1.044569584376766014e-08,0.000000000000000000e+00,1.044569584376766014e-08,1.044569584216774725e-08,6.514798769424830736e-03,2.734725569573586701e-01,2.834343323893577240e-06,0.000000000000000000e+00,-1.729432569375077833e-14
4.000000000000000000e+00,3.930000000000000455e+03,2.734726086310496074e-01,0.000000000000000000e+00,6.516020746049788759e-03,1.022398226228623397e-08,0.000000000000000000e+00,1.022398226228623397e-08,1.022398226020567952e-08,6.514850443620086827e-03,2.734726086310493853e-01,2.834343859453648059e-06,0.000000000000000000e+00,-1.729432569375077833e-14
4.000000000000000000e+00,3.935000000000000455e+03,2.734726591991510358e-01,0.000000000000000000e+00,6.516071314151217209e-03,1.000349900548254869e-08,0.000000000000000000e+00,1.000349900548254869e-08,1.000349900418896063e-08,6.514901012323247483e-03,2.734726591991508693e-01,2.834344383555086814e-06,0.000000000000000000e+00,-1.729432569375077833e-14
4.000000000000000000e+00,3.940000000000000455e+03,2.734727086685332931e-01,0.000000000000000000e+00,6.516120783533474459e-03,9.784624090886941815e-09,0.000000000000000000e+00,9.784624090886941815e-09,9.784624089368961166e-09,6.514950482630981442e-03,2.734727086685334596e-01,2.834344896269104412e-06,0.000000000000000000e+00,-1.729432569375077833e-14
4.000000000000000000e+00,3.945000000000000455e+03,2.734727570470006364e-01,0.000000000000000000e+00,6.516169162000817749e-03,9.567195185743863014e-09,0.000000000000000000e+00,9.567195185743863014e-09,9.567195184767283657e-09,6.514998862179166746e-03,2.734727570470004698e-01,2.834345397676585722e-06,0.000000000000000000e+00,-1.729432569375077833e-14
4.000000000000000000e+00,3.950000000000000455e+03,2.734728043435283862e-01,0.000000000000000000e+00,6.516216458528567568e-03,9.351790163592321234e-09,0.000000000000000000e+00,9.351790163592321234e-09,9.351790162314917794e-09,6.515046159642534467e-03,2.734728043435282197e-01,2.834345887870553598e-06,0.000000000000000000e+00,-1.729432569375077833e-14
4.000000000000000000e+00,3.955000000000000455e+03,2.734728505686124800e-01,0.000000000000000000e+00,6.516262683612661366e-03,9.138610924333559220e-09,0.000000000000000000e+00,9.138610924333559220e-09,9.138610923146520300e-09,6.515092385645248479e-03,2.734728505686123134e-01,2.834346366959791209e-06,0.000000000000000000e+00,-1.729432569375077833e-14
4.000000000000000000e+00,3.960000000000000455e+03,2.734728957338281585e-01,0.000000000000000000e+00,6.516307848828339910e-03,8.927878084407986046e-09,0.000000000000000000e+00,8.927878084407986046e-09,8.927878082987046918e-09,6.515137551867763999e-03,2.734728957338280475e-01,2.834346835064265951e-06,0.000000000000000000e+00,-1.729432569375077833e-14
4.000000000000000000e+00,3.965000000000000455e+03,2.734729398519945009e-01,0.000000000000000000e+00,6.516351966994682332e-03,8.719828704812759797e-09,0.000000000000000000e+00,8.719828704812759797e-09,8.719828703108580793e-09,6.515181671134728618e-03,2.734729398519942234e-01,2.834347292316836210e-06,0.000000000000000000e+00,-1.729432569375077833e-14
4.000000000000000000e+00,3.970000000000000455e+03,2.734729829370695087e-01,0.000000000000000000e+00,6.516395052069690053e-03,8.514691830479514300e-09,0.000000000000000000e+00,8.514691830479514300e-09,8.514691829118102397e-09,6.515224757436059201e-03,2.734729829370693976e-01,2.834347738862171827e-06,0.000000000000000000e+00,-1.729432569375077833e-14
4.000000000000000000e+00,3.975000000000000455e+03,2.734730250041639277e-01,0.000000000000000000e+00,6.516437119164109060e-03,8.312683019972038910e-09,0.000000000000000000e+00,8.312683019972038910e-09,8.312683018913009497e-09,6.515266825873179332e-03,2.734730250041639832e-01,2.834348174856885382e-06,0.000000000000000000e+00,-1.729432569375077833e-14
4.000000000000000000e+00,3.980000000000000455e+03,2.734730660695258719e-01,0.000000000000000000e+00,6.516478184526053319e-03,8.114031293504381382e-09,0.000000000000000000e+00,8.114031293504381382e-09,8.114031292206351367e-09,6.515307892658957732e-03,2.734730660695259274e-01,2.834348600469368719e-06,0.000000000000000000e+00,-1.729432569375077833e-14
4.000000000000000000e+00,3.985000000000000455e+03,2.734731061502782001e-01,0.000000000000000000e+00,6.516518265278381516e-03,7.918867056622961641e-09,0.000000000000000000e+00,7.918867056622961641e-09,7.918867054921249289e-09,6.515347974904825597e-03,2.734731061502778671e-01,2.834349015877093027e-06,0.000000000000000000e+00,-1.729432569375077833e-14
4.000000000000000000e+00,3.990000000000000455e+03,2.734731452644223459e-01,0.000000000000000000e+00,6.516557379422527330e-03,7.727377292465365463e-09,0.000000000000000000e+00,7.727377292465365463e-09,7.727377291120250673e-09,6.515387090515690517e-03,2.734731452644219574e-01,2.834349421266629597e-06,0.000000000000000000e+00,-1.729432569375077833e-14
4.000000000000000000e+00,3.995000000000000455e+03,2.734731834307077003e-01,0.000000000000000000e+00,6.516595545707881687e-03,7.539732908552244416e-09,0.000000000000000000e+00,7.539732908552244416e-09,7.539732907685686698e-09,6.515425258291187086e-03,2.734731834307075338e-01,2.834349816832303454e-06,0.000000000000000000e+00,-1.729432569375077833e-14
4.000000000000000000e+00,4.000000000000000455e+03,2.734732206684861167e-01,0.000000000000000000e+00,6.516632783486298042e-03,7.355997975760301001e-09,0.000000000000000000e+00,7.355997975760301001e-09,7.355997974611060098e-09,6.515462497618393183e-03,2.734732206684861722e-01,2.834350202774680568e-06,0.000000000000000000e+00,-1.729432569375077833e-14
4.000000000000000000e+00,4.005000000000000455e+03,2.734732569976333627e-01,0.000000000000000000e+00,6.516669112633544092e-03,7.176292494427570222e-09,0.000000000000000000e+00,7.176292494427570222e-09,7.176292492599659887e-09,6.515498828344561122e-03,2.734732569976334737e-01,2.834350579299758079e-06,0.000000000000000000e+00,-1.729432569375077833e-14
4.000000000000000000e+00,4.010000000000000455e+03,2.734732924384525310e-01,0.000000000000000000e+00,6.516704553452712378e-03,7.000698461486301073e-09,0.000000000000000000e+00,7.000698461486301073e-09,7.000698460087873666e-09,6.515534270821942905e-03,2.734732924384523090e-01,2.834350946617964807e-06,0.000000000000000000e+00,-1.729432569375077833e-14
4.000000000000000000e+00,4.015000000000000455e+03,2.734733270115562997e-01,0.000000000000000000e+00,6.516739126556481132e-03,6.829246705563132434e-09,0.000000000000000000e+00,6.829246705563132434e-09,6.829246703957181127e-09,6.515568845684853103e-03,2.734733270115564108e-01,2.834351304942936014e-06,0.000000000000000000e+00,-1.729432569375077833e-14
4.000000000000000000e+00,4.020000000000000455e+03,2.734733607377266007e-01,0.000000000000000000e+00,6.516772852726782084e-03,6.661915835052286337e-09,0.000000000000000000e+00,6.661915835052286337e-09,6.661915833704787613e-09,6.515602573591196787e-03,2.734733607377269893e-01,2.834351654490060742e-06,0.000000000000000000e+00,-1.729432569375077833e-14
4.000000000000000000e+00,4.025000000000000455e+03,2.734733936378863084e-01,0.000000000000000000e+00,6.516805752886489778e-03,6.498825094742582792e-09,0.000000000000000000e+00,6.498825094742582792e-09,6.498825093143952033e-09,6.515635475443514076e-03,2.734733936378864194e-01,2.834351995476186626e-06,0.000000000000000000e+00,-1.729432569375077833e-14
4.000000000000000000e+00,4.030000000000000455e+03,2.734734257329770046e-01,0.000000000000000000e+00,6.516837847977186016e-03,6.339927454458152011e-09,0.000000000000000000e+00,6.339927454458152011e-09,6.339927453088695777e-09,6.515667572324879489e-03,2.734734257329767271e-01,2.834352328118360354e-06,0.000000000000000000e+00,-1.729432569375077833e-14
4.000000000000000000e+00,4.035000000000000455e+03,2.734734570439071311e-01,0.000000000000000000e+00,6.516869158907312443e-03,6.185178566348154735e-09,0.000000000000000000e+00,6.185178566348154735e-09,6.185178564644329764e-09,6.515698885089924418e-03,2.734734570439071866e-01,2.834352652633285140e-06,0.000000000000000000e+00,-1.729432569375077833e-14
4.000000000000000000e+00,4.040000000000000455e+03,2.734734875914825447e-01,0.000000000000000000e+00,6.516899706482726096e-03,6.034533091110083163e-09,0.000000000000000000e+00,6.034533091110083163e-09,6.034533089748188187e-09,6.515729434369060304e-03,2.734734875914826002e-01,2.834352969236591008e-06,0.000000000000000000e+00,-1.729432569375077833e-14
4.000000000000000000e+00,4.045000000000000455e+03,2.734735173963275812e-01,0.000000000000000000e+00,6.516929511327762548e-03,5.888053833323561710e-09,0.000000000000000000e+00,5.888053833323561710e-09,5.888053831716529278e-09,6.515759240836364180e-03,2.734735173963277477e-01,2.834353278142042818e-06,0.000000000000000000e+00,-1.729432569375077833e-14
4.000000000000000000e+00,4.050000000000000455e+03,2.734735464788382031e-01,0.000000000000000000e+00,6.516958593838384495e-03,5.745639345143426398e-09,0.000000000000000000e+00,5.745639345143426398e-09,5.745639343893257053e-09,6.515788325069302861e-03,2.734735464788383696e-01,2.834353579561026110e-06,0.000000000000000000e+00,-1.729432569375077833e-14
4.000000000000000000e+00,4.055000000000000455e+03,2.734735748591375915e-01,0.000000000000000000e+00,6.516986974137772837e-03,5.607186553151311724e-09,0.000000000000000000e+00,5.607186553151311724e-09,5.607186551520404378e-09,6.515816707134041222e-03,2.734735748591378135e-01,2.834353873702102420e-06,0.000000000000000000e+00,-1.729432569375077833e-14
4.000000000000000000e+00,4.060000000000000455e+03,2.734736025570290163e-01,0.000000000000000000e+00,6.517014672029197708e-03,5.472607933755732371e-09,0.000000000000000000e+00,5.472607933755732371e-09,5.472607932235719339e-09,6.515844406620251161e-03,2.734736025570291829e-01,2.834354160770517994e-06,0.000000000000000000e+00,-1.729432569375077833e-14
4.000000000000000000e+00,4.065000000000000455e+03,2.734736295919645288e-01,0.000000000000000000e+00,6.517041706964710190e-03,5.341962093303015350e-09,0.000000000000000000e+00,5.341962093303015350e-09,5.341962091571081127e-09,6.515871443045309977e-03,2.734736295919646953e-01,2.834354440967877687e-06,0.000000000000000000e+00,-1.729432569375077833e-14
4.000000000000000000e+00,4.070000000000000455e+03,2.734736559830124314e-01,0.000000000000000000e+00,6.517068098012612776e-03,5.215107985312553311e-09,0.000000000000000000e+00,5.215107985312553311e-09,5.215107983636744120e-09,6.515897835720498542e-03,2.734736559830124869e-01,2.834354714491815883e-06,0.000000000000000000e+00,-1.729432569375077833e-14
4.000000000000000000e+00,4.075000000000000455e+03,2.734736817488501170e-01,0.000000000000000000e+00,6.517093863850298430e-03,5.091889233050119284e-09,0.000000000000000000e+00,5.091889233050119284e-09,5.091889231581082912e-09,6.515923603213536267e-03,2.734736817488497285e-01,2.834354981535906293e-06,0.000000000000000000e+00,-1.729432569375077833e-14
4.000000000000000000e+00,4.080000000000000455e+03,2.734737069077321503e-01,0.000000000000000000e+00,6.517119022732331679e-03,4.972184830094736476e-09,0.000000000000000000e+00,4.972184830094736476e-09,4.972184828450104549e-09,6.515948763398686852e-03,2.734737069077319838e-01,2.834355242289343466e-06,0.000000000000000000e+00,-1.729432569375077833e-14
4.000000000000000000e+00,4.085000000000000455e+03,2.734737314774757233e-01,0.000000000000000000e+00,6.517143592475904690e-03,4.856041484450063044e-09,0.000000000000000000e+00,4.856041484450063044e-09,4.856041483570528516e-09,6.515973333964466749e-03,2.734737314774756123e-01,2.834355496936791173e-06,0.000000000000000000e+00,-1.729432569375077833e-14
4.000000000000000000e+00,4.090000000000000455e+03,2.734737554754453903e-01,0.000000000000000000e+00,6.517167590445571701e-03,4.743569107391813454e-09,0.000000000000000000e+00,4.743569107391813454e-09,4.743569105732681879e-09,6.515997332990939445e-03,2.734737554754452238e-01,2.834355745658220198e-06,0.000000000000000000e+00,-1.729432569375077833e-14
4.000000000000000000e+00,4.095000000000000455e+03,2.734737789185739398e-01,0.000000000000000000e+00,6.517191033574121217e-03,4.634329760317635936e-09,0.000000000000000000e+00,4.634329760317635936e-09,4.634329758631673103e-09,6.516020777738100456e-03,2.734737789185739953e-01,2.834355988629126874e-06,0.000000000000000000e+00,-1.729432569375077833e-14
4.000000000000000000e+00,4.100000000000000000e+03,2.734738018232990009e-01,0.000000000000000000e+00,6.517213938299182274e-03,4.528199706122705740e-09,0.000000000000000000e+00,4.528199706122705740e-09,4.528199704785940511e-09,6.516043684061759503e-03,2.734738018232990009e-01,2.834356226019872397e-06,0.000000000000000000e+00,-1.729432569375077833e-14
4.000000000000000000e+00,4.105000000000000000e+03,2.734738242056407032e-01,0.000000000000000000e+00,6.517236320640884539e-03,4.425229118321827387e-09,0.000000000000000000e+00,4.425229118321827387e-09,4.425229117131674131e-09,6.516066067633814393e-03,2.734738242056407587e-01,2.834356457996500212e-06,0.000000000000000000e+00,-1.729432569375077833e-14
4.000000000000000000e+00,4.110000000000000000e+03,2.734738460811220184e-01,0.000000000000000000e+00,6.517258196122199809e-03,4.325297462143644556e-09,0.000000000000000000e+00,4.325297462143644556e-09,4.325297461079790199e-09,6.516087943950259372e-03,2.734738460811221850e-01,2.834356684719886438e-06,0.000000000000000000e+00,-1.729432569375077833e-14
4.000000000000000000e+00,4.115000000000000000e+03,2.734738674648234946e-01,0.000000000000000000e+00,6.517279579823676006e-03,4.228344166562618773e-09,0.000000000000000000e+00,4.228344166562618773e-09,4.228344165169497729e-09,6.516109328054324988e-03,2.734738674648235501e-01,2.834356906346335338e-06,0.000000000000000000e+00,-1.729432569375077833e-14
4.000000000000000000e+00,4.120000000000000000e+03,2.734738883713804247e-01,0.000000000000000000e+00,6.517300486380606106e-03,4.134373638011904635e-09,0.000000000000000000e+00,4.134373638011904635e-09,4.134373636399048852e-09,6.516130234848828938e-03,2.734738883713801472e-01,2.834357123027528488e-06,0.000000000000000000e+00,-1.729432569375077833e-14
4.000000000000000000e+00,4.125000000000000000e+03,2.734739088149548691e-01,0.000000000000000000e+00,6.517320929955050524e-03,4.043382377851357004e-09,0.000000000000000000e+00,4.043382377851357004e-09,4.043382376223997435e-09,6.516150679238860537e-03,2.734739088149549247e-01,2.834357334910245263e-06,0.000000000000000000e+00,-1.729432569375077833e-14
4.000000000000000000e+00,4.130000000000000000e+03,2.734739288093133713e-01,0.000000000000000000e+00,6.517340924313552719e-03,3.955010523244370502e-09,0.000000000000000000e+00,3.955010523244370502e-09,3.955010522068285107e-09,6.516170675221106406e-03,2.734739288093134824e-01,2.834357542137170058e-06,0.000000000000000000e+00,-1.729432569375077833e-14
4.000000000000000000e+00,4.135000000000000000e+03,2.734739483677466332e-01,0.000000000000000000e+00,6.517360482746814565e-03,3.869115222006776335e-09,0.000000000000000000e+00,3.869115222006776335e-09,3.869115220206957053e-09,6.516190235535461624e-03,2.734739483677467442e-01,2.834357744846045677e-06,0.000000000000000000e+00,-1.729432569375077833e-14
4.000000000000000000e+00,4.140000000000000000e+03,2.734739675031652162e-01,0.000000000000000000e+00,6.517379618165397570e-03,3.785715667253802529e-09,0.000000000000000000e+00,3.785715667253802529e-09,3.785715665739597133e-09,6.516209372612677062e-03,2.734739675031651052e-01,2.834357943170683842e-06,0.000000000000000000e+00,-1.729432569375077833e-14
4.000000000000000000e+00,4.145000000000000000e+03,2.734739862280416989e-01,0.000000000000000000e+00,6.517398343041880260e-03,3.704688532018684469e-09,0.000000000000000000e+00,3.704688532018684469e-09,3.704688531313265256e-09,6.516228098623169304e-03,2.734739862280417544e-01,2.834358137240351100e-06,0.000000000000000000e+00,-1.729432569375077833e-14
4.000000000000000000e+00,4.150000000000000000e+03,2.734740045544475917e-01,0.000000000000000000e+00,6.517416669447773092e-03,3.626021271598065306e-09,0.000000000000000000e+00,3.626021271598065306e-09,3.626021270685852180e-09,6.516246425397674395e-03,2.734740045544477027e-01,2.834358327180163534e-06,0.000000000000000000e+00,-1.729432569375077833e-14
4.000000000000000000e+00,4.155000000000000000e+03,2.734740224940560016e-01,0.000000000000000000e+00,6.517434609056182993e-03,3.549794641470914064e-09,0.000000000000000000e+00,3.549794641470914064e-09,3.549794639856222766e-09,6.516264364937450829e-03,2.734740224940558906e-01,2.834358513111104130e-06,0.000000000000000000e+00,-1.729432569375077833e-14
4.000000000000000000e+00,4.160000000000000000e+03,2.734740400581539554e-01,0.000000000000000000e+00,6.517452173154136830e-03,3.476045782045358359e-09,0.000000000000000000e+00,3.476045782045358359e-09,3.476045780831162272e-09,6.516281929538502229e-03,2.734740400581542330e-01,2.834358695150151103e-06,0.000000000000000000e+00,-1.729432569375077833e-14
4.000000000000000000e+00,4.165000000000000000e+03,2.734740572576654927e-01,0.000000000000000000e+00,6.517469372665674054e-03,3.404360703691802028e-09,0.000000000000000000e+00,3.404360703691802028e-09,3.404360702120184507e-09,6.516299130554709974e-03,2.734740572576649931e-01,2.834358873410527348e-06,0.000000000000000000e+00,-1.729432569375077833e-14
4.000000000000000000e+00,4.170000000000000000e+03,2.734740741031357336e-01,0.000000000000000000e+00,6.517486218135914999e-03,3.334588002717027692e-09,0.000000000000000000e+00,3.334588002717027692e-09,3.334588001792097492e-09,6.516315977926469792e-03,2.734740741031360667e-01,2.834359048001524254e-06,0.000000000000000000e+00,-1.729432569375077833e-14
4.000000000000000000e+00,4.175000000000000000e+03,2.734740906047875564e-01,0.000000000000000000e+00,6.517502719787737764e-03,3.266783844592910743e-09,0.000000000000000000e+00,3.266783844592910743e-09,3.266783843254954788e-09,6.516332481356082278e-03,2.734740906047873898e-01,2.834359219029093785e-06,0.000000000000000000e+00,-1.729432569375077833e-14
4.000000000000000000e+00,4.180000000000000000e+03,2.734741067724892338e-01,0.000000000000000000e+00,6.517518887489415214e-03,3.200753350883846174e-09,0.000000000000000000e+00,3.200753350883846174e-09,3.200753349537792120e-09,6.516348650199064660e-03,2.734741067724895114e-01,2.834359386595513051e-06,0.000000000000000000e+00,-1.729432569375077833e-14
4.000000000000000000e+00,4.185000000000000000e+03,2.734741226157700322e-01,0.000000000000000000e+00,6.517534730770213613e-03,3.136545379328807024e-09,0.000000000000000000e+00,3.136545379328807024e-09,3.136545377756069500e-09,6.516364493445882429e-03,2.734741226157701988e-01,2.834359550799549484e-06,0.000000000000000000e+00,-1.729432569375077833e-14
4.000000000000000000e+00,4.190000000000000000e+03,2.734741381438311469e-01,0.000000000000000000e+00,6.517550258831328325e-03,3.074365316154994273e-09,0.000000000000000000e+00,3.074365316154994273e-09,3.074365315451610752e-09,6.516380020722615900e-03,2.734741381438313135e-01,2.834359711736557816e-06,0.000000000000000000e+00,-1.729432569375077833e-14
4.000000000000000000e+00,4.195000000000000000e+03,2.734741533655706269e-01,0.000000000000000000e+00,6.517565480570808312e-03,3.014282317264784256e-09,0.000000000000000000e+00,3.014282317264784256e-09,3.014282315682915899e-09,6.516395242341693067e-03,2.734741533655706824e-01,2.834359869498771465e-06,0.000000000000000000e+00,-1.729432569375077833e-14
4.000000000000000000e+00,4.200000000000000000e+03,2.734741682895869830e-01,0.000000000000000000e+00,6.517580404587164367e-03,2.955808606499894594e-09,0.000000000000000000e+00,2.955808606499894594e-09,2.955808605070294471e-09,6.516410167568995396e-03,2.734741682895870940e-01,2.834360024175301262e-06,0.000000000000000000e+00,-1.729432569375077833e-14
4.000000000000000000e+00,4.205000000000000000e+03,2.734741829241807975e-01,0.000000000000000000e+00,6.517595039180978933e-03,2.898819889454077599e-09,0.000000000000000000e+00,2.898819889454077599e-09,2.898819888148389959e-09,6.516424804140228191e-03,2.734741829241807975e-01,2.834360175852179920e-06,0.000000000000000000e+00,-1.729432569375077833e-14
4.000000000000000000e+00,4.210000000000000000e+03,2.734741972774138441e-01,0.000000000000000000e+00,6.517609392414025482e-03,2.843341565856355343e-09,0.000000000000000000e+00,2.843341565856355343e-09,2.843341565338581225e-09,6.516439159543862235e-03,2.734741972774138996e-01,2.834360324612954533e-06,0.000000000000000000e+00,-1.729432569375077833e-14
4.000000000000000000e+00,4.215000000000000000e+03,2.734742113570657329e-01,0.000000000000000000e+00,6.517623472065914303e-03,2.789093433528448204e-09,0.000000000000000000e+00,2.789093433528448204e-09,2.789093431995713548e-09,6.516453240631355295e-03,2.734742113570655664e-01,2.834360470538264756e-06,0.000000000000000000e+00,-1.729432569375077833e-14
4.000000000000000000e+00,4.220000000000000000e+03,2.734742251706342442e-01,0.000000000000000000e+00,6.517637285634425570e-03,2.736214130348818753e-09,0.000000000000000000e+00,2.736214130348818753e-09,2.736214128619944685e-09,6.516467053900257267e-03,2.734742251706339666e-01,2.834360613705813580e-06,0.000000000000000000e+00,-1.729432569375077833e-14
4.000000000000000000e+00,4.225000000000000000e+03,2.734742387253573104e-01,0.000000000000000000e+00,6.517650840357491759e-03,2.685058661826019873e-09,0.000000000000000000e+00,2.685058661826019873e-09,2.685058660183379384e-09,6.516480607082228947e-03,2.734742387253571438e-01,2.834360754190620171e-06,0.000000000000000000e+00,-1.729432569375077833e-14
4.000000000000000000e+00,4.230000000000000000e+03,2.734742520282428258e-01,0.000000000000000000e+00,6.517664143243007135e-03,2.635734516550730289e-09,0.000000000000000000e+00,2.635734516550730289e-09,2.635734515121927155e-09,6.516493909065166831e-03,2.734742520282429368e-01,2.834360892065312100e-06,0.000000000000000000e+00,-1.729432569375077833e-14
4.000000000000000000e+00,4.235000000000000000e+03,2.734742650860493840e-01,0.000000000000000000e+00,6.517677201049565383e-03,2.587684368047737669e-09,0.000000000000000000e+00,2.587684368047737669e-09,2.587684366888994116e-09,6.516506967612372206e-03,2.734742650860488289e-01,2.834361027399939838e-06,0.000000000000000000e+00,-1.729432569375077833e-14
4.000000000000000000e+00,4.240000000000000000e+03,2.734742779053047634e-01,0.000000000000000000e+00,6.517690020304944820e-03,2.540846391589704876e-09,0.000000000000000000e+00,2.540846391589704876e-09,2.540846390717275830e-09,6.516519788939266478e-03,2.734742779053047079e-01,2.834361160262160141e-06,0.000000000000000000e+00,-1.729432569375077833e-14
4.000000000000000000e+00,4.245000000000000000e+03,2.734742904923905815e-01,0.000000000000000000e+00,6.517702607390762903e-03,2.495130064299583602e-09,0.000000000000000000e+00,2.495130064299583602e-09,2.495130062964250637e-09,6.516532378880400371e-03,2.734742904923906925e-01,2.834361290718112307e-06,0.000000000000000000e+00,-1.729432569375077833e-14
4.000000000000000000e+00,4.250000000000000000e+03,2.734743028534519782e-01,0.000000000000000000e+00,6.517714968452159585e-03,2.450124627987438923e-09,0.000000000000000000e+00,2.450124627987438923e-09,2.450124626823277337e-09,6.516544742017124810e-03,2.734743028534517562e-01,2.834361418831483049e-06,0.000000000000000000e+00,-1.729432569375077833e-14
4.000000000000000000e+00,4.255000000000000000e+03,2.734743149944013352e-01,0.000000000000000000e+00,6.517727109401516561e-03,2.406102826368970539e-09,0.000000000000000000e+00,2.406102826368970539e-09,2.406102825537714822e-09,6.516556882585755953e-03,2.734743149944010576e-01,2.834361544663557742e-06,0.000000000000000000e+00,-1.729432569375077833e-14
4.000000000000000000e+00,4.260000000000000000e+03,2.734743269209540806e-01,0.000000000000000000e+00,6.517739035954261961e-03,2.363582800551252892e-09,0.000000000000000000e+00,2.363582800551252892e-09,2.363582799337581651e-09,6.516568806799818286e-03,2.734743269209541916e-01,2.834361668273564741e-06,0.000000000000000000e+00,-1.729432569375077833e-14
4.000000000000000000e+00,4.265000000000000000e+03,2.734743386386476183e-01,0.000000000000000000e+00,6.517750753647799655e-03,2.322711041707867213e-09,0.000000000000000000e+00,2.322711041707867213e-09,2.322711040383967538e-09,6.516580522534417760e-03,2.734743386386474517e-01,2.834361789718901540e-06,0.000000000000000000e+00,-1.729432569375077833e-14
4.000000000000000000e+00,4.270000000000000000e+03,2.734743501528021370e-01,0.000000000000000000e+00,6.517762267802318377e-03,2.282904631827479574e-09,0.000000000000000000e+00,2.282904631827479574e-09,2.282904630697365155e-09,6.516592036573594718e-03,2.734743501528018594e-01,2.834361909054704902e-06,0.000000000000000000e+00,-1.729432569375077833e-14
4.000000000000000000e+00,4.275000000000000000e+03,2.734743614685651858e-01,0.000000000000000000e+00,6.517773583565367179e-03,2.244219767984494552e-09,0.000000000000000000e+00,2.244219767984494552e-09,2.244219766860702689e-09,6.516603354384588667e-03,2.734743614685653523e-01,2.834362026334326043e-06,0.000000000000000000e+00,-1.729432569375077833e-14
4.000000000000000000e+00,4.280000000000000000e+03,2.734743725910331325e-01,0.000000000000000000e+00,6.517784706033313835e-03,2.206311473076405609e-09,0.000000000000000000e+00,2.206311473076405609e-09,2.206311471678742930e-09,6.516614480712685370e-03,2.734743725910334100e-01,2.834362141610581279e-06,0.000000000000000000e+00,-1.729432569375077833e-14
4.000000000000000000e+00,4.285000000000000000e+03,2.734743835250855737e-01,0.000000000000000000e+00,6.517795640085755071e-03,2.168587156723277051e-09,0.000000000000000000e+00,2.168587156723277051e-09,2.168587155291537426e-09,6.516625417959252993e-03,2.734743835250852406e-01,2.834362254934046949e-06,0.000000000000000000e+00,-1.729432569375077833e-14
4.000000000000000000e+00,4.290000000000000000e+03,2.734743942754125356e-01,0.000000000000000000e+00,6.517806390412717032e-03,2.131512624998306165e-09,0.000000000000000000e+00,2.131512624998306165e-09,2.131512623796698526e-09,6.516636168208700571e-03,2.734743942754126467e-01,2.834362366353336389e-06,0.000000000000000000e+00,-1.729432569375077833e-14
4.000000000000000000e+00,4.295000000000000000e+03,2.734744048465650446e-01,0.000000000000000000e+00,6.517816961565225942e-03,2.095744677226912778e-09,0.000000000000000000e+00,2.095744677226912778e-09,2.095744675930395262e-09,6.516646736351949971e-03,2.734744048465653776e-01,2.834362475915613243e-06,0.000000000000000000e+00,-1.729432569375077833e-14
4.000000000000000000e+00,4.300000000000000000e+03,2.734744152429460229e-01,0.000000000000000000e+00,6.517827357946204270e-03,2.061470725506472494e-09,0.000000000000000000e+00,2.061470725506472494e-09,2.061470723906212189e-09,6.516657129390449228e-03,2.734744152429460229e-01,2.834362583666508445e-06,0.000000000000000000e+00,-1.729432569375077833e-14
4.000000000000000000e+00,4.305000000000000000e+03,2.734744254687478948e-01,0.000000000000000000e+00,6.517837583748076202e-03,2.028198563334608532e-09,0.000000000000000000e+00,2.028198563334608532e-09,2.028198561922209217e-09,6.516667353563663882e-03,2.734744254687478393e-01,2.834362689649476055e-06,0.000000000000000000e+00,-1.729432569375077833e-14
4.000000000000000000e+00,4.310000000000000000e+03,2.734744355280470662e-01,0.000000000000000000e+00,6.517847643047247619e-03,1.996181679615304007e-09,0.000000000000000000e+00,1.996181679615304007e-09,1.996181677914035851e-09,6.516677414514263425e-03,2.734744355280472883e-01,2.834362793906765232e-06,0.000000000000000000e+00,-1.729432569375077833e-14
4.000000000000000000e+00,4.315000000000000000e+03,2.734744454249631862e-01,0.000000000000000000e+00,6.517857539963367586e-03,1.964621725889556975e-09,0.000000000000000000e+00,1.964621725889556975e-09,1.964621724043966895e-09,6.516687316522768239e-03,2.734744454249629642e-01,2.834362896481071939e-06,0.000000000000000000e+00,-1.729432569375077833e-14
4.000000000000000000e+00,4.320000000000000000e+03,2.734744551633943033e-01,0.000000000000000000e+00,6.517867278394484654e-03,1.932702023938347577e-09,0.000000000000000000e+00,1.932702023938347577e-09,1.932702022707389502e-09,6.516697059832135021e-03,2.734744551633939702e-01,2.834362997412796685e-06,0.000000000000000000e+00,-1.729432569375077833e-14
4.000000000000000000e+00,4.325000000000000000e+03,2.734744647470946921e-01,0.000000000000000000e+00,6.517876862094873491e-03,1.901140840886204842e-09,0.000000000000000000e+00,1.901140840886204842e-09,1.901140839824009809e-09,6.516706644439291575e-03,2.734744647470946366e-01,2.834363096740852164e-06,0.000000000000000000e+00,-1.729432569375077833e-14
4.000000000000000000e+00,4.330000000000000000e+03,2.734744741797352496e-01,0.000000000000000000e+00,6.517886294735431019e-03,1.870630814902821780e-09,0.000000000000000000e+00,1.870630814902821780e-09,1.870630813285786667e-09,6.516716073868424053e-03,2.734744741797353051e-01,2.834363194503283706e-06,0.000000000000000000e+00,-1.729432569375077833e-14
4.000000000000000000e+00,4.335000000000000000e+03,2.734744834648572542e-01,0.000000000000000000e+00,6.517895579857435617e-03,1.841410756719517938e-09,0.000000000000000000e+00,1.841410756719517938e-09,1.841410755242645270e-09,6.516725353972345480e-03,2.734744834648573653e-01,2.834363290736793674e-06,0.000000000000000000e+00,-1.729432569375077833e-14
4.000000000000000000e+00,4.340000000000000000e+03,2.734744926058022552e-01,0.000000000000000000e+00,6.517904720802436547e-03,1.813304671663737580e-09,0.000000000000000000e+00,1.813304671663737580e-09,1.813304670389519820e-09,6.516734490760909930e-03,2.734744926058020331e-01,2.834363385476009621e-06,0.000000000000000000e+00,-1.729432569375077833e-14
4.000000000000000000e+00,4.345000000000000000e+03,2.734745016058606204e-01,0.000000000000000000e+00,6.517913720860801785e-03,1.786631258157371320e-09,0.000000000000000000e+00,1.786631258157371320e-09,1.786631256704369431e-09,6.516743490600727766e-03,2.734745016058605094e-01,2.834363478755041987e-06,0.000000000000000000e+00,-1.729432569375077833e-14
4.000000000000000000e+00,4.350000000000000000e+03,2.734745104682770878e-01,0.000000000000000000e+00,6.517922583277269144e-03,1.760149760964249127e-09,0.000000000000000000e+00,1.760149760964249127e-09,1.760149759487230462e-09,6.516752357553268031e-03,2.734745104682770878e-01,2.834363570607517557e-06,0.000000000000000000e+00,-1.729432569375077833e-14
4.000000000000000000e+00,4.355000000000000000e+03,2.734745191961482358e-01,0.000000000000000000e+00,6.517931311148417173e-03,1.733190981035144686e-09,0.000000000000000000e+00,1.733190981035144686e-09,1.733190979577991384e-09,6.516761090905115288e-03,2.734745191961482358e-01,2.834363661065529138e-06,0.000000000000000000e+00,-1.729432569375077833e-14
4.000000000000000000e+00,4.360000000000000000e+03,2.734745277925726414e-01,0.000000000000000000e+00,6.517939907572822822e-03,1.706325022631467274e-09,0.000000000000000000e+00,1.706325022631467274e-09,1.706325021300571305e-09,6.516769689695118238e-03,2.734745277925722529e-01,2.834363750161187327e-06,0.000000000000000000e+00,-1.729432569375077833e-14
4.000000000000000000e+00,4.365000000000000000e+03,2.734745362605394692e-01,0.000000000000000000e+00,6.517948375539650563e-03,1.679277150115562650e-09,0.000000000000000000e+00,1.679277150115562650e-09,1.679277149173127861e-09,6.516778153700544460e-03,2.734745362605393026e-01,2.834363837925477435e-06,0.000000000000000000e+00,-1.729432569375077833e-14
4.000000000000000000e+00,4.370000000000000000e+03,2.734745446027805893e-01,0.000000000000000000e+00,6.517956717780770681e-03,1.653668461912070899e-09,0.000000000000000000e+00,1.653668461912070899e-09,1.653668460942837526e-09,6.516786486064569776e-03,2.734745446027805893e-01,2.834363924386714927e-06,0.000000000000000000e+00,-1.729432569375077833e-14
4.000000000000000000e+00,4.375000000000000000e+03,2.734745528220335897e-01,0.000000000000000000e+00,6.517964937033771111e-03,1.631051344903844351e-09,0.000000000000000000e+00,1.631051344903844351e-09,1.631051343602156129e-09,6.516794697864080992e-03,2.734745528220337007e-01,2.834364009573270748e-06,0.000000000000000000e+00,-1.729432569375077833e-14
4.000000000000000000e+00,4.380000000000000000e+03,2.734745609210672002e-01,0.000000000000000000e+00,6.517973036067381543e-03,1.608560475824577912e-09,0.000000000000000000e+00,1.608560475824577912e-09,1.608560474319802788e-09,6.516802796893625231e-03,2.734745609210672002e-01,2.834364093513838563e-06,0.000000000000000000e+00,-1.729432569375077833e-14
4.000000000000000000e+00,4.385000000000000000e+03,2.734745689024903337e-01,0.000000000000000000e+00,6.517981017490515061e-03,1.585062568815528210e-09,0.000000000000000000e+00,1.585062568815528210e-09,1.585062567048643745e-09,6.516810780951228649e-03,2.734745689024907223e-01,2.834364176235462439e-06,0.000000000000000000e+00,-1.729432569375077833e-14
4.000000000000000000e+00,4.390000000000000000e+03,2.734745767688409046e-01,0.000000000000000000e+00,6.517988883841085990e-03,1.562384994690478689e-09,0.000000000000000000e+00,1.562384994690478689e-09,1.562384993167361662e-09,6.516818649570129199e-03,2.734745767688410156e-01,2.834364257764442326e-06,0.000000000000000000e+00,-1.729432569375077833e-14
4.000000000000000000e+00,4.395000000000000000e+03,2.734745845226045358e-01,0.000000000000000000e+00,6.517996637604717147e-03,1.539510121640146238e-09,0.000000000000000000e+00,1.539510121640146238e-09,1.539510120419670816e-09,6.516826404307913406e-03,2.734745845226047023e-01,2.834364338126534378e-06,0.000000000000000000e+00,-1.729432569375077833e-14
4.000000000000000000e+00,4.400000000000000000e+03,2.734745921661703161e-01,0.000000000000000000e+00,6.518004281170497460e-03,1.517263104065086834e-09,0.000000000000000000e+00,1.517263104065086834e-09,1.517263103113527829e-09,6.516834046240971984e-03,2.734745921661701495e-01,2.834364417346514309e-06,0.000000000000000000e+00,-1.729432569375077833e-14
4.000000000000000000e+00,4.405000000000000000e+03,2.734745997018658281e-01,0.000000000000000000e+00,6.518011816866009500e-03,1.495907061224906826e-09,0.000000000000000000e+00,1.495907061224906826e-09,1.495907059741677068e-09,6.516841579166379565e-03,2.734745997018657726e-01,2.834364495448493335e-06,0.000000000000000000e+00,-1.729432569375077833e-14
4.000000000000000000e+00,4.410000000000000000e+03,2.734746071319429372e-01,0.000000000000000000e+00,6.518019246943118628e-03,1.475367818998148467e-09,0.000000000000000000e+00,1.475367818998148467e-09,1.475367817558073136e-09,6.516849007353572518e-03,2.734746071319431038e-01,2.834364572455814414e-06,0.000000000000000000e+00,-1.729432569375077833e-14
4.000000000000000000e+00,4.415000000000000000e+03,2.734746144585949446e-01,0.000000000000000000e+00,6.518026573595125939e-03,1.455716616720497759e-09,0.000000000000000000e+00,1.455716616720497759e-09,1.455716615373884324e-09,6.516856335064655399e-03,2.734746144585951111e-01,2.834364648391213181e-06,0.000000000000000000e+00,-1.729432569375077833e-14
4.000000000000000000e+00,4.420000000000000000e+03,2.734746216839981092e-01,0.000000000000000000e+00,6.518033798998290607e-03,1.435950699389619502e-09,0.000000000000000000e+00,1.435950699389619502e-09,1.435950698236082430e-09,6.516863564232939360e-03,2.734746216839978872e-01,2.834364723277239347e-06,0.000000000000000000e+00,-1.729432569375077833e-14
4.000000000000000000e+00,4.425000000000000000e+03,2.734746288102290479e-01,0.000000000000000000e+00,6.518040925229229288e-03,1.415907030359074687e-09,0.000000000000000000e+00,1.415907030359074687e-09,1.415907029354259727e-09,6.516870693877257863e-03,2.734746288102291589e-01,2.834364797135418983e-06,0.000000000000000000e+00,-1.729432569375077833e-14
4.000000000000000000e+00,4.430000000000000000e+03,2.734746358393010390e-01,0.000000000000000000e+00,6.518047954301220415e-03,1.395951901452049503e-09,0.000000000000000000e+00,1.395951901452049503e-09,1.395951899755624490e-09,6.516877723524580439e-03,2.734746358393012611e-01,2.834364869986615358e-06,0.000000000000000000e+00,-1.729432569375077833e-14
4.000000000000000000e+00,4.435000000000000000e+03,2.734746427731751806e-01,0.000000000000000000e+00,6.518054888175361938e-03,1.376359889900216083e-09,0.000000000000000000e+00,1.376359889900216083e-09,1.376359888953529793e-09,6.516884654304052477e-03,2.734746427731750695e-01,2.834364941851156417e-06,0.000000000000000000e+00,-1.729432569375077833e-14
4.000000000000000000e+00,4.440000000000000000e+03,2.734746496137468452e-01,0.000000000000000000e+00,6.518061728747026606e-03,1.358120820013816391e-09,0.000000000000000000e+00,1.358120820013816391e-09,1.358120818241449786e-09,6.516891490505820339e-03,2.734746496137471783e-01,2.834365012748688240e-06,0.000000000000000000e+00,-1.729432569375077833e-14
4.000000000000000000e+00,4.445000000000000000e+03,2.734746563628803750e-01,0.000000000000000000e+00,6.518068477880556433e-03,1.340909644270354368e-09,0.000000000000000000e+00,1.340909644270354368e-09,1.340909642866046120e-09,6.516898238081973542e-03,2.734746563628804861e-01,2.834365082698526567e-06,0.000000000000000000e+00,-1.729432569375077833e-14
4.000000000000000000e+00,4.450000000000000000e+03,2.734746630224080821e-01,0.000000000000000000e+00,6.518075137408263497e-03,1.323473060093025108e-09,0.000000000000000000e+00,1.323473060093025108e-09,1.323473058642940685e-09,6.516904899038726724e-03,2.734746630224080821e-01,2.834365151719666113e-06,0.000000000000000000e+00,-1.729432569375077833e-14
4.000000000000000000e+00,4.455000000000000000e+03,2.734746695940984962e-01,0.000000000000000000e+00,6.518081709098677567e-03,1.306148427081881043e-09,0.000000000000000000e+00,1.306148427081881043e-09,1.306148425719870055e-09,6.516911473092437852e-03,2.734746695940984962e-01,2.834365219830438364e-06,0.000000000000000000e+00,-1.729432569375077833e-14
4.000000000000000000e+00,4.460000000000000000e+03,2.734746760796828990e-01,0.000000000000000000e+00,6.518088194683080427e-03,1.288594028502079676e-09,0.000000000000000000e+00,1.288594028502079676e-09,1.288594026915677542e-09,6.516917959948569962e-03,2.734746760796828435e-01,2.834365287048785172e-06,0.000000000000000000e+00,-1.729432569375077833e-14
4.000000000000000000e+00,4.465000000000000000e+03,2.734746824808252930e-01,0.000000000000000000e+00,6.518094595825474347e-03,1.271400740925908302e-09,0.000000000000000000e+00,1.271400740925908302e-09,1.271400739463560926e-09,6.516924359935485390e-03,2.734746824808255150e-01,2.834365353391951704e-06,0.000000000000000000e+00,-1.729432569375077833e-14
4.000000000000000000e+00,4.470000000000000000e+03,2.734746887991538200e-01,0.000000000000000000e+00,6.518100914154001391e-03,1.254835522843808358e-09,0.000000000000000000e+00,1.254835522843808358e-09,1.254835521794303310e-09,6.516930675526138271e-03,2.734746887991536535e-01,2.834365418876811704e-06,0.000000000000000000e+00,-1.729432569375077833e-14
4.000000000000000000e+00,4.475000000000000000e+03,2.734746950362809126e-01,0.000000000000000000e+00,6.518107151281093969e-03,1.238962915226961908e-09,0.000000000000000000e+00,1.238962915226961908e-09,1.238962913514388054e-09,6.516936910022226928e-03,2.734746950362810236e-01,2.834365483520077979e-06,0.000000000000000000e+00,-1.729432569375077833e-14
4.000000000000000000e+00,4.480000000000000000e+03,2.734747011937575523e-01,0.000000000000000000e+00,6.518113308757733648e-03,1.224041972220080522e-09,0.000000000000000000e+00,1.224041972220080522e-09,1.224041971185741417e-09,6.516943067534438846e-03,2.734747011937577188e-01,2.834365547337825520e-06,0.000000000000000000e+00,-1.729432569375077833e-14
4.000000000000000000e+00,4.485000000000000000e+03,2.734747072730941975e-01,0.000000000000000000e+00,6.518119388094378852e-03,1.209032665044351866e-09,0.000000000000000000e+00,1.209032665044351866e-09,1.209032663648947183e-09,6.516949150221025902e-03,2.734747072730940309e-01,2.834365610345711308e-06,0.000000000000000000e+00,-1.729432569375077833e-14
4.000000000000000000e+00,4.490000000000000000e+03,2.734747132757613941e-01,0.000000000000000000e+00,6.518125390761575488e-03,1.193615364993183608e-09,0.000000000000000000e+00,1.193615364993183608e-09,1.193615363600804752e-09,6.516955156841093555e-03,2.734747132757614496e-01,2.834365672558972618e-06,0.000000000000000000e+00,-1.729432569375077833e-14
4.000000000000000000e+00,4.495000000000000000e+03,2.734747192031806162e-01,0.000000000000000000e+00,6.518131318180797606e-03,1.178064125820052213e-09,0.000000000000000000e+00,1.178064125820052213e-09,1.178064124595226235e-09,6.516961086039814097e-03,2.734747192031803387e-01,2.834365733992345282e-06,0.000000000000000000e+00,-1.729432569375077833e-14
4.000000000000000000e+00,4.500000000000000000e+03,2.734747250567463039e-01,0.000000000000000000e+00,6.518137171746485325e-03,1.162455504344754120e-09,0.000000000000000000e+00,1.162455504344754120e-09,1.162455503573067400e-09,6.516966937338885234e-03,2.734747250567463595e-01,2.834365794660275872e-06,0.000000000000000000e+00,-1.729432569375077833e-14
4.000000000000000000e+00,4.505000000000000000e+03,2.734747308378363551e-01,0.000000000000000000e+00,6.518142952836536441e-03,1.147985403619443402e-09,0.000000000000000000e+00,1.147985403619443402e-09,1.147985402434422595e-09,6.516972713441150124e-03,2.734747308378363551e-01,2.834365854577055102e-06,0.000000000000000000e+00,-1.729432569375077833e-14
4.000000000000000000e+00,4.510000000000000000e+03,2.734747365477798731e-01,0.000000000000000000e+00,6.518148662780054448e-03,1.134739455294571532e-09,0.000000000000000000e+00,1.134739455294571532e-09,1.134739454216946686e-09,6.516978420253291028e-03,2.734747365477797065e-01,2.834365913756447683e-06,0.000000000000000000e+00,-1.729432569375077833e-14
4.000000000000000000e+00,4.515000000000000000e+03,2.734747421878805929e-01,0.000000000000000000e+00,6.518154302880774242e-03,1.121538490715964246e-09,0.000000000000000000e+00,1.121538490715964246e-09,1.121538489412537912e-09,6.516984060948150144e-03,2.734747421878804818e-01,2.834365972211972683e-06,0.000000000000000000e+00,-1.729432569375077833e-14
4.000000000000000000e+00,4.520000000000000000e+03,2.734747477594074438e-01,0.000000000000000000e+00,6.518159874407625232e-03,1.108165593424572104e-09,0.000000000000000000e+00,1.108165593424572104e-09,1.108165591942557062e-09,6.516989635208353740e-03,2.734747477594076659e-01,2.834366029956778172e-06,0.000000000000000000e+00,-1.729432569375077833e-14
4.000000000000000000e+00,4.525000000000000000e+03,2.734747532635964373e-01,0.000000000000000000e+00,6.518165378596618709e-03,1.094381559919385893e-09,0.000000000000000000e+00,1.094381559919385893e-09,1.094381558402319072e-09,6.516995141576230159e-03,2.734747532635963818e-01,2.834366087003679334e-06,0.000000000000000000e+00,-1.729432569375077833e-14
4.000000000000000000e+00,4.530000000000000000e+03,2.734747587016560511e-01,0.000000000000000000e+00,6.518170816656232436e-03,1.080543367803234105e-09,0.000000000000000000e+00,1.080543367803234105e-09,1.080543366673584562e-09,6.517000578888542360e-03,2.734747587016562731e-01,2.834366143365193623e-06,0.000000000000000000e+00,-1.729432569375077833e-14
4.000000000000000000e+00,4.535000000000000000e+03,2.734747640747625663e-01,0.000000000000000000e+00,6.518176189762747708e-03,1.067268338348666075e-09,0.000000000000000000e+00,1.067268338348666075e-09,1.067268336302775450e-09,6.517005948417800218e-03,2.734747640747626218e-01,2.834366199053517465e-06,0.000000000000000000e+00,-1.729432569375077833e-14
4.000000000000000000e+00,4.540000000000000000e+03,2.734747693840768323e-01,0.000000000000000000e+00,6.518181499077013719e-03,1.054717193451710077e-09,0.000000000000000000e+00,1.054717193451710077e-09,1.054717192023349691e-09,6.517011253381620878e-03,2.734747693840768323e-01,2.834366254080682541e-06,0.000000000000000000e+00,-1.729432569375077833e-14
4.000000000000000000e+00,4.545000000000000000e+03,2.734747746307255589e-01,0.000000000000000000e+00,6.518186745725740305e-03,1.043436214988953272e-09,0.000000000000000000e+00,1.043436214988953272e-09,1.043436213772531655e-09,6.517016498765135571e-03,2.734747746307255589e-01,2.834366308458368163e-06,0.000000000000000000e+00,-1.729432569375077833e-14
4.000000000000000000e+00,4.550000000000000000e+03,2.734747798157956544e-01,0.000000000000000000e+00,6.518191930795835809e-03,1.032036768002002274e-09,0.000000000000000000e+00,1.032036768002002274e-09,1.032036766631180158e-09,6.517021687447586281e-03,2.734747798157958210e-01,2.834366362197830130e-06,0.000000000000000000e+00,-1.729432569375077833e-14
4.000000000000000000e+00,4.555000000000000000e+03,2.734747849403530440e-01,0.000000000000000000e+00,6.518197055353225355e-03,1.019968882669528681e-09,0.000000000000000000e+00,1.019968882669528681e-09,1.019968881129545649e-09,6.517026817461705514e-03,2.734747849403528219e-01,2.834366415310125609e-06,0.000000000000000000e+00,-1.729432569375077833e-14
4.000000000000000000e+00,4.560000000000000000e+03,2.734747900054498304e-01,0.000000000000000000e+00,6.518202120450011794e-03,1.007501485461463987e-09,0.000000000000000000e+00,1.007501485461463987e-09,1.007501484285393481e-09,6.517031886137619398e-03,2.734747900054499969e-01,2.834366467806155068e-06,0.000000000000000000e+00,-1.729432569375077833e-14
4.000000000000000000e+00,4.565000000000000000e+03,2.734747950121071414e-01,0.000000000000000000e+00,6.518207127107322751e-03,9.944442282336082812e-10,0.000000000000000000e+00,9.944442282336082812e-10,9.944442270403820496e-10,6.517036891001897619e-03,2.734747950121073634e-01,2.834366519696500489e-06,0.000000000000000000e+00,-1.729432569375077833e-14
4.000000000000000000e+00,4.570000000000000000e+03,2.734747999613461600e-01,0.000000000000000000e+00,6.518212076346341366e-03,9.825586055438316064e-10,0.000000000000000000e+00,9.825586055438316064e-10,9.825586038900742231e-10,6.517041833508974841e-03,2.734747999613462155e-01,2.834366570991749784e-06,0.000000000000000000e+00,-1.729432569375077833e-14
4.000000000000000000e+00,4.575000000000000000e+03,2.734748048541492116e-01,0.000000000000000000e+00,6.518216969149392970e-03,9.723583190880274837e-10,0.000000000000000000e+00,9.723583190880274837e-10,9.723583172218796908e-10,6.517046720801277469e-03,2.734748048541494891e-01,2.834366621702078783e-06,0.000000000000000000e+00,-1.729432569375077833e-14
4.000000000000000000e+00,4.580000000000000000e+03,2.734748096914569326e-01,0.000000000000000000e+00,6.518221806457114020e-03,9.623917519806264488e-10,0.000000000000000000e+00,9.623917519806264488e-10,9.623917503436426340e-10,6.517051557676446089e-03,2.734748096914573212e-01,2.834366671837241494e-06,0.000000000000000000e+00,-1.729432569375077833e-14
4.000000000000000000e+00,4.585000000000000000e+03,2.734748144741979692e-01,0.000000000000000000e+00,6.518226589198150567e-03,9.519950634909037457e-10,0.000000000000000000e+00,9.519950634909037457e-10,9.519950618518083456e-10,6.517056343643476760e-03,2.734748144741982467e-01,2.834366721406857247e-06,0.000000000000000000e+00,-1.729432569375077833e-14
4.000000000000000000e+00,4.590000000000000000e+03,2.734748192032868674e-01,0.000000000000000000e+00,6.518231318287048826e-03,9.407883316180045900e-10,0.000000000000000000e+00,9.407883316180045900e-10,9.407883304553323423e-10,6.517061075601958062e-03,2.734748192032868119e-01,2.834366770420408152e-06,0.000000000000000000e+00,-1.729432569375077833e-14
4.000000000000000000e+00,4.595000000000000000e+03,2.734748238796282926e-01,0.000000000000000000e+00,6.518235994628474028e-03,9.291961749472228551e-10,0.000000000000000000e+00,9.291961749472228551e-10,9.291961735995518702e-10,6.517065750563218185e-03,2.734748238796279596e-01,2.834366818887274675e-06,0.000000000000000000e+00,-1.729432569375077833e-14
4.000000000000000000e+00,4.600000000000000000e+03,2.734748285041101457e-01,0.000000000000000000e+00,6.518240619110327039e-03,9.180667769152440854e-10,0.000000000000000000e+00,9.180667769152440854e-10,9.180667752794362113e-10,6.517070368720590326e-03,2.734748285041100346e-01,2.834366866816650936e-06,0.000000000000000000e+00,-1.729432569375077833e-14
4.000000000000000000e+00,4.605000000000000000e+03,2.734748330775630953e-01,0.000000000000000000e+00,6.518245192563276724e-03,9.083744064678229138e-10,0.000000000000000000e+00,9.083744064678229138e-10,9.083744054310453840e-10,6.517074934823541797e-03,2.734748330775632064e-01,2.834366914217149989e-06,0.000000000000000000e+00,-1.729432569375077833e-14
4.000000000000000000e+00,4.610000000000000000e+03,2.734748376008181436e-01,0.000000000000000000e+00,6.518249715818325019e-03,9.002839572765195979e-10,0.000000000000000000e+00,9.002839572765195979e-10,9.002839557064807508e-10,6.517079456469444983e-03,2.734748376008181436e-01,2.834366961097387854e-06,0.000000000000000000e+00,-1.729432569375077833e-14
4.000000000000000000e+00,4.615000000000000000e+03,2.734748420746966335e-01,0.000000000000000000e+00,6.518254189696814915e-03,8.906725783817641322e-10,0.000000000000000000e+00,8.906725783817641322e-10,8.906725766494280029e-10,6.517083933860775939e-03,2.734748420746965780e-01,2.834367007465867893e-06,0.000000000000000000e+00,-1.729432569375077833e-14
4.000000000000000000e+00,4.620000000000000000e+03,2.734748464999993134e-01,0.000000000000000000e+00,6.518258614999494771e-03,8.802435125014021074e-10,0.000000000000000000e+00,8.802435125014021074e-10,8.802435109531132508e-10,6.517088361150994401e-03,2.734748464999994244e-01,2.834367053330898230e-06,0.000000000000000000e+00,-1.729432569375077833e-14
4.000000000000000000e+00,4.625000000000000000e+03,2.734748508775183273e-01,0.000000000000000000e+00,6.518262992518508714e-03,8.700760830790522062e-10,0.000000000000000000e+00,8.700760830790522062e-10,8.700760821401815314e-10,6.517092736949977108e-03,2.734748508775184384e-01,2.834367098700686615e-06,0.000000000000000000e+00,-1.729432569375077833e-14
4.000000000000000000e+00,4.630000000000000000e+03,2.734748552080404904e-01,0.000000000000000000e+00,6.518267323040671801e-03,8.609468585764774645e-10,0.000000000000000000e+00,8.609468585764774645e-10,8.609468569736238455e-10,6.517097064507325170e-03,2.734748552080403239e-01,2.834367143583385738e-06,0.000000000000000000e+00,-1.729432569375077833e-14
4.000000000000000000e+00,4.635000000000000000e+03,2.734748594923117615e-01,0.000000000000000000e+00,6.518271607311942883e-03,8.526131126878683044e-10,0.000000000000000000e+00,8.526131126878683044e-10,8.526131109786002778e-10,6.517101348407244865e-03,2.734748594923117615e-01,2.834367187986730705e-06,0.000000000000000000e+00,-1.729432569375077833e-14
4.000000000000000000e+00,4.640000000000000000e+03,2.734748637310446817e-01,0.000000000000000000e+00,6.518275846044863098e-03,8.436288622280625753e-10,0.000000000000000000e+00,8.436288622280625753e-10,8.436288606092834548e-10,6.517105589012173704e-03,2.734748637310447927e-01,2.834367231918100020e-06,0.000000000000000000e+00,-1.729432569375077833e-14
4.000000000000000000e+00,4.645000000000000000e+03,2.734748679249634495e-01,0.000000000000000000e+00,6.518280039963630923e-03,8.343913351069982958e-10,0.000000000000000000e+00,8.343913351069982958e-10,8.343913338404869638e-10,6.517109784062660380e-03,2.734748679249633385e-01,2.834367275385002630e-06,0.000000000000000000e+00,-1.729432569375077833e-14
4.000000000000000000e+00,4.650000000000000000e+03,2.734748720747849915e-01,0.000000000000000000e+00,6.518284189785172877e-03,8.249862903232076701e-10,0.000000000000000000e+00,8.249862903232076701e-10,8.249862888429715828e-10,6.517113932506716535e-03,2.734748720747851025e-01,2.834367318394876331e-06,0.000000000000000000e+00,-1.729432569375077833e-14
4.000000000000000000e+00,4.655000000000000000e+03,2.734748761812378914e-01,0.000000000000000000e+00,6.518288296238072821e-03,8.163368844709294644e-10,0.000000000000000000e+00,8.163368844709294644e-10,8.163368831359518762e-10,6.517118035814646951e-03,2.734748761812383355e-01,2.834367360955259717e-06,0.000000000000000000e+00,-1.729432569375077833e-14
4.000000000000000000e+00,4.660000000000000000e+03,2.734748802449492033e-01,0.000000000000000000e+00,6.518292359949384718e-03,8.085765338017252631e-10,0.000000000000000000e+00,8.085765338017252631e-10,8.085765328873356190e-10,6.517122098098186884e-03,2.734748802449490368e-01,2.834367403072659695e-06,0.000000000000000000e+00,-1.729432569375077833e-14
4.000000000000000000e+00,4.665000000000000000e+03,2.734748842665675195e-01,0.000000000000000000e+00,6.518296381567700859e-03,8.010039289925099955e-10,0.000000000000000000e+00,8.010039289925099955e-10,8.010039278516606335e-10,6.517126122049338340e-03,2.734748842665676305e-01,2.834367444753797047e-06,0.000000000000000000e+00,-1.729432569375077833e-14
4.000000000000000000e+00,4.670000000000000000e+03,2.734748882467486486e-01,0.000000000000000000e+00,6.518300361748829985e-03,7.920031123652620126e-10,0.000000000000000000e+00,7.920031123652620126e-10,7.920031110597567662e-10,6.517130104566936158e-03,2.734748882467487596e-01,2.834367486005467519e-06,0.000000000000000000e+00,-1.729432569375077833e-14
4.000000000000000000e+00,4.675000000000000000e+03,2.734748921861179238e-01,0.000000000000000000e+00,6.518304301118105215e-03,7.831742235626841413e-10,0.000000000000000000e+00,7.831742235626841413e-10,7.831742225715171436e-10,6.517134042510270425e-03,2.734748921861178128e-01,2.834367526834151760e-06,0.000000000000000000e+00,-1.729432569375077833e-14
4.000000000000000000e+00,4.680000000000000000e+03,2.734748960853232713e-01,0.000000000000000000e+00,6.518308200323452706e-03,7.748452246498071889e-10,0.000000000000000000e+00,7.748452246498071889e-10,7.748452235248397981e-10,6.517137937558885666e-03,2.734748960853232713e-01,2.834367567246567589e-06,0.000000000000000000e+00,-1.729432569375077833e-14
4.000000000000000000e+00,4.685000000000000000e+03,2.734748999450154483e-01,0.000000000000000000e+00,6.518312060015629683e-03,7.678293081514685195e-10,0.000000000000000000e+00,7.678293081514685195e-10,7.678293065269706859e-10,6.517141794245210132e-03,2.734748999450155038e-01,2.834367607249459081e-06,0.000000000000000000e+00,-1.729432569375077833e-14
4.000000000000000000e+00,4.690000000000000000e+03,2.734749037657513426e-01,0.000000000000000000e+00,6.518315880751524016e-03,7.608357975206514691e-10,0.000000000000000000e+00,7.608357975206514691e-10,7.608357963648875237e-10,6.517145615907967218e-03,2.734749037657514537e-01,2.834367646848597072e-06,0.000000000000000000e+00,-1.729432569375077833e-14
4.000000000000000000e+00,4.695000000000000000e+03,2.734749075481217595e-01,0.000000000000000000e+00,6.518319663121940888e-03,7.535428201065184409e-10,0.000000000000000000e+00,7.535428201065184409e-10,7.535428190191996586e-10,6.517149401854506127e-03,2.734749075481223146e-01,2.834367686050101375e-06,0.000000000000000000e+00,-1.729432569375077833e-14
4.000000000000000000e+00,4.700000000000000000e+03,2.734749112926859738e-01,0.000000000000000000e+00,6.518323407686155146e-03,7.452783605285409794e-10,0.000000000000000000e+00,7.452783605285409794e-10,7.452783592308708911e-10,6.517153148907451829e-03,2.734749112926859738e-01,2.834367724859774590e-06,0.000000000000000000e+00,-1.729432569375077833e-14
4.000000000000000000e+00,4.705000000000000000e+03,2.734749150000273521e-01,0.000000000000000000e+00,6.518327115027533480e-03,7.372489838657081535e-10,0.000000000000000000e+00,7.372489838657081535e-10,7.372489825488198679e-10,6.517156855225806483e-03,2.734749150000272411e-01,2.834367763283660720e-06,0.000000000000000000e+00,-1.729432569375077833e-14
4.000000000000000000e+00,4.710000000000000000e+03,2.734749186707146618e-01,0.000000000000000000e+00,6.518330785714843145e-03,7.297362451084804227e-10,0.000000000000000000e+00,7.297362451084804227e-10,7.297362436946543242e-10,6.517160522688871492e-03,2.734749186707143287e-01,2.834367801327652149e-06,0.000000000000000000e+00,-1.729432569375077833e-14
4.000000000000000000e+00,4.715000000000000000e+03,2.734749223053052347e-01,0.000000000000000000e+00,6.518334420305416099e-03,7.232786160627172329e-10,0.000000000000000000e+00,7.232786160627172329e-10,7.232786144351123021e-10,6.517164155226016706e-03,2.734749223053051792e-01,2.834367838997530301e-06,0.000000000000000000e+00,-1.729432569375077833e-14
4.000000000000000000e+00,4.720000000000000000e+03,2.734749259043038894e-01,0.000000000000000000e+00,6.518338019304070752e-03,7.168084066989899531e-10,0.000000000000000000e+00,7.168084066989899531e-10,7.168084052368369647e-10,6.517167755443566135e-03,2.734749259043040004e-01,2.834367876298522640e-06,0.000000000000000000e+00,-1.729432569375077833e-14
4.000000000000000000e+00,4.725000000000000000e+03,2.734749294682380927e-01,0.000000000000000000e+00,6.518341583238274062e-03,7.099908043786236961e-10,0.000000000000000000e+00,7.099908043786236961e-10,7.099908029826110354e-10,6.517171322441586874e-03,2.734749294682382592e-01,2.834367913236099305e-06,0.000000000000000000e+00,-1.729432569375077833e-14
4.000000000000000000e+00,4.730000000000000000e+03,2.734749329976192134e-01,0.000000000000000000e+00,6.518345112619394754e-03,7.023609220411418901e-10,0.000000000000000000e+00,7.023609220411418901e-10,7.023609205829371380e-10,6.517174853320895425e-03,2.734749329976192134e-01,2.834367949815552981e-06,0.000000000000000000e+00,-1.729432569375077833e-14
4.000000000000000000e+00,4.735000000000000000e+03,2.734749364929605076e-01,0.000000000000000000e+00,6.518348607960688934e-03,6.947490441785527730e-10,0.000000000000000000e+00,6.947490441785527730e-10,6.947490426175657634e-10,6.517178346095804133e-03,2.734749364929603965e-01,2.834367986042214046e-06,0.000000000000000000e+00,-1.729432569375077833e-14
4.000000000000000000e+00,4.740000000000000000e+03,2.734749399547641291e-01,0.000000000000000000e+00,6.518352069764310475e-03,6.881183090020778493e-10,0.000000000000000000e+00,6.881183090020778493e-10,6.881183079954665624e-10,6.517181803264180361e-03,2.734749399547640181e-01,2.834368021921281165e-06,0.000000000000000000e+00,-1.729432569375077833e-14
4.000000000000000000e+00,4.745000000000000000e+03,2.734749433835062526e-01,0.000000000000000000e+00,6.518355498506434031e-03,6.829332448490929106e-10,0.000000000000000000e+00,6.829332448490929106e-10,6.829332436575619857e-10,6.517185230893059004e-03,2.734749433835059751e-01,2.834368057457691270e-06,0.000000000000000000e+00,-1.729432569375077833e-14
4.000000000000000000e+00,4.750000000000000000e+03,2.734749467796527833e-01,0.000000000000000000e+00,6.518358894652964697e-03,6.774264160499961462e-10,0.000000000000000000e+00,6.774264160499961462e-10,6.774264148543646802e-10,6.517188631792205505e-03,2.734749467796527278e-01,2.834368092656269060e-06,0.000000000000000000e+00,-1.729432569375077833e-14
4.000000000000000000e+00,4.755000000000000000e+03,2.734749501436568586e-01,0.000000000000000000e+00,6.518362258657039998e-03,6.697017672029025095e-10,0.000000000000000000e+00,6.697017672029025095e-10,6.697017661892477798e-10,6.517191999612658576e-03,2.734749501436567476e-01,2.834368127521715144e-06,0.000000000000000000e+00,-1.729432569375077833e-14
4.000000000000000000e+00,4.760000000000000000e+03,2.734749534759841616e-01,0.000000000000000000e+00,6.518365590984342983e-03,6.625865518387673086e-10,0.000000000000000000e+00,6.625865518387673086e-10,6.625865507850950283e-10,6.517195330333450630e-03,2.734749534759839951e-01,2.834368162058853799e-06,0.000000000000000000e+00,-1.729432569375077833e-14
4.000000000000000000e+00,4.765000000000000000e+03,2.734749567770864420e-01,0.000000000000000000e+00,6.518368892086623401e-03,6.564083760183428894e-10,0.000000000000000000e+00,6.564083760183428894e-10,6.564083745601497179e-10,6.517198627820764215e-03,2.734749567770867751e-01,2.834368196272369118e-06,0.000000000000000000e+00,-1.729432569375077833e-14
4.000000000000000000e+00,4.770000000000000000e+03,2.734749600474115638e-01,0.000000000000000000e+00,6.518372162411745219e-03,6.513593393027651905e-10,0.000000000000000000e+00,6.513593393027651905e-10,6.513593375449990476e-10,6.517201897240044658e-03,2.734749600474117304e-01,2.834368230166899028e-06,0.000000000000000000e+00,-1.729432569375077833e-14
4.000000000000000000e+00,4.775000000000000000e+03,2.734749632873938463e-01,0.000000000000000000e+00,6.518375402394027684e-03,6.449642879278510405e-10,0.000000000000000000e+00,6.449642879278510405e-10,6.449642866778915926e-10,6.517205138049105007e-03,2.734749632873940128e-01,2.834368263746946780e-06,0.000000000000000000e+00,-1.729432569375077833e-14
4.000000000000000000e+00,4.780000000000000000e+03,2.734749664974590599e-01,0.000000000000000000e+00,6.518378612459241328e-03,6.389090637062228212e-10,0.000000000000000000e+00,6.389090637062228212e-10,6.389090622008478879e-10,6.517208347732477390e-03,2.734749664974592265e-01,2.834368297016930076e-06,0.000000000000000000e+00,-1.729432569375077833e-14
4.000000000000000000e+00,4.785000000000000000e+03,2.734749696780245931e-01,0.000000000000000000e+00,6.518381793024774495e-03,6.332184379630832411e-10,0.000000000000000000e+00,6.332184379630832411e-10,6.332184366422992451e-10,6.517211528051224459e-03,2.734749696780246486e-01,2.834368329981169629e-06,0.000000000000000000e+00,-1.729432569375077833e-14
4.000000000000000000e+00,4.790000000000000000e+03,2.734749728295005622e-01,0.000000000000000000e+00,6.518384944500743572e-03,6.274155908848332308e-10,0.000000000000000000e+00,6.274155908848332308e-10,6.274155898513609079e-10,6.517214679636290295e-03,2.734749728295002846e-01,2.834368362643913311e-06,0.000000000000000000e+00,-1.729432569375077833e-14
4.000000000000000000e+00,4.795000000000000000e+03,2.734749759522894785e-01,0.000000000000000000e+00,6.518388067289659915e-03,6.217153346027411356e-10,0.000000000000000000e+00,6.217153346027411356e-10,6.217153327995845939e-10,6.517217802463596936e-03,2.734749759522893120e-01,2.834368395009342075e-06,0.000000000000000000e+00,-1.729432569375077833e-14
4.000000000000000000e+00,4.800000000000000000e+03,2.734749790467875252e-01,0.000000000000000000e+00,6.518391161787706611e-03,6.160960178741892789e-10,0.000000000000000000e+00,6.160960178741892789e-10,6.160960161611956309e-10,6.517220896991969201e-03,2.734749790467875252e-01,2.834368427081554714e-06,0.000000000000000000e+00,-1.729432569375077833e-14
