step,time_s,inventory_mol,input_mol,residual_mol,inventory_rate_mol_s,input_rate_mol_s,balance_rate_mol_s,predicted_rate_mol_s,predicted_integral_mol,loop_inventory_mol,supplied_inventory,current_A,capacity_Ah
0.000000000000000000e+00,0.000000000000000000e+00,9.754383258831857194e-05,0.000000000000000000e+00,0.000000000000000000e+00,-2.746282580119442629e-22,0.000000000000000000e+00,-2.746282580119442629e-22,-0.000000000000000000e+00,0.000000000000000000e+00,9.754383258831851773e-05,1.355988415435423287e-04,0.000000000000000000e+00,0.000000000000000000e+00
0.000000000000000000e+00,5.000000000000000000e+00,9.754383258768264671e-05,0.000000000000000000e+00,-6.359252317442165570e-16,-1.237396834708038564e-16,0.000000000000000000e+00,-1.237396834708038564e-16,-1.237394323059311639e-16,-3.093485807648279096e-16,9.754383258768249763e-05,1.355988415537475171e-04,0.000000000000000000e+00,0.000000000000000000e+00
0.000000000000000000e+00,1.000000000000000000e+01,9.754383258706542396e-05,0.000000000000000000e+00,-1.253147976013058162e-15,-1.230266257758775027e-16,0.000000000000000000e+00,-1.230266257758775027e-16,-1.230263372543245238e-16,-9.262630046654670055e-16,9.754383258706553238e-05,1.355988415636502132e-04,0.000000000000000000e+00,0.000000000000000000e+00
0.000000000000000000e+00,1.500000000000000000e+01,9.754383258640064540e-05,0.000000000000000000e+00,-1.917926538072545206e-15,-1.284337675454913015e-16,0.000000000000000000e+00,-1.284337675454913015e-16,-1.284335164567983395e-16,-1.554912638943274053e-15,9.754383258640045567e-05,1.355988415743188981e-04,0.000000000000000000e+00,0.000000000000000000e+00
0.000000000000000000e+00,2.000000000000000000e+01,9.754383258575391881e-05,0.000000000000000000e+00,-2.564653133960148601e-15,-1.320286153858323623e-16,0.000000000000000000e+00,-1.320286153858323623e-16,-1.320283239694461192e-16,-2.206067240008885409e-15,9.754383258575390525e-05,1.355988415846960411e-04,0.000000000000000000e+00,0.000000000000000000e+00
0.000000000000000000e+00,2.500000000000000000e+01,9.754383258520266976e-05,0.000000000000000000e+00,-3.115902176033247262e-15,-1.261085832145242011e-16,0.000000000000000000e+00,-1.261085832145242011e-16,-1.261081760524210103e-16,-2.851408490063553196e-15,9.754383258520257490e-05,1.355988415935408269e-04,0.000000000000000000e+00,0.000000000000000000e+00
0.000000000000000000e+00,3.000000000000000000e+01,9.754383258465142072e-05,0.000000000000000000e+00,-3.667151218106345922e-15,-1.201884954699710199e-16,0.000000000000000000e+00,-1.201884954699710199e-16,-1.201880281353310423e-16,-3.467149000532933254e-15,9.754383258465147493e-05,1.355988416023858837e-04,0.000000000000000000e+00,0.000000000000000000e+00
0.000000000000000000e+00,3.500000000000000000e+01,9.754383258410022589e-05,0.000000000000000000e+00,-4.218346050070820308e-15,-1.142680712009898303e-16,0.000000000000000000e+00,-1.142680712009898303e-16,-1.142678802181764124e-16,-4.053288771416702149e-15,9.754383258410025299e-05,1.355988416112307508e-04,0.000000000000000000e+00,0.000000000000000000e+00
0.000000000000000000e+00,4.000000000000000000e+01,9.754383258354205151e-05,0.000000000000000000e+00,-4.776520433520670128e-15,-1.104253385073733329e-16,0.000000000000000000e+00,-1.104253385073733329e-16,-1.104251434584618964e-16,-4.615021330608298094e-15,9.754383258354202440e-05,1.355988416201884563e-04,0.000000000000000000e+00,0.000000000000000000e+00
0.000000000000000000e+00,4.500000000000000000e+01,9.754383258296886092e-05,0.000000000000000000e+00,-5.349711017059444185e-15,-1.109972687406396505e-16,0.000000000000000000e+00,-1.109972687406396505e-16,-1.109969077339859621e-16,-5.168576458589418005e-15,9.754383258296894224e-05,1.355988416293857704e-04,0.000000000000000000e+00,0.000000000000000000e+00
0.000000000000000000e+00,5.000000000000000000e+01,9.754383258239571100e-05,0.000000000000000000e+00,-5.922860943016750035e-15,-1.115691967551745461e-16,0.000000000000000000e+00,-1.115691967551745461e-16,-1.115686720095164373e-16,-5.724990407948174257e-15,9.754383258239569744e-05,1.355988416385829490e-04,0.000000000000000000e+00,0.000000000000000000e+00
0.000000000000000000e+00,5.500000000000000000e+01,9.754383258182250686e-05,0.000000000000000000e+00,-6.496065079082680160e-15,-1.121408632539101531e-16,0.000000000000000000e+00,-1.121408632539101531e-16,-1.121404362850532604e-16,-6.284263178684598403e-15,9.754383258182241199e-05,1.355988416477800463e-04,0.000000000000000000e+00,0.000000000000000000e+00
0.000000000000000000e+00,6.000000000000000000e+01,9.754383258124937049e-05,0.000000000000000000e+00,-7.069201452512829942e-15,-1.127125729180432699e-16,0.000000000000000000e+00,-1.127125729180432699e-16,-1.127122005605964437e-16,-6.846394770798722786e-15,9.754383258124927562e-05,1.355988416569772791e-04,0.000000000000000000e+00,0.000000000000000000e+00
0.000000000000000000e+00,6.500000000000000000e+01,9.754383258067616635e-05,0.000000000000000000e+00,-7.642405588578760067e-15,-1.132843842536779636e-16,0.000000000000000000e+00,-1.132843842536779636e-16,-1.132839648361460611e-16,-7.411385184290579751e-15,9.754383258067626122e-05,1.355988416661746475e-04,0.000000000000000000e+00,0.000000000000000000e+00
0.000000000000000000e+00,7.000000000000000000e+01,9.754383258010301642e-05,0.000000000000000000e+00,-8.215555514536065917e-15,-1.138559749058972265e-16,0.000000000000000000e+00,-1.138559749058972265e-16,-1.138557291117019401e-16,-7.979234419160199273e-15,9.754383258010297577e-05,1.355988416753717719e-04,0.000000000000000000e+00,0.000000000000000000e+00
0.000000000000000000e+00,7.500000000000000000e+01,9.754383257952985295e-05,0.000000000000000000e+00,-8.788718993020527837e-15,-1.144278127806900636e-16,0.000000000000000000e+00,-1.144278127806900636e-16,-1.144274933872643025e-16,-8.549942475407614485e-15,9.754383257952986650e-05,1.355988416845690589e-04,0.000000000000000000e+00,0.000000000000000000e+00
0.000000000000000000e+00,8.000000000000000000e+01,9.754383257889326364e-05,0.000000000000000000e+00,-9.425308298595391765e-15,-1.154592332237745032e-16,0.000000000000000000e+00,-1.154592332237745032e-16,-1.154588399263988520e-16,-9.124658308691772556e-15,9.754383257889331785e-05,1.355988416947835986e-04,0.000000000000000000e+00,0.000000000000000000e+00
0.000000000000000000e+00,8.500000000000000000e+01,9.754383257822107185e-05,0.000000000000000000e+00,-1.009750009300924845e-14,-1.167490417556339547e-16,0.000000000000000000e+00,-1.167490417556339547e-16,-1.167487017460437599e-16,-9.705177162872879344e-15,9.754383257822113961e-05,1.355988417055704887e-04,0.000000000000000000e+00,0.000000000000000000e+00
0.000000000000000000e+00,9.000000000000000000e+01,9.754383257754881229e-05,0.000000000000000000e+00,-1.076975965005888547e-14,-1.180389933913056365e-16,0.000000000000000000e+00,-1.180389933913056365e-16,-1.180385635657055298e-16,-1.029214532615225192e-14,9.754383257754889360e-05,1.355988417163572974e-04,0.000000000000000000e+00,0.000000000000000000e+00
0.000000000000000000e+00,9.500000000000000000e+01,9.754383257687652563e-05,0.000000000000000000e+00,-1.144204631216283463e-14,-1.193286412789992482e-16,0.000000000000000000e+00,-1.193286412789992482e-16,-1.193284253853841616e-16,-1.088556279852997547e-14,9.754383257687655273e-05,1.355988417271439977e-04,0.000000000000000000e+00,0.000000000000000000e+00
0.000000000000000000e+00,1.000000000000000000e+02,9.754383257620440160e-05,0.000000000000000000e+00,-1.211417034394091097e-14,-1.206186244721961209e-16,0.000000000000000000e+00,-1.206186244721961209e-16,-1.206182872050794334e-16,-1.148542958000613362e-14,9.754383257620446936e-05,1.355988417379309420e-04,0.000000000000000000e+00,0.000000000000000000e+00
0.000000000000000000e+00,1.050000000000000000e+02,9.754383257553216914e-05,0.000000000000000000e+00,-1.278640279593623585e-14,-1.219085518732123498e-16,0.000000000000000000e+00,-1.219085518732123498e-16,-1.219081490247916903e-16,-1.209174567058081156e-14,9.754383257553199296e-05,1.355988417487174796e-04,0.000000000000000000e+00,0.000000000000000000e+00
0.000000000000000000e+00,1.100000000000000000e+02,9.754383257485990959e-05,0.000000000000000000e+00,-1.345866235298587288e-14,-1.231984435459089332e-16,0.000000000000000000e+00,-1.231984435459089332e-16,-1.231980108445206613e-16,-1.270451107025409292e-14,9.754383257485985538e-05,1.355988417595043155e-04,0.000000000000000000e+00,0.000000000000000000e+00
0.000000000000000000e+00,1.150000000000000000e+02,9.754383257418773134e-05,0.000000000000000000e+00,-1.413084059487257349e-14,-1.244882494591880711e-16,0.000000000000000000e+00,-1.244882494591880711e-16,-1.244878726642665681e-16,-1.332372577902606131e-14,9.754383257418765003e-05,1.355988417702911784e-04,0.000000000000000000e+00,0.000000000000000000e+00
0.000000000000000000e+00,1.200000000000000000e+02,9.754383257351543113e-05,0.000000000000000000e+00,-1.480314080950367872e-14,-1.257779977805386203e-16,0.000000000000000000e+00,-1.257779977805386203e-16,-1.257777344840291889e-16,-1.394938979689680036e-14,9.754383257351540402e-05,1.355988417810779058e-04,0.000000000000000000e+00,0.000000000000000000e+00
0.000000000000000000e+00,1.250000000000000000e+02,9.754383257284321223e-05,0.000000000000000000e+00,-1.547535970897184754e-14,-1.270680723039031456e-16,0.000000000000000000e+00,-1.270680723039031456e-16,-1.270675963038086469e-16,-1.458150312386639368e-14,9.754383257284329355e-05,1.355988417918648772e-04,0.000000000000000000e+00,0.000000000000000000e+00
0.000000000000000000e+00,1.300000000000000000e+02,9.754383257217097978e-05,0.000000000000000000e+00,-1.614759216096717243e-14,-1.283578626670265248e-16,0.000000000000000000e+00,-1.283578626670265248e-16,-1.283574581236049422e-16,-1.522006575993492647e-14,9.754383257217096623e-05,1.355988418026516317e-04,0.000000000000000000e+00,0.000000000000000000e+00
0.000000000000000000e+00,1.350000000000000000e+02,9.754383257149877443e-05,0.000000000000000000e+00,-1.681979750790818517e-14,-1.296477289243142108e-16,0.000000000000000000e+00,-1.296477289243142108e-16,-1.296473199434180008e-16,-1.586507770510248393e-14,9.754383257149874733e-05,1.355988418134384675e-04,0.000000000000000000e+00,0.000000000000000000e+00
0.000000000000000000e+00,1.400000000000000000e+02,9.754383257082652843e-05,0.000000000000000000e+00,-1.749204351243066613e-14,-1.309377049186525478e-16,0.000000000000000000e+00,-1.309377049186525478e-16,-1.309371817632480199e-16,-1.651653895936914809e-14,9.754383257082650132e-05,1.355988418242251949e-04,0.000000000000000000e+00,0.000000000000000000e+00
0.000000000000000000e+00,1.450000000000000000e+02,9.754383257015425532e-05,0.000000000000000000e+00,-1.816431662200745922e-14,-1.322272883583849683e-16,0.000000000000000000e+00,-1.322272883583849683e-16,-1.322270435830946790e-16,-1.717444952273500416e-14,9.754383257015424176e-05,1.355988418350120308e-04,0.000000000000000000e+00,0.000000000000000000e+00
0.000000000000000000e+00,1.500000000000000000e+02,9.754383256948213129e-05,0.000000000000000000e+00,-1.883644065378553556e-14,-1.335173392279987621e-16,0.000000000000000000e+00,-1.335173392279987621e-16,-1.335169054029582494e-16,-1.783880939520013733e-14,9.754383256948213129e-05,1.355988418457988937e-04,0.000000000000000000e+00,0.000000000000000000e+00
0.000000000000000000e+00,1.550000000000000000e+02,9.754383256882728673e-05,0.000000000000000000e+00,-1.949128521343962417e-14,-1.343326789335523936e-16,0.000000000000000000e+00,-1.343326789335523936e-16,-1.343321228875096951e-16,-1.850843196592630781e-14,9.754383256882725962e-05,1.355988418563059783e-04,0.000000000000000000e+00,0.000000000000000000e+00
0.000000000000000000e+00,1.600000000000000000e+02,9.754383256821727393e-05,0.000000000000000000e+00,-2.010129801326143717e-14,-1.339272408659196911e-16,0.000000000000000000e+00,-1.339272408659196911e-16,-1.339268235909455196e-16,-1.917907933212244620e-14,9.754383256821726037e-05,1.355988418660938031e-04,0.000000000000000000e+00,0.000000000000000000e+00
0.000000000000000000e+00,1.650000000000000000e+02,9.754383256760727468e-05,0.000000000000000000e+00,-2.071129726055609410e-14,-1.335219543770833732e-16,0.000000000000000000e+00,-1.335219543770833732e-16,-1.335215242943764876e-16,-1.984770020183575132e-14,9.754383256760738310e-05,1.355988418758817093e-04,0.000000000000000000e+00,0.000000000000000000e+00
0.000000000000000000e+00,1.700000000000000000e+02,9.754383256699726188e-05,0.000000000000000000e+00,-2.132131006037790710e-14,-1.331165873661704423e-16,0.000000000000000000e+00,-1.331165873661704423e-16,-1.331162249978025993e-16,-2.051429457506619792e-14,9.754383256699750582e-05,1.355988418856696697e-04,0.000000000000000000e+00,0.000000000000000000e+00
0.000000000000000000e+00,1.750000000000000000e+02,9.754383256638741171e-05,0.000000000000000000e+00,-2.193116022987384728e-14,-1.327111963395636409e-16,0.000000000000000000e+00,-1.327111963395636409e-16,-1.327109257012238298e-16,-2.117886245181376390e-14,9.754383256638739816e-05,1.355988418954573319e-04,0.000000000000000000e+00,0.000000000000000000e+00
0.000000000000000000e+00,1.800000000000000000e+02,9.754383256577739891e-05,0.000000000000000000e+00,-2.254117302969566028e-14,-1.323059784506422832e-16,0.000000000000000000e+00,-1.323059784506422832e-16,-1.323056264046404012e-16,-2.184140383207842404e-14,9.754383256577731759e-05,1.355988419052451567e-04,0.000000000000000000e+00,0.000000000000000000e+00
0.000000000000000000e+00,1.850000000000000000e+02,9.754383256516741321e-05,0.000000000000000000e+00,-2.315115872446316114e-14,-1.319006146487896303e-16,0.000000000000000000e+00,-1.319006146487896303e-16,-1.319003271080519189e-16,-2.250191871586015623e-14,9.754383256516738611e-05,1.355988419150330900e-04,0.000000000000000000e+00,0.000000000000000000e+00
0.000000000000000000e+00,1.900000000000000000e+02,9.754383256455738686e-05,0.000000000000000000e+00,-2.376118507681213021e-14,-1.314955819053933549e-16,0.000000000000000000e+00,-1.314955819053933549e-16,-1.314950278114588760e-16,-2.316040710315893208e-14,9.754383256455741397e-05,1.355988419248208877e-04,0.000000000000000000e+00,0.000000000000000000e+00
0.000000000000000000e+00,1.950000000000000000e+02,9.754383256394746893e-05,0.000000000000000000e+00,-2.437110300894385073e-14,-1.310900608683786912e-16,0.000000000000000000e+00,-1.310900608683786912e-16,-1.310897285148608041e-16,-2.381686899397473266e-14,9.754383256394750959e-05,1.355988419346087939e-04,0.000000000000000000e+00,0.000000000000000000e+00
0.000000000000000000e+00,2.000000000000000000e+02,9.754383256333748324e-05,0.000000000000000000e+00,-2.498108870371135160e-14,-1.306849529640560371e-16,0.000000000000000000e+00,-1.306849529640560371e-16,-1.306844292182579990e-16,-2.447130438830752957e-14,9.754383256333742903e-05,1.355988419443965916e-04,0.000000000000000000e+00,0.000000000000000000e+00
0.000000000000000000e+00,2.050000000000000000e+02,9.754383256272748399e-05,0.000000000000000000e+00,-2.559108795100600853e-14,-1.302794580567107942e-16,0.000000000000000000e+00,-1.302794580567107942e-16,-1.302791299216503376e-16,-2.512371328615730072e-14,9.754383256272751109e-05,1.355988419541845249e-04,0.000000000000000000e+00,0.000000000000000000e+00
0.000000000000000000e+00,2.100000000000000000e+02,9.754383256211752540e-05,0.000000000000000000e+00,-2.620104654071919725e-14,-1.298742331211269939e-16,0.000000000000000000e+00,-1.298742331211269939e-16,-1.298738306250379429e-16,-2.577409568752402087e-14,9.754383256211749829e-05,1.355988419639722956e-04,0.000000000000000000e+00,0.000000000000000000e+00
0.000000000000000000e+00,2.150000000000000000e+02,9.754383256150752615e-05,0.000000000000000000e+00,-2.681104578801385419e-14,-1.294691779141814951e-16,0.000000000000000000e+00,-1.294691779141814951e-16,-1.294685313284205686e-16,-2.642245159240766792e-14,9.754383256150755326e-05,1.355988419737601746e-04,0.000000000000000000e+00,0.000000000000000000e+00
0.000000000000000000e+00,2.200000000000000000e+02,9.754383256089755401e-05,0.000000000000000000e+00,-2.742101793025419898e-14,-1.290636536109332430e-16,0.000000000000000000e+00,-1.290636536109332430e-16,-1.290632320317985844e-16,-2.706878100080821664e-14,9.754383256089768953e-05,1.355988419835481079e-04,0.000000000000000000e+00,0.000000000000000000e+00
0.000000000000000000e+00,2.250000000000000000e+02,9.754383256028764963e-05,0.000000000000000000e+00,-2.803092230985876343e-14,-1.286581409441472808e-16,0.000000000000000000e+00,-1.286581409441472808e-16,-1.286579327351716204e-16,-2.771308391272564179e-14,9.754383256028755476e-05,1.355988419933359056e-04,0.000000000000000000e+00,0.000000000000000000e+00
0.000000000000000000e+00,2.300000000000000000e+02,9.754383255967755551e-05,0.000000000000000000e+00,-2.864101642484351284e-14,-1.282532218895739835e-16,0.000000000000000000e+00,-1.282532218895739835e-16,-1.282526334385398001e-16,-2.835536032815992126e-14,9.754383255967762328e-05,1.355988420031237034e-04,0.000000000000000000e+00,0.000000000000000000e+00
0.000000000000000000e+00,2.350000000000000000e+02,9.754383255906767824e-05,0.000000000000000000e+00,-2.925089369939376516e-14,-1.278476591440683401e-16,0.000000000000000000e+00,-1.278476591440683401e-16,-1.278473341419032219e-16,-2.899561024711102983e-14,9.754383255906766469e-05,1.355988420129116095e-04,0.000000000000000000e+00,0.000000000000000000e+00
0.000000000000000000e+00,2.400000000000000000e+02,9.754383255845766544e-05,0.000000000000000000e+00,-2.986090649921557816e-14,-1.274424353797203774e-16,0.000000000000000000e+00,-1.274424353797203774e-16,-1.274420348452618613e-16,-2.963383366957894540e-14,9.754383255845771965e-05,1.355988420226995428e-04,0.000000000000000000e+00,0.000000000000000000e+00
0.000000000000000000e+00,2.450000000000000000e+02,9.754383255784770685e-05,0.000000000000000000e+00,-3.047086508892876688e-14,-1.270370833571151447e-16,0.000000000000000000e+00,-1.270370833571151447e-16,-1.270367355486156443e-16,-3.027003059556363641e-14,9.754383255784776106e-05,1.355988420324873676e-04,0.000000000000000000e+00,0.000000000000000000e+00
0.000000000000000000e+00,2.500000000000000000e+02,9.754383255723769405e-05,0.000000000000000000e+00,-3.108087788875057988e-14,-1.266317585497460594e-16,0.000000000000000000e+00,-1.266317585497460594e-16,-1.266314362519646447e-16,-3.090420102506509025e-14,9.754383255723777537e-05,1.355988420422751654e-04,0.000000000000000000e+00,0.000000000000000000e+00
0.000000000000000000e+00,2.550000000000000000e+02,9.754383255662774901e-05,0.000000000000000000e+00,-3.169082292593661254e-14,-1.262266334668203790e-16,0.000000000000000000e+00,-1.262266334668203790e-16,-1.262261369553087641e-16,-3.153634495808327536e-14,9.754383255662773546e-05,1.355988420520630173e-04,0.000000000000000000e+00,0.000000000000000000e+00
0.000000000000000000e+00,2.600000000000000000e+02,9.754383255601773621e-05,0.000000000000000000e+00,-3.230083572575842554e-14,-1.258213063359574425e-16,0.000000000000000000e+00,-1.258213063359574425e-16,-1.258208376586480025e-16,-3.216646239461816650e-14,9.754383255601773621e-05,1.355988420618507880e-04,0.000000000000000000e+00,0.000000000000000000e+00
0.000000000000000000e+00,2.650000000000000000e+02,9.754383255540779118e-05,0.000000000000000000e+00,-3.291078076294445820e-14,-1.254159828712434476e-16,0.000000000000000000e+00,-1.254159828712434476e-16,-1.254155383619825323e-16,-3.279455333466974474e-14,9.754383255540770986e-05,1.355988420716386670e-04,0.000000000000000000e+00,0.000000000000000000e+00
0.000000000000000000e+00,2.700000000000000000e+02,9.754383255479779193e-05,0.000000000000000000e+00,-3.352078001023911513e-14,-1.250106459512633214e-16,0.000000000000000000e+00,-1.250106459512633214e-16,-1.250102390653122303e-16,-3.342061777823798483e-14,9.754383255479787324e-05,1.355988420814266816e-04,0.000000000000000000e+00,0.000000000000000000e+00
0.000000000000000000e+00,2.750000000000000000e+02,9.754383255418777913e-05,0.000000000000000000e+00,-3.413079281006092813e-14,-1.246052453544701469e-16,0.000000000000000000e+00,-1.246052453544701469e-16,-1.246049397686370966e-16,-3.404465572532285521e-14,9.754383255418787400e-05,1.355988420912144251e-04,0.000000000000000000e+00,0.000000000000000000e+00
0.000000000000000000e+00,2.800000000000000000e+02,9.754383255357790185e-05,0.000000000000000000e+00,-3.474067008461118045e-14,-1.241999471338301060e-16,0.000000000000000000e+00,-1.241999471338301060e-16,-1.241996404719570325e-16,-3.466666717592434327e-14,9.754383255357788830e-05,1.355988421010023042e-04,0.000000000000000000e+00,0.000000000000000000e+00
0.000000000000000000e+00,2.850000000000000000e+02,9.754383255296794326e-05,0.000000000000000000e+00,-3.535062867432436917e-14,-1.237946249641537083e-16,0.000000000000000000e+00,-1.237946249641537083e-16,-1.237943411752722845e-16,-3.528665213004241745e-14,9.754383255296783484e-05,1.355988421107900748e-04,0.000000000000000000e+00,0.000000000000000000e+00
0.000000000000000000e+00,2.900000000000000000e+02,9.754383255235784915e-05,0.000000000000000000e+00,-3.596072278930911859e-14,-1.233894403085736140e-16,0.000000000000000000e+00,-1.233894403085736140e-16,-1.233890418785826308e-16,-3.590461058767705251e-14,9.754383255235790336e-05,1.355988421205779810e-04,0.000000000000000000e+00,0.000000000000000000e+00
0.000000000000000000e+00,2.950000000000000000e+02,9.754383255174789056e-05,0.000000000000000000e+00,-3.657068137902230731e-14,-1.229841208147039651e-16,0.000000000000000000e+00,-1.229841208147039651e-16,-1.229837425818881946e-16,-3.652054254882822951e-14,9.754383255174784990e-05,1.355988421303657516e-04,0.000000000000000000e+00,0.000000000000000000e+00
0.000000000000000000e+00,3.000000000000000000e+02,9.754383255113795908e-05,0.000000000000000000e+00,-3.718061286368118390e-14,-1.225790884901906117e-16,0.000000000000000000e+00,-1.225790884901906117e-16,-1.225784432851889267e-16,-3.713444801349592321e-14,9.754383255113802684e-05,1.355988421401537933e-04,0.000000000000000000e+00,0.000000000000000000e+00
0.000000000000000000e+00,3.050000000000000000e+02,9.754383255052795983e-05,0.000000000000000000e+00,-3.779061211097584083e-14,-1.221734505551331447e-16,0.000000000000000000e+00,-1.221734505551331447e-16,-1.221731439884847530e-16,-3.774632698168010837e-14,9.754383255052793272e-05,1.355988421499415640e-04,0.000000000000000000e+00,0.000000000000000000e+00
0.000000000000000000e+00,3.100000000000000000e+02,9.754383254989382353e-05,0.000000000000000000e+00,-3.842474840913545631e-14,-1.223254333244492968e-16,0.000000000000000000e+00,-1.223254333244492968e-16,-1.223250377416791631e-16,-3.835757243600551934e-14,9.754383254989386419e-05,1.355988421601173706e-04,0.000000000000000000e+00,0.000000000000000000e+00
0.000000000000000000e+00,3.150000000000000000e+02,9.754383254924071369e-05,0.000000000000000000e+00,-3.907785824531356811e-14,-1.229150137567986439e-16,0.000000000000000000e+00,-1.229150137567986439e-16,-1.229147276634774413e-16,-3.897067184951841058e-14,9.754383254924063238e-05,1.355988421705977838e-04,0.000000000000000000e+00,0.000000000000000000e+00
0.000000000000000000e+00,3.200000000000000000e+02,9.754383254858759031e-05,0.000000000000000000e+00,-3.973098163401883598e-14,-1.235047030691658317e-16,0.000000000000000000e+00,-1.235047030691658317e-16,-1.235044175852833369e-16,-3.958671971264031481e-14,9.754383254858745478e-05,1.355988421810782241e-04,0.000000000000000000e+00,0.000000000000000000e+00
0.000000000000000000e+00,3.250000000000000000e+02,9.754383254793442626e-05,0.000000000000000000e+00,-4.038414568030557206e-14,-1.240946268249427485e-16,0.000000000000000000e+00,-1.240946268249427485e-16,-1.240941075070966281e-16,-4.020571602537126358e-14,9.754383254793430429e-05,1.355988421915586915e-04,0.000000000000000000e+00,0.000000000000000000e+00
0.000000000000000000e+00,3.300000000000000000e+02,9.754383254728126221e-05,0.000000000000000000e+00,-4.103730972659230813e-14,-1.246841466276984461e-16,0.000000000000000000e+00,-1.246841466276984461e-16,-1.246837974289173888e-16,-4.082766078771130106e-14,9.754383254728123511e-05,1.355988422020392402e-04,0.000000000000000000e+00,0.000000000000000000e+00
0.000000000000000000e+00,3.350000000000000000e+02,9.754383254662809817e-05,0.000000000000000000e+00,-4.169047377287904421e-14,-1.252739251942723518e-16,0.000000000000000000e+00,-1.252739251942723518e-16,-1.252734873507457670e-16,-4.145255399966045881e-14,9.754383254662820659e-05,1.355988422125198702e-04,0.000000000000000000e+00,0.000000000000000000e+00
0.000000000000000000e+00,3.400000000000000000e+02,9.754383254597497478e-05,0.000000000000000000e+00,-4.234359716158431208e-14,-1.258636899723053510e-16,0.000000000000000000e+00,-1.258636899723053510e-16,-1.258631772725814668e-16,-4.208039566121877470e-14,9.754383254597492057e-05,1.355988422230001750e-04,0.000000000000000000e+00,0.000000000000000000e+00
0.000000000000000000e+00,3.450000000000000000e+02,9.754383254532179718e-05,0.000000000000000000e+00,-4.299677476039820423e-14,-1.264531354235777205e-16,0.000000000000000000e+00,-1.264531354235777205e-16,-1.264528671944247347e-16,-4.271118577238629291e-14,9.754383254532190560e-05,1.355988422334808863e-04,0.000000000000000000e+00,0.000000000000000000e+00
0.000000000000000000e+00,3.500000000000000000e+02,9.754383254466868734e-05,0.000000000000000000e+00,-4.364988459657631603e-14,-1.270429831709744140e-16,0.000000000000000000e+00,-1.270429831709744140e-16,-1.270425571162755461e-16,-4.334492433316304498e-14,9.754383254466876866e-05,1.355988422439613538e-04,0.000000000000000000e+00,0.000000000000000000e+00
0.000000000000000000e+00,3.550000000000000000e+02,9.754383254401556395e-05,0.000000000000000000e+00,-4.430300798528158390e-14,-1.276325784013140573e-16,0.000000000000000000e+00,-1.276325784013140573e-16,-1.276322470381337530e-16,-4.398161134354906878e-14,9.754383254401563172e-05,1.355988422544417941e-04,0.000000000000000000e+00,0.000000000000000000e+00
0.000000000000000000e+00,3.600000000000000000e+02,9.754383254336241346e-05,0.000000000000000000e+00,-4.495615847904116391e-14,-1.282221962380231094e-16,0.000000000000000000e+00,-1.282221962380231094e-16,-1.282219369599995035e-16,-4.462124680354440218e-14,9.754383254336231859e-05,1.355988422649221259e-04,0.000000000000000000e+00,0.000000000000000000e+00
0.000000000000000000e+00,3.650000000000000000e+02,9.754383254270923586e-05,0.000000000000000000e+00,-4.560933607785505606e-14,-1.288119959254974835e-16,0.000000000000000000e+00,-1.288119959254974835e-16,-1.288116268818727234e-16,-4.526383071314908304e-14,9.754383254270920876e-05,1.355988422754027560e-04,0.000000000000000000e+00,0.000000000000000000e+00
0.000000000000000000e+00,3.700000000000000000e+02,9.754383254205618024e-05,0.000000000000000000e+00,-4.626239170392454358e-14,-1.294016189805395674e-16,0.000000000000000000e+00,-1.294016189805395674e-16,-1.294013168037534622e-16,-4.590936307236314923e-14,9.754383254205613958e-05,1.355988422858832505e-04,0.000000000000000000e+00,0.000000000000000000e+00
0.000000000000000000e+00,3.750000000000000000e+02,9.754383254140296198e-05,0.000000000000000000e+00,-4.691560996031990394e-14,-1.299912731550463665e-16,0.000000000000000000e+00,-1.299912731550463665e-16,-1.299910067256415720e-16,-4.655784388118663862e-14,9.754383254140309750e-05,1.355988422963637992e-04,0.000000000000000000e+00,0.000000000000000000e+00
0.000000000000000000e+00,3.800000000000000000e+02,9.754383254074981149e-05,0.000000000000000000e+00,-4.756876045407948395e-14,-1.305810987817720565e-16,0.000000000000000000e+00,-1.305810987817720565e-16,-1.305806966475372991e-16,-4.720927313961958906e-14,9.754383254074977083e-05,1.355988423068442124e-04,0.000000000000000000e+00,0.000000000000000000e+00
0.000000000000000000e+00,3.850000000000000000e+02,9.754383254022481369e-05,0.000000000000000000e+00,-4.809375825105127733e-14,-1.297532114769151756e-16,0.000000000000000000e+00,-1.297532114769151756e-16,-1.297528567074844416e-16,-4.786010702300714441e-14,9.754383254022486790e-05,1.355988423152691951e-04,0.000000000000000000e+00,0.000000000000000000e+00
0.000000000000000000e+00,3.900000000000000000e+02,9.754383253971088831e-05,0.000000000000000000e+00,-4.860768363333656250e-14,-1.288021353909102620e-16,0.000000000000000000e+00,-1.288021353909102620e-16,-1.288017521492711818e-16,-4.850649354514903082e-14,9.754383253971091541e-05,1.355988423235153658e-04,0.000000000000000000e+00,0.000000000000000000e+00
0.000000000000000000e+00,3.950000000000000000e+02,9.754383253919704424e-05,0.000000000000000000e+00,-4.912152770045891126e-14,-1.278509430163975435e-16,0.000000000000000000e+00,-1.278509430163975435e-16,-1.278506475910483571e-16,-4.914812454449983059e-14,9.754383253919704424e-05,1.355988423317615907e-04,0.000000000000000000e+00,0.000000000000000000e+00
0.000000000000000000e+00,4.000000000000000000e+02,9.754383253868314596e-05,0.000000000000000000e+00,-4.963542597768988429e-14,-1.268998478568509966e-16,0.000000000000000000e+00,-1.268998478568509966e-16,-1.268995430328160906e-16,-4.978500002105949324e-14,9.754383253868313241e-05,1.355988423400077071e-04,0.000000000000000000e+00,0.000000000000000000e+00
0.000000000000000000e+00,4.050000000000000000e+02,9.754383253816919347e-05,0.000000000000000000e+00,-5.014937846502948160e-14,-1.259488214210166091e-16,0.000000000000000000e+00,-1.259488214210166091e-16,-1.259484384745741607e-16,-5.041711997482796828e-14,9.754383253816920703e-05,1.355988423482538778e-04,0.000000000000000000e+00,0.000000000000000000e+00
0.000000000000000000e+00,4.100000000000000000e+02,9.754383253765533585e-05,0.000000000000000000e+00,-5.066323608467898643e-14,-1.249979065600439231e-16,0.000000000000000000e+00,-1.249979065600439231e-16,-1.249973339163227151e-16,-5.104448440580521153e-14,9.754383253765525454e-05,1.355988423564999943e-04,0.000000000000000000e+00,0.000000000000000000e+00
0.000000000000000000e+00,4.150000000000000000e+02,9.754383253714143758e-05,0.000000000000000000e+00,-5.117713436190995946e-14,-1.240466088764121334e-16,0.000000000000000000e+00,-1.240466088764121334e-16,-1.240462293580616799e-16,-5.166709331399117250e-14,9.754383253714135626e-05,1.355988423647461920e-04,0.000000000000000000e+00,0.000000000000000000e+00
0.000000000000000000e+00,4.200000000000000000e+02,9.754383253662747154e-05,0.000000000000000000e+00,-5.169110040177671284e-14,-1.230953385794161455e-16,0.000000000000000000e+00,-1.230953385794161455e-16,-1.230951247997910304e-16,-5.228494669938580703e-14,9.754383253662757996e-05,1.355988423729924711e-04,0.000000000000000000e+00,0.000000000000000000e+00
0.000000000000000000e+00,4.250000000000000000e+02,9.754383253611358681e-05,0.000000000000000000e+00,-5.220498512648052980e-14,-1.221443713828776050e-16,0.000000000000000000e+00,-1.221443713828776050e-16,-1.221440202415108653e-16,-5.289804456198906461e-14,9.754383253611368168e-05,1.355988423812386960e-04,0.000000000000000000e+00,0.000000000000000000e+00
0.000000000000000000e+00,4.300000000000000000e+02,9.754383253559966143e-05,0.000000000000000000e+00,-5.271891050876581497e-14,-1.211934936500073839e-16,0.000000000000000000e+00,-1.211934936500073839e-16,-1.211929156832211600e-16,-5.350638690180089477e-14,9.754383253559968854e-05,1.355988423894848125e-04,0.000000000000000000e+00,0.000000000000000000e+00
0.000000000000000000e+00,4.350000000000000000e+02,9.754383253508587157e-05,0.000000000000000000e+00,-5.323270036577953945e-14,-1.202420229143488583e-16,0.000000000000000000e+00,-1.202420229143488583e-16,-1.202418111249218404e-16,-5.410997371882125334e-14,9.754383253508585802e-05,1.355988423977310103e-04,0.000000000000000000e+00,0.000000000000000000e+00
0.000000000000000000e+00,4.400000000000000000e+02,9.754383253457189198e-05,0.000000000000000000e+00,-5.374667995817344890e-14,-1.192911345638973582e-16,0.000000000000000000e+00,-1.192911345638973582e-16,-1.192907065666130298e-16,-5.470880501305008981e-14,9.754383253457189198e-05,1.355988424059771267e-04,0.000000000000000000e+00,0.000000000000000000e+00
0.000000000000000000e+00,4.450000000000000000e+02,9.754383253405796660e-05,0.000000000000000000e+00,-5.426060534045873407e-14,-1.183400262346779165e-16,0.000000000000000000e+00,-1.183400262346779165e-16,-1.183396020082945803e-16,-5.530288078448736002e-14,9.754383253405808857e-05,1.355988424142233787e-04,0.000000000000000000e+00,0.000000000000000000e+00
0.000000000000000000e+00,4.500000000000000000e+02,9.754383253354417674e-05,0.000000000000000000e+00,-5.477439519747245855e-14,-1.173887617939485322e-16,0.000000000000000000e+00,-1.173887617939485322e-16,-1.173884974499666152e-16,-5.589220103313301347e-14,9.754383253354419029e-05,1.355988424224696036e-04,0.000000000000000000e+00,0.000000000000000000e+00
0.000000000000000000e+00,4.550000000000000000e+02,9.754383253303015649e-05,0.000000000000000000e+00,-5.528841544744783620e-14,-1.164378950975825960e-16,0.000000000000000000e+00,-1.164378950975825960e-16,-1.164373928916290851e-16,-5.647676575898699969e-14,9.754383253303023781e-05,1.355988424307156930e-04,0.000000000000000000e+00,0.000000000000000000e+00
0.000000000000000000e+00,4.600000000000000000e+02,9.754383253251631242e-05,0.000000000000000000e+00,-5.580225951457018496e-14,-1.154866914578544289e-16,0.000000000000000000e+00,-1.154866914578544289e-16,-1.154862883332819408e-16,-5.705657496204928081e-14,9.754383253251642084e-05,1.355988424389619449e-04,0.000000000000000000e+00,0.000000000000000000e+00
0.000000000000000000e+00,4.650000000000000000e+02,9.754383253200233283e-05,0.000000000000000000e+00,-5.631623910696409441e-14,-1.145356092011405639e-16,0.000000000000000000e+00,-1.145356092011405639e-16,-1.145351837749253302e-16,-5.763162864231979371e-14,9.754383253200246836e-05,1.355988424472079801e-04,0.000000000000000000e+00,0.000000000000000000e+00
0.000000000000000000e+00,4.700000000000000000e+02,9.754383253148850232e-05,0.000000000000000000e+00,-5.683006962155928710e-14,-1.135845286965532062e-16,0.000000000000000000e+00,-1.135845286965532062e-16,-1.135840792165590807e-16,-5.820192679979850684e-14,9.754383253148857008e-05,1.355988424554542592e-04,0.000000000000000000e+00,0.000000000000000000e+00
0.000000000000000000e+00,4.750000000000000000e+02,9.754383253097459049e-05,0.000000000000000000e+00,-5.734398145131741620e-14,-1.126332062734092823e-16,0.000000000000000000e+00,-1.126332062734092823e-16,-1.126329746581832662e-16,-5.876746943448535710e-14,9.754383253097459049e-05,1.355988424637004299e-04,0.000000000000000000e+00,0.000000000000000000e+00
0.000000000000000000e+00,4.800000000000000000e+02,9.754383253046074642e-05,0.000000000000000000e+00,-5.785782551843976496e-14,-1.116822659491974106e-16,0.000000000000000000e+00,-1.116822659491974106e-16,-1.116818700997979608e-16,-5.932825654638030662e-14,9.754383253046075997e-05,1.355988424719466005e-04,0.000000000000000000e+00,0.000000000000000000e+00
0.000000000000000000e+00,4.850000000000000000e+02,9.754383252994679393e-05,0.000000000000000000e+00,-5.837177800577936226e-14,-1.107311971286613876e-16,0.000000000000000000e+00,-1.107311971286613876e-16,-1.107307655414029918e-16,-5.988428813548330491e-14,9.754383252994672617e-05,1.355988424801926628e-04,0.000000000000000000e+00,0.000000000000000000e+00
0.000000000000000000e+00,4.900000000000000000e+02,9.754383252943294987e-05,0.000000000000000000e+00,-5.888562207290171102e-14,-1.097800520902042344e-16,0.000000000000000000e+00,-1.097800520902042344e-16,-1.097796609829985195e-16,-6.043556420179431411e-14,9.754383252943274658e-05,1.355988424884388335e-04,0.000000000000000000e+00,0.000000000000000000e+00
0.000000000000000000e+00,4.950000000000000000e+02,9.754383252891903804e-05,0.000000000000000000e+00,-5.939953390265984012e-14,-1.088288819504860897e-16,0.000000000000000000e+00,-1.088288819504860897e-16,-1.088285564245845316e-16,-6.098208474531327110e-14,9.754383252891909225e-05,1.355988424966852481e-04,0.000000000000000000e+00,0.000000000000000000e+00
0.000000000000000000e+00,5.000000000000000000e+02,9.754383252840507200e-05,0.000000000000000000e+00,-5.991349994252659350e-14,-1.078776939085000145e-16,0.000000000000000000e+00,-1.078776939085000145e-16,-1.078774518661608801e-16,-6.152384976604013802e-14,9.754383252840522107e-05,1.355988425049314188e-04,0.000000000000000000e+00,0.000000000000000000e+00
0.000000000000000000e+00,5.050000000000000000e+02,9.754383252789122793e-05,0.000000000000000000e+00,-6.042734400964894226e-14,-1.069266234786271751e-16,0.000000000000000000e+00,-1.069266234786271751e-16,-1.069263473077277376e-16,-6.206085926397486439e-14,9.754383252789122793e-05,1.355988425131774539e-04,0.000000000000000000e+00,0.000000000000000000e+00
0.000000000000000000e+00,5.100000000000000000e+02,9.754383252737732965e-05,0.000000000000000000e+00,-6.094124228687991529e-14,-1.059756879917766632e-16,0.000000000000000000e+00,-1.059756879917766632e-16,-1.059752427492850056e-16,-6.259311323911739972e-14,9.754383252737742452e-05,1.355988425214237059e-04,0.000000000000000000e+00,0.000000000000000000e+00
0.000000000000000000e+00,5.150000000000000000e+02,9.754383252686337717e-05,0.000000000000000000e+00,-6.145519477421951260e-14,-1.050243850515454810e-16,0.000000000000000000e+00,-1.050243850515454810e-16,-1.050241381908327086e-16,-6.312061169146769352e-14,9.754383252686343138e-05,1.355988425296698766e-04,0.000000000000000000e+00,0.000000000000000000e+00
0.000000000000000000e+00,5.200000000000000000e+02,9.754383252634950599e-05,0.000000000000000000e+00,-6.196906594639617349e-14,-1.040734641626344539e-16,0.000000000000000000e+00,-1.040734641626344539e-16,-1.040730336323708836e-16,-6.364335462102570792e-14,9.754383252634960086e-05,1.355988425379160743e-04,0.000000000000000000e+00,0.000000000000000000e+00
0.000000000000000000e+00,5.250000000000000000e+02,9.754383252583556706e-05,0.000000000000000000e+00,-6.248300488120861473e-14,-1.031223499864601721e-16,0.000000000000000000e+00,-1.031223499864601721e-16,-1.031219290738994075e-16,-6.416134202779137982e-14,9.754383252583562127e-05,1.355988425461621908e-04,0.000000000000000000e+00,0.000000000000000000e+00
0.000000000000000000e+00,5.300000000000000000e+02,9.754383252524813277e-05,0.000000000000000000e+00,-6.307043917078841710e-14,-1.037857539151365246e-16,0.000000000000000000e+00,-1.037857539151365246e-16,-1.037853521808457043e-16,-6.467861023092824434e-14,9.754383252524805145e-05,1.355988425555896811e-04,0.000000000000000000e+00,0.000000000000000000e+00
0.000000000000000000e+00,5.350000000000000000e+02,9.754383252461910577e-05,0.000000000000000000e+00,-6.369946616621019464e-14,-1.053573087147569405e-16,0.000000000000000000e+00,-1.053573087147569405e-16,-1.053569480033001675e-16,-6.520146598138860380e-14,9.754383252461913288e-05,1.355988425656818957e-04,0.000000000000000000e+00,0.000000000000000000e+00
0.000000000000000000e+00,5.400000000000000000e+02,9.754383252399017365e-05,0.000000000000000000e+00,-6.432839829394187969e-14,-1.069289379611272992e-16,0.000000000000000000e+00,-1.069289379611272992e-16,-1.069285438257737729e-16,-6.573217971096128852e-14,9.754383252399025496e-05,1.355988425757741374e-04,0.000000000000000000e+00,0.000000000000000000e+00
0.000000000000000000e+00,5.450000000000000000e+02,9.754383252336126862e-05,0.000000000000000000e+00,-6.495730331661925261e-14,-1.085004101247241482e-16,0.000000000000000000e+00,-1.085004101247241482e-16,-1.085001396482665452e-16,-6.627075141964638684e-14,9.754383252336116020e-05,1.355988425858661623e-04,0.000000000000000000e+00,0.000000000000000000e+00
0.000000000000000000e+00,5.500000000000000000e+02,9.754383252273232294e-05,0.000000000000000000e+00,-6.558624899687809373e-14,-1.100721655344405789e-16,0.000000000000000000e+00,-1.100721655344405789e-16,-1.100717354707784473e-16,-6.681718110744399975e-14,9.754383252273236360e-05,1.355988425959584853e-04,0.000000000000000000e+00,0.000000000000000000e+00
0.000000000000000000e+00,5.550000000000000000e+02,9.754383252210336371e-05,0.000000000000000000e+00,-6.621520822966409092e-14,-1.116437122876439670e-16,0.000000000000000000e+00,-1.116437122876439670e-16,-1.116433312933095409e-16,-6.737146877435421559e-14,9.754383252210337726e-05,1.355988426060505915e-04,0.000000000000000000e+00,0.000000000000000000e+00
0.000000000000000000e+00,5.600000000000000000e+02,9.754383252147440448e-05,0.000000000000000000e+00,-6.684416746245008811e-14,-1.132153390106342885e-16,0.000000000000000000e+00,-1.132153390106342885e-16,-1.132149271158597398e-16,-6.793361442037713534e-14,9.754383252147447224e-05,1.355988426161427790e-04,0.000000000000000000e+00,0.000000000000000000e+00
0.000000000000000000e+00,5.650000000000000000e+02,9.754383252084554011e-05,0.000000000000000000e+00,-6.747303182754599282e-14,-1.147867699229342576e-16,0.000000000000000000e+00,-1.147867699229342576e-16,-1.147865229384291672e-16,-6.850361804551285997e-14,9.754383252084536393e-05,1.355988426262348581e-04,0.000000000000000000e+00,0.000000000000000000e+00
0.000000000000000000e+00,5.700000000000000000e+02,9.754383252021654022e-05,0.000000000000000000e+00,-6.810203171791345822e-14,-1.163585061258893068e-16,0.000000000000000000e+00,-1.163585061258893068e-16,-1.163581187610175765e-16,-6.908147964976147784e-14,9.754383252021655377e-05,1.355988426363270998e-04,0.000000000000000000e+00,0.000000000000000000e+00
0.000000000000000000e+00,5.750000000000000000e+02,9.754383251958763520e-05,0.000000000000000000e+00,-6.873093674059083114e-14,-1.179301222504196227e-16,0.000000000000000000e+00,-1.179301222504196227e-16,-1.179297145836252143e-16,-6.966719923312308992e-14,9.754383251958759454e-05,1.355988426464192873e-04,0.000000000000000000e+00,0.000000000000000000e+00
0.000000000000000000e+00,5.800000000000000000e+02,9.754383251895867597e-05,0.000000000000000000e+00,-6.935989597337682833e-14,-1.195017493448633932e-16,0.000000000000000000e+00,-1.195017493448633932e-16,-1.195013104062520313e-16,-7.026077679559778457e-14,9.754383251895867597e-05,1.355988426565113935e-04,0.000000000000000000e+00,0.000000000000000000e+00
0.000000000000000000e+00,5.850000000000000000e+02,9.754383251832975739e-05,0.000000000000000000e+00,-6.998881454858135731e-14,-1.210735099825539193e-16,0.000000000000000000e+00,-1.210735099825539193e-16,-1.210729062288979781e-16,-7.086221233718566274e-14,9.754383251832978450e-05,1.355988426666036081e-04,0.000000000000000000e+00,0.000000000000000000e+00
0.000000000000000000e+00,5.900000000000000000e+02,9.754383251770085237e-05,0.000000000000000000e+00,-7.061771957125873023e-14,-1.226448248921257374e-16,0.000000000000000000e+00,-1.226448248921257374e-16,-1.226445020515630549e-16,-7.147150585788681281e-14,9.754383251770073040e-05,1.355988426766956600e-04,0.000000000000000000e+00,0.000000000000000000e+00
0.000000000000000000e+00,5.950000000000000000e+02,9.754383251707183893e-05,0.000000000000000000e+00,-7.124673301415335169e-14,-1.242164381980790146e-16,0.000000000000000000e+00,-1.242164381980790146e-16,-1.242160978742473601e-16,-7.208865735770133574e-14,9.754383251707181182e-05,1.355988426867878475e-04,0.000000000000000000e+00,0.000000000000000000e+00
0.000000000000000000e+00,6.000000000000000000e+02,9.754383251644293390e-05,0.000000000000000000e+00,-7.187563803683072461e-14,-1.257879784856922404e-16,0.000000000000000000e+00,-1.257879784856922404e-16,-1.257876936969506719e-16,-7.271366683662933251e-14,9.754383251644283903e-05,1.355988426968800350e-04,0.000000000000000000e+00,0.000000000000000000e+00
1.000000000000000000e+00,6.000000000000001137e+02,9.754383251644293390e-05,0.000000000000000000e+00,-7.187563803683072461e-14,2.487424704426351413e-08,2.487424717502878147e-08,-1.307652673431965569e-16,-1.307649100011719340e-16,-7.271366683662933251e-14,9.754383251644283903e-05,1.355988426968800350e-04,2.399999999999957723e-03,-3.230858532950730890e-20
1.000000000000000000e+00,6.050000000000001137e+02,9.766820368995993271e-05,1.243712358751439074e-07,-1.342337831412433426e-13,2.487423380936812485e-08,2.487424717502878147e-08,-1.336566065662385776e-14,-1.336566033567778009e-14,-1.064547299508267126e-13,9.766820368995989205e-05,1.357232132362149281e-04,2.399999999999957723e-03,3.333333333333074132e-06
1.000000000000000000e+00,6.100000000000001137e+02,9.779257485880972576e-05,2.487424717502878147e-07,-2.012591339951357798e-13,2.487423372228978282e-08,2.487424717502878147e-08,-1.345273899864616435e-14,-1.345273857843841318e-14,-1.735007272361171958e-13,9.779257485880975286e-05,1.358475837211766757e-04,2.399999999999957723e-03,6.666666666666290565e-06
1.000000000000000000e+00,6.150000000000001137e+02,9.791694602712737883e-05,3.731137076254316956e-07,-2.688166248013414790e-13,2.487423370969737413e-08,2.487424717502878147e-08,-1.346533140733907551e-14,-1.346533079853414467e-14,-2.407959006785486156e-13,9.791694602712740594e-05,1.359719542017986059e-04,2.399999999999957723e-03,9.999999999999523091e-06
1.000000000000000000e+00,6.200000000000001137e+02,9.804131719541602950e-05,4.974849435005756294e-07,-3.364031180686007246e-13,2.487423364820457549e-08,2.487424717502878147e-08,-1.352682420598216970e-14,-1.352682376261336137e-14,-3.082762870814173807e-13,9.804131719541592108e-05,1.360963246810519478e-04,2.399999999999957723e-03,1.333333333333274037e-05
1.000000000000000000e+00,6.250000000000001137e+02,9.816568836365511857e-05,6.218561793757195632e-07,-4.040391729276697139e-13,2.487423365245252513e-08,2.487424717502878147e-08,-1.352257625634235058e-14,-1.352257608759750562e-14,-3.758997867069445482e-13,9.816568836365521344e-05,1.362206951607670784e-04,2.399999999999957723e-03,1.666666666666596951e-05
1.000000000000000000e+00,6.300000000000001137e+02,9.829005953197187718e-05,7.462274152508634970e-07,-4.715975582536072728e-13,2.487423367389942582e-08,2.487424717502878147e-08,-1.350112935564809209e-14,-1.350112901154095727e-14,-4.434590494547907054e-13,9.829005953197191784e-05,1.363450656391311576e-04,2.399999999999957723e-03,1.999999999999920204e-05
1.000000000000000000e+00,6.350000000000001137e+02,9.841443070021463899e-05,8.705986511260074309e-07,-5.392299403778169674e-13,2.487423363064794492e-08,2.487424717502878147e-08,-1.354438083655092189e-14,-1.354438043619550542e-14,-5.110728230741318621e-13,9.841443070021466610e-05,1.364694361186193105e-04,2.399999999999957723e-03,2.333333333333260736e-05
1.000000000000000000e+00,6.400000000000001137e+02,9.853880186839228091e-05,9.949698870011512588e-07,-6.069274422891324542e-13,2.487423362292670359e-08,2.487424717502878147e-08,-1.355210207787818177e-14,-1.355210175693210410e-14,-5.788140285569508859e-13,9.853880186839233512e-05,1.365938065991036555e-04,2.399999999999957723e-03,2.666666666666598896e-05
1.000000000000000000e+00,6.450000000000001137e+02,9.866317303658878794e-05,1.119341122876295087e-06,-6.746060790826466933e-13,2.487423360044347463e-08,2.487424717502878147e-08,-1.357458530683979365e-14,-1.357458494949776902e-14,-6.466307453230255687e-13,9.866317303658874729e-05,1.367181770792489975e-04,2.399999999999957723e-03,2.999999999999937057e-05
1.000000000000000000e+00,6.500000000000001137e+02,9.878754420480410589e-05,1.243712358751438915e-06,-7.422659049684683088e-13,2.487423364005201903e-08,2.487424717502878147e-08,-1.353497676244187188e-14,-1.353497640840856971e-14,-7.144046487177914155e-13,9.878754420480403812e-05,1.368425475590579659e-04,2.399999999999957723e-03,3.333333333333275217e-05
1.000000000000000000e+00,6.550000000000001137e+02,9.891191537306711517e-05,1.368083594626582743e-06,-8.098780395112277182e-13,2.487423366999683401e-08,2.487424717502878147e-08,-1.350503194745600297e-14,-1.350503145776508034e-14,-7.820046683832255407e-13,9.891191537306708807e-05,1.369669180380731627e-04,2.399999999999957723e-03,3.666666666666613716e-05
1.000000000000000000e+00,6.600000000000001137e+02,9.903628654132211491e-05,1.492454830501726571e-06,-8.774981835975363643e-13,2.487423366152548546e-08,2.487424717502878147e-08,-1.351350329601506064e-14,-1.351350287911603191e-14,-8.495510042254283213e-13,9.903628654132220978e-05,1.370912885171909792e-04,2.399999999999957723e-03,3.999999999999951538e-05
1.000000000000000000e+00,6.650000000000001137e+02,9.916065770955049749e-05,1.616826066376870399e-06,-9.451449448471795295e-13,2.487423362510482235e-08,2.487424717502878147e-08,-1.354992395912409694e-14,-1.354992361170823967e-14,-9.172095704524890003e-13,9.916065770955053815e-05,1.372156589967136098e-04,2.399999999999957723e-03,4.333333333333290037e-05
1.000000000000000000e+00,6.700000000000001137e+02,9.928502887768717012e-05,1.741197302252014226e-06,-1.012883416048087812e-12,2.487423370930781177e-08,2.487424717502878147e-08,-1.346572096970291858e-14,-1.346572074801851442e-14,-9.847486813518058855e-13,9.928502887768714301e-05,1.373400294776889899e-04,2.399999999999957723e-03,4.666666666666621083e-05
1.000000000000000000e+00,6.750000000000001137e+02,9.940940004578988011e-05,1.865568538127158054e-06,-1.080655849882049204e-12,2.487423362689146629e-08,2.487424717502878147e-08,-1.354813731517543141e-14,-1.354813701408168844e-14,-1.052283325757056393e-12,9.940940004578985301e-05,1.374643999591885005e-04,2.399999999999957723e-03,4.999999999999951451e-05
1.000000000000000000e+00,6.800000000000001137e+02,9.953377121410998619e-05,1.989939774002302094e-06,-1.148210887839658332e-12,2.487423366206709354e-08,2.487424717502878147e-08,-1.351296168792846297e-14,-1.351296123794220974e-14,-1.119936071387116138e-12,9.953377121411010817e-05,1.375887704371833275e-04,2.399999999999957723e-03,5.333333333333282496e-05
1.000000000000000000e+00,6.850000000000001137e+02,9.965814238243944352e-05,2.114311009877445922e-06,-1.215756574341771536e-12,2.487423364871224932e-08,2.487424717502878147e-08,-1.352631653215302140e-14,-1.352631605238826612e-14,-1.187534264612942328e-12,9.965814238243938931e-05,1.377131409150122174e-04,2.399999999999957723e-03,5.666666666666610153e-05
1.000000000000000000e+00,6.900000000000001137e+02,9.978251355062785970e-05,2.238682245752589750e-06,-1.283443301993997948e-12,2.487423361746491934e-08,2.487424717502878147e-08,-1.355756386212736326e-14,-1.355756339559749778e-14,-1.255243963232906738e-12,9.978251355062779193e-05,1.378375113950906913e-04,2.399999999999957723e-03,5.999999999999940521e-05
1.000000000000000000e+00,6.950000000000001137e+02,9.990688471881830875e-05,2.363053481627733578e-06,-1.351127996767150950e-12,2.487423367925587027e-08,2.487424717502878147e-08,-1.349577291119555801e-14,-1.349577249760525173e-14,-1.322877302965913611e-12,9.990688471881828164e-05,1.379618818751215416e-04,2.399999999999957723e-03,6.333333333333272244e-05
1.000000000000000000e+00,7.000000000000001137e+02,1.000312558869938771e-04,2.487424717502877406e-06,-1.418827572215121315e-12,2.487423359616131942e-08,2.487424717502878147e-08,-1.357886746205230306e-14,-1.357886698890499268e-14,-1.390563901682189222e-12,1.000312558869938500e-04,1.380862523553793425e-04,2.399999999999957723e-03,6.666666666666603289e-05
1.000000000000000000e+00,7.050000000000001137e+02,1.001556270551931895e-04,2.611795953378021234e-06,-1.486503403635514248e-12,2.487423366810157794e-08,2.487424717502878147e-08,-1.350692720352781917e-14,-1.350692683625962720e-14,-1.458278386245100772e-12,1.001556270551931624e-04,1.382106228352440660e-04,2.399999999999957723e-03,6.999999999999932979e-05
1.000000000000000000e+00,7.100000000000001137e+02,1.002799982234183602e-04,2.736167189253165062e-06,-1.554153376834093402e-12,2.487423363465370931e-08,2.487424717502878147e-08,-1.354037507215956850e-14,-1.354037463209948262e-14,-1.525896639915998547e-12,1.002799982234183466e-04,1.383349933146825624e-04,2.399999999999957723e-03,7.333333333333264025e-05
1.000000000000000000e+00,7.150000000000001137e+02,1.004043693917239379e-04,2.860538425128308890e-06,-1.621722942889055599e-12,2.487423368208786869e-08,2.487424717502878147e-08,-1.349294091278469491e-14,-1.349294043301993963e-14,-1.593479927578797102e-12,1.004043693917238160e-04,1.384593637928209920e-04,2.399999999999957723e-03,7.666666666666595070e-05
1.000000000000000000e+00,7.200000000000001137e+02,1.005287405600170745e-04,2.984909661003452718e-06,-1.689304950163947067e-12,2.487423363374405879e-08,2.487424717502878147e-08,-1.354128472267919306e-14,-1.354128458040412770e-14,-1.661065490112357270e-12,1.005287405600170745e-04,1.385837342711462026e-04,2.399999999999957723e-03,7.999999999999924760e-05
1.000000000000000000e+00,7.250000000000001137e+02,1.006531117282549167e-04,3.109280896878596546e-06,-1.756942251749635297e-12,2.487423365294996508e-08,2.487424717502878147e-08,-1.352207881639174079e-14,-1.352207833662698551e-14,-1.728723897404935054e-12,1.006531117282550794e-04,1.387081047503502945e-04,2.399999999999957723e-03,8.333333333333255806e-05
1.000000000000000000e+00,7.300000000000001137e+02,1.007774828964913224e-04,3.233652132753740374e-06,-1.824580989903202069e-12,2.487423365485231174e-08,2.487424717502878147e-08,-1.352017646972771379e-14,-1.352017619841247287e-14,-1.796329533742533699e-12,1.007774828964914444e-04,1.388324752295698092e-04,2.399999999999957723e-03,8.666666666666586851e-05
1.000000000000000000e+00,7.350000000000001137e+02,1.009018540646847395e-04,3.358023368628884201e-06,-1.892262716672907892e-12,2.487423361880283435e-08,2.487424717502878147e-08,-1.355622594711739549e-14,-1.355622544750030551e-14,-1.864020537857315645e-12,1.009018540646847395e-04,1.389568457094701487e-04,2.399999999999957723e-03,8.999999999999916541e-05
1.000000000000000000e+00,7.400000000000001137e+02,1.010262252328431775e-04,3.482394604504028029e-06,-1.959979422515203528e-12,2.487423363915672836e-08,2.487424717502878147e-08,-1.353587205310606252e-14,-1.353587160642853175e-14,-1.931750780492137739e-12,1.010262252328432994e-04,1.390812161899241631e-04,2.399999999999957723e-03,9.333333333333247587e-05
1.000000000000000000e+00,7.450000000000001137e+02,1.011505964010310380e-04,3.606765840379171857e-06,-2.027666705821043339e-12,2.487423364540892670e-08,2.487424717502878147e-08,-1.352961985476819477e-14,-1.352961950735233750e-14,-1.999414508276589912e-12,1.011505964010310922e-04,1.392055866698977404e-04,2.399999999999957723e-03,9.666666666666578632e-05
1.000000000000000000e+00,7.500000000000001137e+02,1.012749675691711123e-04,3.731137076254315685e-06,-2.095401775337635449e-12,2.487423360521826884e-08,2.487424717502878147e-08,-1.356981051263294970e-14,-1.356981014867348018e-14,-2.067163082416654456e-12,1.012749675691710445e-04,1.393299571506310453e-04,2.399999999999957723e-03,9.999999999999908322e-05
1.000000000000000000e+00,7.550000000000001137e+02,1.013993387372937309e-04,3.855508312129459937e-06,-2.163154300932721048e-12,2.487423367664565553e-08,2.487424717502878147e-08,-1.349838312594058339e-14,-1.349838290094745678e-14,-2.134833565040706798e-12,1.013993387372936496e-04,1.394543276316360242e-04,2.399999999999957723e-03,1.033333333333324343e-04
1.000000000000000000e+00,7.600000000000001137e+02,1.015237099054494313e-04,3.979879548004604188e-06,-2.230873744809018684e-12,2.487423369747248840e-08,2.487424717502878147e-08,-1.347755629306838445e-14,-1.347755603167931089e-14,-2.202273412372273717e-12,1.015237099054492687e-04,1.395786981121049735e-04,2.399999999999957723e-03,1.066666666666657719e-04
1.000000000000000000e+00,7.650000000000001137e+02,1.016480810736581221e-04,4.104250783879748440e-06,-2.298540198304136091e-12,2.487423364795396292e-08,2.487424717502878147e-08,-1.352707481854671611e-14,-1.352707470935887526e-14,-2.269784989224869183e-12,1.016480810736580137e-04,1.397030685917153973e-04,2.399999999999957723e-03,1.099999999999990823e-04
1.000000000000000000e+00,7.700000000000001137e+02,1.017724522418631130e-04,4.228622019754892691e-06,-2.366210351639167105e-12,2.487423363331812364e-08,2.487424717502878147e-08,-1.354171065782893132e-14,-1.354171048246664146e-14,-2.337456952204432974e-12,1.017724522418632350e-04,1.398274390713777815e-04,2.399999999999957723e-03,1.133333333333323792e-04
1.000000000000000000e+00,7.750000000000001137e+02,1.018968234101082058e-04,4.352993255630036943e-06,-2.433840403046343311e-12,2.487423362447521217e-08,2.487424717502878147e-08,-1.355055356930170291e-14,-1.355055318879862113e-14,-2.405187611382596131e-12,1.018968234101082058e-04,1.399518095503928428e-04,2.399999999999957723e-03,1.166666666666657168e-04
1.000000000000000000e+00,7.800000000000001137e+02,1.020211945783711067e-04,4.477364491505181194e-06,-2.501452646432836442e-12,2.487423368770993738e-08,2.487424717502878147e-08,-1.348731884409385780e-14,-1.348731824190637186e-14,-2.472782289959358613e-12,1.020211945783711745e-04,1.400761800291145461e-04,2.399999999999957723e-03,1.199999999999990273e-04
1.000000000000000000e+00,7.850000000000001137e+02,1.021455657466433724e-04,4.601735727380325445e-06,-2.569055525023064730e-12,2.487423371090283106e-08,2.487424717502878147e-08,-1.346412595041495708e-14,-1.346412550373742630e-14,-2.540160899323468109e-12,1.021455657466433588e-04,1.402005505076812627e-04,2.399999999999957723e-03,1.233333333333323648e-04
1.000000000000000000e+00,7.900000000000001137e+02,1.022699369149174812e-04,4.726106963255469697e-06,-2.636656560469599793e-12,2.487423367991361121e-08,2.487424717502878147e-08,-1.349511517025968034e-14,-1.349511478644787612e-14,-2.607559000048931365e-12,1.022699369149176031e-04,1.403249209862119837e-04,2.399999999999957723e-03,1.266666666666656617e-04
1.000000000000000000e+00,7.950000000000001137e+02,1.023943080831924844e-04,4.850478199130613948e-06,-2.704256701449342555e-12,2.487423362483860254e-08,2.487424717502878147e-08,-1.355019017893244101e-14,-1.355018976534213473e-14,-2.675172261428406392e-12,1.023943080831925386e-04,1.404492914647238397e-04,2.399999999999957723e-03,1.299999999999989857e-04
1.000000000000000000e+00,8.000000000000001137e+02,1.025186792514647094e-04,4.974849435005758200e-06,-2.771859620697152311e-12,2.487423359035229467e-08,2.487424717502878147e-08,-1.358467648679646696e-14,-1.358467608313232803e-14,-2.743009426049592549e-12,1.025186792514646959e-04,1.405736619432743203e-04,2.399999999999957723e-03,1.333333333333323097e-04
1.000000000000000000e+00,8.050000000000001137e+02,1.026430504197351997e-04,5.099220670880902451e-06,-2.839464274668438044e-12,2.487423366144968924e-08,2.487424717502878147e-08,-1.351357909222895010e-14,-1.351357880767881938e-14,-2.810755063276620417e-12,1.026430504197352268e-04,1.406980324218483282e-04,2.399999999999957723e-03,1.366666666666656066e-04
1.000000000000000000e+00,8.100000000000001137e+02,1.027674215879934114e-04,5.223591906756046703e-06,-2.907081207229327176e-12,2.487423371069216470e-08,2.487424717502878147e-08,-1.346433661677336209e-14,-1.346433610061265985e-14,-2.878199850547349116e-12,1.027674215879933843e-04,1.408224029006143211e-04,2.399999999999957723e-03,1.399999999999989306e-04
1.000000000000000000e+00,8.150000000000001137e+02,1.028917927562365527e-04,5.347963142631190954e-06,-2.974713210200413856e-12,2.487423368972619674e-08,2.487424717502878147e-08,-1.348530258473331489e-14,-1.348530201232433100e-14,-2.945573945829691593e-12,1.028917927562367289e-04,1.409467733796160196e-04,2.399999999999957723e-03,1.433333333333322275e-04
1.000000000000000000e+00,8.200000000000001137e+02,1.030161639244788537e-04,5.472334378506335206e-06,-3.042346053428184212e-12,2.487423362747474443e-08,2.487424717502878147e-08,-1.354755403703829577e-14,-1.354755364660904664e-14,-3.013156084977025037e-12,1.030161639244788673e-04,1.410711438586282891e-04,2.399999999999957723e-03,1.466666666666655787e-04
1.000000000000000000e+00,8.250000000000001137e+02,1.031405350927062334e-04,5.596705614381479457e-06,-3.109993817988353400e-12,2.487423355774057329e-08,2.487424717502878147e-08,-1.361728820817782318e-14,-1.361728780451368426e-14,-3.081068188604831864e-12,1.031405350927063147e-04,1.411955143378733368e-04,2.399999999999957723e-03,1.499999999999988756e-04
1.000000000000000000e+00,8.300000000000001137e+02,1.032649062608915054e-04,5.721076850256623709e-06,-3.177683690250396494e-12,2.487423362270806321e-08,2.487424717502878147e-08,-1.355232071825769179e-14,-1.355232008960042625e-14,-3.148992208340117140e-12,1.032649062608914918e-04,1.413198848177914572e-04,2.399999999999957723e-03,1.533333333333321725e-04
1.000000000000000000e+00,8.350000000000001137e+02,1.033892774290505397e-04,5.845448086131767960e-06,-3.245399800205013736e-12,2.487423368901162188e-08,2.487424717502878147e-08,-1.348601715959471985e-14,-1.348601674931313602e-14,-3.216588050437401046e-12,1.033892774290504719e-04,1.414442552981278898e-04,2.399999999999957723e-03,1.566666666666655236e-04
1.000000000000000000e+00,8.400000000000001137e+02,1.035136485971902616e-04,5.969819322006912212e-06,-3.313135222510828377e-12,2.487423369381267079e-08,2.487424717502878147e-08,-1.348121611067523347e-14,-1.348121548863541283e-14,-3.284006131032272418e-12,1.035136485971904243e-04,1.415686257787654868e-04,2.399999999999957723e-03,1.599999999999988205e-04
1.000000000000000000e+00,8.450000000000001137e+02,1.036380197653368141e-04,6.094190557882056463e-06,-3.380863814342956360e-12,2.487423364214126219e-08,2.487424717502878147e-08,-1.353288751928152220e-14,-1.353288702628187711e-14,-3.351541387319565643e-12,1.036380197653367463e-04,1.416929962592933354e-04,2.399999999999957723e-03,1.633333333333321445e-04
1.000000000000000000e+00,8.500000000000001137e+02,1.037623909335046846e-04,6.218561793757200714e-06,-3.448571088049867846e-12,2.487423354023665067e-08,2.487424717502878147e-08,-1.363479213079794350e-14,-1.363479178669080867e-14,-3.419460584351997357e-12,1.037623909335046846e-04,1.418173667394734261e-04,2.399999999999957723e-03,1.666666666666654685e-04
1.000000000000000000e+00,8.550000000000001137e+02,1.038867621016729617e-04,6.342933029632344966e-06,-3.516277955180964650e-12,2.487423359152925688e-08,2.487424717502878147e-08,-1.358349952459008976e-14,-1.358349905806022428e-14,-3.487506311463874940e-12,1.038867621016729075e-04,1.419417372196435151e-04,2.399999999999957723e-03,1.699999999999987925e-04
1.000000000000000000e+00,8.600000000000001137e+02,1.040111332698556587e-04,6.467304265507489217e-06,-3.583970402423167396e-12,2.487423368248359851e-08,2.487424717502878147e-08,-1.349254518296220464e-14,-1.349254490502951882e-14,-3.555196421371599298e-12,1.040111332698557536e-04,1.420661076995774106e-04,2.399999999999957723e-03,1.733333333333320894e-04
1.000000000000000000e+00,8.650000000000001137e+02,1.041355044380523013e-04,6.591675501382633469e-06,-3.651648904114926548e-12,2.487423372832478669e-08,2.487424717502878147e-08,-1.344670399477609587e-14,-1.344670361096429165e-14,-3.622544542661583824e-12,1.041355044380523962e-04,1.421904781792847350e-04,2.399999999999957723e-03,1.766666666666654134e-04
1.000000000000000000e+00,8.700000000000001137e+02,1.042598756062922848e-04,6.716046737257777720e-06,-3.719284064824840592e-12,2.487423370463805626e-08,2.487424717502878147e-08,-1.347039072520685809e-14,-1.347039015279787421e-14,-3.689837277070989238e-12,1.042598756062923119e-04,1.423148486582925592e-04,2.399999999999957723e-03,1.799999999999987374e-04
1.000000000000000000e+00,8.750000000000001137e+02,1.043842467745806916e-04,6.840417973132921972e-06,-3.786870802355226003e-12,2.487423356502076523e-08,2.487424717502878147e-08,-1.361000801624445412e-14,-1.361000760596287030e-14,-3.757538271467891100e-12,1.043842467745805967e-04,1.424392191365193784e-04,2.399999999999957723e-03,1.833333333333320343e-04
1.000000000000000000e+00,8.800000000000001137e+02,1.045086179428480512e-04,6.964789209008066223e-06,-3.854478586960284787e-12,2.487423355679173426e-08,2.487424717502878147e-08,-1.361823704720614806e-14,-1.361823681559557654e-14,-3.825608882521787217e-12,1.045086179428479699e-04,1.425635896150803216e-04,2.399999999999957723e-03,1.866666666666653854e-04
1.000000000000000000e+00,8.850000000000001137e+02,1.046329891110868150e-04,7.089160444883210475e-06,-3.922114967397642878e-12,2.487423365292736320e-08,2.487424717502878147e-08,-1.352210141827479819e-14,-1.352210128592590018e-14,-3.893459727775590909e-12,1.046329891110869099e-04,1.426879600940974700e-04,2.399999999999957723e-03,1.899999999999986823e-04
1.000000000000000000e+00,8.900000000000001137e+02,1.047573602792982163e-04,7.213531680758354726e-06,-3.989778710387329071e-12,2.487423373476873542e-08,2.487424717502878147e-08,-1.344026004604607097e-14,-1.344025984752272396e-14,-3.960865630609212469e-12,1.047573602792981892e-04,1.428123305735503050e-04,2.399999999999957723e-03,1.933333333333319792e-04
1.000000000000000000e+00,8.950000000000001137e+02,1.048817314475041559e-04,7.337902916633498978e-06,-4.057447915045459159e-12,2.487423374897890425e-08,2.487424717502878147e-08,-1.342604987721579801e-14,-1.342604939083359783e-14,-4.028031403705103273e-12,1.048817314475042778e-04,1.429367010530867592e-04,2.399999999999957723e-03,1.966666666666653032e-04
1.000000000000000000e+00,9.000000000000001137e+02,1.050061026157408597e-04,7.462274152508643229e-06,-4.125086355466944972e-12,2.487423357767154971e-08,2.487424717502878147e-08,-1.359735723176135388e-14,-1.359735671229192919e-14,-4.095589918962917091e-12,1.050061026157408461e-04,1.430610715321268384e-04,2.399999999999957723e-03,1.999999999999986272e-04
1.000000000000000000e+00,9.050000000000001137e+02,1.051304737839695811e-04,7.586645388383787480e-06,-4.192732778326925709e-12,2.487423351265085884e-08,2.487424717502878147e-08,-1.366237792262976223e-14,-1.366237765462324376e-14,-4.163739254880205023e-12,1.051304737839696760e-04,1.431854420112905980e-04,2.399999999999957723e-03,2.033333333333319512e-04
1.000000000000000000e+00,9.100000000000001137e+02,1.052548449521884362e-04,7.711016624258931732e-06,-4.260389067426676064e-12,2.487423360550698796e-08,2.487424717502878147e-08,-1.356952179351194419e-14,-1.356952154535776043e-14,-4.231819002880157534e-12,1.052548449521884769e-04,1.433098124906108080e-04,2.399999999999957723e-03,2.066666666666652481e-04
1.000000000000000000e+00,9.150000000000001137e+02,1.053792161203826122e-04,7.835387860134075983e-06,-4.328070035678377621e-12,2.487423372854251387e-08,2.487424717502878147e-08,-1.344648626760398211e-14,-1.344648597643640649e-14,-4.299359021684642951e-12,1.053792161203825987e-04,1.434341829703237160e-04,2.399999999999957723e-03,2.099999999999985992e-04
1.000000000000000000e+00,9.200000000000001137e+02,1.055035872886030259e-04,7.959759096009220235e-06,-4.395724766237505028e-12,2.487423380445427165e-08,2.487424717502878147e-08,-1.337057450981783922e-14,-1.337057423188515341e-14,-4.366401672205446851e-12,1.055035872886030124e-04,1.435585534496135142e-04,2.399999999999957723e-03,2.133333333333318961e-04
1.000000000000000000e+00,9.250000000000001137e+02,1.056279584569043889e-04,8.084130331884364486e-06,-4.463298547551929236e-12,2.487423363033794410e-08,2.487424717502878147e-08,-1.354469083737472717e-14,-1.354469060245543320e-14,-4.433689834291298317e-12,1.056279584569044431e-04,1.436829239275985292e-04,2.399999999999957723e-03,2.166666666666651930e-04
1.000000000000000000e+00,9.300000000000001137e+02,1.057523296251600798e-04,8.208501567759508738e-06,-4.530918000882869397e-12,2.487423349699749807e-08,2.487424717502878147e-08,-1.367803128340092381e-14,-1.367803075731405422e-14,-4.501746637690722036e-12,1.057523296251600527e-04,1.438072944063164106e-04,2.399999999999957723e-03,2.199999999999985442e-04
1.000000000000000000e+00,9.350000000000001137e+02,1.058767007933348079e-04,8.332872803634652989e-06,-4.598618417011039912e-12,2.487423352336661310e-08,2.487424717502878147e-08,-1.365166216837105218e-14,-1.365166165221034994e-14,-4.570070868714533046e-12,1.058767007933348079e-04,1.439316648863284229e-04,2.399999999999957723e-03,2.233333333333318411e-04
1.000000000000000000e+00,9.400000000000001137e+02,1.060010719615366275e-04,8.457244039509797241e-06,-4.666291741637425446e-12,2.487423367827592264e-08,2.487424717502878147e-08,-1.349675285883235978e-14,-1.349675246840311065e-14,-4.637941904016066698e-12,1.060010719615366275e-04,1.440560353659026886e-04,2.399999999999957723e-03,2.266666666666651651e-04
1.000000000000000000e+00,9.450000000000001137e+02,1.061254431297405072e-04,8.581615275384941492e-06,-4.733963006279683257e-12,2.487423386020216197e-08,2.487424717502878147e-08,-1.331482661949526872e-14,-1.331482626215324410e-14,-4.704970850842457585e-12,1.061254431297405207e-04,1.441804058454412569e-04,2.399999999999957723e-03,2.299999999999984891e-04
1.000000000000000000e+00,9.500000000000001137e+02,1.062498142979309291e-04,8.705986511260085744e-06,-4.801647728581407044e-12,2.487423368251204359e-08,2.487424717502878147e-08,-1.349251673787530017e-14,-1.349251645663389190e-14,-4.771989207639425425e-12,1.062498142979309155e-04,1.443047763251955272e-04,2.399999999999957723e-03,2.333333333333317860e-04
1.000000000000000000e+00,9.550000000000001137e+02,1.063741854661093164e-04,8.830357747135229995e-06,-4.869344485527245421e-12,2.487423348890198729e-08,2.487424717502878147e-08,-1.368612679417686188e-14,-1.368612609272770244e-14,-4.839935814012829410e-12,1.063741854661093706e-04,1.444291468051375001e-04,2.399999999999957723e-03,2.366666666666651100e-04
1.000000000000000000e+00,9.600000000000001137e+02,1.064985566342678086e-04,8.954728983010374247e-06,-4.937061137582948907e-12,2.487423343480021617e-08,2.487424717502878147e-08,-1.374022856530194981e-14,-1.374022822119481499e-14,-4.908501699797635704e-12,1.064985566342678222e-04,1.445535172853963310e-04,2.399999999999957723e-03,2.399999999999984069e-04
1.000000000000000000e+00,9.650000000000001137e+02,1.066229278024603447e-04,9.079100218885518498e-06,-5.004743745690436348e-12,2.487423358843360954e-08,2.487424717502878147e-08,-1.358659517193195311e-14,-1.358659474510675703e-14,-4.976818757213389634e-12,1.066229278024602499e-04,1.446778877651069351e-04,2.399999999999957723e-03,2.433333333333317309e-04
1.000000000000000000e+00,9.700000000000001137e+02,1.067472989706746327e-04,9.203471454760662749e-06,-5.072404601991838298e-12,2.487423392060160983e-08,2.487424717502878147e-08,-1.325442717164223487e-14,-1.325442667202514489e-14,-5.043921310756219389e-12,1.067472989706745649e-04,1.448022582444644145e-04,2.399999999999957723e-03,2.466666666666650007e-04
1.000000000000000000e+00,9.750000000000001137e+02,1.068716701388225675e-04,9.327842690635807001e-06,-5.140131811466196361e-12,2.487423377229684779e-08,2.487424717502878147e-08,-1.340273193368061397e-14,-1.340273153001647505e-14,-5.110564206261323439e-12,1.068716701388226217e-04,1.449266287248849542e-04,2.399999999999957723e-03,2.499999999999983247e-04
1.000000000000000000e+00,9.800000000000001137e+02,1.069960413069742563e-04,9.452213926510951252e-06,-5.207855266890532193e-12,2.487423350666605160e-08,2.487424717502878147e-08,-1.366836272987153854e-14,-1.366836234936845677e-14,-5.178241940959785768e-12,1.069960413069743241e-04,1.450509992052426101e-04,2.399999999999957723e-03,2.533333333333316487e-04
1.000000000000000000e+00,9.850000000000001137e+02,1.071204124751784341e-04,9.576585162386095504e-06,-5.275526233377192571e-12,2.487423335840244014e-08,2.487424717502878147e-08,-1.381662634132880436e-14,-1.381662585825532663e-14,-5.246954411478845227e-12,1.071204124751785154e-04,1.451753696847549679e-04,2.399999999999957723e-03,2.566666666666649727e-04
1.000000000000000000e+00,9.900000000000001137e+02,1.072447836433873010e-04,9.700956398261239755e-06,-5.343192510689456949e-12,2.487423346294481813e-08,2.487424717502878147e-08,-1.371208396333551476e-14,-1.371208379789939225e-14,-5.315776185619232024e-12,1.072447836433873823e-04,1.452997401641895341e-04,2.399999999999957723e-03,2.599999999999982967e-04
1.000000000000000000e+00,9.950000000000001137e+02,1.073691548116080806e-04,9.825327634136384007e-06,-5.410846875330351143e-12,2.487423396234125603e-08,2.487424717502878147e-08,-1.321268752543624579e-14,-1.321268720118144567e-14,-5.383088113116934119e-12,1.073691548116080264e-04,1.454241106434312207e-04,2.399999999999957723e-03,2.633333333333315665e-04
1.000000000000000000e+00,1.000000000000000114e+03,1.074935259798495956e-04,9.949698870011528258e-06,-5.478480504604696551e-12,2.487423397270381410e-08,2.487424717502878147e-08,-1.320232496737292853e-14,-1.320232442474244669e-14,-5.449125642181743850e-12,1.074935259798496363e-04,1.455484811223371300e-04,2.399999999999957723e-03,2.666666666666649447e-04
1.000000000000000000e+00,1.005000000000000114e+03,1.076178971481037144e-04,1.007407010588667251e-05,-5.546101530028786815e-12,2.487423361045700218e-08,2.487424717502878147e-08,-1.356457177929030436e-14,-1.356457148812272875e-14,-5.516042881963906788e-12,1.076178971481037551e-04,1.456728516010377726e-04,2.399999999999957723e-03,2.699999999999982145e-04
1.000000000000000000e+00,1.010000000000000114e+03,1.077422683163678486e-04,1.019844134176181676e-05,-5.613712540135308744e-12,2.487423329868311673e-08,2.487424717502878147e-08,-1.387634566473858485e-14,-1.387634508571215607e-14,-5.584645173398494000e-12,1.077422683163679028e-04,1.457972220795754597e-04,2.399999999999957723e-03,2.733333333333315385e-04
1.000000000000000000e+00,1.015000000000000114e+03,1.078666394846394095e-04,1.032281257763696101e-05,-5.681316123456949148e-12,2.487423326812676381e-08,2.487424717502878147e-08,-1.390690201766003667e-14,-1.390690172318373860e-14,-5.654103290420733737e-12,1.078666394846394095e-04,1.459215925579911198e-04,2.399999999999957723e-03,2.766666666666648625e-04
1.000000000000000000e+00,1.020000000000000114e+03,1.079910106529128136e-04,1.044718381351210526e-05,-5.748917863634896326e-12,2.487423394645404138e-08,2.487424717502878147e-08,-1.322857474009274346e-14,-1.322857447208622499e-14,-5.721941980908908646e-12,1.079910106529127865e-04,1.460459630363756633e-04,2.399999999999957723e-03,2.799999999999982407e-04
1.000000000000000000e+00,1.025000000000000000e+03,1.081153818211555889e-04,1.057155504938724613e-05,-5.816550229136084431e-12,2.487423417436786333e-08,2.487424717502878147e-08,-1.300066091814473400e-14,-1.300066053102420732e-14,-5.787515068416683111e-12,1.081153818211557245e-04,1.461703335152488568e-04,2.399999999999957723e-03,2.833333333333315105e-04
1.000000000000000000e+00,1.030000000000000000e+03,1.082397529893929162e-04,1.069592628526239038e-05,-5.884188046141321064e-12,2.487423376764397008e-08,2.487424717502878147e-08,-1.340738481139133495e-14,-1.340738435147891437e-14,-5.853535180622940915e-12,1.082397529893929568e-04,1.462947039942065095e-04,2.399999999999957723e-03,2.866666666666648346e-04
1.000000000000000000e+00,1.035000000000000000e+03,1.083641241577389076e-04,1.082029752113753463e-05,-5.951717198983820338e-12,2.487423328794682523e-08,2.487424717502878147e-08,-1.388708195623754337e-14,-1.388708161874785345e-14,-5.921771345548507835e-12,1.083641241577390025e-04,1.464190744714187324e-04,2.399999999999957723e-03,2.899999999999981586e-04
1.000000000000000000e+00,1.040000000000000000e+03,1.084884953261353957e-04,1.094466875701267888e-05,-6.019195855110136099e-12,2.487423305905996426e-08,2.487424717502878147e-08,-1.411596881720987856e-14,-1.411596829443173143e-14,-5.991778970331456797e-12,1.084884953261354093e-04,1.465434449478185625e-04,2.399999999999957723e-03,2.933333333333314826e-04
1.000000000000000000e+00,1.045000000000000000e+03,1.086128664945417501e-04,1.106903999288782313e-05,-6.086664644996682243e-12,2.487423381631159471e-08,2.487424717502878147e-08,-1.335871718675680189e-14,-1.335871669375715681e-14,-6.060465682801929018e-12,1.086128664945417636e-04,1.466678154240574970e-04,2.399999999999957723e-03,2.966666666666647524e-04
1.000000000000000000e+00,1.050000000000000000e+03,1.087372376629487685e-04,1.119341122876296738e-05,-6.154132770809397739e-12,2.487423395506028324e-08,2.487424717502878147e-08,-1.321996849822811310e-14,-1.321996815081225582e-14,-6.126912394913352549e-12,1.087372376629487685e-04,1.467921859002835837e-04,2.399999999999957723e-03,2.999999999999980764e-04
1.000000000000000000e+00,1.055000000000000000e+03,1.088616088313209027e-04,1.131778246463811164e-05,-6.221635780827012956e-12,2.487423357762318280e-08,2.487424717502878147e-08,-1.359740559866613108e-14,-1.359740535382066976e-14,-6.193955828674934863e-12,1.088616088313207943e-04,1.469165563770667606e-04,2.399999999999957723e-03,3.033333333333314004e-04
1.000000000000000000e+00,1.060000000000000000e+03,1.089859799996895946e-04,1.144215370051325589e-05,-6.289142233186525814e-12,2.487423358021429960e-08,2.487424717502878147e-08,-1.359481448186708832e-14,-1.359481399879361059e-14,-6.261936377056470564e-12,1.089859799996896760e-04,1.470409268539023587e-04,2.399999999999957723e-03,3.066666666666647244e-04
1.000000000000000000e+00,1.065000000000000000e+03,1.091103511680339597e-04,1.156652493638840014e-05,-6.356673012332283816e-12,2.487423365512998966e-08,2.487424717502878147e-08,-1.351989879181352463e-14,-1.351989811683414479e-14,-6.329723157345539953e-12,1.091103511680339326e-04,1.471652973311264536e-04,2.399999999999957723e-03,3.099999999999980484e-04
1.000000000000000000e+00,1.070000000000000000e+03,1.092347223363466933e-04,1.169089617226354439e-05,-6.424235423076424083e-12,2.487423368045354839e-08,2.487424717502878147e-08,-1.349457523307792003e-14,-1.349457477978294435e-14,-6.397259339587082675e-12,1.092347223363468152e-04,1.472896678088552987e-04,2.399999999999957723e-03,3.133333333333313724e-04
1.000000000000000000e+00,1.075000000000000000e+03,1.093590935046488964e-04,1.181526740813868864e-05,-6.491808364134164615e-12,2.487423369067605485e-08,2.487424717502878147e-08,-1.348435272661847535e-14,-1.348435222038394047e-14,-6.464706657087499887e-12,1.093590935046487745e-04,1.474140382867520868e-04,2.399999999999957723e-03,3.166666666666646964e-04
1.000000000000000000e+00,1.080000000000000000e+03,1.094834646729436593e-04,1.193963864401383289e-05,-6.559388745529313829e-12,2.487423364984288610e-08,2.487424717502878147e-08,-1.352518589536966962e-14,-1.352518548177936335e-14,-6.532230501342908147e-12,1.094834646729436322e-04,1.475384087647664837e-04,2.399999999999957723e-03,3.199999999999979662e-04
1.000000000000000000e+00,1.085000000000000000e+03,1.096078358411917202e-04,1.206400987988897714e-05,-6.627015828933042856e-12,2.487423363311633459e-08,2.487424717502878147e-08,-1.354191244688500240e-14,-1.354191220534826354e-14,-6.599898245560727214e-12,1.096078358411918286e-04,1.476627792435252938e-04,2.399999999999957723e-03,3.233333333333313444e-04
1.000000000000000000e+00,1.090000000000000000e+03,1.097322070094124320e-04,1.218838111576412140e-05,-6.694670261336572829e-12,2.487423363582162878e-08,2.487424717502878147e-08,-1.353920715269164773e-14,-1.353920692108107621e-14,-6.667601043376800564e-12,1.097322070094124591e-04,1.477871497227228534e-04,2.399999999999957723e-03,3.266666666666646142e-04
1.000000000000000000e+00,1.095000000000000000e+03,1.098565781776523207e-04,1.231275235163926565e-05,-6.762305516914176966e-12,2.487423365241271789e-08,2.487424717502878147e-08,-1.352261606358214908e-14,-1.352261564006567545e-14,-6.735255599779667443e-12,1.098565781776522394e-04,1.479115202016099788e-04,2.399999999999957723e-03,3.299999999999979382e-04
1.000000000000000000e+00,1.100000000000000000e+03,1.099809493458795648e-04,1.243712358751440990e-05,-6.829953416999617714e-12,2.487423365916484764e-08,2.487424717502878147e-08,-1.351586393382566652e-14,-1.351586354339641740e-14,-6.802851797738322675e-12,1.099809493458796190e-04,1.480358906806977901e-04,2.399999999999957723e-03,3.333333333333312622e-04
1.000000000000000000e+00,1.105000000000000000e+03,1.101053205140865615e-04,1.256149482338955415e-05,-6.897621564560629630e-12,2.487423363524490522e-08,2.487424717502878147e-08,-1.353978387624960950e-14,-1.353978354537736448e-14,-6.870490915460257130e-12,1.101053205140866428e-04,1.481602611601079888e-04,2.399999999999957723e-03,3.366666666666645862e-04
1.000000000000000000e+00,1.110000000000000000e+03,1.102296916822574407e-04,1.268586605926469840e-05,-6.965325829606512469e-12,2.487423361822501892e-08,2.487424717502878147e-08,-1.355680376255376583e-14,-1.355680349454724737e-14,-6.938232383060068659e-12,1.102296916822575221e-04,1.482846316400951729e-04,2.399999999999957723e-03,3.399999999999979102e-04
1.000000000000000000e+00,1.115000000000000000e+03,1.103540628503922702e-04,1.281023729513984265e-05,-7.033066144374630450e-12,2.487423362278090143e-08,2.487424717502878147e-08,-1.355224788004167282e-14,-1.355224729770652158e-14,-7.006005010040703081e-12,1.103540628503922567e-04,1.484090021206597217e-04,2.399999999999957723e-03,3.433333333333311800e-04
1.000000000000000000e+00,1.120000000000000000e+03,1.104784340185334558e-04,1.293460853101498691e-05,-7.100800103007512236e-12,2.487423362939652322e-08,2.487424717502878147e-08,-1.354563225824731867e-14,-1.354563179171745319e-14,-7.073749707764263018e-12,1.104784340185335100e-04,1.485333726011194011e-04,2.399999999999957723e-03,3.466666666666645582e-04
1.000000000000000000e+00,1.125000000000000000e+03,1.106028051866742755e-04,1.305897976689013116e-05,-7.168534427558627235e-12,2.487423363646968178e-08,2.487424717502878147e-08,-1.353855909969510428e-14,-1.353855882176241846e-14,-7.141460184297962698e-12,1.106028051866743026e-04,1.486577430815828752e-04,2.399999999999957723e-03,3.499999999999978280e-04
1.000000000000000000e+00,1.130000000000000000e+03,1.107271763548145802e-04,1.318335100276527541e-05,-7.236269267105774165e-12,2.487423362837424710e-08,2.487424717502878147e-08,-1.354665453437042600e-14,-1.354665421673307078e-14,-7.209173216894201421e-12,1.107271763548145260e-04,1.487821135620517974e-04,2.399999999999957723e-03,3.533333333333311520e-04
1.000000000000000000e+00,1.135000000000000000e+03,1.108515475229902299e-04,1.330772223864041966e-05,-7.303968761662098068e-12,2.487423363343671818e-08,2.487424717502878147e-08,-1.354159206329014836e-14,-1.354159164308239719e-14,-7.276893831543739283e-12,1.108515475229903790e-04,1.489064840419519471e-04,2.399999999999957723e-03,3.566666666666644761e-04
1.000000000000000000e+00,1.140000000000000000e+03,1.109759186912095594e-04,1.343209347451556391e-05,-7.371624576423397961e-12,2.487423365181923565e-08,2.487424717502878147e-08,-1.352320954581932117e-14,-1.352320894032311279e-14,-7.344555833002253058e-12,1.109759186912095865e-04,1.490308545211490188e-04,2.399999999999957723e-03,3.599999999999978001e-04
1.000000000000000000e+00,1.145000000000000000e+03,1.111002898594268425e-04,1.355646471039070816e-05,-7.439282437616298420e-12,2.487423364877016189e-08,2.487424717502878147e-08,-1.352625861958397534e-14,-1.352625805379243635e-14,-7.412179500487541931e-12,1.111002898594268154e-04,1.491552250003770716e-04,2.399999999999957723e-03,3.633333333333311241e-04
1.000000000000000000e+00,1.150000000000000000e+03,1.112246610276538427e-04,1.368083594626585241e-05,-7.506930581647227978e-12,2.487423363151449602e-08,2.487424717502878147e-08,-1.354351428544993379e-14,-1.354351389171196222e-14,-7.479853930351302927e-12,1.112246610276538563e-04,1.492795954794469122e-04,2.399999999999957723e-03,3.666666666666643939e-04
1.000000000000000000e+00,1.155000000000000000e+03,1.113490321959211481e-04,1.380520718214099667e-05,-7.574538420462395387e-12,2.487423362023514391e-08,2.487424717502878147e-08,-1.355479363756464562e-14,-1.355479331992729040e-14,-7.547599698380401059e-12,1.113490321959211617e-04,1.494039659578679392e-04,2.399999999999957723e-03,3.699999999999977179e-04
1.000000000000000000e+00,1.160000000000000000e+03,1.114734033642450354e-04,1.392957841801614092e-05,-7.642089677476686209e-12,2.487423362699497968e-08,2.487424717502878147e-08,-1.354803380179357652e-14,-1.354803353047833560e-14,-7.615356765506415124e-12,1.114734033642451031e-04,1.495283364353780736e-04,2.399999999999957723e-03,3.733333333333310419e-04
1.000000000000000000e+00,1.165000000000000000e+03,1.115977745326383793e-04,1.405394965389128517e-05,-7.709571477789302178e-12,2.487423366087128485e-08,2.487424717502878147e-08,-1.351415749661791658e-14,-1.351415708302761030e-14,-7.683012242040179988e-12,1.115977745326382980e-04,1.496527069117728080e-04,2.399999999999957723e-03,3.766666666666644743e-04
1.000000000000000000e+00,1.170000000000000000e+03,1.117221457010410609e-04,1.417832088976642942e-05,-7.777043940410707616e-12,2.487423367607124146e-08,2.487424717502878147e-08,-1.349895754001027491e-14,-1.349895706355424208e-14,-7.750545027406634619e-12,1.117221457010409932e-04,1.497770773880150764e-04,2.399999999999957723e-03,3.799999999999977983e-04
1.000000000000000000e+00,1.175000000000000000e+03,1.118465168694726501e-04,1.430269212564157367e-05,-7.844487495491689159e-12,2.487423368773047793e-08,2.487424717502878147e-08,-1.348729830354488688e-14,-1.348729768812251114e-14,-7.818010664285826502e-12,1.118465168694727585e-04,1.499014478637898640e-04,2.399999999999957723e-03,3.833333333333311223e-04
1.000000000000000000e+00,1.180000000000000000e+03,1.119708880379181713e-04,1.442706336151671792e-05,-7.911917118574754264e-12,2.487423368972409901e-08,2.487424717502878147e-08,-1.348530468246334833e-14,-1.348530449717489111e-14,-7.885442169749070008e-12,1.119708880379180493e-04,1.500258183393418209e-04,2.399999999999957723e-03,3.866666666666645005e-04
1.000000000000000000e+00,1.185000000000000000e+03,1.120952592063307598e-04,1.455143459739186217e-05,-7.979379674298808615e-12,2.487423368728882965e-08,2.487424717502878147e-08,-1.348773995181754119e-14,-1.348773952830106757e-14,-7.952874779812759905e-12,1.120952592063307463e-04,1.501501888154181251e-04,2.399999999999957723e-03,3.899999999999978245e-04
1.000000000000000000e+00,1.190000000000000000e+03,1.122196303746864955e-04,1.467580583326700643e-05,-8.046899082874282676e-12,2.487423367027490236e-08,2.487424717502878147e-08,-1.350475387911256470e-14,-1.350475353831415232e-14,-8.020356012479297954e-12,1.122196303746864684e-04,1.502745592924048339e-04,2.399999999999957723e-03,3.933333333333311485e-04
1.000000000000000000e+00,1.195000000000000000e+03,1.123440015429545599e-04,1.480017706914215068e-05,-8.114506162747929345e-12,2.487423363472610416e-08,2.487424717502878147e-08,-1.354030267731235786e-14,-1.354030238614478224e-14,-8.087968652290445291e-12,1.123440015429546141e-04,1.503989297707969126e-04,2.399999999999957723e-03,3.966666666666645268e-04
1.000000000000000000e+00,1.200000000000000000e+03,1.124683727112418553e-04,1.492454830501729493e-05,-8.182094011585541553e-12,2.487423361606840024e-08,2.487424717502878147e-08,-1.355896038122936919e-14,-1.355896008013562622e-14,-8.155716808456146312e-12,1.124683727112418688e-04,1.505233002488773916e-04,2.399999999999957723e-03,3.999999999999979050e-04
1.000000000000000000e+00,1.205000000000000000e+03,1.125927438795143378e-04,1.504891954089243918e-05,-8.249696673335335344e-12,2.487423361116047297e-08,2.487424717502878147e-08,-1.356386830850144232e-14,-1.356386785851518909e-14,-8.223523878302773350e-12,1.125927438795143242e-04,1.506476707271933865e-04,2.399999999999957723e-03,4.033333333333312290e-04
1.000000000000000000e+00,1.210000000000000000e+03,1.127171150477894766e-04,1.517329077676758343e-05,-8.317296678789806545e-12,2.487423363198332214e-08,2.487424717502878147e-08,-1.354304545933107344e-14,-1.354304502919715491e-14,-8.291291160522054210e-12,1.127171150477894359e-04,1.507720412054659319e-04,2.399999999999957723e-03,4.066666666666646072e-04
1.000000000000000000e+00,1.215000000000000000e+03,1.128414862160145930e-04,1.529766201264272599e-05,-8.384946704927944902e-12,2.487423364139145605e-08,2.487424717502878147e-08,-1.353363732541957701e-14,-1.353363690521182584e-14,-8.358982865358076662e-12,1.128414862160145930e-04,1.508964116845378325e-04,2.399999999999957723e-03,4.099999999999979312e-04
1.000000000000000000e+00,1.220000000000000000e+03,1.129658573842101243e-04,1.542203324851787024e-05,-8.452626317926930852e-12,2.487423365055952560e-08,2.487424717502878147e-08,-1.352446925586545573e-14,-1.352446898455021481e-14,-8.426628130082481764e-12,1.129658573842102462e-04,1.510207821640814423e-04,2.399999999999957723e-03,4.133333333333312552e-04
1.000000000000000000e+00,1.225000000000000000e+03,1.130902285523737664e-04,1.554640448439301449e-05,-8.520337820022315031e-12,2.487423365361872075e-08,2.487424717502878147e-08,-1.352141006071882637e-14,-1.352140947838367513e-14,-8.494242826239816489e-12,1.130902285523739019e-04,1.511451526441360909e-04,2.399999999999957723e-03,4.166666666666645792e-04
1.000000000000000000e+00,1.230000000000000000e+03,1.132145997205334919e-04,1.567077572026815874e-05,-8.588053238798047315e-12,2.487423365570202806e-08,2.487424717502878147e-08,-1.351932675340655236e-14,-1.351932657804426250e-14,-8.561844666380886333e-12,1.132145997205334512e-04,1.512695231242508855e-04,2.399999999999957723e-03,4.199999999999979574e-04
1.000000000000000000e+00,1.235000000000000000e+03,1.133389708886943829e-04,1.579514695614330299e-05,-8.655767492056444176e-12,2.487423365090640545e-08,2.487424717502878147e-08,-1.352412237602122039e-14,-1.352412175729012220e-14,-8.629453287219222294e-12,1.133389708886943016e-04,1.513938936043464356e-04,2.399999999999957723e-03,4.233333333333313356e-04
1.000000000000000000e+00,1.240000000000000000e+03,1.134633420568679726e-04,1.591951819201844725e-05,-8.723469046596895801e-12,2.487423363458699885e-08,2.487424717502878147e-08,-1.354044178262160967e-14,-1.354044149476275651e-14,-8.697114695349354491e-12,1.134633420568680675e-04,1.515182640842340899e-04,2.399999999999957723e-03,4.266666666666646597e-04
1.000000000000000000e+00,1.245000000000000000e+03,1.135877132250604139e-04,1.604388942789359150e-05,-8.791151749572073335e-12,2.487423362455261311e-08,2.487424717502878147e-08,-1.355047616835742509e-14,-1.355047556616993915e-14,-8.764841988001686230e-12,1.135877132250605494e-04,1.516426345638178423e-04,2.399999999999957723e-03,4.299999999999980379e-04
1.000000000000000000e+00,1.250000000000000000e+03,1.137120843932853134e-04,1.616826066376873575e-05,-8.858801994244712083e-12,2.487423362594412612e-08,2.487424717502878147e-08,-1.354908465535248634e-14,-1.354908427154068211e-14,-8.832590887595962783e-12,1.137120843932853812e-04,1.517670050428781962e-04,2.399999999999957723e-03,4.333333333333313619e-04
1.000000000000000000e+00,1.255000000000000000e+03,1.138364555615583787e-04,1.629263189964388000e-05,-8.926404073235838163e-12,2.487423364438994938e-08,2.487424717502878147e-08,-1.353063883209501924e-14,-1.353063829277325986e-14,-8.900290194006747638e-12,1.138364555615584465e-04,1.518913755211649176e-04,2.399999999999957723e-03,4.366666666666646859e-04
1.000000000000000000e+00,1.260000000000000000e+03,1.139608267298714375e-04,1.641700313551902425e-05,-8.993966158719326684e-12,2.487423367468264675e-08,2.487424717502878147e-08,-1.350034613472201258e-14,-1.350034571782298385e-14,-8.967867654033238248e-12,1.139608267298713833e-04,1.520157459988085986e-04,2.399999999999957723e-03,4.399999999999980099e-04
1.000000000000000000e+00,1.265000000000000000e+03,1.140851978982181472e-04,1.654137437139416850e-05,-9.061494593277886686e-12,2.487423371371411355e-08,2.487424717502878147e-08,-1.346131466791535476e-14,-1.346131411535870557e-14,-9.035271803616192471e-12,1.140851978982180252e-04,1.521401164759087962e-04,2.399999999999957723e-03,4.433333333333313339e-04
1.000000000000000000e+00,1.270000000000000000e+03,1.142095690665934798e-04,1.666574560726931275e-05,-9.128994404899093071e-12,2.487423376002290363e-08,2.487424717502878147e-08,-1.341500587783769221e-14,-1.341500545101249614e-14,-9.102462602532120476e-12,1.142095690665935340e-04,1.522644869525455788e-04,2.399999999999957723e-03,4.466666666666646579e-04
1.000000000000000000e+00,1.275000000000000000e+03,1.143339402349812401e-04,1.679011684314445701e-05,-9.196481788852897341e-12,2.487423380581980457e-08,2.487424717502878147e-08,-1.336920897690157953e-14,-1.336920868242528146e-14,-9.169423137865714920e-12,1.143339402349812536e-04,1.523888574289834644e-04,2.399999999999957723e-03,4.499999999999979819e-04
1.000000000000000000e+00,1.280000000000000000e+03,1.144583114033562339e-04,1.691448807901960126e-05,-9.263981939287282627e-12,2.487423383890553022e-08,2.487424717502878147e-08,-1.333612325125072837e-14,-1.333612284096914455e-14,-9.236186466674200985e-12,1.144583114033562746e-04,1.525132279056222256e-04,2.399999999999957723e-03,4.533333333333313059e-04
1.000000000000000000e+00,1.285000000000000000e+03,1.145826825716842818e-04,1.703885931489474551e-05,-9.331529035675736536e-12,2.487423384198170242e-08,2.487424717502878147e-08,-1.333304707904920697e-14,-1.333304665553273334e-14,-9.302859390415455679e-12,1.145826825716842140e-04,1.526375983830155101e-04,2.399999999999957723e-03,4.566666666666646299e-04
1.000000000000000000e+00,1.290000000000000000e+03,1.147070537400081555e-04,1.716323055076988976e-05,-9.399080306242554514e-12,2.487423383696153667e-08,2.487424717502878147e-08,-1.333806724480423620e-14,-1.333806690731454627e-14,-9.369537174322573878e-12,1.147070537400082910e-04,1.527619688604688595e-04,2.399999999999957723e-03,4.599999999999979539e-04
1.000000000000000000e+00,1.295000000000000000e+03,1.148314249083538487e-04,1.728760178664503401e-05,-9.466609757240651221e-12,2.487423383622201073e-08,2.487424717502878147e-08,-1.333880677074163820e-14,-1.333880636707749928e-14,-9.436229357508553992e-12,1.148314249083537809e-04,1.528863393375728789e-04,2.399999999999957723e-03,4.633333333333312779e-04
1.000000000000000000e+00,1.300000000000000000e+03,1.149557960766676393e-04,1.741197302252017826e-05,-9.534171110887673314e-12,2.487423381125317351e-08,2.487424717502878147e-08,-1.336377560796080047e-14,-1.336377502562564923e-14,-9.502985810990311863e-12,1.149557960766676258e-04,1.530107098151871510e-04,2.399999999999957723e-03,4.666666666666646019e-04
1.000000000000000000e+00,1.305000000000000000e+03,1.150801672449373164e-04,1.753634425839532251e-05,-9.601776578010588412e-12,2.487423375390171747e-08,2.487424717502878147e-08,-1.342112706400142137e-14,-1.342112676621640085e-14,-9.569948065469916989e-12,1.150801672449374113e-04,1.531350802935052872e-04,2.399999999999957723e-03,4.699999999999979259e-04
1.000000000000000000e+00,1.310000000000000000e+03,1.152045384131507641e-04,1.766071549427046677e-05,-9.669438274568674038e-12,2.487423365501719531e-08,2.487424717502878147e-08,-1.352001158616185236e-14,-1.352001105345753788e-14,-9.637300910019101836e-12,1.152045384131508590e-04,1.532594507727243682e-04,2.399999999999957723e-03,4.733333333333312500e-04
1.000000000000000000e+00,1.315000000000000000e+03,1.153289095813089988e-04,1.778508673014561102e-05,-9.737155184122393489e-12,2.487423353074016395e-08,2.487424717502878147e-08,-1.364428861752502793e-14,-1.364428797563287259e-14,-9.705211657591827862e-12,1.153289095813091208e-04,1.533838212528289442e-04,2.399999999999957723e-03,4.766666666666645740e-04
1.000000000000000000e+00,1.320000000000000000e+03,1.154532807494520276e-04,1.790945796602075527e-05,-9.804887299611582049e-12,2.487423347356399079e-08,2.487424717502878147e-08,-1.370146479068512640e-14,-1.370146421496742006e-14,-9.773576038068328593e-12,1.154532807494520140e-04,1.535081917331736982e-04,2.399999999999957723e-03,4.799999999999978980e-04
1.000000000000000000e+00,1.325000000000000000e+03,1.155776519175615003e-04,1.803382920189589952e-05,-9.872652971158009036e-12,2.487423345742932339e-08,2.487424717502878147e-08,-1.371759945807623054e-14,-1.371759910073420591e-14,-9.842123696357582658e-12,1.155776519175614461e-04,1.536325622140564603e-04,2.399999999999957723e-03,4.833333333333312220e-04
1.000000000000000000e+00,1.330000000000000000e+03,1.157020230856477982e-04,1.815820043777104377e-05,-9.940441817525872900e-12,2.487423351181053598e-08,2.487424717502878147e-08,-1.366321824548788750e-14,-1.366321783851502612e-14,-9.910575738705705738e-12,1.157020230856479066e-04,1.537569326953065231e-04,2.399999999999957723e-03,4.866666666666645460e-04
1.000000000000000000e+00,1.335000000000000000e+03,1.158263942537270488e-04,1.828257167364618802e-05,-1.000823771120785792e-11,2.487423367342983208e-08,2.487424717502878147e-08,-1.350159894939056089e-14,-1.350159858543109137e-14,-9.978487779765571032e-12,1.158263942537268997e-04,1.538813031766710234e-04,2.399999999999957723e-03,4.899999999999979242e-04
1.000000000000000000e+00,1.340000000000000000e+03,1.159507654218201500e-04,1.840694290952133228e-05,-1.007601975420708944e-11,2.487423398693074822e-08,2.487424717502878147e-08,-1.318809803324600034e-14,-1.318809776193075942e-14,-1.004521202063397566e-11,1.159507654218202855e-04,1.540056736578070552e-04,2.399999999999957723e-03,4.933333333333311940e-04
1.000000000000000000e+00,1.345000000000000000e+03,1.160751365898846283e-04,1.853131414539647653e-05,-1.014383042014367457e-11,2.487423407539250019e-08,2.487424717502878147e-08,-1.309963628128003556e-14,-1.309963613569624776e-14,-1.011093135537804318e-11,1.160751365898846148e-04,1.541300441394035476e-04,2.399999999999957723e-03,4.966666666666644638e-04
1.000000000000000000e+00,1.350000000000000000e+03,1.161995077579632555e-04,1.865568538127162078e-05,-1.021162693724190877e-11,2.487423405466171953e-08,2.487424717502878147e-08,-1.312036706193950484e-14,-1.312036642666479440e-14,-1.017648136178394578e-11,1.161995077579634046e-04,1.542544146207679937e-04,2.399999999999957723e-03,4.999999999999977336e-04
1.000000000000000000e+00,1.355000000000000000e+03,1.163238789260793283e-04,1.878005661714676503e-05,-1.027938600870761075e-11,2.487423388239505716e-08,2.487424717502878147e-08,-1.329263372431121806e-14,-1.329263339013025059e-14,-1.024251386132593339e-11,1.163238789260794367e-04,1.543787851015320086e-04,2.399999999999957723e-03,5.033333333333311118e-04
1.000000000000000000e+00,1.360000000000000000e+03,1.164482500942562926e-04,1.890442785302190928e-05,-1.034708418866880052e-11,2.487423348291813958e-08,2.487424717502878147e-08,-1.369211064188912764e-14,-1.369211017205053971e-14,-1.030997572023138537e-11,1.164482500942562519e-04,1.545031555813158777e-04,2.399999999999957723e-03,5.066666666666644900e-04
1.000000000000000000e+00,1.365000000000000000e+03,1.165726212625219446e-04,1.902879908889705353e-05,-1.041469368089228097e-11,2.487423276430783785e-08,2.487424717502878147e-08,-1.441072094361709590e-14,-1.441072036459066711e-14,-1.038023279657298839e-11,1.165726212625219717e-04,1.546275260596757827e-04,2.399999999999957723e-03,5.099999999999977598e-04
1.000000000000000000e+00,1.370000000000000000e+03,1.166969924308110425e-04,1.915317032477219778e-05,-1.048227972724378142e-11,2.487423212403286362e-08,2.487424717502878147e-08,-1.505099591784731235e-14,-1.505099538845172032e-14,-1.045388708595559436e-11,1.166969924308109476e-04,1.547518965376564338e-04,2.399999999999957723e-03,5.133333333333310296e-04
1.000000000000000000e+00,1.375000000000000000e+03,1.168213635990943399e-04,1.927754156064734204e-05,-1.054987157407690467e-11,2.487423177632497189e-08,2.487424717502878147e-08,-1.539870380958048460e-14,-1.539870320408427621e-14,-1.053001133243693435e-11,1.168213635990943128e-04,1.548762670157272905e-04,2.399999999999957723e-03,5.166666666666642994e-04
1.000000000000000000e+00,1.380000000000000000e+03,1.169457347674059621e-04,1.940191279652248629e-05,-1.061743509612827173e-11,2.487423160896680258e-08,2.487424717502878147e-08,-1.556606197888858570e-14,-1.556606112854691599e-14,-1.060742324326851233e-11,1.169457347674060163e-04,1.550006374933432702e-04,2.399999999999957723e-03,5.199999999999976776e-04
1.000000000000000000e+00,1.385000000000000000e+03,1.170701059357350128e-04,1.952628403239763054e-05,-1.068498118962971609e-11,2.487423174710597811e-08,2.487424717502878147e-08,-1.542792280335734027e-14,-1.542792245263276055e-14,-1.068490820222146152e-11,1.170701059357350671e-04,1.551250079706753245e-04,2.399999999999957723e-03,5.233333333333310558e-04
1.000000000000000000e+00,1.390000000000000000e+03,1.171944771040662049e-04,1.965065526827277479e-05,-1.075252514183186979e-11,2.487423234491900872e-08,2.487424717502878147e-08,-1.483010977275271666e-14,-1.483010936908857773e-14,-1.076055328177576487e-11,1.171944771040661236e-04,1.552493784479723319e-04,2.399999999999957723e-03,5.266666666666643256e-04
1.000000000000000000e+00,1.395000000000000000e+03,1.173188482723984811e-04,1.977502650414791904e-05,-1.082006800983185101e-11,2.487423328026086150e-08,2.487424717502878147e-08,-1.389476791996603909e-14,-1.389476740711405931e-14,-1.083236547371627146e-11,1.173188482723986031e-04,1.553737489252490105e-04,2.399999999999957723e-03,5.299999999999975954e-04
1.000000000000000000e+00,1.400000000000000000e+03,1.174432194407688536e-04,1.989939774002306329e-05,-1.088757278167799651e-11,2.487423379246570150e-08,2.487424717502878147e-08,-1.338256307997230912e-14,-1.338256248771099053e-14,-1.090055879845333408e-11,1.174432194407689349e-04,1.554981194019142805e-04,2.399999999999957723e-03,5.333333333333308652e-04
1.000000000000000000e+00,1.405000000000000000e+03,1.175675906091345368e-04,2.002376897589820754e-05,-1.095508224269853802e-11,2.487423428416895934e-08,2.487424717502878147e-08,-1.289085982212519978e-14,-1.289085921993771384e-14,-1.096624235272245584e-11,1.175675906091345097e-04,1.556224898786504572e-04,2.399999999999957723e-03,5.366666666666642434e-04
1.000000000000000000e+00,1.410000000000000000e+03,1.176919617774819106e-04,2.014814021177335180e-05,-1.102261001318326737e-11,2.487423464913166660e-08,2.487424717502878147e-08,-1.252589711486773879e-14,-1.252589640680113444e-14,-1.102978424178930296e-11,1.176919617774817886e-04,1.557468603556808864e-04,2.399999999999957723e-03,5.399999999999976217e-04
1.000000000000000000e+00,1.415000000000000000e+03,1.178163329457940884e-04,2.027251144764849605e-05,-1.109017297958102104e-11,2.487423474891289225e-08,2.487424717502878147e-08,-1.242611588921863091e-14,-1.242611550209810424e-14,-1.109216427156155106e-11,1.178163329457940749e-04,1.558712308332701948e-04,2.399999999999957723e-03,5.433333333333308915e-04
1.000000000000000000e+00,1.420000000000000000e+03,1.179407041140522188e-04,2.039688268352364030e-05,-1.115778999345707310e-11,2.487423440967323888e-08,2.487424717502878147e-08,-1.276535554259184869e-14,-1.276535505951837096e-14,-1.115514294796559225e-11,1.179407041140522188e-04,1.559956013117271901e-04,2.399999999999957723e-03,5.466666666666642697e-04
1.000000000000000000e+00,1.425000000000000000e+03,1.180650752823252434e-04,2.052125391939878455e-05,-1.122539211310578065e-11,2.487423441094755032e-08,2.487424717502878147e-08,-1.276408123115354135e-14,-1.276408063227477786e-14,-1.121896653719507512e-11,1.180650752823252163e-04,1.561199717899426794e-04,2.399999999999957723e-03,5.499999999999975395e-04
1.000000000000000000e+00,1.430000000000000000e+03,1.181894464505712036e-04,2.064562515527392880e-05,-1.129302129715121887e-11,2.487423431431372043e-08,2.487424717502878147e-08,-1.286071506104166456e-14,-1.286071437282739491e-14,-1.128302852470783055e-11,1.181894464505710952e-04,1.562443422685920393e-04,2.399999999999957723e-03,5.533333333333309177e-04
1.000000000000000000e+00,1.435000000000000000e+03,1.183138176187871449e-04,2.076999639114907305e-05,-1.136068050004430778e-11,2.487423409896178090e-08,2.487424717502878147e-08,-1.307606700057008852e-14,-1.307606653734894549e-14,-1.134787047698327140e-11,1.183138176187871449e-04,1.563687127477186108e-04,2.399999999999957723e-03,5.566666666666642959e-04
1.000000000000000000e+00,1.440000000000000000e+03,1.184381887869736638e-04,2.089436762702421730e-05,-1.142836912547385252e-11,2.487423376579837793e-08,2.487424717502878147e-08,-1.340923040353917347e-14,-1.340922989399591614e-14,-1.141408371806163356e-11,1.184381887869737857e-04,1.564930832273155091e-04,2.399999999999957723e-03,5.599999999999975657e-04
1.000000000000000000e+00,1.445000000000000000e+03,1.185625599551328336e-04,2.101873886289936156e-05,-1.149608509990319820e-11,2.487423335365227276e-08,2.487424717502878147e-08,-1.382137650871445137e-14,-1.382137587013101848e-14,-1.148216023247195089e-11,1.185625599551328065e-04,1.566174537073504523e-04,2.399999999999957723e-03,5.633333333333309439e-04
1.000000000000000000e+00,1.450000000000000000e+03,1.186869311232663349e-04,2.114311009877450581e-05,-1.156382674281897747e-11,2.487423306250787474e-08,2.487424717502878147e-08,-1.411252090673235338e-14,-1.411252047990715730e-14,-1.155199497334704633e-11,1.186869311232663214e-04,1.567418241877943565e-04,2.399999999999957723e-03,5.666666666666642137e-04
1.000000000000000000e+00,1.455000000000000000e+03,1.188113022913820282e-04,2.126748133464965006e-05,-1.163158619375543983e-11,2.487423290077045725e-08,2.487424717502878147e-08,-1.427425832422115255e-14,-1.427425758306732370e-14,-1.162296191850448254e-11,1.188113022913819740e-04,1.568661946685221320e-04,2.399999999999957723e-03,5.699999999999975919e-04
1.000000000000000000e+00,1.460000000000000000e+03,1.189356734594890886e-04,2.139185257052479431e-05,-1.169935427765170059e-11,2.487423298152670748e-08,2.487424717502878147e-08,-1.419350207398975200e-14,-1.419350187546640499e-14,-1.169413131715081686e-11,1.189356734594890208e-04,1.569905651493875469e-04,2.399999999999957723e-03,5.733333333333309701e-04
1.000000000000000000e+00,1.465000000000000000e+03,1.190600446275993202e-04,2.151622380639993856e-05,-1.176711919025660684e-11,2.487423344492518149e-08,2.487424717502878147e-08,-1.373010359998033738e-14,-1.373010307720219025e-14,-1.176394032953248835e-11,1.190600446275994151e-04,1.571149356301975320e-04,2.399999999999957723e-03,5.766666666666642399e-04
1.000000000000000000e+00,1.470000000000000000e+03,1.191844157957131298e-04,2.164059504227508281e-05,-1.183488052499434388e-11,2.487423406026729755e-08,2.487424717502878147e-08,-1.311476148392135959e-14,-1.311476133833757178e-14,-1.183105249057133775e-11,1.191844157957132788e-04,1.572393061109489702e-04,2.399999999999957723e-03,5.799999999999976182e-04
1.000000000000000000e+00,1.475000000000000000e+03,1.193087869638176693e-04,2.176496627815022706e-05,-1.190265112966065568e-11,2.487423418485779066e-08,2.487424717502878147e-08,-1.299017099081069583e-14,-1.299017044487149154e-14,-1.189631482002936041e-11,1.193087869638175338e-04,1.573636765918494862e-04,2.399999999999957723e-03,5.833333333333309964e-04
1.000000000000000000e+00,1.480000000000000000e+03,1.194331581319348670e-04,2.188933751402537132e-05,-1.197040907626660371e-11,2.487423405790239810e-08,2.487424717502878147e-08,-1.311712638336648134e-14,-1.311712595985000772e-14,-1.196158306104116416e-11,1.194331581319348941e-04,1.574880470725408866e-04,2.399999999999957723e-03,5.866666666666642662e-04
1.000000000000000000e+00,1.485000000000000000e+03,1.195575293000740197e-04,2.201370874990051557e-05,-1.203814506777855890e-11,2.487423348831312734e-08,2.487424717502878147e-08,-1.368671565412877103e-14,-1.368671499569300344e-14,-1.202859266343002169e-11,1.195575293000739113e-04,1.576124175528818459e-04,2.399999999999957723e-03,5.899999999999976444e-04
1.000000000000000000e+00,1.490000000000000000e+03,1.196819004682442755e-04,2.213807998577565982e-05,-1.210584995624069092e-11,2.487423223378952019e-08,2.487424717502878147e-08,-1.494123926127900693e-14,-1.494123854990368014e-14,-1.210016254729401339e-11,1.196819004682442213e-04,1.577367880327187324e-04,2.399999999999957723e-03,5.933333333333309142e-04
1.000000000000000000e+00,1.495000000000000000e+03,1.198062716364369336e-04,2.226245122165080407e-05,-1.217353244237543396e-11,2.487423121971283483e-08,2.487424717502878147e-08,-1.595531594663824227e-14,-1.595531510953146236e-14,-1.217740393144260125e-11,1.198062716364369878e-04,1.578611585121947151e-04,2.399999999999957723e-03,5.966666666666642924e-04
1.000000000000000000e+00,1.500000000000000000e+03,1.199306428046471694e-04,2.238682245752594832e-05,-1.224119735088245557e-11,2.487423110217466856e-08,2.487424717502878147e-08,-1.607285411291323818e-14,-1.607285371917526660e-14,-1.225747435351436807e-11,1.199306428046472371e-04,1.579855289913887511e-04,2.399999999999957723e-03,5.999999999999976706e-04
1.000000000000000000e+00,1.505000000000000000e+03,1.200550139728825586e-04,2.251119369340109257e-05,-1.230883710589907552e-11,2.487423170233151543e-08,2.487424717502878147e-08,-1.547269726604294556e-14,-1.547269687561369643e-14,-1.233633823000134048e-11,1.200550139728825180e-04,1.581098994701746934e-04,2.399999999999957723e-03,6.033333333333309404e-04
1.000000000000000000e+00,1.510000000000000000e+03,1.201793851411414208e-04,2.263556492927623682e-05,-1.237645338793866116e-11,2.487423343384382002e-08,2.487424717502878147e-08,-1.374118496145235097e-14,-1.374118443536548139e-14,-1.240937293327878843e-11,1.201793851411413802e-04,1.582342699485834417e-04,2.399999999999957723e-03,6.066666666666643186e-04
1.000000000000000000e+00,1.515000000000000000e+03,1.203037563094195412e-04,2.275993616515138108e-05,-1.244405041183715803e-11,2.487423680995030875e-08,2.487424717502878147e-08,-1.036507847271753932e-14,-1.036507829404652700e-14,-1.246963859010231845e-11,1.203037563094194599e-04,1.583586404266795332e-04,2.399999999999957723e-03,6.099999999999975884e-04
1.000000000000000000e+00,1.520000000000000000e+03,1.204281274777075413e-04,2.288430740102652533e-05,-1.251163755594335812e-11,2.487423866321901362e-08,2.487424717502878147e-08,-8.511809767848455048e-15,-8.511809556090218235e-15,-1.251683080972766031e-11,1.204281274777075549e-04,1.584830109046157592e-04,2.399999999999957723e-03,6.133333333333309666e-04
1.000000000000000000e+00,1.525000000000000000e+03,1.205524986459957583e-04,2.300867863690166958e-05,-1.257922448320912372e-11,2.487423898824495452e-08,2.487424717502878147e-08,-8.186783826947254415e-15,-8.186783284316772580e-15,-1.255857729182867779e-11,1.205524986459958261e-04,1.586073813825466996e-04,2.399999999999957723e-03,6.166666666666643449e-04
1.000000000000000000e+00,1.530000000000000000e+03,1.206768698142714121e-04,2.313304987277681383e-05,-1.264682397366756299e-11,2.487423750852017160e-08,2.487424717502878147e-08,-9.666508609870860729e-15,-9.666508097018880946e-15,-1.260321052028201692e-11,1.206768698142713443e-04,1.587317518606783801e-04,2.399999999999957723e-03,6.199999999999976147e-04
1.000000000000000000e+00,1.535000000000000000e+03,1.208012409825176976e-04,2.325742110865195808e-05,-1.271445283245234946e-11,2.487423320052385661e-08,2.487424717502878147e-08,-1.397450492486409670e-14,-1.397450442524700672e-14,-1.266231305158768164e-11,1.208012409825176163e-04,1.588561223392789237e-04,2.399999999999957723e-03,6.233333333333309929e-04
1.000000000000000000e+00,1.540000000000000000e+03,1.209256121507162510e-04,2.338179234452710233e-05,-1.278212942323777961e-11,2.487422507975693715e-08,2.487424717502878147e-08,-2.209527184431785330e-14,-2.209527121566058776e-14,-1.275248749068995063e-11,1.209256121507162510e-04,1.589804928186416616e-04,2.399999999999957723e-03,6.266666666666642627e-04
1.000000000000000000e+00,1.545000000000000000e+03,1.210499833189264190e-04,2.350616358040224658e-05,-1.284979439950743700e-11,2.487422261994626908e-08,2.487424717502878147e-08,-2.455508251239336787e-14,-2.455508210211178404e-14,-1.286911337398438156e-11,1.210499833189264597e-04,1.591048632978162090e-04,2.399999999999957723e-03,6.299999999999976409e-04
1.000000000000000000e+00,1.550000000000000000e+03,1.211743544871094277e-04,2.363053481627739084e-05,-1.291748653504151516e-11,2.487422266292516750e-08,2.487424717502878147e-08,-2.451210361397215389e-14,-2.451210314082484351e-14,-1.299178133709172312e-11,1.211743544871093871e-04,1.592292337774263618e-04,2.399999999999957723e-03,6.333333333333310191e-04
1.000000000000000000e+00,1.555000000000000000e+03,1.212987256552624447e-04,2.375490605215253509e-05,-1.298520866231818970e-11,2.487422709681393142e-08,2.487424717502878147e-08,-2.007821485005387529e-14,-2.007821421808788730e-14,-1.310325713048900495e-11,1.212987256552624854e-04,1.593536042575162740e-04,2.399999999999957723e-03,6.366666666666642889e-04
1.000000000000000000e+00,1.560000000000000000e+03,1.214230968233841282e-04,2.387927728802767934e-05,-1.305296212303764906e-11,2.487423831046477752e-08,2.487424717502878147e-08,-8.864564003948682597e-15,-8.864563679693882476e-15,-1.317561407523345938e-11,1.214230968233840740e-04,1.594779747381058137e-04,2.399999999999957723e-03,6.399999999999976671e-04
1.000000000000000000e+00,1.565000000000000000e+03,1.215474679914802517e-04,2.400364852390282359e-05,-1.312074114382332478e-11,2.487425519911762018e-08,2.487424717502878147e-08,8.024088838711584254e-15,8.024089391268233440e-15,-1.317771526095452350e-11,1.215474679914803466e-04,1.596023452191025526e-04,2.399999999999957723e-03,6.433333333333309369e-04
1.000000000000000000e+00,1.570000000000000000e+03,1.216718391595769579e-04,2.412801975977796784e-05,-1.318851958185033278e-11,2.487426324311223608e-08,2.487424717502878147e-08,1.606808345460945700e-14,1.606808396746143678e-14,-1.311748482755769932e-11,1.216718391595769037e-04,1.597267157000892626e-04,2.399999999999957723e-03,6.466666666666643151e-04
1.000000000000000000e+00,1.575000000000000000e+03,1.217962103276774318e-04,2.425239099565311209e-05,-1.325629425227479140e-11,2.487426777784953679e-08,2.487424717502878147e-08,2.060282075532122065e-14,2.060282130456914739e-14,-1.302580756437762286e-11,1.217962103276774453e-04,1.598510861810129805e-04,2.399999999999957723e-03,6.499999999999976933e-04
1.000000000000000000e+00,1.580000000000000000e+03,1.219205814957997523e-04,2.437676223152825635e-05,-1.332404707602547443e-11,2.487426552893377382e-08,2.487424717502878147e-08,1.835390499234523712e-14,1.835390542909660055e-14,-1.292841574754345849e-11,1.219205814957996845e-04,1.599754566615856609e-04,2.399999999999957723e-03,6.533333333333309631e-04
1.000000000000000000e+00,1.585000000000000000e+03,1.220449526639666199e-04,2.450113346740340060e-05,-1.339175535261939547e-11,2.487425232099177694e-08,2.487424717502878147e-08,5.145962995465763157e-15,5.145963514935187840e-15,-1.286966607518337902e-11,1.220449526639667283e-04,1.600998271414398675e-04,2.399999999999957723e-03,6.566666666666643414e-04
1.000000000000000000e+00,1.590000000000000000e+03,1.221693238321559306e-04,2.462550470327854485e-05,-1.345944118622834605e-11,2.487423583169044796e-08,2.487424717502878147e-08,-1.134333833350617961e-14,-1.134333775778847327e-14,-1.288515951079051223e-11,1.221693238321560661e-04,1.602241976209324115e-04,2.399999999999957723e-03,6.599999999999977196e-04
1.000000000000000000e+00,1.595000000000000000e+03,1.222936950003231506e-04,2.474987593915368910e-05,-1.352714911045656103e-11,2.487422949407379714e-08,2.487424717502878147e-08,-1.768095498432957964e-14,-1.768095453434332641e-14,-1.295772024152084173e-11,1.222936950003231235e-04,1.603485681007778090e-04,2.399999999999957723e-03,6.633333333333309894e-04
1.000000000000000000e+00,1.600000000000000000e+03,1.224180661685125154e-04,2.487424717502883335e-05,-1.359483488985540299e-11,2.487422444647485518e-08,2.487424717502878147e-08,-2.272855392629377507e-14,-2.272855337373712588e-14,-1.305874401129104286e-11,1.224180661685124070e-04,1.604729385802661516e-04,2.399999999999957723e-03,6.666666666666643676e-04
1.000000000000000000e+00,1.605000000000000000e+03,1.225424373367290938e-04,2.499861841090397760e-05,-1.366249345577971556e-11,2.487422212178752829e-08,2.487424717502878147e-08,-2.505324125317696354e-14,-2.505324072709009396e-14,-1.317819849654311091e-11,1.225424373367289853e-04,1.605973090593161242e-04,2.399999999999957723e-03,6.699999999999976374e-04
1.000000000000000000e+00,1.610000000000000000e+03,1.226668085049781710e-04,2.512298964677912185e-05,-1.373011952274390789e-11,2.487422419139042651e-08,2.487424717502878147e-08,-2.298363835496310574e-14,-2.298363805386936277e-14,-1.329829069349550956e-11,1.226668085049780626e-04,1.607216795378430506e-04,2.399999999999957723e-03,6.733333333333310156e-04
1.000000000000000000e+00,1.615000000000000000e+03,1.227911796732414243e-04,2.524736088265426611e-05,-1.379773141376469496e-11,2.487422603829849297e-08,2.487424717502878147e-08,-2.113673028850147249e-14,-2.113672998409900707e-14,-1.340859161359043048e-11,1.227911796732413972e-04,1.608460500161390148e-04,2.399999999999957723e-03,6.766666666666642854e-04
1.000000000000000000e+00,1.620000000000000000e+03,1.229155508415140559e-04,2.537173211852941036e-05,-1.386533392643669003e-11,2.487422687676184577e-08,2.487424717502878147e-08,-2.029826693570194396e-14,-2.029826626734000902e-14,-1.351217910421902802e-11,1.229155508415139745e-04,1.609704204942841122e-04,2.399999999999957723e-03,6.799999999999975552e-04
1.000000000000000000e+00,1.625000000000000000e+03,1.230399220098012971e-04,2.549610335440455461e-05,-1.393292182948441087e-11,2.487422897860897549e-08,2.487424717502878147e-08,-1.819641980598310765e-14,-1.819641926004390336e-14,-1.360841581803748780e-11,1.230399220098012429e-04,1.610947909721919592e-04,2.399999999999957723e-03,6.833333333333309334e-04
1.000000000000000000e+00,1.630000000000000000e+03,1.231642931780997869e-04,2.562047459027969886e-05,-1.400049848393459216e-11,2.487423237293339591e-08,2.487424717502878147e-08,-1.480209538555830970e-14,-1.480209478337082376e-14,-1.369091210314602462e-11,1.231642931780997055e-04,1.612191614499170638e-04,2.399999999999957723e-03,6.866666666666642032e-04
1.000000000000000000e+00,1.635000000000000000e+03,1.232886643464070316e-04,2.574484582615484311e-05,-1.406806638345223064e-11,2.487423613106928670e-08,2.487424717502878147e-08,-1.104395949476537757e-14,-1.104395907455762639e-14,-1.375552723779084575e-11,1.232886643464069774e-04,1.613435319275005717e-04,2.399999999999957723e-03,6.899999999999974730e-04
1.000000000000000000e+00,1.640000000000000000e+03,1.234130355147221097e-04,2.586921706202998736e-05,-1.413562644960917290e-11,2.487423798526613123e-08,2.487424717502878147e-08,-9.189762650235616952e-15,-9.189762104296412667e-15,-1.380611154073798084e-11,1.234130355147220555e-04,1.614679024049577429e-04,2.399999999999957723e-03,6.933333333333308512e-04
1.000000000000000000e+00,1.645000000000000000e+03,1.235374066830382991e-04,2.599358829790513161e-05,-1.420318540445888837e-11,2.487423816421355091e-08,2.487424717502878147e-08,-9.010815230559394705e-15,-9.010814565506182212e-15,-1.385161298241248733e-11,1.235374066830383262e-04,1.615922728823922271e-04,2.399999999999957723e-03,6.966666666666641210e-04
1.000000000000000000e+00,1.650000000000000000e+03,1.236617778513508835e-04,2.611795953378027587e-05,-1.427074796428082736e-11,2.487423569837698126e-08,2.487424717502878147e-08,-1.147665180020951722e-14,-1.147665126750520273e-14,-1.390283164699501579e-11,1.236617778513508564e-04,1.617166433598866407e-04,2.399999999999957723e-03,6.999999999999974992e-04
1.000000000000000000e+00,1.655000000000000000e+03,1.237861490196540625e-04,2.624233076965542012e-05,-1.433831992955661265e-11,2.487422983897022770e-08,2.487424717502878147e-08,-1.733605855376702203e-14,-1.733605812363310350e-14,-1.397486342047286156e-11,1.237861490196541167e-04,1.618410138375273944e-04,2.399999999999957723e-03,7.033333333333307690e-04
1.000000000000000000e+00,1.660000000000000000e+03,1.239105201879527962e-04,2.636670200553056437e-05,-1.440589634006130514e-11,2.487422902686806223e-08,2.487424717502878147e-08,-1.814816071923566962e-14,-1.814816018984007759e-14,-1.406357396625654451e-11,1.239105201879527149e-04,1.619653843152383502e-04,2.399999999999957723e-03,7.066666666666640388e-04
1.000000000000000000e+00,1.665000000000000000e+03,1.240348913562378962e-04,2.649107324140570862e-05,-1.447348638440831663e-11,2.487423006345495588e-08,2.487424717502878147e-08,-1.711157382559196339e-14,-1.711157342523654691e-14,-1.415172330029423607e-11,1.240348913562379504e-04,1.620897547931669596e-04,2.399999999999957723e-03,7.099999999999974170e-04
1.000000000000000000e+00,1.670000000000000000e+03,1.241592625245045917e-04,2.661544447728085287e-05,-1.454109483308720606e-11,2.487423409874061927e-08,2.487424717502878147e-08,-1.307628816219610560e-14,-1.307628759971328906e-14,-1.422719295285661066e-11,1.241592625245046188e-04,1.622141252713877344e-04,2.399999999999957723e-03,7.133333333333307952e-04
1.000000000000000000e+00,1.675000000000000000e+03,1.242836336927482209e-04,2.673981571315599712e-05,-1.460872634816731512e-11,2.487424247409505684e-08,2.487424717502878147e-08,-4.700933724628036077e-15,-4.700933208467333844e-15,-1.427163600487706222e-11,1.242836336927482209e-04,1.623384957499796858e-04,2.399999999999957723e-03,7.166666666666640650e-04
1.000000000000000000e+00,1.680000000000000000e+03,1.244080048609764002e-04,2.686418694903114137e-05,-1.467637331312838210e-11,2.487424706379287781e-08,2.487424717502878147e-08,-1.112359036577339973e-16,-1.112354238929787165e-16,-1.428366642645796300e-11,1.244080048609764273e-04,1.624628662288144442e-04,2.399999999999957723e-03,7.199999999999973348e-04
1.000000000000000000e+00,1.685000000000000000e+03,1.245323760291884791e-04,2.698855818490628563e-05,-1.474403637849171049e-11,2.487424629357893011e-08,2.487424717502878147e-08,-8.814498513562106372e-16,-8.814495138665207156e-16,-1.428614813880236175e-11,1.245323760291885333e-04,1.625872367079076765e-04,2.399999999999957723e-03,7.233333333333307131e-04
1.000000000000000000e+00,1.690000000000000000e+03,1.246567471973807171e-04,2.711292942078142988e-05,-1.481171928475479536e-11,2.487424058680311305e-08,2.487424717502878147e-08,-6.588225668419349306e-15,-6.588225350781994085e-15,-1.430482232596398304e-11,1.246567471973806086e-04,1.627116071873182818e-04,2.399999999999957723e-03,7.266666666666639829e-04
1.000000000000000000e+00,1.695000000000000000e+03,1.247811183655527618e-04,2.723730065665657413e-05,-1.487942238428334278e-11,2.487422784095622154e-08,2.487424717502878147e-08,-1.933407255992827376e-14,-1.933407215295541239e-14,-1.436962806972332655e-11,1.247811183655527618e-04,1.628359776670503260e-04,2.399999999999957723e-03,7.299999999999973611e-04
1.000000000000000000e+00,1.700000000000000000e+03,1.249054895337124466e-04,2.736167189253171838e-05,-1.494713784371665653e-11,2.487421422242620020e-08,2.487424717502878147e-08,-3.295260258127249830e-14,-3.295260215113857977e-14,-1.450034475548356153e-11,1.249054895337125279e-04,1.629603481469782584e-04,2.399999999999957723e-03,7.333333333333306309e-04
1.000000000000000000e+00,1.705000000000000000e+03,1.250298607018741643e-04,2.748604312840686263e-05,-1.501485127027089687e-11,2.487421238125463128e-08,2.487424717502878147e-08,-3.479377415018607631e-14,-3.479377352152881077e-14,-1.466971069466523162e-11,1.250298607018741101e-04,1.630847186268730685e-04,2.399999999999957723e-03,7.366666666666639007e-04
1.000000000000000000e+00,1.710000000000000000e+03,1.251542318700376438e-04,2.761041436428200688e-05,-1.508256293499660693e-11,2.487421816261107731e-08,2.487424717502878147e-08,-2.901241770415701714e-14,-2.901241712843931080e-14,-1.482922617129015193e-11,1.251542318700376438e-04,1.632090891067368432e-04,2.399999999999957723e-03,7.399999999999972789e-04
1.000000000000000000e+00,1.715000000000000000e+03,1.252786030382105830e-04,2.773478560015715113e-05,-1.515026514005836204e-11,2.487423526063350733e-08,2.487424717502878147e-08,-1.191439527413804458e-14,-1.191439470172906070e-14,-1.493154320086557286e-11,1.252786030382106372e-04,1.633334595864480165e-04,2.399999999999957723e-03,7.433333333333305487e-04
1.000000000000000000e+00,1.720000000000000000e+03,1.254029742063959092e-04,2.785915683603229539e-05,-1.521795495811029651e-11,2.487426411301194948e-08,2.487424717502878147e-08,1.693798316800563045e-14,1.693798365769655308e-14,-1.491898422847565413e-11,1.254029742063959634e-04,1.634578300659569590e-04,2.399999999999957723e-03,7.466666666666638185e-04
1.000000000000000000e+00,1.725000000000000000e+03,1.255273453745449146e-04,2.798352807190743964e-05,-1.528568109693500925e-11,2.487426964113309270e-08,2.487424717502878147e-08,2.246610431122877428e-14,2.246610477444991731e-14,-1.482047400739528795e-11,1.255273453745451315e-04,1.635822005460491480e-04,2.399999999999957723e-03,7.499999999999971967e-04
1.000000000000000000e+00,1.730000000000000000e+03,1.256517165426785515e-04,2.810789930778258389e-05,-1.535342260432551696e-11,2.487426396494061119e-08,2.487424717502878147e-08,1.678991182971866891e-14,1.678991251462421610e-14,-1.472233396417260262e-11,1.256517165426786057e-04,1.637065710263871528e-04,2.399999999999957723e-03,7.533333333333304665e-04
1.000000000000000000e+00,1.735000000000000000e+03,1.257760877107912091e-04,2.823227054365772814e-05,-1.542118509102806227e-11,2.487424101235484141e-08,2.487424717502878147e-08,-6.162673940056069563e-15,-6.162673566170432689e-15,-1.469576586680146816e-11,1.257760877107912091e-04,1.638309415070589835e-04,2.399999999999957723e-03,7.566666666666638447e-04
1.000000000000000000e+00,1.740000000000000000e+03,1.259004588788764092e-04,2.835664177953287239e-05,-1.548897503515062578e-11,2.487419377520003385e-08,2.487424717502878147e-08,-5.339982874762219577e-14,-5.339982817521321189e-14,-1.484467212115492727e-11,1.259004588788763550e-04,1.639553119881689402e-04,2.399999999999957723e-03,7.599999999999971145e-04
1.000000000000000000e+00,1.745000000000000000e+03,1.260248300470053027e-04,2.848101301540801664e-05,-1.555672128592563812e-11,2.487417210088005915e-08,2.487424717502878147e-08,-7.507414872231894811e-14,-7.507414842453392760e-14,-1.516585706265429512e-11,1.260248300470052484e-04,1.640796824685784210e-04,2.399999999999957723e-03,7.633333333333303843e-04
1.000000000000000000e+00,1.750000000000000000e+03,1.261492012151700561e-04,2.860538425128316089e-05,-1.562443167671379550e-11,2.487416867670087724e-08,2.487424717502878147e-08,-7.849832790423068754e-14,-7.849832733182170366e-14,-1.554978825204518420e-11,1.261492012151700832e-04,1.642040529484086939e-04,2.399999999999957723e-03,7.666666666666637625e-04
1.000000000000000000e+00,1.755000000000000000e+03,1.262735723833649775e-04,2.872975548715830515e-05,-1.569211189957650347e-11,2.487417724227073768e-08,2.487424717502878147e-08,-6.993275804378968817e-14,-6.993275785188378606e-14,-1.592086596500444792e-11,1.262735723833650588e-04,1.643284234277543826e-04,2.399999999999957723e-03,7.699999999999970323e-04
1.000000000000000000e+00,1.760000000000000000e+03,1.263979435515969786e-04,2.885412672303344940e-05,-1.575975504272491244e-11,2.487420087906896994e-08,2.487424717502878147e-08,-4.629595981153013362e-14,-4.629595918949031298e-14,-1.621143775760788317e-11,1.263979435515969244e-04,1.644527939065046547e-04,2.399999999999957723e-03,7.733333333333304105e-04
1.000000000000000000e+00,1.765000000000000000e+03,1.265223147198432370e-04,2.897849795890859365e-05,-1.582738392861475323e-11,2.487422485073159622e-08,2.487424717502878147e-08,-2.232429718525089722e-14,-2.232429659629830108e-14,-1.638298839707235470e-11,1.265223147198432099e-04,1.645771643850246963e-04,2.399999999999957723e-03,7.766666666666637887e-04
1.000000000000000000e+00,1.770000000000000000e+03,1.266466858880806320e-04,2.910286919478373790e-05,-1.589502167785735408e-11,2.487423431587953693e-08,2.487424717502878147e-08,-1.285914924453804863e-14,-1.285914874822968109e-14,-1.647094701043367466e-11,1.266466858880807133e-04,1.647015348636816456e-04,2.399999999999957723e-03,7.799999999999970585e-04
1.000000000000000000e+00,1.775000000000000000e+03,1.267710570563290587e-04,2.922724043065888215e-05,-1.596264839534284989e-11,2.487423994255672889e-08,2.487424717502878147e-08,-7.232472052575718603e-15,-7.232471615824355175e-15,-1.652117606134380975e-11,1.267710570563290859e-04,1.648259053421630626e-04,2.399999999999957723e-03,7.833333333333304367e-04
1.000000000000000000e+00,1.780000000000000000e+03,1.268954282245871078e-04,2.935161166653402640e-05,-1.603026549053406490e-11,2.487423996850524574e-08,2.487424717502878147e-08,-7.206523535726273033e-15,-7.206522857438170740e-15,-1.655727354752696606e-11,1.268954282245871078e-04,1.649502758204874058e-04,2.399999999999957723e-03,7.866666666666637065e-04
1.000000000000000000e+00,1.785000000000000000e+03,1.270197993928455634e-04,2.947598290240917065e-05,-1.609788217914946522e-11,2.487423937462855592e-08,2.487424717502878147e-08,-7.800400225553993604e-15,-7.800399633292675016e-15,-1.659479085375379318e-11,1.270197993928455363e-04,1.650746462988053522e-04,2.399999999999957723e-03,7.899999999999970848e-04
1.000000000000000000e+00,1.790000000000000000e+03,1.271441705610994925e-04,2.960035413828431491e-05,-1.616550339430893567e-11,2.487423935558264952e-08,2.487424717502878147e-08,-7.819446131949920971e-15,-7.819445632332830989e-15,-1.663384046691785694e-11,1.271441705610994925e-04,1.651990167771930399e-04,2.399999999999957723e-03,7.933333333333304630e-04
1.000000000000000000e+00,1.795000000000000000e+03,1.272685417293490306e-04,2.972472537415945916e-05,-1.623312900048720468e-11,2.487423725571568762e-08,2.487424717502878147e-08,-9.919313093852701296e-15,-9.919312624014113366e-15,-1.667818736255872430e-11,1.272685417293489493e-04,1.653233872556521223e-04,2.399999999999957723e-03,7.966666666666637328e-04
1.000000000000000000e+00,1.800000000000000000e+03,1.273929128975908437e-04,2.984909661003460341e-05,-1.630076233160595266e-11,2.487423286962059562e-08,2.487424717502878147e-08,-1.430540818584955606e-14,-1.430540768954118853e-14,-1.673874916334261256e-11,1.273929128975908980e-04,1.654477577342314699e-04,2.399999999999957723e-03,7.999999999999971110e-04
2.000000000000000000e+00,1.800000000000000227e+03,1.273929128975908437e-04,2.984909661003460341e-05,-1.630076233160595266e-11,-1.119895365685236986e-16,0.000000000000000000e+00,-1.119895365685236986e-16,-1.119890237322125668e-16,-1.673874916334261256e-11,1.273929128975908980e-04,1.654477577342314428e-04,0.000000000000000000e+00,7.999999999999971110e-04
2.000000000000000000e+00,1.805000000000000227e+03,1.273929128969629823e-04,2.984909661003460341e-05,-1.630139019308403901e-11,-6.731863739983400556e-17,0.000000000000000000e+00,-6.731863739983400556e-17,-6.731808407707698070e-17,-1.673919743111213421e-11,1.273929128969630907e-04,1.654477577443049549e-04,0.000000000000000000e+00,7.999999999999971110e-04
2.000000000000000000e+00,1.810000000000000227e+03,1.273929128963272874e-04,2.984909661003460341e-05,-1.630202588792282158e-11,-1.500148220363598372e-16,0.000000000000000000e+00,-1.500148220363598372e-16,-1.500142717729057853e-16,-1.673974076200175975e-11,1.273929128963272874e-04,1.654477577545058337e-04,0.000000000000000000e+00,7.999999999999971110e-04
2.000000000000000000e+00,1.815000000000000227e+03,1.273929128957069069e-04,2.984909661003460341e-05,-1.630264626840591778e-11,7.204375285411826997e-15,0.000000000000000000e+00,7.204375285411826997e-15,7.204375645589880728e-15,-1.672210485856721944e-11,1.273929128957068527e-04,1.654477577644614930e-04,0.000000000000000000e+00,7.999999999999971110e-04
2.000000000000000000e+00,1.820000000000000227e+03,1.273929128950607767e-04,2.984909661003460341e-05,-1.630329239869061052e-11,-6.566649678566322198e-15,0.000000000000000000e+00,-6.566649678566322198e-15,-6.566648989434192380e-15,-1.672051054192682761e-11,1.273929128950607767e-04,1.654477577748285800e-04,0.000000000000000000e+00,7.999999999999971110e-04
2.000000000000000000e+00,1.825000000000000227e+03,1.273929128944597221e-04,2.984909661003460341e-05,-1.630389345326998217e-11,-1.733078867650683238e-16,0.000000000000000000e+00,-1.733078867650683238e-16,-1.733073512641220978e-16,-1.673736043277857618e-11,1.273929128944596408e-04,1.654477577844749435e-04,0.000000000000000000e+00,7.999999999999971110e-04
2.000000000000000000e+00,1.830000000000000227e+03,1.273929128938606462e-04,2.984909661003460341e-05,-1.630449252918038903e-11,9.480186752924488934e-16,0.000000000000000000e+00,9.480186752924488934e-16,9.480189559227565948e-16,-1.673542365376692707e-11,1.273929128938606462e-04,1.654477577940877239e-04,0.000000000000000000e+00,7.999999999999971110e-04
2.000000000000000000e+00,1.835000000000000227e+03,1.273929128932364710e-04,2.984909661003460341e-05,-1.630511670437108894e-11,-4.006158256949624485e-16,0.000000000000000000e+00,-4.006158256949624485e-16,-4.006150922740821049e-16,-1.673405514410780500e-11,1.273929128932365252e-04,1.654477578041018760e-04,0.000000000000000000e+00,7.999999999999971110e-04
2.000000000000000000e+00,1.840000000000000227e+03,1.273929128926091516e-04,2.984909661003460341e-05,-1.630574402374808905e-11,-4.684736033070664739e-16,0.000000000000000000e+00,-4.684736033070664739e-16,-4.684732025882024521e-16,-1.673622786484496176e-11,1.273929128926092058e-04,1.654477578141685305e-04,0.000000000000000000e+00,7.999999999999971110e-04
2.000000000000000000e+00,1.845000000000000227e+03,1.273929128920222459e-04,2.984909661003460341e-05,-1.630633092948910977e-11,-3.979383374109172286e-15,0.000000000000000000e+00,-3.979383374109172286e-15,-3.979382779197068064e-15,-1.674734750479942540e-11,1.273929128920224085e-04,1.654477578235848535e-04,0.000000000000000000e+00,7.999999999999971110e-04
2.000000000000000000e+00,1.850000000000000227e+03,1.273929128913859005e-04,2.984909661003460341e-05,-1.630696727484919582e-11,4.192762047938480388e-15,0.000000000000000000e+00,4.192762047938480388e-15,4.192762581040917983e-15,-1.674681405529481675e-11,1.273929128913859005e-04,1.654477578337975772e-04,0.000000000000000000e+00,7.999999999999971110e-04
2.000000000000000000e+00,1.855000000000000227e+03,1.273929128906622227e-04,2.984909661003460341e-05,-1.630769095269427559e-11,1.222363028826183309e-15,0.000000000000000000e+00,1.222363028826183309e-15,1.222363599656281027e-15,-1.673327623984307129e-11,1.273929128906621684e-04,1.654477578454104396e-04,0.000000000000000000e+00,7.999999999999971110e-04
2.000000000000000000e+00,1.860000000000000227e+03,1.273929128900273410e-04,2.984909661003460341e-05,-1.630832583438142878e-11,6.588221898188628680e-15,0.000000000000000000e+00,6.588221898188628680e-15,6.588222290033498166e-15,-1.671374977511884927e-11,1.273929128900273139e-04,1.654477578555971153e-04,0.000000000000000000e+00,7.999999999999971110e-04
2.000000000000000000e+00,1.865000000000000227e+03,1.273929128893063736e-04,2.984909661003460341e-05,-1.630904680172107733e-11,1.338639390494813423e-14,0.000000000000000000e+00,1.338639390494813423e-14,1.338639424740982354e-14,-1.666381323377523974e-11,1.273929128893064007e-04,1.654477578671649019e-04,0.000000000000000000e+00,7.999999999999971110e-04
2.000000000000000000e+00,1.870000000000000227e+03,1.273929128885638307e-04,2.984909661003460341e-05,-1.630978934468395834e-11,-6.385156372107455779e-15,0.000000000000000000e+00,-6.385156372107455779e-15,-6.385155819071419766e-15,-1.664631013770439284e-11,1.273929128885638036e-04,1.654477578790805278e-04,0.000000000000000000e+00,7.999999999999971110e-04
2.000000000000000000e+00,1.875000000000000227e+03,1.273929128879846228e-04,2.984909661003460341e-05,-1.631036855258955441e-11,-8.626430697668612222e-15,0.000000000000000000e+00,-8.626430697668612222e-15,-8.626430221648764252e-15,-1.668383910280619449e-11,1.273929128879846228e-04,1.654477578883756098e-04,0.000000000000000000e+00,7.999999999999971110e-04
2.000000000000000000e+00,1.880000000000000227e+03,1.273929128873557584e-04,2.984909661003460341e-05,-1.631099741695465032e-11,4.206254057313513009e-15,0.000000000000000000e+00,4.206254057313513009e-15,4.206254526424622090e-15,-1.669488954204425392e-11,1.273929128873558126e-04,1.654477578984652766e-04,0.000000000000000000e+00,7.999999999999971110e-04
2.000000000000000000e+00,1.885000000000000227e+03,1.273929128867479276e-04,2.984909661003460341e-05,-1.631160524779760000e-11,-1.889085230646654692e-15,0.000000000000000000e+00,-1.889085230646654692e-15,-1.889084690439712514e-15,-1.668909661745429418e-11,1.273929128867477649e-04,1.654477579082200061e-04,0.000000000000000000e+00,7.999999999999971110e-04
2.000000000000000000e+00,1.890000000000000227e+03,1.273929128860910908e-04,2.984909661003460341e-05,-1.631226208457874603e-11,-1.709159674343523176e-15,0.000000000000000000e+00,-1.709159674343523176e-15,-1.709159243518649862e-15,-1.669809222728918767e-11,1.273929128860911992e-04,1.654477579187580447e-04,0.000000000000000000e+00,7.999999999999971110e-04
2.000000000000000000e+00,1.895000000000000227e+03,1.273929128854634190e-04,2.984909661003460341e-05,-1.631288975632145220e-11,-2.917768798169610675e-15,0.000000000000000000e+00,-2.917768798169610675e-15,-2.917768186188604741e-15,-1.670965954586345580e-11,1.273929128854635817e-04,1.654477579288288734e-04,0.000000000000000000e+00,7.999999999999971110e-04
2.000000000000000000e+00,1.900000000000000227e+03,1.273929128848148222e-04,2.984909661003460341e-05,-1.631353835316608734e-11,4.700107638071715697e-15,0.000000000000000000e+00,4.700107638071715697e-15,4.700108002279826289e-15,-1.670520369632322747e-11,1.273929128848149035e-04,1.654477579392382713e-04,0.000000000000000000e+00,7.999999999999971110e-04
2.000000000000000000e+00,1.905000000000000227e+03,1.273929128841785310e-04,2.984909661003460341e-05,-1.631417464431606477e-11,-1.787064083517792232e-15,0.000000000000000000e+00,-1.787064083517792232e-15,-1.787063729744579078e-15,-1.669792108564188923e-11,1.273929128841784497e-04,1.654477579494483658e-04,0.000000000000000000e+00,7.999999999999971110e-04
2.000000000000000000e+00,1.910000000000000227e+03,1.273929128835413454e-04,2.984909661003460341e-05,-1.631481182993283451e-11,-2.408354538466617051e-16,0.000000000000000000e+00,-2.408354538466617051e-16,-2.408349198845062889e-16,-1.670299083226596235e-11,1.273929128835413725e-04,1.654477579596734494e-04,0.000000000000000000e+00,7.999999999999971110e-04
2.000000000000000000e+00,1.915000000000000227e+03,1.273929128829208565e-04,2.984909661003460341e-05,-1.631543231883614796e-11,-1.167999350385222539e-16,0.000000000000000000e+00,-1.167999350385222539e-16,-1.167995674175734758e-16,-1.670388491848421806e-11,1.273929128829208836e-04,1.654477579696300845e-04,0.000000000000000000e+00,7.999999999999971110e-04
2.000000000000000000e+00,1.920000000000000227e+03,1.273929128823466901e-04,2.984909661003460341e-05,-1.631600648520164197e-11,-1.312152208046730433e-16,0.000000000000000000e+00,-1.312152208046730433e-16,-1.312147796268426543e-16,-1.670450495435182849e-11,1.273929128823467173e-04,1.654477579788424691e-04,0.000000000000000000e+00,7.999999999999971110e-04
2.000000000000000000e+00,1.925000000000000227e+03,1.273929128817942078e-04,2.984909661003460341e-05,-1.631655896752368627e-11,-1.115776436672635395e-16,0.000000000000000000e+00,-1.115776436672635395e-16,-1.115772962893932231e-16,-1.670511193454162004e-11,1.273929128817942078e-04,1.654477579877066892e-04,0.000000000000000000e+00,7.999999999999971110e-04
2.000000000000000000e+00,1.930000000000000227e+03,1.273929128811783810e-04,2.984909661003460341e-05,-1.631717479435765804e-11,-1.336385895906102752e-16,0.000000000000000000e+00,-1.336385895906102752e-16,-1.336382073267295524e-16,-1.670572497330065888e-11,1.273929128811784081e-04,1.654477579975892733e-04,0.000000000000000000e+00,7.999999999999971110e-04
2.000000000000000000e+00,1.935000000000000227e+03,1.273929128805553171e-04,2.984909661003460341e-05,-1.631779785824113115e-11,-1.180443218174490984e-16,0.000000000000000000e+00,-1.180443218174490984e-16,-1.180437995799050152e-16,-1.670635417831792744e-11,1.273929128805552900e-04,1.654477580075877858e-04,0.000000000000000000e+00,7.999999999999971110e-04
2.000000000000000000e+00,1.940000000000000227e+03,1.273929128799209504e-04,2.984909661003460341e-05,-1.631843222493225241e-11,-1.299772260002516667e-16,0.000000000000000000e+00,-1.299772260002516667e-16,-1.299765107027769827e-16,-1.670697422909363311e-11,1.273929128799210859e-04,1.654477580177658421e-04,0.000000000000000000e+00,7.999999999999971110e-04
2.000000000000000000e+00,1.945000000000000227e+03,1.273929128792658213e-04,2.984909661003460341e-05,-1.631908735409497678e-11,-1.343700318990453150e-16,0.000000000000000000e+00,-1.343700318990453150e-16,-1.343696227302552810e-16,-1.670763509442721765e-11,1.273929128792657128e-04,1.654477580282802721e-04,0.000000000000000000e+00,7.999999999999971110e-04
2.000000000000000000e+00,1.950000000000000227e+03,1.273929128786467147e-04,2.984909661003460341e-05,-1.631970646064052032e-11,-1.123337131105967953e-16,0.000000000000000000e+00,-1.123337131105967953e-16,-1.123330972838136575e-16,-1.670825185122725196e-11,1.273929128786465792e-04,1.654477580382150877e-04,0.000000000000000000e+00,7.999999999999971110e-04
2.000000000000000000e+00,1.955000000000000227e+03,1.273929128781230722e-04,2.984909661003460341e-05,-1.632023010318477650e-11,-9.593033582989138677e-17,0.000000000000000000e+00,-9.593033582989138677e-17,-9.592990980858858780e-17,-1.670877250874498123e-11,1.273929128781230180e-04,1.654477580466161637e-04,0.000000000000000000e+00,7.999999999999971110e-04
2.000000000000000000e+00,1.960000000000000227e+03,1.273929128775802935e-04,2.984909661003460341e-05,-1.632077288189737706e-11,-1.330304696860104121e-16,0.000000000000000000e+00,-1.330304696860104121e-16,-1.330300138498129055e-16,-1.670934490855412954e-11,1.273929128775804019e-04,1.654477580553253971e-04,0.000000000000000000e+00,7.999999999999971110e-04
2.000000000000000000e+00,1.965000000000000227e+03,1.273929128769483120e-04,2.984909661003460341e-05,-1.632140486334371886e-11,-1.432995481704946575e-16,0.000000000000000000e+00,-1.432995481704946575e-16,-1.432989700183354639e-16,-1.671003573101380026e-11,1.273929128769483120e-04,1.654477580654665635e-04,0.000000000000000000e+00,7.999999999999971110e-04
2.000000000000000000e+00,1.970000000000000227e+03,1.273929128762649936e-04,2.984909661003460341e-05,-1.632208818176292785e-11,-9.811573433396408062e-17,0.000000000000000000e+00,-9.811573433396408062e-17,-9.811512583566128143e-17,-1.671063926625343538e-11,1.273929128762650478e-04,1.654477580764311272e-04,0.000000000000000000e+00,7.999999999999971110e-04
2.000000000000000000e+00,1.975000000000000227e+03,1.273929128754826604e-04,2.984909661003460341e-05,-1.632287051494553907e-11,-5.313803958673953081e-17,0.000000000000000000e+00,-5.313803958673953081e-17,-5.313738840326426971e-17,-1.671101739753902997e-11,1.273929128754826333e-04,1.654477580889858359e-04,0.000000000000000000e+00,7.999999999999971110e-04
2.000000000000000000e+00,1.980000000000000227e+03,1.273929128745384829e-04,2.984909661003460341e-05,-1.632381469240744808e-11,-1.504894477513416914e-16,0.000000000000000000e+00,-1.504894477513416914e-16,-1.504889981652555363e-16,-1.671152646350545253e-11,1.273929128745384829e-04,1.654477581041349321e-04,0.000000000000000000e+00,7.999999999999971110e-04
2.000000000000000000e+00,1.985000000000000227e+03,1.273929128737071438e-04,2.984909661003460341e-05,-1.632464603152825565e-11,-2.002590864129527202e-16,0.000000000000000000e+00,-2.002590864129527202e-16,-2.002584632353128838e-16,-1.671240333215895422e-11,1.273929128737070625e-04,1.654477581174749285e-04,0.000000000000000000e+00,7.999999999999971110e-04
2.000000000000000000e+00,1.990000000000000227e+03,1.273929128731363114e-04,2.984909661003460341e-05,-1.632521686397206927e-11,-1.189527022567891507e-16,0.000000000000000000e+00,-1.189527022567891507e-16,-1.189521466194578017e-16,-1.671320135868359130e-11,1.273929128731362843e-04,1.654477581266347293e-04,0.000000000000000000e+00,7.999999999999971110e-04
2.000000000000000000e+00,1.995000000000000227e+03,1.273929128725498664e-04,2.984909661003460341e-05,-1.632580330892716668e-11,-1.063809116895617013e-16,0.000000000000000000e+00,-1.063809116895617013e-16,-1.063803938698056547e-16,-1.671376469003481455e-11,1.273929128725498935e-04,1.654477581360454686e-04,0.000000000000000000e+00,7.999999999999971110e-04
2.000000000000000000e+00,2.000000000000000227e+03,1.273929128719002938e-04,2.984909661003460341e-05,-1.632645288155375705e-11,-1.361466392902814833e-16,0.000000000000000000e+00,-1.361466392902814833e-16,-1.361461613141933387e-16,-1.671437100642277247e-11,1.273929128719003209e-04,1.654477581464702622e-04,0.000000000000000000e+00,7.999999999999971110e-04
2.000000000000000000e+00,2.005000000000000227e+03,1.273929128713393547e-04,2.984909661003460341e-05,-1.632701382065274674e-11,-1.306597839726542418e-16,0.000000000000000000e+00,-1.306597839726542418e-16,-1.306592414348809923e-16,-1.671503801992964690e-11,1.273929128713394089e-04,1.654477581554687879e-04,0.000000000000000000e+00,7.999999999999971110e-04
2.000000000000000000e+00,2.010000000000000227e+03,1.273929128707828879e-04,2.984909661003460341e-05,-1.632757028741777493e-11,-1.091712031251874406e-16,0.000000000000000000e+00,-1.091712031251874406e-16,-1.091706612032209415e-16,-1.671563759468624049e-11,1.273929128707830235e-04,1.654477581643974367e-04,0.000000000000000000e+00,7.999999999999971110e-04
2.000000000000000000e+00,2.015000000000000227e+03,1.273929128702116760e-04,2.984909661003460341e-05,-1.632814149933234892e-11,-1.040635010651631545e-16,0.000000000000000000e+00,-1.040635010651631545e-16,-1.040631654847145044e-16,-1.671617067925296066e-11,1.273929128702117573e-04,1.654477581735654774e-04,0.000000000000000000e+00,7.999999999999971110e-04
2.000000000000000000e+00,2.020000000000000227e+03,1.273929128696281313e-04,2.984909661003460341e-05,-1.632872504404663493e-11,-1.189628182493192029e-16,0.000000000000000000e+00,-1.189628182493192029e-16,-1.189624889014202335e-16,-1.671672824338892839e-11,1.273929128696280229e-04,1.654477581829289184e-04,0.000000000000000000e+00,7.999999999999971110e-04
2.000000000000000000e+00,2.025000000000000227e+03,1.273929128690305462e-04,2.984909661003460341e-05,-1.632932262917905462e-11,-1.237276479746799122e-16,0.000000000000000000e+00,-1.237276479746799122e-16,-1.237273005609190870e-16,-1.671733496786258349e-11,1.273929128690305191e-04,1.654477581925172772e-04,0.000000000000000000e+00,7.999999999999971110e-04
2.000000000000000000e+00,2.030000000000000227e+03,1.273929128684351565e-04,2.984909661003460341e-05,-1.632991801880207504e-11,-1.154099812957749253e-16,0.000000000000000000e+00,-1.154099812957749253e-16,-1.154094634466320104e-16,-1.671793280977260300e-11,1.273929128684351294e-04,1.654477582020730828e-04,0.000000000000000000e+00,7.999999999999971110e-04
2.000000000000000000e+00,2.035000000000000227e+03,1.273929128678288978e-04,2.984909661003460341e-05,-1.633052427755187462e-11,-1.162833338126910024e-16,0.000000000000000000e+00,-1.162833338126910024e-16,-1.162828328227355648e-16,-1.671851204051327597e-11,1.273929128678288436e-04,1.654477582117995418e-04,0.000000000000000000e+00,7.999999999999971110e-04
2.000000000000000000e+00,2.040000000000000227e+03,1.273929128672193593e-04,2.984909661003460341e-05,-1.633113381601324597e-11,-1.239940440040460290e-16,0.000000000000000000e+00,-1.239940440040460290e-16,-1.239934219053943861e-16,-1.671911273115009653e-11,1.273929128672195220e-04,1.654477582215797772e-04,0.000000000000000000e+00,7.999999999999971110e-04
2.000000000000000000e+00,2.045000000000000227e+03,1.273929128666052943e-04,2.984909661003460341e-05,-1.633174788101868745e-11,-1.266426019341524863e-16,0.000000000000000000e+00,-1.266426019341524863e-16,-1.266421429876301350e-16,-1.671973932006232831e-11,1.273929128666052130e-04,1.654477582314343347e-04,0.000000000000000000e+00,7.999999999999971110e-04
2.000000000000000000e+00,2.050000000000000000e+03,1.273929128659814986e-04,2.984909661003460341e-05,-1.633237167673862698e-11,-1.258823248098420336e-16,0.000000000000000000e+00,-1.258823248098420336e-16,-1.258817459127383884e-16,-1.672037062978457879e-11,1.273929128659814173e-04,1.654477582414436349e-04,0.000000000000000000e+00,7.999999999999971110e-04
2.000000000000000000e+00,2.055000000000000000e+03,1.273929128653464001e-04,2.984909661003460341e-05,-1.633300677526621468e-11,-1.280880697174051048e-16,0.000000000000000000e+00,-1.280880697174051048e-16,-1.280873602736360612e-16,-1.672100555255004466e-11,1.273929128653464272e-04,1.654477582516342409e-04,0.000000000000000000e+00,7.999999999999971110e-04
2.000000000000000000e+00,2.060000000000000000e+03,1.273929128646957433e-04,2.984909661003460341e-05,-1.633365743209497754e-11,-1.326890148200635120e-16,0.000000000000000000e+00,-1.326890148200635120e-16,-1.326884278577603567e-16,-1.672165749202037465e-11,1.273929128646957433e-04,1.654477582620755957e-04,0.000000000000000000e+00,7.999999999999971110e-04
2.000000000000000000e+00,2.065000000000000000e+03,1.273929128640388523e-04,2.984909661003460341e-05,-1.633431432308623220e-11,-1.333762840079194914e-16,0.000000000000000000e+00,-1.333762840079194914e-16,-1.333756843141802026e-16,-1.672232265230080256e-11,1.273929128640389065e-04,1.654477582726164532e-04,0.000000000000000000e+00,7.999999999999971110e-04
2.000000000000000000e+00,2.070000000000000000e+03,1.273929128633773805e-04,2.984909661003460341e-05,-1.633497579483166560e-11,-1.305463370324347361e-16,0.000000000000000000e+00,-1.305463370324347361e-16,-1.305457650716537098e-16,-1.672298245592426684e-11,1.273929128633775160e-04,1.654477582832286782e-04,0.000000000000000000e+00,7.999999999999971110e-04
2.000000000000000000e+00,2.075000000000000000e+03,1.273929128627045789e-04,2.984909661003460341e-05,-1.633564859648980148e-11,-1.324661717499925255e-16,0.000000000000000000e+00,-1.324661717499925255e-16,-1.324657439778508743e-16,-1.672363998469689292e-11,1.273929128627046873e-04,1.654477582940247569e-04,0.000000000000000000e+00,7.999999999999971110e-04
2.000000000000000000e+00,2.080000000000000000e+03,1.273929128620294462e-04,2.984909661003460341e-05,-1.633632372918260821e-11,-1.376488370218346154e-16,0.000000000000000000e+00,-1.376488370218346154e-16,-1.376482965214511932e-16,-1.672431526979814110e-11,1.273929128620295275e-04,1.654477583048584303e-04,0.000000000000000000e+00,7.999999999999971110e-04
2.000000000000000000e+00,2.085000000000000000e+03,1.273929128613816896e-04,2.984909661003460341e-05,-1.633697148577055967e-11,-1.303598329010009666e-16,0.000000000000000000e+00,-1.303598329010009666e-16,-1.303593288257470747e-16,-1.672498528886150931e-11,1.273929128613816896e-04,1.654477583152528662e-04,0.000000000000000000e+00,7.999999999999971110e-04
2.000000000000000000e+00,2.090000000000000000e+03,1.273929128607626372e-04,2.984909661003460341e-05,-1.633759053810599458e-11,-1.137122638036235246e-16,0.000000000000000000e+00,-1.137122638036235246e-16,-1.137117237972828564e-16,-1.672559546649306572e-11,1.273929128607626643e-04,1.654477583251859471e-04,0.000000000000000000e+00,7.999999999999971110e-04
2.000000000000000000e+00,2.095000000000000000e+03,1.273929128601173201e-04,2.984909661003460341e-05,-1.633823585523905796e-11,-1.221374810305077446e-16,0.000000000000000000e+00,-1.221374810305077446e-16,-1.221366850333058593e-16,-1.672618508751514152e-11,1.273929128601172659e-04,1.654477583355415957e-04,0.000000000000000000e+00,7.999999999999971110e-04
2.000000000000000000e+00,2.100000000000000000e+03,1.273929128594414556e-04,2.984909661003460341e-05,-1.633891171976833111e-11,-1.528460246204148590e-16,0.000000000000000000e+00,-1.528460246204148590e-16,-1.528454223276581690e-16,-1.672687254278354310e-11,1.273929128594415640e-04,1.654477583463858400e-04,0.000000000000000000e+00,7.999999999999971110e-04
2.000000000000000000e+00,2.105000000000000000e+03,1.273929128587999332e-04,2.984909661003460341e-05,-1.633955324219379078e-11,-1.448786177293987316e-16,0.000000000000000000e+00,-1.448786177293987316e-16,-1.448782819669952708e-16,-1.672761685204428234e-11,1.273929128587998518e-04,1.654477583566814781e-04,0.000000000000000000e+00,7.999999999999971110e-04
2.000000000000000000e+00,2.110000000000000000e+03,1.273929128581810163e-04,2.984909661003460341e-05,-1.634017215900395413e-11,-1.024929686190728767e-16,0.000000000000000000e+00,-1.024929686190728767e-16,-1.024926489869065841e-16,-1.672823527937166561e-11,1.273929128581810977e-04,1.654477583666114147e-04,0.000000000000000000e+00,7.999999999999971110e-04
2.000000000000000000e+00,2.115000000000000000e+03,1.273929128575034713e-04,2.984909661003460341e-05,-1.634084970404659463e-11,-1.153767053368151237e-16,0.000000000000000000e+00,-1.153767053368151237e-16,-1.153761231599087923e-16,-1.672877995130203247e-11,1.273929128575034171e-04,1.654477583774844988e-04,0.000000000000000000e+00,7.999999999999971110e-04
2.000000000000000000e+00,2.120000000000000000e+03,1.273929128567670541e-04,2.984909661003460341e-05,-1.634158612126720110e-11,-1.766890043079815324e-16,0.000000000000000000e+00,-1.766890043079815324e-16,-1.766883575476515547e-16,-1.672951011250380262e-11,1.273929128567671083e-04,1.654477583893012454e-04,0.000000000000000000e+00,7.999999999999971110e-04
2.000000000000000000e+00,2.125000000000000000e+03,1.273929128560449212e-04,2.984909661003460341e-05,-1.634230825412418507e-11,-1.743895056179225865e-16,0.000000000000000000e+00,-1.743895056179225865e-16,-1.743888182220049934e-16,-1.673038780544322416e-11,1.273929128560448670e-04,1.654477584008886561e-04,0.000000000000000000e+00,7.999999999999971110e-04
2.000000000000000000e+00,2.130000000000000000e+03,1.273929128553406506e-04,2.984909661003460341e-05,-1.634301252475037734e-11,-1.152158184044620026e-16,0.000000000000000000e+00,-1.152158184044620026e-16,-1.152151513752252464e-16,-1.673111181536721805e-11,1.273929128553407048e-04,1.654477584121891870e-04,0.000000000000000000e+00,7.999999999999971110e-04
2.000000000000000000e+00,2.135000000000000000e+03,1.273929128546248874e-04,2.984909661003460341e-05,-1.634372828791959796e-11,-1.119096640512237160e-16,0.000000000000000000e+00,-1.119096640512237160e-16,-1.119090432186785172e-16,-1.673167962585370475e-11,1.273929128546248603e-04,1.654477584236739780e-04,0.000000000000000000e+00,7.999999999999971110e-04
2.000000000000000000e+00,2.140000000000000000e+03,1.273929128539212402e-04,2.984909661003460341e-05,-1.634443193512954105e-11,-1.542520091587012670e-16,0.000000000000000000e+00,-1.542520091587012670e-16,-1.542515806289702415e-16,-1.673234502741332109e-11,1.273929128539213215e-04,1.654477584349647238e-04,0.000000000000000000e+00,7.999999999999971110e-04
2.000000000000000000e+00,2.145000000000000000e+03,1.273929128532615845e-04,2.984909661003460341e-05,-1.634509159083633555e-11,-1.480773329325474909e-16,0.000000000000000000e+00,-1.480773329325474909e-16,-1.480770465239109671e-16,-1.673310084898120585e-11,1.273929128532617742e-04,1.654477584455493831e-04,0.000000000000000000e+00,7.999999999999971110e-04
2.000000000000000000e+00,2.150000000000000000e+03,1.273929128526428574e-04,2.984909661003460341e-05,-1.634571031791111871e-11,-1.082984206227590365e-16,0.000000000000000000e+00,-1.082984206227590365e-16,-1.082979381342422388e-16,-1.673374178644285062e-11,1.273929128526428574e-04,1.654477584554793468e-04,0.000000000000000000e+00,7.999999999999971110e-04
2.000000000000000000e+00,2.155000000000000000e+03,1.273929128520237780e-04,2.984909661003460341e-05,-1.634632939735160793e-11,-1.098614983457106603e-16,0.000000000000000000e+00,-1.098614983457106603e-16,-1.098608927047418211e-16,-1.673428718351994795e-11,1.273929128520238864e-04,1.654477584654109098e-04,0.000000000000000000e+00,7.999999999999971110e-04
2.000000000000000000e+00,2.160000000000000000e+03,1.273929128513972718e-04,2.984909661003460341e-05,-1.634695590357697868e-11,-1.399824588691734731e-16,0.000000000000000000e+00,-1.399824588691734731e-16,-1.399819806929650726e-16,-1.673491179070344155e-11,1.273929128513973802e-04,1.654477584754656923e-04,0.000000000000000000e+00,7.999999999999971110e-04
2.000000000000000000e+00,2.165000000000000000e+03,1.273929128507878417e-04,2.984909661003460341e-05,-1.634756533361813279e-11,-1.367331530338784593e-16,0.000000000000000000e+00,-1.367331530338784593e-16,-1.367323639804933715e-16,-1.673560357656512704e-11,1.273929128507878417e-04,1.654477584852451959e-04,0.000000000000000000e+00,7.999999999999971110e-04
2.000000000000000000e+00,2.170000000000000000e+03,1.273929128501835888e-04,2.984909661003460341e-05,-1.634816958659391327e-11,-1.098104675389024963e-16,0.000000000000000000e+00,-1.098104675389024963e-16,-1.098100102578661208e-16,-1.673621993250072183e-11,1.273929128501836701e-04,1.654477584949415954e-04,0.000000000000000000e+00,7.999999999999971110e-04
2.000000000000000000e+00,2.175000000000000000e+03,1.273929128495697135e-04,2.984909661003460341e-05,-1.634878346186397456e-11,-1.107045658557099848e-16,0.000000000000000000e+00,-1.107045658557099848e-16,-1.107041091967466271e-16,-1.673677121779935872e-11,1.273929128495697135e-04,1.654477585047920600e-04,0.000000000000000000e+00,7.999999999999971110e-04
2.000000000000000000e+00,2.180000000000000000e+03,1.273929128489444812e-04,2.984909661003460341e-05,-1.634940869415179264e-11,-1.363533104914550512e-16,0.000000000000000000e+00,-1.363533104914550512e-16,-1.363528916510795235e-16,-1.673738886030147650e-11,1.273929128489444270e-04,1.654477585148254838e-04,0.000000000000000000e+00,7.999999999999971110e-04
2.000000000000000000e+00,2.185000000000000000e+03,1.273929128483003025e-04,2.984909661003460341e-05,-1.635005287287257490e-11,-1.628289932798183989e-16,0.000000000000000000e+00,-1.628289932798183989e-16,-1.628284222098600043e-16,-1.673813681358613033e-11,1.273929128483003025e-04,1.654477585251612644e-04,0.000000000000000000e+00,7.999999999999971110e-04
2.000000000000000000e+00,2.190000000000000000e+03,1.273929128476292898e-04,2.984909661003460341e-05,-1.635072388559712618e-11,-1.842917543926563465e-16,0.000000000000000000e+00,-1.842917543926563465e-16,-1.842913922650259500e-16,-1.673900461312231800e-11,1.273929128476292898e-04,1.654477585359282322e-04,0.000000000000000000e+00,7.999999999999971110e-04
2.000000000000000000e+00,2.195000000000000000e+03,1.273929128469217394e-04,2.984909661003460341e-05,-1.635143143593489022e-11,-1.711053484216915558e-16,0.000000000000000000e+00,-1.711053484216915558e-16,-1.711049190054367962e-16,-1.673989310390049409e-11,1.273929128469217936e-04,1.654477585472819974e-04,0.000000000000000000e+00,7.999999999999971110e-04
2.000000000000000000e+00,2.200000000000000000e+03,1.273929128461938061e-04,2.984909661003460341e-05,-1.635215936927349699e-11,-1.445838471026953544e-16,0.000000000000000000e+00,-1.445838471026953544e-16,-1.445832701627756817e-16,-1.674068232437341456e-11,1.273929128461937519e-04,1.654477585589608606e-04,0.000000000000000000e+00,7.999999999999971110e-04
2.000000000000000000e+00,2.205000000000000000e+03,1.273929128454723237e-04,2.984909661003460341e-05,-1.635288085160917747e-11,-1.342311050843723836e-16,0.000000000000000000e+00,-1.342311050843723836e-16,-1.342306036675145134e-16,-1.674137935905799114e-11,1.273929128454722153e-04,1.654477585705393808e-04,0.000000000000000000e+00,7.999999999999971110e-04
2.000000000000000000e+00,2.210000000000000000e+03,1.273929128447730675e-04,2.984909661003460341e-05,-1.635358010780032199e-11,-1.224883585258184454e-16,0.000000000000000000e+00,-1.224883585258184454e-16,-1.224877680492710314e-16,-1.674202115498728239e-11,1.273929128447730675e-04,1.654477585817597078e-04,0.000000000000000000e+00,7.999999999999971110e-04
2.000000000000000000e+00,2.215000000000000000e+03,1.273929128441322499e-04,2.984909661003460341e-05,-1.635422092549436955e-11,-1.182903182100556604e-16,0.000000000000000000e+00,-1.182903182100556604e-16,-1.182898544852897773e-16,-1.674262309904361823e-11,1.273929128441323312e-04,1.654477585920430130e-04,0.000000000000000000e+00,7.999999999999971110e-04
2.000000000000000000e+00,2.220000000000000000e+03,1.273929128435088336e-04,2.984909661003460341e-05,-1.635484434174354872e-11,-1.133643266878576814e-16,0.000000000000000000e+00,-1.133643266878576814e-16,-1.133639329390516440e-16,-1.674320223351217768e-11,1.273929128435088878e-04,1.654477586020467025e-04,0.000000000000000000e+00,7.999999999999971110e-04
2.000000000000000000e+00,2.225000000000000000e+03,1.273929128428699946e-04,2.984909661003460341e-05,-1.635548318076863149e-11,-1.043419888417377413e-16,0.000000000000000000e+00,-1.043419888417377413e-16,-1.043412916188379063e-16,-1.674374649657357518e-11,1.273929128428699675e-04,1.654477586122970751e-04,0.000000000000000000e+00,7.999999999999971110e-04
2.000000000000000000e+00,2.230000000000000000e+03,1.273929128422324566e-04,2.984909661003460341e-05,-1.635612071875110728e-11,-1.037626055409020121e-16,0.000000000000000000e+00,-1.037626055409020121e-16,-1.037622762748526371e-16,-1.674426675549330750e-11,1.273929128422324295e-04,1.654477586225270105e-04,0.000000000000000000e+00,7.999999999999971110e-04
2.000000000000000000e+00,2.235000000000000000e+03,1.273929128415764059e-04,2.984909661003460341e-05,-1.635677676948567826e-11,-1.189840086587669847e-16,0.000000000000000000e+00,-1.189840086587669847e-16,-1.189833191956462181e-16,-1.674482361948198497e-11,1.273929128415763788e-04,1.654477586330540715e-04,0.000000000000000000e+00,7.999999999999971110e-04
2.000000000000000000e+00,2.240000000000000000e+03,1.273929128409347208e-04,2.984909661003460341e-05,-1.635741845454146380e-11,-1.354512913718600538e-16,0.000000000000000000e+00,-1.354512913718600538e-16,-1.354506777790986563e-16,-1.674545970447442011e-11,1.273929128409346937e-04,1.654477586433516069e-04,0.000000000000000000e+00,7.999999999999971110e-04
2.000000000000000000e+00,2.245000000000000000e+03,1.273929128403218484e-04,2.984909661003460341e-05,-1.635803132692451554e-11,-1.435613814854723745e-16,0.000000000000000000e+00,-1.435613814854723745e-16,-1.435609811397135038e-16,-1.674615723362171748e-11,1.273929128403219297e-04,1.654477586531853206e-04,0.000000000000000000e+00,7.999999999999971110e-04
2.000000000000000000e+00,2.250000000000000000e+03,1.273929128397187068e-04,2.984909661003460341e-05,-1.635863446859306923e-11,-1.442750675599823210e-16,0.000000000000000000e+00,-1.442750675599823210e-16,-1.442747115460916835e-16,-1.674687682285343361e-11,1.273929128397186797e-04,1.654477586628635868e-04,0.000000000000000000e+00,7.999999999999971110e-04
2.000000000000000000e+00,2.255000000000000000e+03,1.273929128391238050e-04,2.984909661003460341e-05,-1.635922937032511203e-11,-1.289712023705881906e-16,0.000000000000000000e+00,-1.289712023705881906e-16,-1.289704875807831918e-16,-1.674755993585124905e-11,1.273929128391238050e-04,1.654477586724094991e-04,0.000000000000000000e+00,7.999999999999971110e-04
2.000000000000000000e+00,2.260000000000000000e+03,1.273929128385264638e-04,2.984909661003460341e-05,-1.635982671151204292e-11,-1.155185583774756377e-16,0.000000000000000000e+00,-1.155185583774756377e-16,-1.155180348757347208e-16,-1.674817115715738984e-11,1.273929128385265452e-04,1.654477586819935210e-04,0.000000000000000000e+00,7.999999999999971110e-04
2.000000000000000000e+00,2.265000000000000000e+03,1.273929128379178469e-04,2.984909661003460341e-05,-1.636043532840156765e-11,-1.120170761893324823e-16,0.000000000000000000e+00,-1.120170761893324823e-16,-1.120163791852729422e-16,-1.674873999319254265e-11,1.273929128379179012e-04,1.654477586917604750e-04,0.000000000000000000e+00,7.999999999999971110e-04
2.000000000000000000e+00,2.270000000000000000e+03,1.273929128372908528e-04,2.984909661003460341e-05,-1.636106232251791602e-11,-1.148808302862114110e-16,0.000000000000000000e+00,-1.148808302862114110e-16,-1.148803170355579666e-16,-1.674930723493309525e-11,1.273929128372910426e-04,1.654477587018211935e-04,0.000000000000000000e+00,7.999999999999971110e-04
2.000000000000000000e+00,2.275000000000000000e+03,1.273929128366343413e-04,2.984909661003460341e-05,-1.636171883403841031e-11,-1.300620231525828350e-16,0.000000000000000000e+00,-1.300620231525828350e-16,-1.300614216630700799e-16,-1.674991958927984180e-11,1.273929128366343413e-04,1.654477587123555729e-04,0.000000000000000000e+00,7.999999999999971110e-04
2.000000000000000000e+00,2.280000000000000000e+03,1.273929128359680720e-04,2.984909661003460341e-05,-1.636238510337845696e-11,-1.432937172510946417e-16,0.000000000000000000e+00,-1.432937172510946417e-16,-1.432932647208823612e-16,-1.675060297599580291e-11,1.273929128359679364e-04,1.654477587230479476e-04,0.000000000000000000e+00,7.999999999999971110e-04
2.000000000000000000e+00,2.285000000000000000e+03,1.273929128352997155e-04,2.984909661003460341e-05,-1.636305345980768565e-11,-1.490016321679527736e-16,0.000000000000000000e+00,-1.490016321679527736e-16,-1.490013042497567372e-16,-1.675133371241822786e-11,1.273929128352996071e-04,1.654477587337733905e-04,0.000000000000000000e+00,7.999999999999971110e-04
2.000000000000000000e+00,2.290000000000000000e+03,1.273929128346279710e-04,2.984909661003460341e-05,-1.636372520436870336e-11,-1.484547207649360501e-16,0.000000000000000000e+00,-1.484547207649360501e-16,-1.484544945460214753e-16,-1.675207735191521951e-11,1.273929128346279168e-04,1.654477587445510106e-04,0.000000000000000000e+00,7.999999999999971110e-04
2.000000000000000000e+00,2.295000000000000000e+03,1.273929128339634364e-04,2.984909661003460341e-05,-1.636438973898527403e-11,-1.361139234128649493e-16,0.000000000000000000e+00,-1.361139234128649493e-16,-1.361133613489285249e-16,-1.675278877155495617e-11,1.273929128339634364e-04,1.654477587552153587e-04,0.000000000000000000e+00,7.999999999999971110e-04
2.000000000000000000e+00,2.300000000000000000e+03,1.273929128332982783e-04,2.984909661003460341e-05,-1.636505489701809389e-11,-1.244854897226281250e-16,0.000000000000000000e+00,-1.244854897226281250e-16,-1.244850037148494326e-16,-1.675344026746761570e-11,1.273929128332983054e-04,1.654477587658875130e-04,0.000000000000000000e+00,7.999999999999971110e-04
2.000000000000000000e+00,2.305000000000000000e+03,1.273929128326378095e-04,2.984909661003460341e-05,-1.636571536587651775e-11,-1.170125976527151171e-16,0.000000000000000000e+00,-1.170125976527151171e-16,-1.170120295064943927e-16,-1.675404401005066960e-11,1.273929128326378366e-04,1.654477587764855079e-04,0.000000000000000000e+00,7.999999999999971110e-04
2.000000000000000000e+00,2.310000000000000000e+03,1.273929128319951757e-04,2.984909661003460341e-05,-1.636635799960920422e-11,-1.124602171429430826e-16,0.000000000000000000e+00,-1.124602171429430826e-16,-1.124599221610943814e-16,-1.675461768992983561e-11,1.273929128319950944e-04,1.654477587867974361e-04,0.000000000000000000e+00,7.999999999999971110e-04
2.000000000000000000e+00,2.315000000000000000e+03,1.273929128313805144e-04,2.984909661003460341e-05,-1.636697266092584056e-11,-1.151055052135384166e-16,0.000000000000000000e+00,-1.151055052135384166e-16,-1.151051669454482798e-16,-1.675518660265260250e-11,1.273929128313805415e-04,1.654477587966609383e-04,0.000000000000000000e+00,7.999999999999971110e-04
2.000000000000000000e+00,2.320000000000000000e+03,1.273929128307752586e-04,2.984909661003460341e-05,-1.636757791678863060e-11,-1.169604954140595217e-16,0.000000000000000000e+00,-1.169604954140595217e-16,-1.169599938989756991e-16,-1.675576676555471414e-11,1.273929128307753399e-04,1.654477588063730316e-04,0.000000000000000000e+00,7.999999999999971110e-04
2.000000000000000000e+00,2.325000000000000000e+03,1.273929128301757761e-04,2.984909661003460341e-05,-1.636817739927485214e-11,-1.175452027818300573e-16,0.000000000000000000e+00,-1.175452027818300573e-16,-1.175448589969365334e-16,-1.675635302768695356e-11,1.273929128301757761e-04,1.654477588159927238e-04,0.000000000000000000e+00,7.999999999999971110e-04
2.000000000000000000e+00,2.330000000000000000e+03,1.273929128295822025e-04,2.984909661003460341e-05,-1.636877097285923365e-11,-1.190902248377167547e-16,0.000000000000000000e+00,-1.190902248377167547e-16,-1.190895685111038358e-16,-1.675694461375572532e-11,1.273929128295821754e-04,1.654477588255163828e-04,0.000000000000000000e+00,7.999999999999971110e-04
2.000000000000000000e+00,2.335000000000000000e+03,1.273929128289858100e-04,2.984909661003460341e-05,-1.636936736536926361e-11,-1.207943646181580808e-16,0.000000000000000000e+00,-1.207943646181580808e-16,-1.207937221556809817e-16,-1.675754432198239239e-11,1.273929128289858913e-04,1.654477588350863101e-04,0.000000000000000000e+00,7.999999999999971110e-04
2.000000000000000000e+00,2.340000000000000000e+03,1.273929128283943235e-04,2.984909661003460341e-05,-1.636995885186446308e-11,-1.236952317172086782e-16,0.000000000000000000e+00,-1.236952317172086782e-16,-1.236949601957519521e-16,-1.675815554368827145e-11,1.273929128283943235e-04,1.654477588445781749e-04,0.000000000000000000e+00,7.999999999999971110e-04
2.000000000000000000e+00,2.345000000000000000e+03,1.273929128278011023e-04,2.984909661003460341e-05,-1.637055207308313852e-11,-1.271211732049251373e-16,0.000000000000000000e+00,-1.271211732049251373e-16,-1.271204465347278079e-16,-1.675878258220509662e-11,1.273929128278012107e-04,1.654477588540962773e-04,0.000000000000000000e+00,7.999999999999971110e-04
2.000000000000000000e+00,2.350000000000000000e+03,1.273929128271951146e-04,2.984909661003460341e-05,-1.637115806078239498e-11,-1.297454713192622981e-16,0.000000000000000000e+00,-1.297454713192622981e-16,-1.297450479009150789e-16,-1.675942474594118428e-11,1.273929128271950061e-04,1.654477588638212726e-04,0.000000000000000000e+00,7.999999999999971110e-04
2.000000000000000000e+00,2.355000000000000000e+03,1.273929128265664941e-04,2.984909661003460341e-05,-1.637178668120200208e-11,-1.303135854193672696e-16,0.000000000000000000e+00,-1.303135854193672696e-16,-1.303131334875733840e-16,-1.676007489139465601e-11,1.273929128265666026e-04,1.654477588739076055e-04,0.000000000000000000e+00,7.999999999999971110e-04
2.000000000000000000e+00,2.360000000000000000e+03,1.273929128259313956e-04,2.984909661003460341e-05,-1.637242177972958977e-11,-1.310280112795733051e-16,0.000000000000000000e+00,-1.310280112795733051e-16,-1.310274674581482356e-16,-1.676072824289702029e-11,1.273929128259315040e-04,1.654477588840982656e-04,0.000000000000000000e+00,7.999999999999971110e-04
2.000000000000000000e+00,2.365000000000000000e+03,1.273929128252887890e-04,2.984909661003460341e-05,-1.637306438635722193e-11,-1.316116762201362177e-16,0.000000000000000000e+00,-1.316116762201362177e-16,-1.316111993919518949e-16,-1.676138483956414579e-11,1.273929128252888703e-04,1.654477588944092180e-04,0.000000000000000000e+00,7.999999999999971110e-04
2.000000000000000000e+00,2.370000000000000000e+03,1.273929128246372648e-04,2.984909661003460341e-05,-1.637371591054772278e-11,-1.315703869217419961e-16,0.000000000000000000e+00,-1.315703869217419961e-16,-1.315697338048743575e-16,-1.676204279189713777e-11,1.273929128246372377e-04,1.654477589048656432e-04,0.000000000000000000e+00,7.999999999999971110e-04
2.000000000000000000e+00,2.375000000000000000e+03,1.273929128239811599e-04,2.984909661003460341e-05,-1.637437201549240239e-11,-1.311348389096078499e-16,0.000000000000000000e+00,-1.311348389096078499e-16,-1.311343741983806246e-16,-1.676269955216714676e-11,1.273929128239812954e-04,1.654477589153912135e-04,0.000000000000000000e+00,7.999999999999971110e-04
2.000000000000000000e+00,2.380000000000000000e+03,1.273929128233267625e-04,2.984909661003460341e-05,-1.637502641281866032e-11,-1.288647504562660248e-16,0.000000000000000000e+00,-1.288647504562660248e-16,-1.288641363266755122e-16,-1.676334954844345793e-11,1.273929128233266541e-04,1.654477589258938528e-04,0.000000000000000000e+00,7.999999999999971110e-04
2.000000000000000000e+00,2.385000000000000000e+03,1.273929128226833428e-04,2.984909661003460341e-05,-1.637566983259792185e-11,-1.246734673272762713e-16,0.000000000000000000e+00,-1.246734673272762713e-16,-1.246731400159610859e-16,-1.676398339163431631e-11,1.273929128226833156e-04,1.654477589362175717e-04,0.000000000000000000e+00,7.999999999999971110e-04
2.000000000000000000e+00,2.390000000000000000e+03,1.273929128220640465e-04,2.984909661003460341e-05,-1.637628912887884557e-11,-1.185300945037595612e-16,0.000000000000000000e+00,-1.185300945037595612e-16,-1.185297612774892327e-16,-1.676459139888754846e-11,1.273929128220640736e-04,1.654477589461550164e-04,0.000000000000000000e+00,7.999999999999971110e-04
2.000000000000000000e+00,2.395000000000000000e+03,1.273929128214849470e-04,2.984909661003460341e-05,-1.637686822836422439e-11,-1.101593710238055878e-16,0.000000000000000000e+00,-1.101593710238055878e-16,-1.101587495668543028e-16,-1.676516312016466020e-11,1.273929128214850825e-04,1.654477589554473067e-04,0.000000000000000000e+00,7.999999999999971110e-04
2.000000000000000000e+00,2.400000000000000000e+03,1.273929128209204842e-04,2.984909661003460341e-05,-1.637743269112027465e-11,-1.207220348122196446e-16,0.000000000000000000e+00,-1.207220348122196446e-16,-1.207214554709729623e-16,-1.676574032067725408e-11,1.273929128209204029e-04,1.654477589645053821e-04,0.000000000000000000e+00,7.999999999999971110e-04
3.000000000000000000e+00,2.400000000000000455e+03,1.273929128209204842e-04,2.984909661003460341e-05,-1.637743269112027465e-11,-2.487424729989951014e-08,-2.487424717502878147e-08,-1.248707286673069285e-16,-1.248701893455475440e-16,-1.676574032067725408e-11,1.273929128209204300e-04,1.654477589645054363e-04,-2.399999999999957723e-03,7.999999999999973278e-04
3.000000000000000000e+00,2.405000000000000455e+03,1.272685416419984123e-04,2.972472537415945916e-05,-1.632047961876224688e-11,-2.487423533356715022e-08,-2.487424717502878147e-08,1.184146163125488861e-14,1.184146219373770515e-14,-1.673644884066627368e-11,1.272685416419983581e-04,1.653233883985243233e-04,-2.399999999999957723e-03,7.966666666666640580e-04
3.000000000000000000e+00,2.410000000000000455e+03,1.271441704656920053e-04,2.960035413828431491e-05,-1.626091088155804353e-11,-2.487423537206848028e-08,-2.487424717502878147e-08,1.180296030119409357e-14,1.180296060228783654e-14,-1.667733778367620983e-11,1.271441704656920595e-04,1.651990178633923128e-04,-2.399999999999957723e-03,7.933333333333320893e-04
3.000000000000000000e+00,2.415000000000000455e+03,1.270197992895349471e-04,2.947598290240917065e-05,-1.620119279550458029e-11,-2.487423543268426564e-08,-2.487424717502878147e-08,1.174234451583237506e-14,1.174234483016100783e-14,-1.661847452009508772e-11,1.270197992895348929e-04,1.650746473312009026e-04,-2.399999999999957723e-03,7.899999999999989279e-04
3.000000000000000000e+00,2.420000000000000455e+03,1.268954281135197567e-04,2.935161166653402640e-05,-1.614133284159684732e-11,-2.487423490933495029e-08,-2.487424717502878147e-08,1.226569383117885641e-14,1.226569407271559528e-14,-1.655845442283789621e-11,1.268954281135197567e-04,1.649502767974102128e-04,-2.399999999999957723e-03,7.866666666666652244e-04
3.000000000000000000e+00,2.425000000000000455e+03,1.267710569374332530e-04,2.922724043065888554e-05,-1.608154420447514138e-11,-2.487423526812214216e-08,-2.487424717502878147e-08,1.190690663930775706e-14,1.190690716208590420e-14,-1.649802291975089246e-11,1.267710569374333072e-04,1.648259062648291945e-04,-2.399999999999957723e-03,7.833333333333317378e-04
3.000000000000000000e+00,2.430000000000000455e+03,1.266466857613948607e-04,2.910286919478374129e-05,-1.602170745249389960e-11,-2.487423521135436461e-08,-2.487424717502878147e-08,1.196367441685582585e-14,1.196367495948630768e-14,-1.643834646444696193e-11,1.266466857613948065e-04,1.647015357314647859e-04,-2.399999999999957723e-03,7.799999999999984680e-04
3.000000000000000000e+00,2.435000000000000455e+03,1.265223145853335376e-04,2.897849795890859704e-05,-1.596189363138860590e-11,-2.487423524564884268e-08,-2.487424717502878147e-08,1.192937993879329585e-14,1.192938067994712469e-14,-1.637861382534837835e-11,1.265223145853335647e-04,1.645771651984475118e-04,-2.399999999999957723e-03,7.766666666666651982e-04
3.000000000000000000e+00,2.440000000000000455e+03,1.263979434094749874e-04,2.885412672303345279e-05,-1.590187703737200309e-11,-2.487423523088761605e-08,-2.487424717502878147e-08,1.194414116542148429e-14,1.194414152276350891e-14,-1.631893001984160177e-11,1.263979434094750416e-04,1.644527946621525318e-04,-2.399999999999957723e-03,7.733333333333316031e-04
3.000000000000000000e+00,2.445000000000000455e+03,1.262735722334371643e-04,2.872975548715830853e-05,-1.584203971618462076e-11,-2.487423513199359455e-08,-2.487424717502878147e-08,1.204303518692406984e-14,1.204303573948071903e-14,-1.625896207668599120e-11,1.262735722334370288e-04,1.643284241287201980e-04,-2.399999999999957723e-03,7.699999999999978997e-04
3.000000000000000000e+00,2.450000000000000455e+03,1.261492010573594426e-04,2.860538425128316428e-05,-1.578224229363718589e-11,-2.487423534830778335e-08,-2.487424717502878147e-08,1.182672099811523029e-14,1.182672174588650404e-14,-1.619928768297257314e-11,1.261492010573595239e-04,1.642040535959078651e-04,-2.399999999999957723e-03,7.666666666666641962e-04
3.000000000000000000e+00,2.455000000000000455e+03,1.260248298813230561e-04,2.848101301540802003e-05,-1.572240353588192502e-11,-2.487423516493997997e-08,-2.487424717502878147e-08,1.201008880150176446e-14,1.201008928788396464e-14,-1.613969565538814697e-11,1.260248298813231374e-04,1.640796830624184481e-04,-2.399999999999957723e-03,7.633333333333304927e-04
3.000000000000000000e+00,2.460000000000000455e+03,1.259004587052335708e-04,2.835664177953287578e-05,-1.566261787692806162e-11,-2.487423503570794152e-08,-2.487424717502878147e-08,1.213932083994875723e-14,1.213932135610945946e-14,-1.607932212877816341e-11,1.259004587052334624e-04,1.639553125297680137e-04,-2.399999999999957723e-03,7.599999999999967892e-04
3.000000000000000000e+00,2.465000000000000455e+03,1.257760875292975543e-04,2.823227054365773153e-05,-1.560267874915668290e-11,-2.487423545778790352e-08,-2.487424717502878147e-08,1.171724087795186870e-14,1.171724141727362808e-14,-1.601968072184470569e-11,1.257760875292975543e-04,1.638309419946367622e-04,-2.399999999999957723e-03,7.566666666666630858e-04
3.000000000000000000e+00,2.470000000000000455e+03,1.256517163533529455e-04,2.810789930778259067e-05,-1.554274821707565292e-11,-2.487423513002828289e-08,-2.487424717502878147e-08,1.204500049857632438e-14,1.204500111068997767e-14,-1.596027511552479667e-11,1.256517163533528371e-04,1.637065714596341241e-04,-2.399999999999957723e-03,7.533333333333293823e-04
3.000000000000000000e+00,2.475000000000000455e+03,1.255273451774077133e-04,2.798352807190744641e-05,-1.548281830502274033e-11,-2.487423540930143144e-08,-2.487424717502878147e-08,1.176572735003225265e-14,1.176572797207207329e-14,-1.590074829281789155e-11,1.255273451774077404e-04,1.635822009246289924e-04,-2.399999999999957723e-03,7.499999999999961125e-04
3.000000000000000000e+00,2.480000000000000455e+03,1.254029740014425318e-04,2.785915683603230216e-05,-1.542290834228980147e-11,-2.487423524800670447e-08,-2.487424717502878147e-08,1.192702207700082569e-14,1.192702247735624217e-14,-1.584151641669432076e-11,1.254029740014424776e-04,1.634578303899319909e-04,-2.399999999999957723e-03,7.466666666666627343e-04
3.000000000000000000e+00,2.485000000000000455e+03,1.252786028254634183e-04,2.773478560015715791e-05,-1.536301231155477905e-11,-2.487423710353045589e-08,-2.487424717502878147e-08,1.007149832558068916e-14,1.007149873586227299e-14,-1.578652011366127447e-11,1.252786028254634454e-04,1.633334598554492549e-04,-2.399999999999957723e-03,7.433333333333293561e-04
3.000000000000000000e+00,2.490000000000000455e+03,1.251542316493895997e-04,2.761041436428201366e-05,-1.530321098587952323e-11,-2.487423377329016597e-08,-2.487424717502878147e-08,1.340173861549639090e-14,1.340173908864370128e-14,-1.572783701910000953e-11,1.251542316493894913e-04,1.632090893224744273e-04,-2.399999999999957723e-03,7.399999999999960863e-04
3.000000000000000000e+00,2.495000000000000455e+03,1.250298604732829569e-04,2.748604312840686941e-05,-1.524344248442503942e-11,-2.487423517810746117e-08,-2.487424717502878147e-08,1.199692132030339419e-14,1.199692195226938218e-14,-1.566434036649772683e-11,1.250298604732830382e-04,1.630847187900149480e-04,-2.399999999999957723e-03,7.366666666666627080e-04
3.000000000000000000e+00,2.500000000000000455e+03,1.249054892971557956e-04,2.736167189253172516e-05,-1.518369450149666990e-11,-2.487423671440108470e-08,-2.487424717502878147e-08,1.046062769676903809e-14,1.046062828241291178e-14,-1.560819649091102109e-11,1.249054892971557143e-04,1.629603482578790218e-04,-2.399999999999957723e-03,7.333333333333293298e-04
3.000000000000000000e+00,2.505000000000000455e+03,1.247811181210799712e-04,2.723730065665658090e-05,-1.512389518159543318e-11,-2.487423346474192757e-08,-2.487424717502878147e-08,1.371028685389773920e-14,1.371028709543447807e-14,-1.554776920246640262e-11,1.247811181210799441e-04,1.628359777249069047e-04,-2.399999999999957723e-03,7.299999999999959516e-04
3.000000000000000000e+00,2.510000000000000455e+03,1.246567469450385432e-04,2.711292942078144004e-05,-1.506406146876840615e-11,-2.487423743325502421e-08,-2.487424717502878147e-08,9.741773757263448466e-15,9.741774240336926197e-15,-1.548913904912697411e-11,1.246567469450383806e-04,1.627116071913766674e-04,-2.399999999999957723e-03,7.266666666666625734e-04
3.000000000000000000e+00,2.515000000000000455e+03,1.245323757689412788e-04,2.698855818490629579e-05,-1.500428358896513034e-11,-2.487423424711451045e-08,-2.487424717502878147e-08,1.292791427101957421e-14,1.292791484673728055e-14,-1.543246482640928859e-11,1.245323757689413059e-04,1.625872366587320606e-04,-2.399999999999957723e-03,7.233333333333293036e-04
3.000000000000000000e+00,2.520000000000000455e+03,1.244080045927989386e-04,2.686418694903115154e-05,-1.494455078486717561e-11,-2.487423309450438219e-08,-2.487424717502878147e-08,1.408052439927722224e-14,1.408052489227686733e-14,-1.536494372706175322e-11,1.244080045927988573e-04,1.624628661268044639e-04,-2.399999999999957723e-03,7.199999999999959254e-04
3.000000000000000000e+00,2.525000000000000455e+03,1.242836334167835314e-04,2.673981571315600729e-05,-1.488469104779987714e-11,-2.487423951104270915e-08,-2.487424717502878147e-08,7.663986072324500967e-15,7.663986545471811347e-15,-1.531058244846738152e-11,1.242836334167836398e-04,1.623384955928304626e-04,-2.399999999999957723e-03,7.166666666666625472e-04
3.000000000000000000e+00,2.530000000000000455e+03,1.241592622407249188e-04,2.661544447728086304e-05,-1.482487451618915222e-11,-2.487423197575275488e-08,-2.487424717502878147e-08,1.519927602659471492e-14,1.519927639717162935e-14,-1.525342429111077292e-11,1.241592622407248646e-04,1.622141250595438185e-04,-2.399999999999957723e-03,7.133333333333292774e-04
3.000000000000000000e+00,2.535000000000000455e+03,1.240348910646376561e-04,2.649107324140571878e-05,-1.476508663462083523e-11,-2.487423684409128856e-08,-2.487424717502878147e-08,1.033093749290691956e-14,1.033093808847696059e-14,-1.518959875489665145e-11,1.240348910646376561e-04,1.620897545267093408e-04,-2.399999999999957723e-03,7.099999999999958991e-04
3.000000000000000000e+00,2.540000000000000455e+03,1.239105198885619131e-04,2.636670200553057453e-05,-1.470528723340443558e-11,-2.487423669422025342e-08,-2.487424717502878147e-08,1.048080852805261272e-14,1.048080902436098025e-14,-1.513756938711455659e-11,1.239105198885618860e-04,1.619653839936824173e-04,-2.399999999999957723e-03,7.066666666666625209e-04
3.000000000000000000e+00,2.545000000000000455e+03,1.237861487125362060e-04,2.624233076965543028e-05,-1.464543779625777573e-11,-2.487422926748487700e-08,-2.487424717502878147e-08,1.790754390447301802e-14,1.790754427174120999e-14,-1.506659850387430112e-11,1.237861487125362602e-04,1.618410134598458386e-04,-2.399999999999957723e-03,7.033333333333291427e-04
3.000000000000000000e+00,2.550000000000000455e+03,1.236617775366057189e-04,2.611795953378028603e-05,-1.458549313905531733e-11,-2.487424227496529049e-08,-2.487424717502878147e-08,4.900063490982715144e-15,4.900064013760862278e-15,-1.500957948316054594e-11,1.236617775366057189e-04,1.617166429244741653e-04,-2.399999999999957723e-03,6.999999999999958729e-04
3.000000000000000000e+00,2.555000000000000455e+03,1.235374063606637122e-04,2.599358829790514178e-05,-1.452556000150094159e-11,-2.487423324015927445e-08,-2.487424717502878147e-08,1.393486950702243431e-14,1.393486980811617728e-14,-1.496249214860585334e-11,1.235374063606638206e-04,1.615922723892819002e-04,-2.399999999999957723e-03,6.966666666666624947e-04
3.000000000000000000e+00,2.560000000000000455e+03,1.234130351847251750e-04,2.586921706202999753e-05,-1.446562339449961390e-11,-2.487423098358085438e-08,-2.487424717502878147e-08,1.619144792708597427e-14,1.619144834067628054e-14,-1.488717635323387219e-11,1.234130351847251479e-04,1.614679018540265075e-04,-2.399999999999957723e-03,6.933333333333291165e-04
3.000000000000000000e+00,2.565000000000000455e+03,1.232886640086328707e-04,2.574484582615485328e-05,-1.440584055447139897e-11,-2.487424164203064753e-08,-2.487424717502878147e-08,5.532998133940307485e-15,5.532998785758630177e-15,-1.483286523541778492e-11,1.232886640086328436e-04,1.613435313212330669e-04,-2.399999999999957723e-03,6.899999999999957383e-04
3.000000000000000000e+00,2.570000000000000455e+03,1.231642928324997192e-04,2.562047459027970902e-05,-1.434609856176003242e-11,-2.487422588724011946e-08,-2.487424717502878147e-08,2.128778866200714671e-14,2.128778926750335510e-14,-1.476581326528462995e-11,1.231642928324996650e-04,1.612191607890895513e-04,-2.399999999999957723e-03,6.866666666666624685e-04
3.000000000000000000e+00,2.575000000000000455e+03,1.230399216564133781e-04,2.549610335440456477e-05,-1.428630975861986882e-11,-2.487423965642726223e-08,-2.487424717502878147e-08,7.518601519237507619e-15,7.518601932827813895e-15,-1.469379728728380203e-11,1.230399216564133239e-04,1.610947902561872297e-04,-2.399999999999957723e-03,6.833333333333290903e-04
3.000000000000000000e+00,2.580000000000000455e+03,1.229155504803371472e-04,2.537173211852942052e-05,-1.422651084529444679e-11,-2.487423414083338227e-08,-2.487424717502878147e-08,1.303419539920406253e-14,1.303419588227754026e-14,-1.464241529274603865e-11,1.229155504803371201e-04,1.609704197231179952e-04,-2.399999999999957723e-03,6.799999999999957120e-04
3.000000000000000000e+00,2.585000000000000455e+03,1.227911793042780195e-04,2.524736088265427627e-05,-1.416669482867975380e-11,-2.487423458490300117e-08,-2.487424717502878147e-08,1.259012578029962762e-14,1.259012622035971350e-14,-1.457835448748944551e-11,1.227911793042780737e-04,1.608460491897681149e-04,-2.399999999999957723e-03,6.766666666666623338e-04
3.000000000000000000e+00,2.590000000000000455e+03,1.226668081281947413e-04,2.512298964677913202e-05,-1.410690296266845292e-11,-2.487423565853935746e-08,-2.487424717502878147e-08,1.151648942400627942e-14,1.151649011552927152e-14,-1.451808794664972305e-11,1.226668081281947955e-04,1.607216786567996841e-04,-2.399999999999957723e-03,6.733333333333290640e-04
3.000000000000000000e+00,2.595000000000000455e+03,1.225424369521350444e-04,2.499861841090398777e-05,-1.404708751525990049e-11,-2.487423512065098628e-08,-2.487424717502878147e-08,1.205437779519458483e-14,1.205437836760356871e-14,-1.445916077544189095e-11,1.225424369521351529e-04,1.605973081234484756e-04,-2.399999999999957723e-03,6.699999999999956858e-04
3.000000000000000000e+00,2.600000000000000455e+03,1.224180657761466610e-04,2.487424717502884352e-05,-1.398720075445345282e-11,-2.487423525532636615e-08,-2.487424717502878147e-08,1.191970241531734805e-14,1.191970313992756465e-14,-1.439922557167306312e-11,1.224180657761466339e-04,1.604729375889482840e-04,-2.399999999999957723e-03,6.666666666666623076e-04
3.000000000000000000e+00,2.605000000000000455e+03,1.222936946001010859e-04,2.474987593915369926e-05,-1.392737118531160376e-11,-2.487423518364946208e-08,-2.487424717502878147e-08,1.199137931938712976e-14,1.199137986863505650e-14,-1.433944786415165656e-11,1.222936946001010317e-04,1.603485670553589306e-04,-2.399999999999957723e-03,6.633333333333288210e-04
3.000000000000000000e+00,2.610000000000000455e+03,1.221693234241202105e-04,2.462550470327855501e-05,-1.386747691640511163e-11,-2.487423510493787329e-08,-2.487424717502878147e-08,1.207009090818447479e-14,1.207009135486200557e-14,-1.427929418609291391e-11,1.221693234241202377e-04,1.602241965207272523e-04,-2.399999999999957723e-03,6.599999999999955512e-04
3.000000000000000000e+00,2.615000000000000455e+03,1.220449522482535695e-04,2.450113346740341076e-05,-1.380746841324722099e-11,-2.487423522223246465e-08,-2.487424717502878147e-08,1.195279631682137369e-14,1.195279684290824327e-14,-1.421923696559848829e-11,1.220449522482535017e-04,1.600998259842569839e-04,-2.399999999999957723e-03,6.566666666666620645e-04
3.000000000000000000e+00,2.620000000000000455e+03,1.219205810721969490e-04,2.437676223152826651e-05,-1.374764988941500413e-11,-2.487423522217412525e-08,-2.487424717502878147e-08,1.195285465621561583e-14,1.195285502348380780e-14,-1.415947283593250816e-11,1.219205810721968000e-04,1.599754554508311282e-04,-2.399999999999957723e-03,6.533333333333286863e-04
3.000000000000000000e+00,2.625000000000000455e+03,1.217962098961207452e-04,2.425239099565312226e-05,-1.368785094898452778e-11,-2.487423521939140696e-08,-2.487424717502878147e-08,1.195563737451430547e-14,1.195563786089650565e-14,-1.409970160372155737e-11,1.217962098961207452e-04,1.598510849177132943e-04,-2.399999999999957723e-03,6.499999999999951997e-04
3.000000000000000000e+00,2.630000000000000455e+03,1.216718387201037524e-04,2.412801975977797801e-05,-1.362799279756290657e-11,-2.487423519513499393e-08,-2.487424717502878147e-08,1.197989378754165541e-14,1.197989419782323924e-14,-1.403986277357475801e-11,1.216718387201037795e-04,1.597267143836414709e-04,-2.399999999999957723e-03,6.466666666666618215e-04
3.000000000000000000e+00,2.635000000000000455e+03,1.215474675440787094e-04,2.400364852390283376e-05,-1.356814269634241607e-11,-2.487423519018821233e-08,-2.487424717502878147e-08,1.198484056914146139e-14,1.198484118456383712e-14,-1.397995093511879032e-11,1.215474675440787365e-04,1.596023438496930297e-04,-2.399999999999957723e-03,6.433333333333284432e-04
3.000000000000000000e+00,2.640000000000000455e+03,1.214230963680597785e-04,2.387927728802768950e-05,-1.350828648293217818e-11,-2.487423520629446441e-08,-2.487424717502878147e-08,1.196873431705875967e-14,1.196873483321946190e-14,-1.392006699507433207e-11,1.214230963680599140e-04,1.594779733156417520e-04,-2.399999999999957723e-03,6.399999999999949566e-04
3.000000000000000000e+00,2.645000000000000455e+03,1.212987251919948775e-04,2.375490605215254525e-05,-1.344847623969405367e-11,-2.487423522160441288e-08,-2.487424717502878147e-08,1.195342436859070560e-14,1.195342500386541604e-14,-1.386026159548161988e-11,1.212987251919949995e-04,1.593536027823259428e-04,-2.399999999999957723e-03,6.366666666666615784e-04
3.000000000000000000e+00,2.650000000000000455e+03,1.211743540159545066e-04,2.363053481627740100e-05,-1.338864146638177668e-11,-2.487423521733824211e-08,-2.487424717502878147e-08,1.195769053936505804e-14,1.195769100589492352e-14,-1.380048380545721903e-11,1.211743540159544659e-04,1.592292322486100087e-04,-2.399999999999957723e-03,6.333333333333282002e-04
3.000000000000000000e+00,2.655000000000000455e+03,1.210499828400514769e-04,2.350616358040225675e-05,-1.332866935175930009e-11,-2.487423515792168996e-08,-2.487424717502878147e-08,1.201710709150958698e-14,1.201710759112667696e-14,-1.374054680896466503e-11,1.210499828400515176e-04,1.591048617126857717e-04,-2.399999999999957723e-03,6.299999999999947135e-04
3.000000000000000000e+00,2.660000000000000455e+03,1.209256116641431076e-04,2.338179234452711250e-05,-1.326870257683252299e-11,-2.487423514649288285e-08,-2.487424717502878147e-08,1.202853589861737489e-14,1.202853650742230573e-14,-1.368043269871829257e-11,1.209256116641431618e-04,1.589804911768429312e-04,-2.399999999999957723e-03,6.266666666666613353e-04
3.000000000000000000e+00,2.665000000000000455e+03,1.208012404881225098e-04,2.325742110865196825e-05,-1.320884803038312530e-11,-2.487423525603133579e-08,-2.487424717502878147e-08,1.191899744567721606e-14,1.191899780301924068e-14,-1.362056386294218871e-11,1.208012404881224420e-04,1.588561206427977521e-04,-2.399999999999957723e-03,6.233333333333278487e-04
3.000000000000000000e+00,2.670000000000000455e+03,1.206768693121229862e-04,2.313304987277682399e-05,-1.314897240975399992e-11,-2.487423529270935133e-08,-2.487424717502878147e-08,1.188231943013600226e-14,1.188232004886710045e-14,-1.356106056831247285e-11,1.206768693121229591e-04,1.587317501084092874e-04,-2.399999999999957723e-03,6.199999999999945789e-04
3.000000000000000000e+00,2.675000000000000455e+03,1.205524981361222293e-04,2.300867863690167974e-05,-1.308909802240484574e-11,-2.487423522865907898e-08,-2.487424717502878147e-08,1.194636970248826545e-14,1.194637031460191874e-14,-1.350148884240380030e-11,1.205524981361222157e-04,1.586073795740368148e-04,-2.399999999999957723e-03,6.166666666666610922e-04
3.000000000000000000e+00,2.680000000000000455e+03,1.204281269600830510e-04,2.288430740102653549e-05,-1.302926205647017902e-11,-2.487423515373689721e-08,-2.487424717502878147e-08,1.202129188425527645e-14,1.202129215557051737e-14,-1.344156968622836921e-11,1.204281269600829425e-04,1.584830090402758321e-04,-2.399999999999957723e-03,6.133333333333277140e-04
3.000000000000000000e+00,2.685000000000000455e+03,1.203037557840384923e-04,2.275993616515139124e-05,-1.296943147088879325e-11,-2.487423511345647702e-08,-2.487424717502878147e-08,1.206157230445138319e-14,1.206157279083358337e-14,-1.338136252386235896e-11,1.203037557840384381e-04,1.583586385065971947e-04,-2.399999999999957723e-03,6.099999999999942274e-04
3.000000000000000000e+00,2.690000000000000455e+03,1.201793846080060360e-04,2.263556492927624699e-05,-1.290958878290065712e-11,-2.487423523140078897e-08,-2.487424717502878147e-08,1.194362799249562374e-14,1.194362826381086466e-14,-1.332134952122574784e-11,1.201793846080060225e-04,1.582342679727205277e-04,-2.399999999999957723e-03,6.066666666666608492e-04
3.000000000000000000e+00,2.695000000000000455e+03,1.200550134319544029e-04,2.251119369340110274e-05,-1.284976527173844682e-11,-2.487423530989340652e-08,-2.487424717502878147e-08,1.186513537495003375e-14,1.186513589111073598e-14,-1.326182761083844384e-11,1.200550134319543352e-04,1.581098974391485757e-04,-2.399999999999957723e-03,6.033333333333274710e-04
3.000000000000000000e+00,2.700000000000000455e+03,1.199306422558710569e-04,2.238682245752595849e-05,-1.278997347348978172e-11,-2.487423526651973781e-08,-2.487424717502878147e-08,1.190850904366422744e-14,1.190850961938193377e-14,-1.320239349706221217e-11,1.199306422558711789e-04,1.579855269060798833e-04,-2.399999999999957723e-03,5.999999999999939843e-04
3.000000000000000000e+00,2.705000000000000455e+03,1.198062710797887816e-04,2.226245122165081423e-05,-1.273018060459147130e-11,-2.487423518006347862e-08,-2.487424717502878147e-08,1.199496530285250230e-14,1.199496581239575963e-14,-1.314263480848276793e-11,1.198062710797887680e-04,1.578611563729903741e-04,-2.399999999999957723e-03,5.966666666666607145e-04
3.000000000000000000e+00,2.710000000000000455e+03,1.196818999036932383e-04,2.213807998577566998e-05,-1.267040100361724667e-11,-2.487423503004507628e-08,-2.487424717502878147e-08,1.214498370518740546e-14,1.214498412208643418e-14,-1.308228493364656245e-11,1.196818999036932519e-04,1.577367858401100618e-04,-2.399999999999957723e-03,5.933333333333273363e-04
3.000000000000000000e+00,2.715000000000000455e+03,1.195575287275659550e-04,2.201370874990052573e-05,-1.261065314266162155e-11,-2.487423489969932848e-08,-2.487424717502878147e-08,1.227532945299369472e-14,1.227533004194629086e-14,-1.302123414823648064e-11,1.195575287275658737e-04,1.576124153077364785e-04,-2.399999999999957723e-03,5.899999999999940665e-04
3.000000000000000000e+00,2.720000000000000455e+03,1.194331575513849224e-04,2.188933751402538148e-05,-1.255095903102869739e-11,-2.487423496643400706e-08,-2.487424717502878147e-08,1.220859477441290504e-14,1.220859537660039098e-14,-1.296002433469011393e-11,1.194331575513848546e-04,1.574880447762199028e-04,-2.399999999999957723e-03,5.866666666666606883e-04
3.000000000000000000e+00,2.725000000000000455e+03,1.193087863751464542e-04,2.176496627815023723e-05,-1.249132235500586066e-11,-2.487423529370679219e-08,-2.487424717502878147e-08,1.188132198928360622e-14,1.188132258485364726e-14,-1.289979953978647884e-11,1.193087863751463051e-04,1.573636742456215921e-04,-2.399999999999957723e-03,5.833333333333272017e-04
3.000000000000000000e+00,2.730000000000000455e+03,1.191844151989253467e-04,2.164059504227509298e-05,-1.243166831819573701e-11,-2.487423547490793162e-08,-2.487424717502878147e-08,1.170012084985403424e-14,1.170012131638389972e-14,-1.284084593003338497e-11,1.191844151989252790e-04,1.572393037147414702e-04,-2.399999999999957723e-03,5.799999999999939319e-04
3.000000000000000000e+00,2.735000000000000455e+03,1.190600440227369957e-04,2.151622380639994873e-05,-1.237198152492747713e-11,-2.487423548907347902e-08,-2.487424717502878147e-08,1.168595530245472484e-14,1.168595568295780661e-14,-1.278238073753503070e-11,1.190600440227369686e-04,1.571149331833314716e-04,-2.399999999999957723e-03,5.766666666666605537e-04
3.000000000000000000e+00,2.740000000000000455e+03,1.189356728466073814e-04,2.139185257052480447e-05,-1.231223599500652285e-11,-2.487423521759121379e-08,-2.487424717502878147e-08,1.195743756768140462e-14,1.195743784892281289e-14,-1.272327225370532915e-11,1.189356728466074221e-04,1.569905626509745849e-04,-2.399999999999957723e-03,5.733333333333270670e-04
3.000000000000000000e+00,2.745000000000000455e+03,1.188113016704499844e-04,2.126748133464966022e-05,-1.225251824776623852e-11,-2.487423507842262853e-08,-2.487424717502878147e-08,1.209660615294136004e-14,1.209660677167245823e-14,-1.266313714215384098e-11,1.188113016704501199e-04,1.568661921190611099e-04,-2.399999999999957723e-03,5.699999999999936888e-04
3.000000000000000000e+00,2.750000000000000455e+03,1.186869304942934954e-04,2.114311009877451597e-05,-1.219279959250663473e-11,-2.487423489806429350e-08,-2.487424717502878147e-08,1.227696448797096908e-14,1.227696490817872026e-14,-1.260220321295421303e-11,1.186869304942936174e-04,1.567418215871287156e-04,-2.399999999999957723e-03,5.666666666666604190e-04
3.000000000000000000e+00,2.755000000000000455e+03,1.185625593181293221e-04,2.101873886289937172e-05,-1.213308862152992842e-11,-2.487423473406495063e-08,-2.487424717502878147e-08,1.244096383084479451e-14,1.244096429737465999e-14,-1.254040838994032958e-11,1.185625593181293357e-04,1.566174510553178603e-04,-2.399999999999957723e-03,5.633333333333269324e-04
3.000000000000000000e+00,2.760000000000000455e+03,1.184381881420215274e-04,2.089436762702422747e-05,-1.207332127204025288e-11,-2.487423465147110874e-08,-2.487424717502878147e-08,1.252355767273314897e-14,1.252355837418230841e-14,-1.247799708326143716e-11,1.184381881420215545e-04,1.564930805225991754e-04,-2.399999999999957723e-03,5.599999999999935541e-04
3.000000000000000000e+00,2.765000000000000455e+03,1.183138169659560978e-04,2.076999639114908322e-05,-1.201351155735068746e-11,-2.487423479564185368e-08,-2.487424717502878147e-08,1.237938692778573838e-14,1.237938741085921611e-14,-1.241573971879883335e-11,1.183138169659561656e-04,1.563687099891935943e-04,-2.399999999999957723e-03,5.566666666666602844e-04
3.000000000000000000e+00,2.770000000000000455e+03,1.181894457899419375e-04,2.064562515527393897e-05,-1.195365057345089063e-11,-2.487423527873299999e-08,-2.487424717502878147e-08,1.189629578147688609e-14,1.189629639689926183e-14,-1.235505050927943715e-11,1.181894457899419239e-04,1.562443394549643718e-04,-2.399999999999957723e-03,5.533333333333267977e-04
3.000000000000000000e+00,2.775000000000000455e+03,1.180650746139308806e-04,2.052125391939879471e-05,-1.189378648602237507e-11,-2.487423559535596047e-08,-2.487424717502878147e-08,1.157967282100275439e-14,1.157967353568680363e-14,-1.229636058444797199e-11,1.180650746139307451e-04,1.561199689206809393e-04,-2.399999999999957723e-03,5.499999999999934195e-04
3.000000000000000000e+00,2.780000000000000455e+03,1.179407034379200406e-04,2.039688268352365046e-05,-1.183392218175342500e-11,-2.487423576315784269e-08,-2.487424717502878147e-08,1.141187093877919004e-14,1.141187136229566367e-14,-1.223888172220301582e-11,1.179407034379200678e-04,1.559955983863899986e-04,-2.399999999999957723e-03,5.466666666666601497e-04
3.000000000000000000e+00,2.785000000000000455e+03,1.178163322618832205e-04,2.027251144764850621e-05,-1.177408385767903312e-11,-2.487423555899665431e-08,-2.487424717502878147e-08,1.161603212716267396e-14,1.161603265986698844e-14,-1.218131196214760919e-11,1.178163322618832747e-04,1.558712278525144700e-04,-2.399999999999957723e-03,5.433333333333266631e-04
3.000000000000000000e+00,2.790000000000000455e+03,1.176919610858432697e-04,2.014814021177336196e-05,-1.171424866423841429e-11,-2.487423542513586535e-08,-2.487424717502878147e-08,1.174989291611628076e-14,1.174989320066641148e-14,-1.212289714749627569e-11,1.176919610858431206e-04,1.557468573186869716e-04,-2.399999999999957723e-03,5.399999999999932849e-04
3.000000000000000000e+00,2.795000000000000455e+03,1.175675899097702100e-04,2.002376897589821771e-05,-1.165444657962163774e-11,-2.487423517163964993e-08,-2.487424717502878147e-08,1.200338913153973002e-14,1.200338966424404450e-14,-1.206351394033399955e-11,1.175675899097703049e-04,1.556224867853833597e-04,-2.399999999999957723e-03,5.366666666666599066e-04
3.000000000000000000e+00,2.800000000000000455e+03,1.174432187336507194e-04,1.989939774002307346e-05,-1.159469092596289788e-11,-2.487423485200857768e-08,-2.487424717502878147e-08,1.232302020379458226e-14,1.232302053466682728e-14,-1.200269791483672237e-11,1.174432187336507872e-04,1.554981162528229683e-04,-2.399999999999957723e-03,5.333333333333264200e-04
3.000000000000000000e+00,2.805000000000000455e+03,1.173188475575233142e-04,1.977502650414792921e-05,-1.153494318698001717e-11,-2.487423460731859323e-08,-2.487424717502878147e-08,1.256771018824234298e-14,1.256771061837626151e-14,-1.194047108695411465e-11,1.173188475575233413e-04,1.553737457203877481e-04,-2.399999999999957723e-03,5.299999999999931502e-04
3.000000000000000000e+00,2.810000000000000455e+03,1.171944763813935779e-04,1.965065526827278495e-05,-1.147519777903180729e-11,-2.487423461352296729e-08,-2.487424717502878147e-08,1.256150581417877059e-14,1.256150617813824011e-14,-1.187764804496282839e-11,1.171944763813935779e-04,1.552493751879853792e-04,-2.399999999999957723e-03,5.266666666666597720e-04
3.000000000000000000e+00,2.815000000000000455e+03,1.170701052052931557e-04,1.952628403239764070e-05,-1.141542305696735884e-11,-2.487423513300009799e-08,-2.487424717502878147e-08,1.204202868348088267e-14,1.204202887869550723e-14,-1.181613920732074403e-11,1.170701052052931286e-04,1.551250046551110029e-04,-2.399999999999957723e-03,5.233333333333265022e-04
3.000000000000000000e+00,2.820000000000000455e+03,1.169457340291896571e-04,1.940191279652249645e-05,-1.135565141132657482e-11,-2.487423555808332118e-08,-2.487424717502878147e-08,1.161694546029038561e-14,1.161694578454518573e-14,-1.175699177066264229e-11,1.169457340291895757e-04,1.550006341222810789e-04,-2.399999999999957723e-03,5.199999999999930156e-04
3.000000000000000000e+00,2.825000000000000455e+03,1.168213628531070429e-04,1.927754156064735220e-05,-1.129585888124144330e-11,-2.487423585769359513e-08,-2.487424717502878147e-08,1.131733518634035858e-14,1.131733563963533426e-14,-1.169965606710219099e-11,1.168213628531070971e-04,1.548762635891132362e-04,-2.399999999999957723e-03,5.166666666666596373e-04
3.000000000000000000e+00,2.830000000000000455e+03,1.166969916770601532e-04,1.915317032477220795e-05,-1.123603062669472838e-11,-2.487423576826647707e-08,-2.487424717502878147e-08,1.140676230440328705e-14,1.140676280071165458e-14,-1.164284582100132352e-11,1.166969916770601396e-04,1.547518930553691671e-04,-2.399999999999957723e-03,5.133333333333263675e-04
3.000000000000000000e+00,2.835000000000000455e+03,1.165726205010140902e-04,1.902879908889706370e-05,-1.117620154544385694e-11,-2.487423562839618126e-08,-2.487424717502878147e-08,1.154663260021176099e-14,1.154663317923818978e-14,-1.158546233105144891e-11,1.165726205010140631e-04,1.546275225216103529e-04,-2.399999999999957723e-03,5.099999999999928809e-04
3.000000000000000000e+00,2.840000000000000455e+03,1.164482493249469259e-04,1.890442785302191945e-05,-1.111639356547776750e-11,-2.487423536811064935e-08,-2.487424717502878147e-08,1.180691813212331075e-14,1.180691860857934358e-14,-1.152707845158190508e-11,1.164482493249468581e-04,1.545031519881849308e-04,-2.399999999999957723e-03,5.066666666666595027e-04
3.000000000000000000e+00,2.845000000000000455e+03,1.163238781488254702e-04,1.878005661714677519e-05,-1.105663987693546527e-11,-2.487423490219653711e-08,-2.487424717502878147e-08,1.227283224435523388e-14,1.227283273404615651e-14,-1.146687907322534133e-11,1.163238781488253753e-04,1.543787814556293642e-04,-2.399999999999957723e-03,5.033333333333261245e-04
3.000000000000000000e+00,2.850000000000000455e+03,1.161995069726998674e-04,1.865568538127163094e-05,-1.099689033546647279e-11,-2.487423446209801050e-08,-2.487424717502878147e-08,1.271293077097087117e-14,1.271293131029263055e-14,-1.140441466311449436e-11,1.161995069726997454e-04,1.542544109231359223e-04,-2.399999999999957723e-03,4.999999999999927463e-04
3.000000000000000000e+00,2.855000000000000455e+03,1.160751357965928723e-04,1.853131414539648669e-05,-1.093712218637769504e-11,-2.487423430436972899e-08,-2.487424717502878147e-08,1.287065905248014018e-14,1.287065964474145877e-14,-1.134045568572690914e-11,1.160751357965928723e-04,1.541300403903402320e-04,-2.399999999999957723e-03,4.966666666666593680e-04
3.000000000000000000e+00,2.860000000000000455e+03,1.159507646205121148e-04,1.840694290952134244e-05,-1.087732779959634313e-11,-2.487423474848580236e-08,-2.487424717502878147e-08,1.242654297911250429e-14,1.242654347211214937e-14,-1.127721267793477512e-11,1.159507646205121012e-04,1.540056698571221636e-04,-2.399999999999957723e-03,4.933333333333259898e-04
3.000000000000000000e+00,2.865000000000000455e+03,1.158263934444419554e-04,1.828257167364619819e-05,-1.081752281473875518e-11,-2.487423540450881314e-08,-2.487424717502878147e-08,1.177051996832693589e-14,1.177052027603812376e-14,-1.121672001856439943e-11,1.158263934444419689e-04,1.538812993237303247e-04,-2.399999999999957723e-03,4.899999999999925032e-04
3.000000000000000000e+00,2.870000000000000455e+03,1.157020222683725143e-04,1.815820043777105394e-05,-1.075771711159722796e-11,-2.487423586622963252e-08,-2.487424717502878147e-08,1.130879914894867682e-14,1.130879969157915865e-14,-1.115902171864535623e-11,1.157020222683725007e-04,1.537569287903235780e-04,-2.399999999999957723e-03,4.866666666666592334e-04
3.000000000000000000e+00,2.875000000000000455e+03,1.155776510923191600e-04,1.803382920189590969e-05,-1.069789532160596648e-11,-2.487423601707101670e-08,-2.487424717502878147e-08,1.115795776477000995e-14,1.115795814858181418e-14,-1.110285482404495379e-11,1.155776510923192142e-04,1.536325582566568668e-04,-2.399999999999957723e-03,4.833333333333258552e-04
3.000000000000000000e+00,2.880000000000000455e+03,1.154532799162816080e-04,1.790945796602076543e-05,-1.063805772936804103e-11,-2.487423591420161811e-08,-2.487424717502878147e-08,1.126082716335696615e-14,1.126082793759801950e-14,-1.104680785882950421e-11,1.154532799162816758e-04,1.535081877227324136e-04,-2.399999999999957723e-03,4.799999999999924227e-04
3.000000000000000000e+00,2.885000000000000455e+03,1.153289087402571206e-04,1.778508673014562118e-05,-1.057820707249393713e-11,-2.487423570813840401e-08,-2.487424717502878147e-08,1.146689037745839940e-14,1.146689093332377103e-14,-1.098998856165219973e-11,1.153289087402570800e-04,1.533838171885966222e-04,-2.399999999999957723e-03,4.766666666666590445e-04
3.000000000000000000e+00,2.890000000000000455e+03,1.152045375642416050e-04,1.766071549427047693e-05,-1.051834744384685591e-11,-2.487423512076124945e-08,-2.487424717502878147e-08,1.205426753201893151e-14,1.205426825662914810e-14,-1.093118566367731744e-11,1.152045375642416863e-04,1.532594466543138944e-04,-2.399999999999957723e-03,4.733333333333257205e-04
3.000000000000000000e+00,2.895000000000000455e+03,1.150801663882262520e-04,1.753634425839533268e-05,-1.045848765256944882e-11,-2.487423436209203326e-08,-2.487424717502878147e-08,1.281293674820985460e-14,1.281293701290765062e-14,-1.086901765050347544e-11,1.150801663882264011e-04,1.531350761200236043e-04,-2.399999999999957723e-03,4.699999999999922339e-04
3.000000000000000000e+00,2.900000000000000455e+03,1.149557952121981597e-04,1.741197302252018843e-05,-1.039864060066756843e-11,-2.487423395416689840e-08,-2.487424717502878147e-08,1.322086188306817242e-14,1.322086241577248690e-14,-1.080393315193177510e-11,1.149557952121981733e-04,1.530107055859385265e-04,-2.399999999999957723e-03,4.666666666666589099e-04
3.000000000000000000e+00,2.905000000000000455e+03,1.148314240361394793e-04,1.728760178664504418e-05,-1.033882413681947929e-11,-2.487423422622643643e-08,-2.487424717502878147e-08,1.294880234503560413e-14,1.294880285127013901e-14,-1.073850898876416853e-11,1.148314240361394928e-04,1.528863350523390900e-04,-2.399999999999957723e-03,4.633333333333255859e-04
3.000000000000000000e+00,2.910000000000000455e+03,1.147070528600572446e-04,1.716323055076989992e-05,-1.027903122726358739e-11,-2.487423513387919577e-08,-2.487424717502878147e-08,1.204114958570436336e-14,1.204115001583828189e-14,-1.067603410659639748e-11,1.147070528600572175e-04,1.527619645191170914e-04,-2.399999999999957723e-03,4.599999999999920992e-04
3.000000000000000000e+00,2.915000000000000000e+03,1.145826816839984558e-04,1.703885931489476923e-05,-1.021921488538824266e-11,-2.487423576046616058e-08,-2.487424717502878147e-08,1.141456262088838455e-14,1.141456310065313983e-14,-1.061739482380517539e-11,1.145826816839985642e-04,1.526375939855128031e-04,-2.399999999999957723e-03,4.566666666666591005e-04
3.000000000000000000e+00,2.920000000000000000e+03,1.144583105079719355e-04,1.691448807901962497e-05,-1.015936626139321217e-11,-2.487423620008585219e-08,-2.487424717502878147e-08,1.097494292927701951e-14,1.097494350168600339e-14,-1.056142105729932753e-11,1.144583105079719084e-04,1.525132234513907812e-04,-2.399999999999957723e-03,4.533333333333257765e-04
3.000000000000000000e+00,2.925000000000000000e+03,1.143339393319765048e-04,1.679011684314448072e-05,-1.009948654790088565e-11,-2.487423624666879309e-08,-2.487424717502878147e-08,1.092835998838329974e-14,1.092836057071845097e-14,-1.050666279711831639e-11,1.143339393319765183e-04,1.523888529167650118e-04,-2.399999999999957723e-03,4.499999999999922898e-04
3.000000000000000000e+00,2.930000000000000000e+03,1.142095681559315802e-04,1.666574560726933647e-05,-1.003965632823773310e-11,-2.487423620126246037e-08,-2.487424717502878147e-08,1.097376632110394448e-14,1.097376649646623434e-14,-1.045190747945035468e-11,1.142095681559317021e-04,1.522644823829313876e-04,-2.399999999999957723e-03,4.466666666666589658e-04
3.000000000000000000e+00,2.935000000000000000e+03,1.140851969798389778e-04,1.654137437139419222e-05,-9.979873786365115601e-12,-2.487423558793690807e-08,-2.487424717502878147e-08,1.158709187339991395e-14,1.158709232669488963e-14,-1.039550533239245187e-11,1.140851969798389778e-04,1.521401118498627223e-04,-2.399999999999957723e-03,4.433333333333255876e-04
3.000000000000000000e+00,2.940000000000000000e+03,1.139608258036895361e-04,1.641700313551904797e-05,-9.920148083791390653e-12,-2.487423441996805416e-08,-2.487424717502878147e-08,1.275506072731197707e-14,1.275506112766739355e-14,-1.033464994875654616e-11,1.139608258036895632e-04,1.520157413177001518e-04,-2.399999999999957723e-03,4.399999999999921552e-04
3.000000000000000000e+00,2.945000000000000000e+03,1.138364546275878400e-04,1.629263189964390372e-05,-9.860374635664494875e-12,-2.487423367612775444e-08,-2.487424717502878147e-08,1.349890102703082529e-14,1.349890143069496422e-14,-1.026901504236064027e-11,1.138364546275877451e-04,1.518913707847705354e-04,-2.399999999999957723e-03,4.366666666666587770e-04
3.000000000000000000e+00,2.950000000000000000e+03,1.137120834515301489e-04,1.616826066376875947e-05,-9.800557182481923341e-12,-2.487423361744569567e-08,-2.487424717502878147e-08,1.355758308580479899e-14,1.355758372438823188e-14,-1.020137382947293228e-11,1.137120834515302438e-04,1.517670002511320676e-04,-2.399999999999957723e-03,4.333333333333254530e-04
3.000000000000000000e+00,2.955000000000000000e+03,1.135877122755417384e-04,1.604388942789361521e-05,-9.740670448780529983e-12,-2.487423469026823858e-08,-2.487424717502878147e-08,1.248476054288530497e-14,1.248476093000583164e-14,-1.013626796783694712e-11,1.135877122755417248e-04,1.516426297163784166e-04,-2.399999999999957723e-03,4.299999999999919663e-04
3.000000000000000000e+00,2.960000000000000000e+03,1.134633410995034274e-04,1.591951819201847096e-05,-9.680833615484125271e-12,-2.487423541676108848e-08,-2.487424717502878147e-08,1.175826769299318409e-14,1.175826810658349036e-14,-1.007566039524547381e-11,1.134633410995034274e-04,1.515182591824232533e-04,-2.399999999999957723e-03,4.266666666666586423e-04
3.000000000000000000e+00,2.965000000000000000e+03,1.133389699234310319e-04,1.579514695614332671e-05,-9.621030866793518072e-12,-2.487423617693436718e-08,-2.487424717502878147e-08,1.099809441429445582e-14,1.099809494699877030e-14,-1.001876948761151816e-11,1.133389699234309912e-04,1.513938886490131185e-04,-2.399999999999957723e-03,4.233333333333253183e-04
3.000000000000000000e+00,2.970000000000000000e+03,1.132145987472903858e-04,1.567077572026818246e-05,-9.561296368629668835e-12,-2.487423658054165232e-08,-2.487424717502878147e-08,1.059448712914644031e-14,1.059448762214608539e-14,-9.964788031188656022e-12,1.132145987472904129e-04,1.512695181166950464e-04,-2.399999999999957723e-03,4.199999999999918317e-04
3.000000000000000000e+00,2.975000000000000000e+03,1.130902275711848814e-04,1.554640448439303821e-05,-9.501526728762903912e-12,-2.487423685907813367e-08,-2.487424717502878147e-08,1.031595064780357360e-14,1.031595113749449623e-14,-9.912511934289554568e-12,1.130902275711849491e-04,1.511451475838102888e-04,-2.399999999999957723e-03,4.166666666666585077e-04
3.000000000000000000e+00,2.980000000000000000e+03,1.129658563950874950e-04,1.542203324851789396e-05,-9.441748970932372503e-12,-2.487423636507083702e-08,-2.487424717502878147e-08,1.080995794445505549e-14,1.080995848377681488e-14,-9.859697160236376290e-12,1.129658563950876169e-04,1.510207770507930960e-04,-2.399999999999957723e-03,4.133333333333251837e-04
3.000000000000000000e+00,2.985000000000000000e+03,1.128414852190221196e-04,1.529766201264274971e-05,-9.381939202032698460e-12,-2.487423467190580506e-08,-2.487424717502878147e-08,1.250312297641085937e-14,1.250312334037032889e-14,-9.801414455676008431e-12,1.128414852190220925e-04,1.508964065172604192e-04,-2.399999999999957723e-03,4.099999999999916970e-04
3.000000000000000000e+00,2.990000000000000000e+03,1.127171140429347756e-04,1.517329077676760545e-05,-9.322151401779544405e-12,-2.487423351002762427e-08,-2.487424717502878147e-08,1.366500115719762919e-14,1.366500174615022533e-14,-9.735994142959707045e-12,1.127171140429347756e-04,1.507720359840767201e-04,-2.399999999999957723e-03,4.066666666666583730e-04
3.000000000000000000e+00,2.995000000000000000e+03,1.125927428668477298e-04,1.504891954089246120e-05,-9.262363303370792916e-12,-2.487423296438668146e-08,-2.487424717502878147e-08,1.421064210000607554e-14,1.421064266248889207e-14,-9.666305031938109252e-12,1.125927428668478517e-04,1.506476654508861904e-04,-2.399999999999957723e-03,4.033333333333249948e-04
3.000000000000000000e+00,3.000000000000000000e+03,1.124683716907564555e-04,1.492454830501731695e-05,-9.202579433350514121e-12,-2.487423408867377166e-08,-2.487424717502878147e-08,1.308635500980788005e-14,1.308635522487483931e-14,-9.598062537219699923e-12,1.124683716907564555e-04,1.505232949177617971e-04,-2.399999999999957723e-03,3.999999999999916708e-04
3.000000000000000000e+00,3.005000000000000000e+03,1.123440005146907820e-04,1.480017706914217270e-05,-9.142769962606437512e-12,-2.487423481088563101e-08,-2.487424717502878147e-08,1.236414315045796611e-14,1.236414362029655404e-14,-9.534436290106771440e-12,1.123440005146908633e-04,1.503989243842237806e-04,-2.399999999999957723e-03,3.966666666666581842e-04
3.000000000000000000e+00,3.010000000000000000e+03,1.122196293386519425e-04,1.467580583326702845e-05,-9.082933657858591886e-12,-2.487423583948291285e-08,-2.487424717502878147e-08,1.133554586861945646e-14,1.133554640463249339e-14,-9.475187065044448821e-12,1.122196293386520374e-04,1.502745538502520562e-04,-2.399999999999957723e-03,3.933333333333248602e-04
3.000000000000000000e+00,3.015000000000000000e+03,1.120952581626538555e-04,1.455143459739188420e-05,-9.023056600661587962e-12,-2.487423679759935077e-08,-2.487424717502878147e-08,1.037742943069836869e-14,1.037742972517466676e-14,-9.420904624719930921e-12,1.120952581626538690e-04,1.501501833156247147e-04,-2.399999999999957723e-03,3.899999999999915362e-04
3.000000000000000000e+00,3.020000000000000000e+03,1.119708869866459293e-04,1.442706336151673995e-05,-8.963189382599299343e-12,-2.487423755008340334e-08,-2.487424717502878147e-08,9.624945378128472054e-15,9.624945735470496677e-15,-9.370898686068318012e-12,1.119708869866459564e-04,1.500258127811530105e-04,-2.399999999999957723e-03,3.866666666666580495e-04
3.000000000000000000e+00,3.025000000000000000e+03,1.118465158106144217e-04,1.430269212564159569e-05,-8.903345745934262284e-12,-2.487423740603114044e-08,-2.487424717502878147e-08,9.768997641033662994e-15,9.768997991758242717e-15,-9.322413826750246164e-12,1.118465158106144759e-04,1.499014422470569552e-04,-2.399999999999957723e-03,3.833333333333247255e-04
3.000000000000000000e+00,3.030000000000000000e+03,1.117221446345272132e-04,1.417832088976645144e-05,-8.843557810155836668e-12,-2.487423549201640896e-08,-2.487424717502878147e-08,1.168301237250627348e-14,1.168301274970063280e-14,-9.268783799896598975e-12,1.117221446345271861e-04,1.497770717138539030e-04,-2.399999999999957723e-03,3.799999999999914015e-04
3.000000000000000000e+00,3.035000000000000000e+03,1.115977734584445042e-04,1.405394965389130719e-05,-8.783765374938395237e-12,-2.487423360694951485e-08,-2.487424717502878147e-08,1.356807926662426807e-14,1.356807967690585189e-14,-9.205656068830082763e-12,1.115977734584445313e-04,1.496527011805738724e-04,-2.399999999999957723e-03,3.766666666666579149e-04
3.000000000000000000e+00,3.040000000000000000e+03,1.114734022823800775e-04,1.392957841801616294e-05,-8.723954657361820270e-12,-2.487423243193564637e-08,-2.487424717502878147e-08,1.474309313509538407e-14,1.474309356522930260e-14,-9.134878135724744877e-12,1.114734022823802401e-04,1.495283306469998605e-04,-2.399999999999957723e-03,3.733333333333245909e-04
3.000000000000000000e+00,3.045000000000000000e+03,1.113490311063517548e-04,1.380520718214101869e-05,-8.664107835852901535e-12,-2.487423291026318527e-08,-2.487424717502878147e-08,1.426476559620277156e-14,1.426476606273263704e-14,-9.062358486654840028e-12,1.113490311063518090e-04,1.494039601128451498e-04,-2.399999999999957723e-03,3.699999999999912127e-04
3.000000000000000000e+00,3.050000000000000000e+03,1.112246599303190952e-04,1.368083594626587444e-05,-8.604265351152672742e-12,-2.487423389952579559e-08,-2.487424717502878147e-08,1.327550298587881227e-14,1.327550341270400835e-14,-8.993507812966248415e-12,1.112246599303190546e-04,1.492795895787558708e-04,-2.399999999999957723e-03,3.666666666666577802e-04
3.000000000000000000e+00,3.055000000000000000e+03,1.111002887542638436e-04,1.355646471039073019e-05,-8.544445458515213115e-12,-2.487423506439715589e-08,-2.487424717502878147e-08,1.211063162557573971e-14,1.211063206232710314e-14,-8.930042474278670636e-12,1.111002887542638843e-04,1.491552190450269263e-04,-2.399999999999957723e-03,3.633333333333244020e-04
3.000000000000000000e+00,3.060000000000000000e+03,1.109759175781846582e-04,1.343209347451558593e-05,-8.484649499640711107e-12,-2.487423670523800139e-08,-2.487424717502878147e-08,1.046979078007842691e-14,1.046979110433322703e-14,-8.873591416362019810e-12,1.109759175781847395e-04,1.490308485116807594e-04,-2.399999999999957723e-03,3.599999999999910780e-04
3.000000000000000000e+00,3.065000000000000000e+03,1.108515464020938448e-04,1.330772223864044168e-05,-8.424865168834509005e-12,-2.487423823353159395e-08,-2.487424717502878147e-08,8.941497187516263116e-15,8.941497620958904094e-15,-8.825063194548789483e-12,1.108515464020939125e-04,1.489064779785181209e-04,-2.399999999999957723e-03,3.566666666666575914e-04
3.000000000000000000e+00,3.070000000000000000e+03,1.107271752260027467e-04,1.318335100276529743e-05,-8.365081122631377181e-12,-2.487423873864038234e-08,-2.487424717502878147e-08,8.436388399125380546e-15,8.436388892125025628e-15,-8.781618478266079658e-12,1.107271752260028145e-04,1.487821074453587892e-04,-2.399999999999957723e-03,3.533333333333242674e-04
3.000000000000000000e+00,3.075000000000000000e+03,1.106028040499062006e-04,1.305897976689015318e-05,-8.305302524544162096e-12,-2.487423700829982541e-08,-2.487424717502878147e-08,1.016672895605617947e-14,1.016672905200913052e-14,-8.735110683405744268e-12,1.106028040499061328e-04,1.486577369122877115e-04,-2.399999999999957723e-03,3.499999999999909434e-04
3.000000000000000000e+00,3.080000000000000000e+03,1.104784328738060359e-04,1.293460853101500893e-05,-8.245527544981697682e-12,-2.487423388622984994e-08,-2.487424717502878147e-08,1.328879893153503447e-14,1.328879945431318161e-14,-8.676471862139938488e-12,1.104784328738061172e-04,1.485333663792676455e-04,-2.399999999999957723e-03,3.466666666666576193e-04
3.000000000000000000e+00,3.085000000000000000e+03,1.103540616977060880e-04,1.281023729513986468e-05,-8.185752348578798770e-12,-2.487423119241899805e-08,-2.487424717502878147e-08,1.598260978341849918e-14,1.598261016061285850e-14,-8.603293338102623387e-12,1.103540616977060745e-04,1.484089958462443269e-04,-2.399999999999957723e-03,3.433333333333242953e-04
3.000000000000000000e+00,3.090000000000000000e+03,1.102296905216145157e-04,1.268586605926472042e-05,-8.125968776714117409e-12,-2.487422913610760850e-08,-2.487424717502878147e-08,1.803892117297294051e-14,1.803892142443584672e-14,-8.518239509140001624e-12,1.102296905216145157e-04,1.482846253130837755e-04,-2.399999999999957723e-03,3.399999999999909713e-04
3.000000000000000000e+00,3.095000000000000000e+03,1.101053193455409681e-04,1.256149482338957617e-05,-8.066167179988318475e-12,-2.487422938375152770e-08,-2.487424717502878147e-08,1.779127725376585902e-14,1.779127770706083469e-14,-8.428664011311259921e-12,1.101053193455410088e-04,1.481602547796321428e-04,-2.399999999999957723e-03,3.366666666666576473e-04
3.000000000000000000e+00,3.100000000000000000e+03,1.099809481694841580e-04,1.243712358751443192e-05,-8.006348845891481797e-12,-2.487423246164196203e-08,-2.487424717502878147e-08,1.471338681944117135e-14,1.471338734883676339e-14,-8.347402348671515926e-12,1.099809481694843206e-04,1.480358842459099475e-04,-2.399999999999957723e-03,3.333333333333243233e-04
3.000000000000000000e+00,3.105000000000000000e+03,1.098565769934146626e-04,1.231275235163928767e-05,-7.946543196960063199e-12,-2.487423543015351317e-08,-2.487424717502878147e-08,1.174487526829903614e-14,1.174487559255383626e-14,-8.281256691318039426e-12,1.098565769934145813e-04,1.479115137123909317e-04,-2.399999999999957723e-03,3.299999999999909993e-04
3.000000000000000000e+00,3.110000000000000000e+03,1.097322058173394617e-04,1.218838111576414342e-05,-7.886743253642577306e-12,-2.487424087460304118e-08,-2.487424717502878147e-08,6.300425740289011502e-15,6.300426471516672999e-15,-8.236143436157863153e-12,1.097322058173395159e-04,1.477871431789598718e-04,-2.399999999999957723e-03,3.266666666666576753e-04
3.000000000000000000e+00,3.115000000000000000e+03,1.096078346412469813e-04,1.206400987988899917e-05,-7.826960589797215401e-12,-2.487424932606109612e-08,-2.487424717502878147e-08,-2.151032314645198908e-15,-2.151031887820002830e-15,-8.225769949698621478e-12,1.096078346412469135e-04,1.476627726458043890e-04,-2.399999999999957723e-03,3.233333333333243513e-04
3.000000000000000000e+00,3.120000000000000000e+03,1.094834634651246718e-04,1.193963864401385492e-05,-7.767207755064124003e-12,-2.487426091318473987e-08,-2.487424717502878147e-08,-1.373815595839807979e-14,-1.373815553819032862e-14,-8.265492918263647306e-12,1.094834634651247124e-04,1.475384021131236783e-04,-2.399999999999957723e-03,3.199999999999910273e-04
3.000000000000000000e+00,3.125000000000000000e+03,1.093590922890282883e-04,1.181526740813871066e-05,-7.707428994346583045e-12,-2.487426925369093504e-08,-2.487424717502878147e-08,-2.207866215357073956e-14,-2.207866159770536793e-14,-8.355034961103386548e-12,1.093590922890282476e-04,1.474140315800278266e-04,-2.399999999999957723e-03,3.166666666666577033e-04
3.000000000000000000e+00,3.130000000000000000e+03,1.092347211129328805e-04,1.169089617226356641e-05,-7.647649257847086851e-12,-2.487427441071579037e-08,-2.487424717502878147e-08,-2.723568700889839476e-14,-2.723568667802614974e-14,-8.478320831792715342e-12,1.092347211129329212e-04,1.472896610469133266e-04,-2.399999999999957723e-03,3.133333333333243793e-04
3.000000000000000000e+00,3.135000000000000000e+03,1.091103499368436798e-04,1.156652493638842216e-05,-7.587863314290153177e-12,-2.487427312416260177e-08,-2.487424717502878147e-08,-2.594913382030341540e-14,-2.594913347619628058e-14,-8.611282882178271418e-12,1.091103499368437476e-04,1.471652905136965051e-04,-2.399999999999957723e-03,3.099999999999910553e-04
3.000000000000000000e+00,3.140000000000000000e+03,1.089859787607683705e-04,1.144215370051327791e-05,-7.528063479392884533e-12,-2.487426116043956655e-08,-2.487424717502878147e-08,-1.398541078507990614e-14,-1.398541042773788152e-14,-8.711119241938106823e-12,1.089859787607683976e-04,1.470409199802563379e-04,-2.399999999999957723e-03,3.066666666666577313e-04
3.000000000000000000e+00,3.145000000000000000e+03,1.088616075846840351e-04,1.131778246463813366e-05,-7.468272670478701830e-12,-2.487425035371160026e-08,-2.487424717502878147e-08,-3.178682818789470161e-15,-3.178682484608502689e-15,-8.754029474218972784e-12,1.088616075846840080e-04,1.469165494469587975e-04,-2.399999999999957723e-03,3.033333333333244073e-04
3.000000000000000000e+00,3.150000000000000000e+03,1.087372364085920833e-04,1.119341122876298941e-05,-7.408489478084780838e-12,-2.487424038195731029e-08,-2.487424717502878147e-08,6.793071471182451508e-15,6.793071934403594538e-15,-8.744993500594485054e-12,1.087372364085921781e-04,1.467921789137821456e-04,-2.399999999999957723e-03,2.999999999999910833e-04
3.000000000000000000e+00,3.155000000000000000e+03,1.086128652324947375e-04,1.106903999288784516e-05,-7.348711679596667962e-12,-2.487423090223283583e-08,-2.487424717502878147e-08,1.627279594563631771e-14,1.627279633275684438e-14,-8.687328829926583957e-12,1.086128652324947104e-04,1.466678083806889773e-04,-2.399999999999957723e-03,2.966666666666577593e-04
3.000000000000000000e+00,3.160000000000000000e+03,1.084884940563887859e-04,1.094466875701270090e-05,-7.288942486963299189e-12,-2.487422499433111340e-08,-2.487424717502878147e-08,2.218069766807345861e-14,2.218069790630147502e-14,-8.591195094328938158e-12,1.084884940563887046e-04,1.465434378477324456e-04,-2.399999999999957723e-03,2.933333333333244352e-04
3.000000000000000000e+00,3.165000000000000000e+03,1.083641228802851111e-04,1.082029752113755665e-05,-7.229171017505368196e-12,-2.487422213561484485e-08,-2.487424717502878147e-08,2.503941393662140462e-14,2.503941450572166606e-14,-8.473144813298880305e-12,1.083641228802851111e-04,1.464190673147379397e-04,-2.399999999999957723e-03,2.899999999999911112e-04
3.000000000000000000e+00,3.170000000000000000e+03,1.082397517041979433e-04,1.069592628526241240e-05,-7.169383041069361112e-12,-2.487422163494768878e-08,-2.487424717502878147e-08,2.554008109268640000e-14,2.554008170480005329e-14,-8.346696072772576007e-12,1.082397517041978349e-04,1.462946967814762592e-04,-2.399999999999957723e-03,2.866666666666577872e-04
3.000000000000000000e+00,3.175000000000000000e+03,1.081153805281265913e-04,1.057155504938726815e-05,-7.109579248834162896e-12,-2.487422848033033984e-08,-2.487424717502878147e-08,1.869469844163340921e-14,1.869469858059975212e-14,-8.236109122059076493e-12,1.081153805281265506e-04,1.461703262479601166e-04,-2.399999999999957723e-03,2.833333333333244632e-04
3.000000000000000000e+00,3.180000000000000000e+03,1.079910093520796338e-04,1.044718381351212390e-05,-7.049751062050083755e-12,-2.487424575951994856e-08,-2.487424717502878147e-08,1.415508832912093653e-15,1.415509296133236683e-15,-8.185833602367244021e-12,1.079910093520797151e-04,1.460459557140481046e-04,-2.399999999999957723e-03,2.799999999999911392e-04
3.000000000000000000e+00,3.185000000000000000e+03,1.078666381760557969e-04,1.032281257763697965e-05,-6.989899754654676362e-12,-2.487427122130574267e-08,-2.487424717502878147e-08,-2.404627696120075721e-14,-2.404627656084534074e-14,-8.242410520529024282e-12,1.078666381760557563e-04,1.459215851797680060e-04,-2.399999999999957723e-03,2.766666666666578152e-04
3.000000000000000000e+00,3.190000000000000000e+03,1.077422670000172962e-04,1.019844134176183540e-05,-6.930063111093651834e-12,-2.487428572450139912e-08,-2.487424717502878147e-08,-3.854947261764650049e-14,-3.854947225368703097e-14,-8.398899892565355211e-12,1.077422670000173098e-04,1.457972146457163487e-04,-2.399999999999957723e-03,2.733333333333244912e-04
3.000000000000000000e+00,3.195000000000000000e+03,1.076178958239768711e-04,1.007407010588669114e-05,-6.870228391991483469e-12,-2.487429223773243136e-08,-2.487424717502878147e-08,-4.506270364989462405e-14,-4.506270311388158712e-14,-8.607930330984276756e-12,1.076178958239769524e-04,1.456728441116971634e-04,-2.399999999999957723e-03,2.699999999999911672e-04
3.000000000000000000e+00,3.200000000000000000e+03,1.074935246479243300e-04,9.949698870011546893e-06,-6.810405788848592629e-12,-2.487428281273181749e-08,-2.487424717502878147e-08,-3.563770303601732241e-14,-3.563770256287001203e-14,-8.809681345176155754e-12,1.074935246479242893e-04,1.455484735778698547e-04,-2.399999999999957723e-03,2.666666666666577890e-04
3.000000000000000000e+00,3.205000000000000000e+03,1.073691534718471504e-04,9.825327634136402641e-06,-6.750607824200071522e-12,-2.487424789618182317e-08,-2.487424717502878147e-08,-7.211530416960664657e-16,-7.211526744278744922e-16,-8.900578483269400470e-12,1.073691534718472317e-04,1.454241030444360300e-04,-2.399999999999957723e-03,2.633333333333245192e-04
3.000000000000000000e+00,3.210000000000000000e+03,1.072447822957888088e-04,9.700956398261258390e-06,-6.690791021538803479e-12,-2.487423000755236624e-08,-2.487424717502878147e-08,1.716747641523269356e-14,1.716747687514511414e-14,-8.859462672767607371e-12,1.072447822957887546e-04,1.452997325106986830e-04,-2.399999999999957723e-03,2.599999999999911952e-04
3.000000000000000000e+00,3.215000000000000000e+03,1.071204111197270520e-04,9.576585162386114139e-06,-6.630977634114378766e-12,-2.487421247567320863e-08,-2.487424717502878147e-08,3.469935557284409667e-14,3.469935613863563565e-14,-8.729795590233155497e-12,1.071204111197270249e-04,1.451753619770156003e-04,-2.399999999999957723e-03,2.566666666666578712e-04
3.000000000000000000e+00,3.220000000000000000e+03,1.069960399436632080e-04,9.452213926510969887e-06,-6.571166333779136087e-12,-2.487420135358178015e-08,-2.487424717502878147e-08,4.582144700132076660e-14,4.582144745792446473e-14,-8.528493581241755246e-12,1.069960399436631132e-04,1.450509914433640679e-04,-2.399999999999957723e-03,2.533333333333244930e-04
3.000000000000000000e+00,3.225000000000000000e+03,1.068716687675999062e-04,9.327842690635825636e-06,-6.511354491342807166e-12,-2.487420506713973975e-08,-2.487424717502878147e-08,4.210788904171734205e-14,4.210788942552914628e-14,-8.308670239033121218e-12,1.068716687675998656e-04,1.449266209097005821e-04,-2.399999999999957723e-03,2.499999999999911690e-04
3.000000000000000000e+00,3.230000000000000000e+03,1.067472975915347748e-04,9.203471454760681384e-06,-6.451544478497644314e-12,-2.487420707277661231e-08,-2.487424717502878147e-08,4.010225216916472014e-14,4.010225257944630397e-14,-8.103144884020682593e-12,1.067472975915348968e-04,1.448022503760654483e-04,-2.399999999999957723e-03,2.466666666666576823e-04
3.000000000000000000e+00,3.235000000000000000e+03,1.066229264154689387e-04,9.079100218885537133e-06,-6.391735170383893577e-12,-2.487420884374677215e-08,-2.487424717502878147e-08,3.833128200932275380e-14,3.833128241629561518e-14,-7.907061046531327795e-12,1.066229264154689929e-04,1.446778798424408312e-04,-2.399999999999957723e-03,2.433333333333243583e-04
3.000000000000000000e+00,3.240000000000000000e+03,1.064985552394055420e-04,8.954728983010392881e-06,-6.331923422815254748e-12,-2.487421797053089486e-08,-2.487424717502878147e-08,2.920449788660693958e-14,2.920449847886825817e-14,-7.738221594293418111e-12,1.064985552394055285e-04,1.445535093087747705e-04,-2.399999999999957723e-03,2.399999999999910343e-04
3.000000000000000000e+00,3.245000000000000000e+03,1.063741840633470513e-04,8.830357747135248630e-06,-6.272106769231785423e-12,-2.487423654819122075e-08,-2.487424717502878147e-08,1.062683756071590328e-14,1.062683812650744227e-14,-7.638643252779978860e-12,1.063741840633471055e-04,1.444291387750290209e-04,-2.399999999999957723e-03,2.366666666666577103e-04
3.000000000000000000e+00,3.250000000000000000e+03,1.062498128873062196e-04,8.705986511260104378e-06,-6.212272456705431739e-12,-2.487425113096667808e-08,-2.487424717502878147e-08,-3.955937896606843133e-15,-3.955937459855479705e-15,-7.621966001113348954e-12,1.062498128873062332e-04,1.443047682409979635e-04,-2.399999999999957723e-03,2.333333333333242237e-04
3.000000000000000000e+00,3.255000000000000000e+03,1.061254417112865705e-04,8.581615275384960127e-06,-6.152416961579133120e-12,-2.487426383103200458e-08,-2.487424717502878147e-08,-1.665600322310821164e-14,-1.665600293855808092e-14,-7.673495852109382855e-12,1.061254417112865027e-04,1.441803977066263582e-04,-2.399999999999957723e-03,2.299999999999908997e-04
3.000000000000000000e+00,3.260000000000000000e+03,1.060010705352945821e-04,8.457244039509815875e-06,-6.092533805744908965e-12,-2.487427280373133816e-08,-2.487424717502878147e-08,-2.562870255668503652e-14,-2.562870226882618335e-14,-7.779207615127843516e-12,1.060010705352944330e-04,1.440560271718101487e-04,-2.399999999999957723e-03,2.266666666666575485e-04
3.000000000000000000e+00,3.265000000000000000e+03,1.058766993593331953e-04,8.332872803634671624e-06,-6.032620048304366406e-12,-2.487427512814834572e-08,-2.487424717502878147e-08,-2.795311956425276512e-14,-2.795311937565558545e-14,-7.913162169239047938e-12,1.058766993593331817e-04,1.439316566364999225e-04,-2.399999999999957723e-03,2.233333333333240890e-04
3.000000000000000000e+00,3.270000000000000000e+03,1.057523281833233446e-04,8.208501567759527372e-06,-5.972754754700933949e-12,-2.487427392195969102e-08,-2.487424717502878147e-08,-2.674693090954702815e-14,-2.674693021140659116e-14,-8.049912293206703380e-12,1.057523281833233717e-04,1.438072861019652261e-04,-2.399999999999957723e-03,2.199999999999907379e-04
3.000000000000000000e+00,3.275000000000000000e+03,1.056279570072825400e-04,8.084130331884383121e-06,-5.912920415069525953e-12,-2.487426418889451771e-08,-2.487424717502878147e-08,-1.701386573624231756e-14,-1.701386523993395003e-14,-8.159314281835054733e-12,1.056279570072825400e-04,1.436829155679266335e-04,-2.399999999999957723e-03,2.166666666666574139e-04
3.000000000000000000e+00,3.280000000000000000e+03,1.055035858311910760e-04,7.959759096009238870e-06,-5.853136734784627343e-12,-2.487424340364559978e-08,-2.487424717502878147e-08,3.771383181685523971e-15,3.771383707772393555e-15,-8.192420485665458624e-12,1.055035858311911438e-04,1.435585450347007859e-04,-2.399999999999957723e-03,2.133333333333240899e-04
3.000000000000000000e+00,3.285000000000000000e+03,1.053792146550499692e-04,7.835387860134094618e-06,-5.793402697406701413e-12,-2.487421411464923830e-08,-2.487424717502878147e-08,3.306037954317205811e-14,3.306037994683619703e-14,-8.100341076528937147e-12,1.053792146550499692e-04,1.434341745022689268e-04,-2.399999999999957723e-03,2.099999999999906033e-04
3.000000000000000000e+00,3.290000000000000000e+03,1.052548434789497503e-04,7.711016624258950367e-06,-5.733627772054345623e-12,-2.487419899444290353e-08,-2.487424717502878147e-08,4.818058587793864155e-14,4.818058614594516002e-14,-7.897238661296983755e-12,1.052548434789497638e-04,1.433098039691804476e-04,-2.399999999999957723e-03,2.066666666666572792e-04
3.000000000000000000e+00,3.295000000000000000e+03,1.051304723028562941e-04,7.586645388383806115e-06,-5.673846083990938954e-12,-2.487419382664316377e-08,-2.487424717502878147e-08,5.334838561770391453e-14,5.334838590225404525e-14,-7.643416231176485742e-12,1.051304723028563076e-04,1.431854334359813528e-04,-2.399999999999957723e-03,2.033333333333239281e-04
3.000000000000000000e+00,3.300000000000000000e+03,1.050061011267845355e-04,7.462274152508661864e-06,-5.614042698331555420e-12,-2.487420563976524644e-08,-2.487424717502878147e-08,4.153526353503350502e-14,4.153526405119420726e-14,-7.406207106292865110e-12,1.050061011267845490e-04,1.430610629024329822e-04,-2.399999999999957723e-03,1.999999999999906041e-04
3.000000000000000000e+00,3.305000000000000000e+03,1.048817299507321434e-04,7.337902916633517612e-06,-5.554219946110865863e-12,-2.487422846203937802e-08,-2.487424717502878147e-08,1.871298940344531658e-14,1.871298996592813311e-14,-7.255586471250059259e-12,1.048817299507321570e-04,1.429366923685729306e-04,-2.399999999999957723e-03,1.966666666666571175e-04
3.000000000000000000e+00,3.310000000000000000e+03,1.047573587746746286e-04,7.213531680758373361e-06,-5.494402316745441300e-12,-2.487423984436447419e-08,-2.487424717502878147e-08,7.330664307281503967e-15,7.330664806898593949e-15,-7.190477334317992442e-12,1.047573587746744795e-04,1.428123218347947092e-04,-2.399999999999957723e-03,1.933333333333237935e-04
3.000000000000000000e+00,3.315000000000000000e+03,1.046329875986347320e-04,7.089160444883229109e-06,-5.434567069094713848e-12,-2.487424945514266048e-08,-2.487424717502878147e-08,-2.280113879012600928e-15,-2.280113435643792600e-15,-7.177850955889855438e-12,1.046329875986346642e-04,1.426879513007297162e-04,-2.399999999999957723e-03,1.899999999999904424e-04
3.000000000000000000e+00,3.320000000000000000e+03,1.045086164226172919e-04,6.964789209008084858e-06,-5.374709364906488790e-12,-2.487425315925505460e-08,-2.487424717502878147e-08,-5.984226273127449803e-15,-5.984225819832474124e-15,-7.198511804028546105e-12,1.045086164226174139e-04,1.425635807663039279e-04,-2.399999999999957723e-03,1.866666666666571184e-04
3.000000000000000000e+00,3.325000000000000000e+03,1.043842452466102873e-04,6.840417973132940606e-06,-5.314841225272353559e-12,-2.487425314289659515e-08,-2.487424717502878147e-08,-5.967867813675980669e-15,-5.967867171783825328e-15,-7.228392036507586854e-12,1.043842452466102195e-04,1.424392102317119857e-04,-2.399999999999957723e-03,1.833333333333238757e-04
3.000000000000000000e+00,3.330000000000000000e+03,1.042598740705991898e-04,6.716046737257796355e-06,-5.254977178501419460e-12,-2.487425163595917149e-08,-2.487424717502878147e-08,-4.460930390021045647e-15,-4.460929840773118912e-15,-7.254464029038979214e-12,1.042598740705992305e-04,1.423148396971821411e-04,-2.399999999999957723e-03,1.799999999999905517e-04
3.000000000000000000e+00,3.335000000000000000e+03,1.041355028945862627e-04,6.591675501382652104e-06,-5.195114961321651431e-12,-2.487424312017075092e-08,-2.487424717502878147e-08,4.054858030547005759e-15,4.054858530164095741e-15,-7.255479207315501772e-12,1.041355028945862356e-04,1.421904691626819765e-04,-2.399999999999957723e-03,1.766666666666572277e-04
3.000000000000000000e+00,3.340000000000000000e+03,1.040111317185648111e-04,6.467304265507507852e-06,-5.135261268681464569e-12,-2.487422647794878695e-08,-2.487424717502878147e-08,2.069707999451616543e-14,2.069708038825413701e-14,-7.193599360019456190e-12,1.040111317185647976e-04,1.420660986283158193e-04,-2.399999999999957723e-03,1.733333333333239850e-04
3.000000000000000000e+00,3.345000000000000000e+03,1.038867605425403508e-04,6.342933029632363601e-06,-5.075410584702306355e-12,-2.487421388268664849e-08,-2.487424717502878147e-08,3.329234213297710637e-14,3.329234259288952695e-14,-7.058625802566597031e-12,1.038867605425403779e-04,1.419417280939985868e-04,-2.399999999999957723e-03,1.699999999999906339e-04
3.000000000000000000e+00,3.350000000000000000e+03,1.037623893665019586e-04,6.218561793757219349e-06,-5.015573832721064579e-12,-2.487420256886412433e-08,-2.487424717502878147e-08,4.460616465714158912e-14,4.460616524609418526e-14,-6.863879532969137750e-12,1.037623893665019044e-04,1.418173575599020707e-04,-2.399999999999957723e-03,1.666666666666573099e-04
3.000000000000000000e+00,3.355000000000000000e+03,1.036380181904434408e-04,6.094190557882075098e-06,-4.955757206242649565e-12,-2.487419557010668965e-08,-2.487424717502878147e-08,5.160492209181786804e-14,5.160492270062279888e-14,-6.623351813102345290e-12,1.036380181904434950e-04,1.416929870261275355e-04,-2.399999999999957723e-03,1.633333333333239859e-04
3.000000000000000000e+00,3.360000000000000000e+03,1.035136470143842725e-04,5.969819322006930846e-06,-4.895941230285538043e-12,-2.487419425985015422e-08,-2.487424717502878147e-08,5.291517862724775459e-14,5.291517893165022001e-14,-6.362051559021662742e-12,1.035136470143841641e-04,1.415686164923640321e-04,-2.399999999999957723e-03,1.599999999999907432e-04
3.000000000000000000e+00,3.365000000000000000e+03,1.033892758383394292e-04,5.845448086131786595e-06,-4.836110929307222556e-12,-2.487420094958813217e-08,-2.487424717502878147e-08,4.622544064929801583e-14,4.622544105957959966e-14,-6.114200009043588193e-12,1.033892758383393344e-04,1.414442459583682113e-04,-2.399999999999957723e-03,1.566666666666574192e-04
3.000000000000000000e+00,3.370000000000000000e+03,1.032649046623099816e-04,5.721076850256642343e-06,-4.776265232658057774e-12,-2.487421976820554515e-08,-2.487424717502878147e-08,2.740682323631882566e-14,2.740682358042596048e-14,-5.930119347443574293e-12,1.032649046623099139e-04,1.413198754241257074e-04,-2.399999999999957723e-03,1.533333333333240680e-04
3.000000000000000000e+00,3.375000000000000000e+03,1.031405334862972307e-04,5.596705614381498092e-06,-4.716402839295436716e-12,-2.487425000270047856e-08,-2.487424717502878147e-08,-2.827671697085353157e-15,-2.827671392682887738e-15,-5.868671466974216611e-12,1.031405334862971765e-04,1.411955048896124782e-04,-2.399999999999957723e-03,1.499999999999908254e-04
3.000000000000000000e+00,3.380000000000000000e+03,1.030161623102512897e-04,5.472334378506353840e-06,-4.656573636071820871e-12,-2.487426653322535590e-08,-2.487424717502878147e-08,-1.935819657442677847e-14,-1.935819601525268438e-14,-5.924136135494055541e-12,1.030161623102512762e-04,1.410711343556307791e-04,-2.399999999999957723e-03,1.466666666666575013e-04
3.000000000000000000e+00,3.385000000000000000e+03,1.028917911341845049e-04,5.347963142631209589e-06,-4.596765276634971059e-12,-2.487427254563205784e-08,-2.487424717502878147e-08,-2.537060327636735422e-14,-2.537060296203872145e-14,-6.035958132937284056e-12,1.028917911341845049e-04,1.409467638219832853e-04,-2.399999999999957723e-03,1.433333333333241773e-04
3.000000000000000000e+00,3.390000000000000000e+03,1.027674199580850178e-04,5.223591906756065337e-06,-4.536989619446148841e-12,-2.487425952903275895e-08,-2.487424717502878147e-08,-1.235400397748215247e-14,-1.235400345139528288e-14,-6.130269648970869067e-12,1.027674199580850449e-04,1.408223932888587836e-04,-2.399999999999957723e-03,1.399999999999908262e-04
3.000000000000000000e+00,3.395000000000000000e+03,1.026430487819916836e-04,5.099220670880921086e-06,-4.477207809409997769e-12,-2.487424502147071053e-08,-2.487424717502878147e-08,2.153558070940960175e-15,2.153558421665539897e-15,-6.155770761545193424e-12,1.026430487819915887e-04,1.406980227556359176e-04,-2.399999999999957723e-03,1.366666666666575835e-04
3.000000000000000000e+00,3.400000000000000000e+03,1.025186776059181496e-04,4.974849435005776835e-06,-4.417406199131671679e-12,-2.487423308015192175e-08,-2.487424717502878147e-08,1.409487685971646658e-14,1.409487706816598094e-14,-6.115149672820614622e-12,1.025186776059180819e-04,1.405736522220930765e-04,-2.399999999999957723e-03,1.333333333333242595e-04
3.000000000000000000e+00,3.405000000000000000e+03,1.023943064298658660e-04,4.850478199130632583e-06,-4.357583338490764874e-12,-2.487422081858695268e-08,-2.487424717502878147e-08,2.635644182879393191e-14,2.635644224238423818e-14,-6.014021374544239074e-12,1.023943064298659473e-04,1.404492816882083864e-04,-2.399999999999957723e-03,1.299999999999909355e-04
3.000000000000000000e+00,3.410000000000000000e+03,1.022699352538273111e-04,4.726106963255488332e-06,-4.297746749139848971e-12,-2.487421138183025272e-08,-2.487424717502878147e-08,3.579319852875146174e-14,3.579319881661031491e-14,-5.858647271896752692e-12,1.022699352538273789e-04,1.403249111541037117e-04,-2.399999999999957723e-03,1.266666666666576657e-04
3.000000000000000000e+00,3.415000000000000000e+03,1.021455640777309954e-04,4.601735727380344080e-06,-4.237967920659672233e-12,-2.487420726394716740e-08,-2.487424717502878147e-08,3.991108161407336511e-14,3.991108204089856119e-14,-5.669386569752980501e-12,1.021455640777310225e-04,1.402005406209236988e-04,-2.399999999999957723e-03,1.233333333333243417e-04
3.000000000000000000e+00,3.420000000000000000e+03,1.020211929015896039e-04,4.477364491505199829e-06,-4.178234167884816580e-12,-2.487421380277167734e-08,-2.487424717502878147e-08,3.337225710412959354e-14,3.337225748794139777e-14,-5.486178220930880604e-12,1.020211929015897259e-04,1.400761700884660085e-04,-2.399999999999957723e-03,1.199999999999910042e-04
3.000000000000000000e+00,3.425000000000000000e+03,1.018968217253811681e-04,4.352993255630055577e-06,-4.118567459461801999e-12,-2.487423637322516695e-08,-2.487424717502878147e-08,1.080180361452012000e-14,1.080180390568769562e-14,-5.375743067446807870e-12,1.018968217253811952e-04,1.399517995570838196e-04,-2.399999999999957723e-03,1.166666666666576802e-04
3.000000000000000000e+00,3.430000000000000000e+03,1.017724505491468333e-04,4.228622019754911326e-06,-4.058926649918182666e-12,-2.487425351156588549e-08,-2.487424717502878147e-08,-6.336537104023401976e-15,-6.336536875721552912e-15,-5.364579899871892514e-12,1.017724505491467520e-04,1.398274290261175036e-04,-2.399999999999957723e-03,1.133333333333244239e-04
3.000000000000000000e+00,3.435000000000000000e+03,1.016480793728785360e-04,4.104250783879767074e-06,-3.999319803007616442e-12,-2.487426313807496916e-08,-2.487424717502878147e-08,-1.596304618769056672e-14,-1.596304573108686860e-14,-5.420328856388913568e-12,1.016480793728786309e-04,1.397030584956928008e-04,-2.399999999999957723e-03,1.099999999999910864e-04
3.000000000000000000e+00,3.440000000000000000e+03,1.015237081965688086e-04,3.979879548004622823e-06,-3.939754386172566319e-12,-2.487426233538535475e-08,-2.487424717502878147e-08,-1.516035657327788658e-14,-1.516035602072123740e-14,-5.498137360768433832e-12,1.015237081965688492e-04,1.395786879659340692e-04,-2.399999999999957723e-03,1.066666666666577623e-04
3.000000000000000000e+00,3.445000000000000000e+03,1.013993370202625371e-04,3.855508312129478571e-06,-3.880185513443091400e-12,-2.487425302980585146e-08,-2.487424717502878147e-08,-5.854777069991159814e-15,-5.854776593535126984e-15,-5.550675192304074743e-12,1.013993370202625506e-04,1.394543174361183085e-04,-2.399999999999957723e-03,1.033333333333245061e-04
3.000000000000000000e+00,3.450000000000000000e+03,1.012749658440540877e-04,3.731137076254334320e-06,-3.820518818572603975e-12,-2.487424995650477730e-08,-2.487424717502878147e-08,-2.781475995832316411e-15,-2.781475727825797944e-15,-5.572265823107477056e-12,1.012749658440541148e-04,1.393299469047326502e-04,-2.399999999999957723e-03,9.999999999999116854e-05
3.000000000000000000e+00,3.455000000000000000e+03,1.011505946679219255e-04,3.606765840379190069e-06,-3.760775836526755039e-12,-2.487424369111605857e-08,-2.487424717502878147e-08,3.483912722901888489e-15,3.483912990908406956e-15,-5.570509729949770533e-12,1.011505946679221423e-04,1.392055763721194311e-04,-2.399999999999957723e-03,9.666666666665784454e-05
3.000000000000000000e+00,3.460000000000000000e+03,1.010262234918903501e-04,3.482394604504045817e-06,-3.700932267624353761e-12,-2.487423386002543649e-08,-2.487424717502878147e-08,1.331500334497877945e-14,1.331500352364979176e-14,-5.528512438663375036e-12,1.010262234918904043e-04,1.390812058378940847e-04,-2.399999999999957723e-03,9.333333333332450698e-05
3.000000000000000000e+00,3.465000000000000000e+03,1.009018523158256660e-04,3.358023368628901566e-06,-3.641121807545794758e-12,-2.487422751696885884e-08,-2.487424717502878147e-08,1.965805992263085487e-14,1.965806039246944280e-14,-5.446079778873076950e-12,1.009018523158256795e-04,1.389568353041981000e-04,-2.399999999999957723e-03,8.999999999999125074e-05
3.000000000000000000e+00,3.470000000000000000e+03,1.007774811397716341e-04,3.233652132753757314e-06,-3.581300695180891086e-12,-2.487422335778051625e-08,-2.487424717502878147e-08,2.381724826522314878e-14,2.381724871190067956e-14,-5.337391506112151644e-12,1.007774811397716612e-04,1.388324647703304861e-04,-2.399999999999957723e-03,8.666666666665792673e-05
3.000000000000000000e+00,3.475000000000000000e+03,1.006531099637306939e-04,3.109280896878613063e-06,-3.521466491074754651e-12,-2.487422202455970001e-08,-2.487424717502878147e-08,2.515046908146296108e-14,2.515046956453643881e-14,-5.214972210421058848e-12,1.006531099637307617e-04,1.387080942362521304e-04,-2.399999999999957723e-03,8.333333333332458917e-05
3.000000000000000000e+00,3.480000000000000000e+03,1.005287387876783426e-04,2.984909661003468811e-06,-3.461643698196483626e-12,-2.487422317933488418e-08,-2.487424717502878147e-08,2.399569389728746166e-14,2.399569438036093939e-14,-5.092106800558815403e-12,1.005287387876783290e-04,1.385837237023561917e-04,-2.399999999999957723e-03,7.999999999999133293e-05
3.000000000000000000e+00,3.485000000000000000e+03,1.004043676115821217e-04,2.860538425128324560e-06,-3.401864774848616796e-12,-2.487422590957652717e-08,-2.487424717502878147e-08,2.126545225429554055e-14,2.126545247267122227e-14,-4.978953933426234999e-12,1.004043676115820945e-04,1.384593531691642255e-04,-2.399999999999957723e-03,7.666666666665799537e-05
3.000000000000000000e+00,3.490000000000000000e+03,1.002799964354415704e-04,2.736167189253180308e-06,-3.342130181817077467e-12,-2.487423161352999406e-08,-2.487424717502878147e-08,1.556149878740860017e-14,1.556149900247555943e-14,-4.886886554738368044e-12,1.002799964354416246e-04,1.383349826366821948e-04,-2.399999999999957723e-03,7.333333333332467136e-05
3.000000000000000000e+00,3.495000000000000000e+03,1.001556252592455758e-04,2.611795953378036057e-06,-3.282451032174133615e-12,-2.487424060714043036e-08,-2.487424717502878147e-08,6.567888351107491901e-15,6.567888744845463476e-15,-4.831563085370065487e-12,1.001556252592454267e-04,1.382106121050913784e-04,-2.399999999999957723e-03,6.999999999999141512e-05
3.000000000000000000e+00,3.500000000000000000e+03,1.000312540831559414e-04,2.487424717502891805e-06,-3.222665522298068935e-12,-2.487424539235671257e-08,-2.487424717502878147e-08,1.782672068900794762e-15,1.782672287276476476e-15,-4.810686682789760637e-12,1.000312540831560634e-04,1.380862415717885254e-04,-2.399999999999957723e-03,6.666666666665807756e-05
3.000000000000000000e+00,3.505000000000000000e+03,9.990688290711684444e-05,2.363053481627747554e-06,-3.162829475048239275e-12,-2.487424831050739375e-08,-2.487424717502878147e-08,-1.135478612275466438e-15,-1.135478301255556118e-15,-4.809068697824708336e-12,9.990688290711683089e-05,1.379618710376765865e-04,-2.399999999999957723e-03,6.333333333332475355e-05
3.000000000000000000e+00,3.510000000000000000e+03,9.978251173114480535e-05,2.238682245752603303e-06,-3.102926369894041386e-12,-2.487424842158274165e-08,-2.487424717502878147e-08,-1.246553960176303893e-15,-1.246553212405030145e-15,-4.815023776608859802e-12,9.978251173114483245e-05,1.378375005024896883e-04,-2.399999999999957723e-03,5.999999999999141599e-05
3.000000000000000000e+00,3.515000000000000000e+03,9.965814055518763337e-05,2.114311009877459051e-06,-3.043008397617553290e-12,-2.487424651494683181e-08,-2.487424717502878147e-08,6.600819496554191602e-16,6.600824228027295405e-16,-4.816489953582865553e-12,9.965814055518763337e-05,1.377131299670599288e-04,-2.399999999999957723e-03,5.666666666665816653e-05
3.000000000000000000e+00,3.520000000000000000e+03,9.953376937919967006e-05,1.989939774002314800e-06,-2.983121216682763782e-12,-2.487424323379076116e-08,-2.487424717502878147e-08,3.941238020310326525e-15,3.941238510001249156e-15,-4.804986651250855607e-12,9.953376937919952098e-05,1.375887594321267881e-04,-2.399999999999957723e-03,5.333333333332482897e-05
3.000000000000000000e+00,3.525000000000000000e+03,9.940939820320713954e-05,1.865568538127170548e-06,-2.923238602949625869e-12,-2.487423738598798509e-08,-2.487424717502878147e-08,9.789040796376084292e-15,9.789041011443043555e-15,-4.770660952447244875e-12,9.940939820320709888e-05,1.374643888972641747e-04,-2.399999999999957723e-03,4.999999999999149819e-05
3.000000000000000000e+00,3.530000000000000000e+03,9.928502702720691118e-05,1.741197302252026297e-06,-2.863363687051912604e-12,-2.487422921091886534e-08,-2.487424717502878147e-08,1.796410991612607287e-14,1.796411032640765669e-14,-4.701278074102618124e-12,9.928502702720695184e-05,1.373400183625235341e-04,-2.399999999999957723e-03,4.666666666665824194e-05
3.000000000000000000e+00,3.535000000000000000e+03,9.916065585124155348e-05,1.616826066376882045e-06,-2.803453900501826773e-12,-2.487422494366581780e-08,-2.487424717502878147e-08,2.223136296366580928e-14,2.223136344673928701e-14,-4.600789389669750765e-12,9.916065585124141796e-05,1.372156478272260473e-04,-2.399999999999957723e-03,4.333333333332491116e-05
3.000000000000000000e+00,3.540000000000000000e+03,9.903628467529126619e-05,1.492454830501737794e-06,-2.743529043541543394e-12,-2.487422268511637192e-08,-2.487424717502878147e-08,2.448991240954527529e-14,2.448991310106826738e-14,-4.483986198300231879e-12,9.903628467529136106e-05,1.370912772916841541e-04,-2.399999999999957723e-03,3.999999999999158038e-05
3.000000000000000000e+00,3.545000000000000000e+03,9.891191349935791956e-05,1.368083594626593542e-06,-2.683587245922314929e-12,-2.487422332388537451e-08,-2.487424717502878147e-08,2.385114340695571778e-14,2.385114387017686081e-14,-4.363133555872119059e-12,9.891191349935790601e-05,1.369669067558699908e-04,-2.399999999999957723e-03,3.666666666665824282e-05
3.000000000000000000e+00,3.550000000000000000e+03,9.878754232343427654e-05,1.243712358751449291e-06,-2.623635744693642718e-12,-2.487422591033641168e-08,-2.487424717502878147e-08,2.126469236978890239e-14,2.126469269073498006e-14,-4.250343964469839456e-12,9.878754232343429009e-05,1.368425362198997023e-04,-2.399999999999957723e-03,3.333333333332499335e-05
3.000000000000000000e+00,3.555000000000000000e+03,9.866317114751431980e-05,1.119341122876305039e-06,-2.563680557177584057e-12,-2.487422973456300771e-08,-2.487424717502878147e-08,1.744046577375694291e-14,1.744046600867623688e-14,-4.153581067721311414e-12,9.866317114751431980e-05,1.367181656838705958e-04,-2.399999999999957723e-03,2.999999999999166257e-05
3.000000000000000000e+00,3.560000000000000000e+03,9.853879997159643660e-05,9.949698870011607879e-07,-2.503723296124870518e-12,-2.487423501641672975e-08,-2.487424717502878147e-08,1.215861205171842087e-14,1.215861238920811079e-14,-4.079583371726600545e-12,9.853879997159631463e-05,1.365937951478072014e-04,-2.399999999999957723e-03,2.666666666665833179e-05
3.000000000000000000e+00,3.565000000000000000e+03,9.841442879567439278e-05,8.705986511260165365e-07,-2.443770195697993891e-12,-2.487424093328322722e-08,-2.487424717502878147e-08,6.241745554251944619e-15,6.241745904976524342e-15,-4.033582475991138957e-12,9.841442879567454186e-05,1.364694246118086153e-04,-2.399999999999957723e-03,2.333333333332507893e-05
3.000000000000000000e+00,3.570000000000000000e+03,9.829005761973660092e-05,7.462274152508722850e-07,-2.383832843307672616e-12,-2.487424497704332290e-08,-2.487424717502878147e-08,2.197985458567705560e-15,2.197985829144619984e-15,-4.012483146655836096e-12,9.829005761973661447e-05,1.363450540760648437e-04,-2.399999999999957723e-03,1.999999999999174815e-05
3.000000000000000000e+00,3.575000000000000000e+03,9.816568644377526832e-05,6.218561793757280336e-07,-2.323919031657021433e-12,-2.487424612323808648e-08,-2.487424717502878147e-08,1.051790694986835047e-15,1.051791121812031124e-15,-4.004358704278444468e-12,9.816568644377522766e-05,1.362206835406956098e-04,-2.399999999999957723e-03,1.666666666665841398e-05
3.000000000000000000e+00,3.580000000000000000e+03,9.804131526777995953e-05,4.974849435005837821e-07,-2.264039196191950515e-12,-2.487424242342780579e-08,-2.487424717502878147e-08,4.751600975675354828e-15,4.751601438896497858e-15,-3.989850222876673146e-12,9.804131526777990532e-05,1.360963130058733016e-04,-2.399999999999957723e-03,1.333333333332508150e-05
3.000000000000000000e+00,3.585000000000000000e+03,9.791694409175761345e-05,3.731137076254395306e-07,-2.204186398018555954e-12,-2.487423697636700756e-08,-2.487424717502878147e-08,1.019866177391286647e-14,1.019866211802000129e-14,-3.952474563984381898e-12,9.791694409175768121e-05,1.359719424714834275e-04,-2.399999999999957723e-03,9.999999999991832032e-06
3.000000000000000000e+00,3.590000000000000000e+03,9.779257291570570931e-05,2.487424717502952792e-07,-2.144363157906888778e-12,-2.487423022104711655e-08,-2.487424717502878147e-08,1.695398166492429610e-14,1.695398202888376563e-14,-3.884592953617122481e-12,9.779257291570572286e-05,1.358475719375673769e-04,-2.399999999999957723e-03,6.666666666658499556e-06
3.000000000000000000e+00,3.595000000000000000e+03,9.766820173961667125e-05,1.243712358751510277e-07,-2.084577051719629232e-12,-2.487422127245537959e-08,-2.487424717502878147e-08,2.590257340188341423e-14,2.590257377246032865e-14,-3.777451564113762245e-12,9.766820173961660348e-05,1.357232014042466346e-04,-2.399999999999957723e-03,3.333333333325166656e-06
3.000000000000000000e+00,3.600000000000000000e+03,9.754383056350486494e-05,6.776263578034402713e-21,-2.024813713777991880e-12,-2.487423520519996549e-08,-2.487424717502878147e-08,1.196982881597551023e-14,1.196982930235771042e-14,-3.682770556426717147e-12,9.754383056350487849e-05,1.355988308712908889e-04,-2.399999999999957723e-03,-8.165397611531455269e-18
4.000000000000000000e+00,3.600000000000000455e+03,9.754383056350486494e-05,6.776263578034402713e-21,-2.024813713777991880e-12,-1.269551082197725553e-16,0.000000000000000000e+00,-1.269551082197725553e-16,-1.269545861715706448e-16,-3.682770556426717147e-12,9.754383056350487849e-05,1.355988308712908889e-04,0.000000000000000000e+00,-8.165397611531455269e-18
4.000000000000000000e+00,3.605000000000000455e+03,9.754383056288371196e-05,6.776263578034402713e-21,-2.025434866755135982e-12,-7.767082029476457091e-17,0.000000000000000000e+00,-7.767082029476457091e-17,-7.767036380464640058e-17,-3.683282118801657837e-12,9.754383056288375262e-05,1.355988308812574174e-04,0.000000000000000000e+00,-8.165397611531455269e-18
4.000000000000000000e+00,3.610000000000000455e+03,9.754383056221382410e-05,6.776263578034402713e-21,-2.026104754619933307e-12,-1.161495646283745828e-16,0.000000000000000000e+00,-1.161495646283745828e-16,-1.161490801895980022e-16,-3.683766667411643235e-12,9.754383056221382410e-05,1.355988308920072819e-04,0.000000000000000000e+00,-8.165397611531455269e-18
4.000000000000000000e+00,3.615000000000000455e+03,9.754383056158425500e-05,6.776263578034402713e-21,-2.026734323716441327e-12,-1.077893985427687370e-16,0.000000000000000000e+00,-1.077893985427687370e-16,-1.077890764041181437e-16,-3.684326512803127686e-12,9.754383056158430921e-05,1.355988309021092272e-04,0.000000000000000000e+00,-8.165397611531455269e-18
4.000000000000000000e+00,3.620000000000000455e+03,9.754383056090696745e-05,6.776263578034402713e-21,-2.027411611261065866e-12,-1.194703434443450289e-16,0.000000000000000000e+00,-1.194703434443450289e-16,-1.194700167714855671e-16,-3.684894660536066359e-12,9.754383056090704877e-05,1.355988309129769174e-04,0.000000000000000000e+00,-8.165397611531455269e-18
4.000000000000000000e+00,3.625000000000000455e+03,9.754383056021868881e-05,6.776263578034402713e-21,-2.028099889905213976e-12,-1.136464387082077595e-16,0.000000000000000000e+00,-1.136464387082077595e-16,-1.136460831283602496e-16,-3.685477450785815832e-12,9.754383056021866171e-05,1.355988309240220373e-04,0.000000000000000000e+00,-8.165397611531455269e-18
4.000000000000000000e+00,3.630000000000000455e+03,9.754383055949838554e-05,6.776263578034402713e-21,-2.028820193171031877e-12,-1.783296952010035694e-16,0.000000000000000000e+00,-1.783296952010035694e-16,-1.783296010922479137e-16,-3.686207389996368089e-12,9.754383055949830423e-05,1.355988309355798764e-04,0.000000000000000000e+00,-8.165397611531455269e-18
4.000000000000000000e+00,3.635000000000000455e+03,9.754383055878098252e-05,6.776263578034402713e-21,-2.029537596196038379e-12,-1.032038282951558987e-16,0.000000000000000000e+00,-1.032038282951558987e-16,-1.032034306196732209e-16,-3.686911222575647916e-12,9.754383055878103673e-05,1.355988309470913930e-04,0.000000000000000000e+00,-8.165397611531455269e-18
4.000000000000000000e+00,3.640000000000000455e+03,9.754383055813951430e-05,6.776263578034402713e-21,-2.030179064411389428e-12,2.619848929637201496e-17,0.000000000000000000e+00,2.619848929637201496e-17,2.619897748818132135e-17,-3.687103733708475943e-12,9.754383055813963628e-05,1.355988309573835887e-04,0.000000000000000000e+00,-8.165397611531455269e-18
4.000000000000000000e+00,3.645000000000000455e+03,9.754383055751476991e-05,6.776263578034402713e-21,-2.030803808808229888e-12,7.210176922940468088e-17,0.000000000000000000e+00,7.210176922940468088e-17,7.210213341783877700e-17,-3.686857980931210882e-12,9.754383055751474280e-05,1.355988309674094501e-04,0.000000000000000000e+00,-8.165397611531455269e-18
4.000000000000000000e+00,3.650000000000000455e+03,9.754383055680412959e-05,6.776263578034402713e-21,-2.031514449122185512e-12,1.215194515981930477e-17,0.000000000000000000e+00,1.215194515981930477e-17,1.215216888379238896e-17,-3.686647345175456892e-12,9.754383055680412959e-05,1.355988309788125736e-04,0.000000000000000000e+00,-8.165397611531455269e-18
4.000000000000000000e+00,3.655000000000000455e+03,9.754383055625019715e-05,6.776263578034402713e-21,-2.032068381564635512e-12,-7.388758830176420848e-16,0.000000000000000000e+00,-7.388758830176420848e-16,-7.388754617435455169e-16,-3.688464153407606268e-12,9.754383055625010228e-05,1.355988309877011340e-04,0.000000000000000000e+00,-8.165397611531455269e-18
4.000000000000000000e+00,3.660000000000000455e+03,9.754383055567321186e-05,6.776263578034402713e-21,-2.032645366855777985e-12,8.821826229565972185e-16,0.000000000000000000e+00,8.821826229565972185e-16,8.821831357170961548e-16,-3.688105884222673025e-12,9.754383055567310344e-05,1.355988309969600309e-04,0.000000000000000000e+00,-8.165397611531455269e-18
4.000000000000000000e+00,3.665000000000000455e+03,9.754383055500027468e-05,6.776263578034402713e-21,-2.033318304039185426e-12,-1.089369166508735867e-15,0.000000000000000000e+00,-1.089369166508735867e-15,-1.089368857640749152e-15,-3.688623848527481477e-12,9.754383055500019336e-05,1.355988310077579798e-04,0.000000000000000000e+00,-8.165397611531455269e-18
4.000000000000000000e+00,3.670000000000000455e+03,9.754383055428383388e-05,6.776263578034402713e-21,-2.034034744834763847e-12,5.668344210211582311e-16,0.000000000000000000e+00,5.668344210211582311e-16,5.668348474389259919e-16,-3.689930183552986050e-12,9.754383055428371191e-05,1.355988310192539651e-04,0.000000000000000000e+00,-8.165397611531455269e-18
4.000000000000000000e+00,3.675000000000000455e+03,9.754383055365616214e-05,6.776263578034402713e-21,-2.034662416577470018e-12,-1.200373650158793314e-15,0.000000000000000000e+00,-1.200373650158793314e-15,-1.200373285138499342e-15,-3.691514029647235371e-12,9.754383055365609438e-05,1.355988310293265557e-04,0.000000000000000000e+00,-8.165397611531455269e-18
4.000000000000000000e+00,3.680000000000000455e+03,9.754383055307227861e-05,6.776263578034402713e-21,-2.035246300104934930e-12,5.962754563074642054e-16,0.000000000000000000e+00,5.962754563074642054e-16,5.962759458970194924e-16,-3.693024272995339088e-12,9.754383055307225151e-05,1.355988310386956074e-04,0.000000000000000000e+00,-8.165397611531455269e-18
4.000000000000000000e+00,3.685000000000000455e+03,9.754383055243179973e-05,6.776263578034402713e-21,-2.035886778985803586e-12,-1.149949591652554886e-15,0.000000000000000000e+00,-1.149949591652554886e-15,-1.149949309649531785e-15,-3.694408456404719857e-12,9.754383055243184039e-05,1.355988310489723804e-04,0.000000000000000000e+00,-8.165397611531455269e-18
4.000000000000000000e+00,3.690000000000000455e+03,9.754383055178484274e-05,6.776263578034402713e-21,-2.036533735974652842e-12,3.758640024325822480e-16,0.000000000000000000e+00,3.758640024325822480e-16,3.758644367911805189e-16,-3.696343668586866369e-12,9.754383055178493761e-05,1.355988310593531554e-04,0.000000000000000000e+00,-8.165397611531455269e-18
4.000000000000000000e+00,3.695000000000000455e+03,9.754383055115198038e-05,6.776263578034402713e-21,-2.037166598335259787e-12,-8.480819895724123470e-16,0.000000000000000000e+00,-8.480819895724123470e-16,-8.480814697814752730e-16,-3.697524211169342043e-12,9.754383055115203459e-05,1.355988310695082266e-04,0.000000000000000000e+00,-8.165397611531455269e-18
4.000000000000000000e+00,3.700000000000000455e+03,9.754383055059474112e-05,6.776263578034402713e-21,-2.037723837594335868e-12,-1.053195614339899571e-16,0.000000000000000000e+00,-1.053195614339899571e-16,-1.053192403446089238e-16,-3.699907712944656861e-12,9.754383055059475467e-05,1.355988310784511327e-04,0.000000000000000000e+00,-8.165397611531455269e-18
4.000000000000000000e+00,3.705000000000000455e+03,9.754383054998768277e-05,6.776263578034402713e-21,-2.038330895943237658e-12,-2.170607500922302486e-16,0.000000000000000000e+00,-2.170607500922302486e-16,-2.170604975167857571e-16,-3.700713662289310862e-12,9.754383054998769632e-05,1.355988310881903311e-04,0.000000000000000000e+00,-8.165397611531455269e-18
4.000000000000000000e+00,3.710000000000000455e+03,9.754383054932847430e-05,6.776263578034402713e-21,-2.038990104416636001e-12,-1.052167246082764051e-15,0.000000000000000000e+00,-1.052167246082764051e-15,-1.052166797893080003e-15,-3.703886730527835191e-12,9.754383054932850140e-05,1.355988310987685935e-04,0.000000000000000000e+00,-8.165397611531455269e-18
4.000000000000000000e+00,3.715000000000000455e+03,9.754383054862526077e-05,6.776263578034402713e-21,-2.039693317945710099e-12,9.266012806956044073e-16,0.000000000000000000e+00,9.266012806956044073e-16,9.266016997137616222e-16,-3.704200643273283127e-12,9.754383054862530143e-05,1.355988311100531053e-04,0.000000000000000000e+00,-8.165397611531455269e-18
4.000000000000000000e+00,3.720000000000000455e+03,9.754383054795553554e-05,6.776263578034402713e-21,-2.040363043180181551e-12,-2.298842140556902378e-15,0.000000000000000000e+00,-2.298842140556902378e-15,-2.298841769486127107e-15,-3.707631243447714495e-12,9.754383054795558975e-05,1.355988311207997714e-04,0.000000000000000000e+00,-8.165397611531455269e-18
4.000000000000000000e+00,3.725000000000000455e+03,9.754383054731973228e-05,6.776263578034402713e-21,-2.040998846439181363e-12,-5.336845750206670622e-16,0.000000000000000000e+00,-5.336845750206670622e-16,-5.336840087636564587e-16,-3.714712557893338572e-12,9.754383054731965096e-05,1.355988311310019241e-04,0.000000000000000000e+00,-8.165397611531455269e-18
4.000000000000000000e+00,3.730000000000000455e+03,9.754383054673377521e-05,6.776263578034402713e-21,-2.041584803503301154e-12,-2.117275353510388046e-16,0.000000000000000000e+00,-2.117275353510388046e-16,-2.117271977412973927e-16,-3.716576085909601551e-12,9.754383054673378876e-05,1.355988311404046132e-04,0.000000000000000000e+00,-8.165397611531455269e-18
4.000000000000000000e+00,3.735000000000000455e+03,9.754383054609393330e-05,6.776263578034402713e-21,-2.042224645415393475e-12,-2.357011048803130002e-16,0.000000000000000000e+00,-2.357011048803130002e-16,-2.357007728093904809e-16,-3.717694655835978076e-12,9.754383054609397396e-05,1.355988311506715470e-04,0.000000000000000000e+00,-8.165397611531455269e-18
4.000000000000000000e+00,3.740000000000000455e+03,9.754383054542862619e-05,6.776263578034402713e-21,-2.042889952526012048e-12,-1.208896126208190755e-16,0.000000000000000000e+00,-1.208896126208190755e-16,-1.208893432642257388e-16,-3.718586131126161812e-12,9.754383054542861264e-05,1.355988311613483092e-04,0.000000000000000000e+00,-8.165397611531455269e-18
4.000000000000000000e+00,3.745000000000000455e+03,9.754383054478760521e-05,6.776263578034402713e-21,-2.043530973507966947e-12,2.115720623538582693e-17,0.000000000000000000e+00,2.115720623538582693e-17,2.115768633335208678e-17,-3.718835460268489397e-12,9.754383054478768652e-05,1.355988311716342166e-04,0.000000000000000000e+00,-8.165397611531455269e-18
4.000000000000000000e+00,3.750000000000000455e+03,9.754383054417183258e-05,6.776263578034402713e-21,-2.044146746131830089e-12,-1.816792739025806465e-16,0.000000000000000000e+00,-1.816792739025806465e-16,-1.816787872725444045e-16,-3.719236763020837385e-12,9.754383054417187324e-05,1.355988311815140902e-04,0.000000000000000000e+00,-8.165397611531455269e-18
4.000000000000000000e+00,3.755000000000000455e+03,9.754383054357717480e-05,6.776263578034402713e-21,-2.044741403918384076e-12,-1.174393663916786366e-16,0.000000000000000000e+00,-1.174393663916786366e-16,-1.174391921637478308e-16,-3.719984557969428263e-12,9.754383054357713414e-05,1.355988311910570480e-04,0.000000000000000000e+00,-8.165397611531455269e-18
4.000000000000000000e+00,3.760000000000000455e+03,9.754383054295621156e-05,6.776263578034402713e-21,-2.045362367160147993e-12,-1.270497855034998433e-16,0.000000000000000000e+00,-1.270497855034998433e-16,-1.270494848480534410e-16,-3.720595779661957726e-12,9.754383054295622511e-05,1.355988312010200799e-04,0.000000000000000000e+00,-8.165397611531455269e-18
4.000000000000000000e+00,3.765000000000000455e+03,9.754383054233694238e-05,6.776263578034402713e-21,-2.045981636336017401e-12,-1.270957684142533115e-16,0.000000000000000000e+00,-1.270957684142533115e-16,-1.270953962470778867e-16,-3.721231141864694978e-12,9.754383054233684751e-05,1.355988312109583649e-04,0.000000000000000000e+00,-8.165397611531455269e-18
4.000000000000000000e+00,3.770000000000000455e+03,9.754383054174529325e-05,6.776263578034402713e-21,-2.046573285461542741e-12,-1.061955645621021182e-16,0.000000000000000000e+00,-1.061955645621021182e-16,-1.061950099794273740e-16,-3.721814367880261762e-12,9.754383054174525260e-05,1.355988312204518560e-04,0.000000000000000000e+00,-8.165397611531455269e-18
4.000000000000000000e+00,3.775000000000000455e+03,9.754383054111815006e-05,6.776263578034402713e-21,-2.047200428655689824e-12,-1.347861906977308679e-16,0.000000000000000000e+00,-1.347861906977308679e-16,-1.347857225857281752e-16,-3.722416819711674795e-12,9.754383054111805519e-05,1.355988312305153121e-04,0.000000000000000000e+00,-8.165397611531455269e-18
4.000000000000000000e+00,3.780000000000000455e+03,9.754383054047584159e-05,6.776263578034402713e-21,-2.047842737127724549e-12,-1.352777364483778244e-16,0.000000000000000000e+00,-1.352777364483778244e-16,-1.352772716489847433e-16,-3.723091977197261481e-12,9.754383054047582804e-05,1.355988312408212501e-04,0.000000000000000000e+00,-8.165397611531455269e-18
4.000000000000000000e+00,3.785000000000000455e+03,9.754383053983108011e-05,6.776263578034402713e-21,-2.048487498607174523e-12,-1.169758395060955078e-16,0.000000000000000000e+00,-1.169758395060955078e-16,-1.169753313713502582e-16,-3.723722608704812252e-12,9.754383053983102590e-05,1.355988312511680624e-04,0.000000000000000000e+00,-8.165397611531455269e-18
4.000000000000000000e+00,3.790000000000000455e+03,9.754383053921105199e-05,6.776263578034402713e-21,-2.049107526724564671e-12,-1.237304333911595117e-16,0.000000000000000000e+00,-1.237304333911595117e-16,-1.237300721138947443e-16,-3.724324372213525511e-12,9.754383053921111975e-05,1.355988312611165932e-04,0.000000000000000000e+00,-8.165397611531455269e-18
4.000000000000000000e+00,3.795000000000000455e+03,9.754383053861059372e-05,6.776263578034402713e-21,-2.049707984992741455e-12,-1.320255232131208563e-16,0.000000000000000000e+00,-1.320255232131208563e-16,-1.320251566365114301e-16,-3.724963760285400881e-12,9.754383053861053951e-05,1.355988312707513016e-04,0.000000000000000000e+00,-8.165397611531455269e-18
4.000000000000000000e+00,3.800000000000000455e+03,9.754383053803465198e-05,6.776263578034402713e-21,-2.050283926739292911e-12,-1.213545218348802739e-16,0.000000000000000000e+00,-1.213545218348802739e-16,-1.213540284499100434e-16,-3.725597208248116971e-12,9.754383053803466553e-05,1.355988312799937727e-04,0.000000000000000000e+00,-8.165397611531455269e-18
4.000000000000000000e+00,3.805000000000000455e+03,9.754383053744607927e-05,6.776263578034402713e-21,-2.050872499441153823e-12,-1.071335184670491370e-16,0.000000000000000000e+00,-1.071335184670491370e-16,-1.071329268515000979e-16,-3.726168425636370447e-12,9.754383053744606572e-05,1.355988312894379055e-04,0.000000000000000000e+00,-8.165397611531455269e-18
4.000000000000000000e+00,3.810000000000000455e+03,9.754383053679364706e-05,6.776263578034402713e-21,-2.051524931650974132e-12,-1.380182313031424485e-16,0.000000000000000000e+00,-1.380182313031424485e-16,-1.380178489299399763e-16,-3.726781302575824617e-12,9.754383053679382325e-05,1.355988312999065822e-04,0.000000000000000000e+00,-8.165397611531455269e-18
4.000000000000000000e+00,3.815000000000000455e+03,9.754383053611638662e-05,6.776263578034402713e-21,-2.052202192090544358e-12,-1.535021006916559322e-16,0.000000000000000000e+00,-1.535021006916559322e-16,-1.535018992938155708e-16,-3.727510101946383643e-12,9.754383053611645439e-05,1.355988313107746790e-04,0.000000000000000000e+00,-8.165397611531455269e-18
4.000000000000000000e+00,3.820000000000000455e+03,9.754383053538854815e-05,6.776263578034402713e-21,-2.052930030561461033e-12,-1.600840511838143139e-16,0.000000000000000000e+00,-1.600840511838143139e-16,-1.600836260175961222e-16,-3.728294065759661898e-12,9.754383053538849394e-05,1.355988313224536506e-04,0.000000000000000000e+00,-8.165397611531455269e-18
4.000000000000000000e+00,3.825000000000000455e+03,9.754383053460224408e-05,6.776263578034402713e-21,-2.053716334634528989e-12,-1.406677355662629351e-16,0.000000000000000000e+00,-1.406677355662629351e-16,-1.406672641473946721e-16,-3.729045942985074452e-12,9.754383053460232540e-05,1.355988313350706468e-04,0.000000000000000000e+00,-8.165397611531455269e-18
4.000000000000000000e+00,3.830000000000000455e+03,9.754383053377202982e-05,6.776263578034402713e-21,-2.054546548895582608e-12,-9.754203319291849043e-17,0.000000000000000000e+00,-9.754203319291849043e-17,-9.754167130609297594e-17,-3.729641465323708537e-12,9.754383053377198916e-05,1.355988313483927538e-04,0.000000000000000000e+00,-8.165397611531455269e-18
4.000000000000000000e+00,3.835000000000000455e+03,9.754383053299212254e-05,6.776263578034402713e-21,-2.055326456175832900e-12,-6.385822813925066364e-17,0.000000000000000000e+00,-6.385822813925066364e-17,-6.385791671285507340e-17,-3.730044964293755865e-12,9.754383053299212254e-05,1.355988313609072116e-04,0.000000000000000000e+00,-8.165397611531455269e-18
4.000000000000000000e+00,3.840000000000000455e+03,9.754383053233933796e-05,6.776263578034402713e-21,-2.055979240751359266e-12,-9.895548077961640206e-17,0.000000000000000000e+00,-9.895548077961640206e-17,-9.895492682104557342e-17,-3.730451996402590371e-12,9.754383053233931086e-05,1.355988313713824749e-04,0.000000000000000000e+00,-8.165397611531455269e-18
4.000000000000000000e+00,3.845000000000000455e+03,9.754383053174472084e-05,6.776263578034402713e-21,-2.056573857880331785e-12,-1.419721123169517608e-16,0.000000000000000000e+00,-1.419721123169517608e-16,-1.419717073798105633e-16,-3.731054312988092709e-12,9.754383053174462597e-05,1.355988313809242671e-04,0.000000000000000000e+00,-8.165397611531455269e-18
4.000000000000000000e+00,3.850000000000000455e+03,9.754383053116005126e-05,6.776263578034402713e-21,-2.057158527454371749e-12,-1.582682967789250416e-16,0.000000000000000000e+00,-1.582682967789250416e-16,-1.582678495758500743e-16,-3.731804911880482031e-12,9.754383053116010547e-05,1.355988313903050283e-04,0.000000000000000000e+00,-8.165397611531455269e-18
4.000000000000000000e+00,3.855000000000000455e+03,9.754383053053700093e-05,6.776263578034402713e-21,-2.057781577785317700e-12,-1.241218521814344437e-16,0.000000000000000000e+00,-1.241218521814344437e-16,-1.241214254026451059e-16,-3.732510885067927767e-12,9.754383053053708225e-05,1.355988314003020770e-04,0.000000000000000000e+00,-8.165397611531455269e-18
4.000000000000000000e+00,3.860000000000000455e+03,9.754383052996032735e-05,6.776263578034402713e-21,-2.058358251368335584e-12,-1.203467538668729636e-16,0.000000000000000000e+00,-1.203467538668729636e-16,-1.203463841492189453e-16,-3.733122054591807739e-12,9.754383052996030024e-05,1.355988314095567455e-04,0.000000000000000000e+00,-8.165397611531455269e-18
4.000000000000000000e+00,3.865000000000000455e+03,9.754383052934895929e-05,6.776263578034402713e-21,-2.058969619420873004e-12,-1.218581330652474970e-16,0.000000000000000000e+00,-1.218581330652474970e-16,-1.218577251889658983e-16,-3.733727564865153215e-12,9.754383052934894574e-05,1.355988314193660917e-04,0.000000000000000000e+00,-8.165397611531455269e-18
4.000000000000000000e+00,3.870000000000000455e+03,9.754383052870009140e-05,6.776263578034402713e-21,-2.059618487316051266e-12,-1.274331269631735580e-16,0.000000000000000000e+00,-1.274331269631735580e-16,-1.274325904954904213e-16,-3.734350790654364597e-12,9.754383052870010495e-05,1.355988314297785526e-04,0.000000000000000000e+00,-8.165397611531455269e-18
4.000000000000000000e+00,3.875000000000000455e+03,9.754383052801831797e-05,6.776263578034402713e-21,-2.060300260747164464e-12,-1.384404781720359794e-16,0.000000000000000000e+00,-1.384404781720359794e-16,-1.384401647990646360e-16,-3.735015472542600472e-12,9.754383052801829086e-05,1.355988314407185591e-04,0.000000000000000000e+00,-8.165397611531455269e-18
4.000000000000000000e+00,3.880000000000000455e+03,9.754383052730698648e-05,6.776263578034402713e-21,-2.061011592240005047e-12,-1.579651732953184344e-16,0.000000000000000000e+00,-1.579651732953184344e-16,-1.579650565818383421e-16,-3.735756485596052998e-12,9.754383052730698648e-05,1.355988314521313048e-04,0.000000000000000000e+00,-8.165397611531455269e-18
4.000000000000000000e+00,3.885000000000000455e+03,9.754383052660121152e-05,6.776263578034402713e-21,-2.061717367196711642e-12,-1.605795132832171746e-16,0.000000000000000000e+00,-1.605795132832171746e-16,-1.605791646889930087e-16,-3.736552846149229786e-12,9.754383052660127928e-05,1.355988314634572331e-04,0.000000000000000000e+00,-8.165397611531455269e-18
4.000000000000000000e+00,3.890000000000000455e+03,9.754383052595417321e-05,6.776263578034402713e-21,-2.062364405500723835e-12,-1.317858228265635464e-16,0.000000000000000000e+00,-1.317858228265635464e-16,-1.317854120360830849e-16,-3.737283757591042690e-12,9.754383052595414611e-05,1.355988314738414504e-04,0.000000000000000000e+00,-8.165397611531455269e-18
4.000000000000000000e+00,3.895000000000000455e+03,9.754383052532094494e-05,6.776263578034402713e-21,-2.062997633779563994e-12,-1.033342682713337625e-16,0.000000000000000000e+00,-1.033342682713337625e-16,-1.033338357294276139e-16,-3.737871555710456496e-12,9.754383052532090428e-05,1.355988314840018071e-04,0.000000000000000000e+00,-8.165397611531455269e-18
4.000000000000000000e+00,3.900000000000000455e+03,9.754383052470109300e-05,6.776263578034402713e-21,-2.063617485714101113e-12,-8.926412194040765482e-17,0.000000000000000000e+00,-8.926412194040765482e-17,-8.926375421405811116e-17,-3.738353049685314992e-12,9.754383052470114721e-05,1.355988314939465160e-04,0.000000000000000000e+00,-8.165397611531455269e-18
4.000000000000000000e+00,3.905000000000000455e+03,9.754383052409419728e-05,6.776263578034402713e-21,-2.064224381432677030e-12,-9.694632220712404814e-17,0.000000000000000000e+00,-9.694632220712404814e-17,-9.694601876757702105e-17,-3.738818574117769469e-12,9.754383052409426505e-05,1.355988315036860126e-04,0.000000000000000000e+00,-8.165397611531455269e-18
4.000000000000000000e+00,3.910000000000000455e+03,9.754383052351236019e-05,6.776263578034402713e-21,-2.064806218528541376e-12,-1.116625815236728112e-16,0.000000000000000000e+00,-1.116625815236728112e-16,-1.116622446890696500e-16,-3.739340094776411134e-12,9.754383052351242795e-05,1.355988315130227009e-04,0.000000000000000000e+00,-8.165397611531455269e-18
4.000000000000000000e+00,3.915000000000000455e+03,9.754383052293263729e-05,6.776263578034402713e-21,-2.065385941430169375e-12,-1.429149545014600577e-16,0.000000000000000000e+00,-1.429149545014600577e-16,-1.429146574756708035e-16,-3.739976537031822644e-12,9.754383052293273215e-05,1.355988315223241526e-04,0.000000000000000000e+00,-8.165397611531455269e-18
4.000000000000000000e+00,3.920000000000000455e+03,9.754383052236817453e-05,6.776263578034402713e-21,-2.065950404186219641e-12,-1.617351249134974884e-16,0.000000000000000000e+00,-1.617351249134974884e-16,-1.617349061939371803e-16,-3.740738160940997010e-12,9.754383052236810677e-05,1.355988315313823907e-04,0.000000000000000000e+00,-8.165397611531455269e-18
4.000000000000000000e+00,3.925000000000000455e+03,9.754383052181338828e-05,6.776263578034402713e-21,-2.066505190437880474e-12,-1.406158740407478099e-16,0.000000000000000000e+00,-1.406158740407478099e-16,-1.406155682868462428e-16,-3.741494037127199182e-12,9.754383052181332051e-05,1.355988315402851543e-04,0.000000000000000000e+00,-8.165397611531455269e-18
4.000000000000000000e+00,3.930000000000000455e+03,9.754383052124018414e-05,6.776263578034402713e-21,-2.067078394573946404e-12,-9.900050103415684882e-17,0.000000000000000000e+00,-9.900050103415684882e-17,-9.899995212512637319e-17,-3.742093075928228741e-12,9.754383052124026546e-05,1.355988315494817366e-04,0.000000000000000000e+00,-8.165397611531455269e-18
4.000000000000000000e+00,3.935000000000000455e+03,9.754383052060267326e-05,6.776263578034402713e-21,-2.067715905451367880e-12,-8.606959849975286924e-17,0.000000000000000000e+00,-8.606959849975286924e-17,-8.606912034566929310e-17,-3.742555748609406123e-12,9.754383052060265971e-05,1.355988315597118888e-04,0.000000000000000000e+00,-8.165397611531455269e-18
4.000000000000000000e+00,3.940000000000000455e+03,9.754383051988109606e-05,6.776263578034402713e-21,-2.068437482654738452e-12,-1.176405818261336842e-16,0.000000000000000000e+00,-1.176405818261336842e-16,-1.176401404666095235e-16,-3.743065021761436117e-12,9.754383051988109606e-05,1.355988315712913306e-04,0.000000000000000000e+00,-8.165397611531455269e-18
4.000000000000000000e+00,3.945000000000000455e+03,9.754383051916045398e-05,6.776263578034402713e-21,-2.069158124733735254e-12,-1.418165780736399089e-16,0.000000000000000000e+00,-1.418165780736399089e-16,-1.418162521066948962e-16,-3.743713662742869702e-12,9.754383051916048109e-05,1.355988315828542113e-04,0.000000000000000000e+00,-8.165397611531455269e-18
4.000000000000000000e+00,3.950000000000000455e+03,9.754383051847312401e-05,6.776263578034402713e-21,-2.069845454700982440e-12,-1.690886445988977068e-16,0.000000000000000000e+00,-1.690886445988977068e-16,-1.690882047461934505e-16,-3.744490923885001793e-12,9.754383051847316467e-05,1.355988315938839897e-04,0.000000000000000000e+00,-8.165397611531455269e-18
4.000000000000000000e+00,3.955000000000000455e+03,9.754383051778729838e-05,6.776263578034402713e-21,-2.070531280337715302e-12,-1.858766182284170935e-16,0.000000000000000000e+00,-1.858766182284170935e-16,-1.858762836819682693e-16,-3.745378335106072049e-12,9.754383051778729838e-05,1.355988316048881539e-04,0.000000000000000000e+00,-8.165397611531455269e-18
4.000000000000000000e+00,3.960000000000000455e+03,9.754383051711003794e-05,6.776263578034402713e-21,-2.071208540777285528e-12,-1.633765798237957178e-16,0.000000000000000000e+00,-1.633765798237957178e-16,-1.633763349536865910e-16,-3.746251466652661298e-12,9.754383051710998373e-05,1.355988316157565488e-04,0.000000000000000000e+00,-8.165397611531455269e-18
4.000000000000000000e+00,3.965000000000000455e+03,9.754383051645257774e-05,6.776263578034402713e-21,-2.071866000974680738e-12,-9.764825173981812137e-17,0.000000000000000000e+00,-9.764825173981812137e-17,-9.764783800932026725e-17,-3.746904027085069101e-12,9.754383051645259129e-05,1.355988316263064322e-04,0.000000000000000000e+00,-8.165397611531455269e-18
4.000000000000000000e+00,3.970000000000000455e+03,9.754383051581525660e-05,6.776263578034402713e-21,-2.072503322116722030e-12,-6.163767566512176259e-17,0.000000000000000000e+00,-6.163767566512176259e-17,-6.163719254312395836e-17,-3.747302239661450078e-12,9.754383051581529726e-05,1.355988316365317327e-04,0.000000000000000000e+00,-8.165397611531455269e-18
4.000000000000000000e+00,3.975000000000000455e+03,9.754383051518071372e-05,6.776263578034402713e-21,-2.073137864990696327e-12,-8.974072545728745400e-17,0.000000000000000000e+00,-8.974072545728745400e-17,-8.974016674886059826e-17,-3.747680683059679966e-12,9.754383051518064596e-05,1.355988316467153997e-04,0.000000000000000000e+00,-8.165397611531455269e-18
4.000000000000000000e+00,3.980000000000000455e+03,9.754383051452287406e-05,6.776263578034402713e-21,-2.073795704658851907e-12,-1.230028019984436320e-16,0.000000000000000000e+00,-1.230028019984436320e-16,-1.230025345923771198e-16,-3.748212539813032960e-12,9.754383051452284695e-05,1.355988316572696742e-04,0.000000000000000000e+00,-8.165397611531455269e-18
4.000000000000000000e+00,3.985000000000000455e+03,9.754383051379919621e-05,6.776263578034402713e-21,-2.074519382503931669e-12,-1.845967409193628326e-16,0.000000000000000000e+00,-1.845967409193628326e-16,-1.845964839104006646e-16,-3.748981537359290160e-12,9.754383051379930463e-05,1.355988316688818318e-04,0.000000000000000000e+00,-8.165397611531455269e-18
4.000000000000000000e+00,3.990000000000000455e+03,9.754383051302962951e-05,6.776263578034402713e-21,-2.075288949205961880e-12,-2.440566582475106665e-16,0.000000000000000000e+00,-2.440566582475106665e-16,-2.440562816549793420e-16,-3.750053169273203220e-12,9.754383051302960240e-05,1.355988316812322498e-04,0.000000000000000000e+00,-8.165397611531455269e-18
4.000000000000000000e+00,3.995000000000000455e+03,9.754383051229234493e-05,6.776263578034402713e-21,-2.076026233788306335e-12,-2.388292013771126321e-16,0.000000000000000000e+00,-2.388292013771126321e-16,-2.388288762007758514e-16,-3.751260382167842849e-12,9.754383051229233137e-05,1.355988316930624405e-04,0.000000000000000000e+00,-8.165397611531455269e-18
4.000000000000000000e+00,4.000000000000000455e+03,9.754383051162211825e-05,6.776263578034402713e-21,-2.076696460466282562e-12,-1.192055442695953463e-16,0.000000000000000000e+00,-1.192055442695953463e-16,-1.192052542866763572e-16,-3.752155467494061593e-12,9.754383051162210470e-05,1.355988317038163437e-04,0.000000000000000000e+00,-8.165397611531455269e-18
4.000000000000000000e+00,4.005000000000000455e+03,9.754383051093051924e-05,6.776263578034402713e-21,-2.077388059479583909e-12,-3.589006762432355678e-17,0.000000000000000000e+00,-3.589006762432355678e-17,-3.588966743143926119e-17,-3.752543204798357111e-12,9.754383051093054634e-05,1.355988317149141558e-04,0.000000000000000000e+00,-8.165397611531455269e-18
4.000000000000000000e+00,4.010000000000000455e+03,9.754383051023503065e-05,6.776263578034402713e-21,-2.078083548068179048e-12,-3.150074038531848938e-17,0.000000000000000000e+00,-3.150074038531848938e-17,-3.150043326628501524e-17,-3.752711680050101449e-12,9.754383051023508486e-05,1.355988317260742012e-04,0.000000000000000000e+00,-8.165397611531455269e-18
4.000000000000000000e+00,4.015000000000000455e+03,9.754383050956670132e-05,6.776263578034402713e-21,-2.078751877392353425e-12,-6.697409734853163943e-17,0.000000000000000000e+00,-6.697409734853163943e-17,-6.697384386906332348e-17,-3.752957865742939148e-12,9.754383050956675553e-05,1.355988317367984514e-04,0.000000000000000000e+00,-8.165397611531455269e-18
4.000000000000000000e+00,4.020000000000000455e+03,9.754383050894445059e-05,6.776263578034402713e-21,-2.079374128124197169e-12,-1.353074322314496031e-16,0.000000000000000000e+00,-1.353074322314496031e-16,-1.353070273317813693e-16,-3.753463567920941553e-12,9.754383050894451835e-05,1.355988317467827066e-04,0.000000000000000000e+00,-8.165397611531455269e-18
4.000000000000000000e+00,4.025000000000000455e+03,9.754383050836432111e-05,6.776263578034402713e-21,-2.079954257601639850e-12,-2.498371560192630686e-16,0.000000000000000000e+00,-2.498371560192630686e-16,-2.498369086891998744e-16,-3.754426427760994128e-12,9.754383050836426690e-05,1.355988317560918562e-04,0.000000000000000000e+00,-8.165397611531455269e-18
4.000000000000000000e+00,4.030000000000000455e+03,9.754383050779142869e-05,6.776263578034402713e-21,-2.080527150029581190e-12,-3.889930765749105810e-16,0.000000000000000000e+00,-3.889930765749105810e-16,-3.889927232874020440e-16,-3.756023501840935270e-12,9.754383050779144224e-05,1.355988317652857280e-04,0.000000000000000000e+00,-8.165397611531455269e-18
4.000000000000000000e+00,4.035000000000000455e+03,9.754383050720693529e-05,6.776263578034402713e-21,-2.081111643420768126e-12,-5.037811964811548380e-16,0.000000000000000000e+00,-5.037811964811548380e-16,-5.037807983823866055e-16,-3.758255435645110458e-12,9.754383050720693529e-05,1.355988317746639955e-04,0.000000000000000000e+00,-8.165397611531455269e-18
4.000000000000000000e+00,4.040000000000000455e+03,9.754383050656741864e-05,6.776263578034402713e-21,-2.081751160072208701e-12,-5.167727909404381659e-16,0.000000000000000000e+00,-5.167727909404381659e-16,-5.167724156501244040e-16,-3.760806818680191276e-12,9.754383050656740509e-05,1.355988317849256167e-04,0.000000000000000000e+00,-8.165397611531455269e-18
4.000000000000000000e+00,4.045000000000000455e+03,9.754383050581061842e-05,6.776263578034402713e-21,-2.082507960293657895e-12,-3.160679838375000518e-16,0.000000000000000000e+00,-3.160679838375000518e-16,-3.160676291784694155e-16,-3.762888918792262867e-12,9.754383050581071329e-05,1.355988317970692231e-04,0.000000000000000000e+00,-8.165397611531455269e-18
4.000000000000000000e+00,4.050000000000000455e+03,9.754383050501611507e-05,6.776263578034402713e-21,-2.083302463645655273e-12,-3.933429419042680566e-17,0.000000000000000000e+00,-3.933429419042680566e-17,-3.933408794119620405e-17,-3.763777423085062009e-12,9.754383050501614217e-05,1.355988318098187359e-04,0.000000000000000000e+00,-8.165397611531455269e-18
4.000000000000000000e+00,4.055000000000000455e+03,9.754383050428368229e-05,6.776263578034402713e-21,-2.084034896423277855e-12,1.414616297126211646e-16,0.000000000000000000e+00,1.414616297126211646e-16,1.414618762996409633e-16,-3.763522103614166265e-12,9.754383050428368229e-05,1.355988318215712164e-04,0.000000000000000000e+00,-8.165397611531455269e-18
4.000000000000000000e+00,4.060000000000000455e+03,9.754383050358575425e-05,6.776263578034402713e-21,-2.084732824466761086e-12,2.822687808678700307e-16,0.000000000000000000e+00,2.822687808678700307e-16,2.822690299774427951e-16,-3.762462776348473319e-12,9.754383050358586267e-05,1.355988318327698593e-04,0.000000000000000000e+00,-8.165397611531455269e-18
4.000000000000000000e+00,4.065000000000000455e+03,9.754383050298330376e-05,6.776263578034402713e-21,-2.085335274956429813e-12,2.845960018857049015e-16,0.000000000000000000e+00,2.845960018857049015e-16,2.845962877620981066e-16,-3.761045613054124481e-12,9.754383050298324955e-05,1.355988318424380967e-04,0.000000000000000000e+00,-8.165397611531455269e-18
4.000000000000000000e+00,4.070000000000000455e+03,9.754383050256140004e-05,6.776263578034402713e-21,-2.085757178679325391e-12,9.194149926377068982e-18,0.000000000000000000e+00,9.194149926377068982e-18,9.194580789128525625e-18,-3.760311135882746397e-12,9.754383050256127806e-05,1.355988318492086140e-04,0.000000000000000000e+00,-8.165397611531455269e-18
4.000000000000000000e+00,4.075000000000000455e+03,9.754383050207357682e-05,6.776263578034402713e-21,-2.086245001894308088e-12,-1.633998901908630449e-16,0.000000000000000000e+00,-1.633998901908630449e-16,-1.633994812222506811e-16,-3.760696648133828844e-12,9.754383050207357682e-05,1.355988318570360658e-04,0.000000000000000000e+00,-8.165397611531455269e-18
4.000000000000000000e+00,4.080000000000000455e+03,9.754383050151429113e-05,6.776263578034402713e-21,-2.086804287584984735e-12,-2.352705537729301886e-16,0.000000000000000000e+00,-2.352705537729301886e-16,-2.352702580568013259e-16,-3.761693322482026874e-12,9.754383050151435889e-05,1.355988318660107932e-04,0.000000000000000000e+00,-8.165397611531455269e-18
4.000000000000000000e+00,4.085000000000000455e+03,9.754383050092592172e-05,6.776263578034402713e-21,-2.087392656998938306e-12,-2.878383324754229041e-16,0.000000000000000000e+00,-2.878383324754229041e-16,-2.878380084544485512e-16,-3.763001093148304507e-12,9.754383050092592172e-05,1.355988318754514294e-04,0.000000000000000000e+00,-8.165397611531455269e-18
4.000000000000000000e+00,4.090000000000000455e+03,9.754383050027015559e-05,6.776263578034402713e-21,-2.088048423130439007e-12,-2.793652191298872246e-16,0.000000000000000000e+00,-2.793652191298872246e-16,-2.793647851746275194e-16,-3.764419100132377286e-12,9.754383050027020980e-05,1.355988318859729068e-04,0.000000000000000000e+00,-8.165397611531455269e-18
4.000000000000000000e+00,4.095000000000000455e+03,9.754383049949573708e-05,6.776263578034402713e-21,-2.088822841637191091e-12,-1.519724965516401231e-16,0.000000000000000000e+00,-1.519724965516401231e-16,-1.519720685203763261e-16,-3.765497442266614744e-12,9.754383049949583195e-05,1.355988318984002760e-04,0.000000000000000000e+00,-8.165397611531455269e-18
4.000000000000000000e+00,4.100000000000000000e+03,9.754383049883025378e-05,6.776263578034402713e-21,-2.089488324930662694e-12,-1.379480726444590244e-16,0.000000000000000000e+00,-1.379480726444590244e-16,-1.379476549842171183e-16,-3.766222241575376060e-12,9.754383049883024023e-05,1.355988319090794235e-04,0.000000000000000000e+00,-8.165397611531455269e-18
4.000000000000000000e+00,4.105000000000000000e+03,9.754383049818160273e-05,6.776263578034402713e-21,-2.090136975985406459e-12,-1.307747631059479573e-16,0.000000000000000000e+00,-1.307747631059479573e-16,-1.307745324924996588e-16,-3.766894047044068296e-12,9.754383049818162984e-05,1.355988319194871680e-04,0.000000000000000000e+00,-8.165397611531455269e-18
4.000000000000000000e+00,4.110000000000000000e+03,9.754383049755347020e-05,6.776263578034402713e-21,-2.090765108514035936e-12,-1.205843267981197747e-16,0.000000000000000000e+00,-1.205843267981197747e-16,-1.205839024388397782e-16,-3.767522443131396616e-12,9.754383049755352441e-05,1.355988319295672396e-04,0.000000000000000000e+00,-8.165397611531455269e-18
4.000000000000000000e+00,4.115000000000000000e+03,9.754383049696484329e-05,6.776263578034402713e-21,-2.091353735426005472e-12,-1.099591755869040989e-16,0.000000000000000000e+00,-1.099591755869040989e-16,-1.099587425052126036e-16,-3.768098799743756352e-12,9.754383049696496526e-05,1.355988319390111555e-04,0.000000000000000000e+00,-8.165397611531455269e-18
4.000000000000000000e+00,4.120000000000000000e+03,9.754383049642794637e-05,6.776263578034402713e-21,-2.091890632341820294e-12,-1.017311163257091747e-16,0.000000000000000000e+00,-1.017311163257091747e-16,-1.017307180659050834e-16,-3.768628023395184731e-12,9.754383049642795993e-05,1.355988319476260362e-04,0.000000000000000000e+00,-8.165397611531455269e-18
4.000000000000000000e+00,4.125000000000000000e+03,9.754383049584356140e-05,6.776263578034402713e-21,-2.092475017312789981e-12,-8.851979597349063886e-17,0.000000000000000000e+00,-8.851979597349063886e-17,-8.851927891872418439e-17,-3.769103648387646314e-12,9.754383049584362917e-05,1.355988319570037887e-04,0.000000000000000000e+00,-8.165397611531455269e-18
4.000000000000000000e+00,4.130000000000000000e+03,9.754383049526386561e-05,6.776263578034402713e-21,-2.093054713109363668e-12,-7.974434727772901922e-17,0.000000000000000000e+00,-7.974434727772901922e-17,-7.974395667148587227e-17,-3.769524306476621779e-12,9.754383049526394692e-05,1.355988319663061349e-04,0.000000000000000000e+00,-8.165397611531455269e-18
4.000000000000000000e+00,4.135000000000000000e+03,9.754383049468361416e-05,6.776263578034402713e-21,-2.093634964559550754e-12,-8.044362429291100582e-17,0.000000000000000000e+00,-8.044362429291100582e-17,-8.044336270273385573e-17,-3.769924774775057446e-12,9.754383049468372258e-05,1.355988319756175613e-04,0.000000000000000000e+00,-8.165397611531455269e-18
4.000000000000000000e+00,4.140000000000000000e+03,9.754383049409528540e-05,6.776263578034402713e-21,-2.094223293315922857e-12,-9.709728478790901239e-17,0.000000000000000000e+00,-9.709728478790901239e-17,-9.709681481313076742e-17,-3.770368625218846456e-12,9.754383049409528540e-05,1.355988319850581162e-04,0.000000000000000000e+00,-8.165397611531455269e-18
4.000000000000000000e+00,4.145000000000000000e+03,9.754383049349828303e-05,6.776263578034402713e-21,-2.094820295689674844e-12,-1.261030745145398371e-16,0.000000000000000000e+00,-1.261030745145398371e-16,-1.261029003971243026e-16,-3.770926624506872359e-12,9.754383049349843210e-05,1.355988319946365816e-04,0.000000000000000000e+00,-8.165397611531455269e-18
4.000000000000000000e+00,4.150000000000000000e+03,9.754383049291102492e-05,6.776263578034402713e-21,-2.095407553796401617e-12,-1.391287867496087607e-16,0.000000000000000000e+00,-1.391287867496087607e-16,-1.391282999524596576e-16,-3.771589702507746172e-12,9.754383049291106558e-05,1.355988320040611716e-04,0.000000000000000000e+00,-8.165397611531455269e-18
4.000000000000000000e+00,4.155000000000000000e+03,9.754383049231602832e-05,6.776263578034402713e-21,-2.096002550396134506e-12,-1.495683036779402113e-16,0.000000000000000000e+00,-1.495683036779402113e-16,-1.495679644272651208e-16,-3.772311443168695930e-12,9.754383049231609608e-05,1.355988320136078157e-04,0.000000000000000000e+00,-8.165397611531455269e-18
4.000000000000000000e+00,4.160000000000000000e+03,9.754383049170936299e-05,6.776263578034402713e-21,-2.096609215721748770e-12,-1.526681127843674140e-16,0.000000000000000000e+00,-1.526681127843674140e-16,-1.526677635701031619e-16,-3.773067032488689134e-12,9.754383049170944431e-05,1.355988320233424333e-04,0.000000000000000000e+00,-8.165397611531455269e-18
4.000000000000000000e+00,4.165000000000000000e+03,9.754383049108633977e-05,6.776263578034402713e-21,-2.097232238947640409e-12,-1.421526037803308903e-16,0.000000000000000000e+00,-1.421526037803308903e-16,-1.421525114387282110e-16,-3.773804083176210890e-12,9.754383049108629911e-05,1.355988320333408644e-04,0.000000000000000000e+00,-8.165397611531455269e-18
4.000000000000000000e+00,4.170000000000000000e+03,9.754383049044915415e-05,6.776263578034402713e-21,-2.097869424564410140e-12,-1.274191798254390420e-16,0.000000000000000000e+00,-1.274191798254390420e-16,-1.274187573344381968e-16,-3.774478011348144486e-12,9.754383049044916770e-05,1.355988320435642946e-04,0.000000000000000000e+00,-8.165397611531455269e-18
4.000000000000000000e+00,4.175000000000000000e+03,9.754383048980344399e-05,6.776263578034402713e-21,-2.098515134720761038e-12,-1.240646406350065932e-16,0.000000000000000000e+00,-1.240646406350065932e-16,-1.240641996172695098e-16,-3.775106718740523754e-12,9.754383048980336268e-05,1.355988320539260961e-04,0.000000000000000000e+00,-8.165397611531455269e-18
4.000000000000000000e+00,4.180000000000000000e+03,9.754383048914324619e-05,6.776263578034402713e-21,-2.099175332528641774e-12,-1.221074525101580054e-16,0.000000000000000000e+00,-1.221074525101580054e-16,-1.221070078042025614e-16,-3.775722146759076896e-12,9.754383048914325974e-05,1.355988320645190766e-04,0.000000000000000000e+00,-8.165397611531455269e-18
4.000000000000000000e+00,4.185000000000000000e+03,9.754383048846880467e-05,6.776263578034402713e-21,-2.099849774042563538e-12,-1.241881671928132613e-16,0.000000000000000000e+00,-1.241881671928132613e-16,-1.241878798883625638e-16,-3.776337883978308465e-12,9.754383048846895375e-05,1.355988320753406611e-04,0.000000000000000000e+00,-8.165397611531455269e-18
4.000000000000000000e+00,4.190000000000000000e+03,9.754383048778106813e-05,6.776263578034402713e-21,-2.100537510585625406e-12,-1.338647527063001943e-16,0.000000000000000000e+00,-1.338647527063001943e-16,-1.338644924203710486e-16,-3.776983014909080381e-12,9.754383048778112234e-05,1.355988320863759961e-04,0.000000000000000000e+00,-8.165397611531455269e-18
4.000000000000000000e+00,4.195000000000000000e+03,9.754383048706943848e-05,6.776263578034402713e-21,-2.101249140234063423e-12,-1.428705753591105736e-16,0.000000000000000000e+00,-1.428705753591105736e-16,-1.428702543464010764e-16,-3.777674851775997135e-12,9.754383048706945203e-05,1.355988320977955723e-04,0.000000000000000000e+00,-8.165397611531455269e-18
4.000000000000000000e+00,4.200000000000000000e+03,9.754383048632884708e-05,6.776263578034402713e-21,-2.101989731633033959e-12,-1.488606288578236308e-16,0.000000000000000000e+00,-1.488606288578236308e-16,-1.488602063454171928e-16,-3.778404177927726738e-12,9.754383048632884708e-05,1.355988321096798647e-04,0.000000000000000000e+00,-8.165397611531455269e-18
4.000000000000000000e+00,4.205000000000000000e+03,9.754383048556022906e-05,6.776263578034402713e-21,-2.102758349658163245e-12,-1.558279209373654396e-16,0.000000000000000000e+00,-1.558279209373654396e-16,-1.558276815220961549e-16,-3.779165897647395341e-12,9.754383048556018840e-05,1.355988321220133149e-04,0.000000000000000000e+00,-8.165397611531455269e-18
4.000000000000000000e+00,4.210000000000000000e+03,9.754383048476029114e-05,6.776263578034402713e-21,-2.103558287573550206e-12,-1.633829371847638537e-16,0.000000000000000000e+00,-1.633829371847638537e-16,-1.633826715895437705e-16,-3.779963923530174999e-12,9.754383048476022338e-05,1.355988321348503499e-04,0.000000000000000000e+00,-8.165397611531455269e-18
4.000000000000000000e+00,4.215000000000000000e+03,9.754383048392517087e-05,6.776263578034402713e-21,-2.104393407849434322e-12,-1.709100813136047066e-16,0.000000000000000000e+00,-1.709100813136047066e-16,-1.709096863162262118e-16,-3.780799654424938876e-12,9.754383048392507600e-05,1.355988321482507635e-04,0.000000000000000000e+00,-8.165397611531455269e-18
4.000000000000000000e+00,4.220000000000000000e+03,9.754383048310051314e-05,6.776263578034402713e-21,-2.105218065574353953e-12,-1.755543564196718199e-16,0.000000000000000000e+00,-1.755543564196718199e-16,-1.755539508318486148e-16,-3.781665813517808976e-12,9.754383048310058090e-05,1.355988321614825024e-04,0.000000000000000000e+00,-8.165397611531455269e-18
4.000000000000000000e+00,4.225000000000000000e+03,9.754383048228898782e-05,6.776263578034402713e-21,-2.106029590900459353e-12,-1.758766189477908262e-16,0.000000000000000000e+00,-1.758766189477908262e-16,-1.758764125446261970e-16,-3.782544389426250266e-12,9.754383048228897426e-05,1.355988321745052612e-04,0.000000000000000000e+00,-8.165397611531455269e-18
4.000000000000000000e+00,4.230000000000000000e+03,9.754383048150052889e-05,6.776263578034402713e-21,-2.106818049825345124e-12,-1.697983031480727299e-16,0.000000000000000000e+00,-1.697983031480727299e-16,-1.697980598886649024e-16,-3.783408575607333451e-12,9.754383048150051534e-05,1.355988321871563556e-04,0.000000000000000000e+00,-8.165397611531455269e-18
4.000000000000000000e+00,4.235000000000000000e+03,9.754383048075531608e-05,6.776263578034402713e-21,-2.107563262636075879e-12,-1.544793268807367647e-16,0.000000000000000000e+00,-1.544793268807367647e-16,-1.544788927589607004e-16,-3.784219267988952626e-12,9.754383048075532963e-05,1.355988321991147803e-04,0.000000000000000000e+00,-8.165397611531455269e-18
4.000000000000000000e+00,4.240000000000000000e+03,9.754383048007527737e-05,6.776263578034402713e-21,-2.108243301343713100e-12,-1.270401585119375664e-16,0.000000000000000000e+00,-1.270401585119375664e-16,-1.270398623900664047e-16,-3.784923064876825278e-12,9.754383048007534513e-05,1.355988322100273023e-04,0.000000000000000000e+00,-8.165397611531455269e-18
4.000000000000000000e+00,4.245000000000000000e+03,9.754383047936681901e-05,6.776263578034402713e-21,-2.108951759700796597e-12,-1.117607938811839898e-16,0.000000000000000000e+00,-1.117607938811839898e-16,-1.117604586428485370e-16,-3.785520065679407468e-12,9.754383047936676480e-05,1.355988322213953247e-04,0.000000000000000000e+00,-8.165397611531455269e-18
4.000000000000000000e+00,4.250000000000000000e+03,9.754383047867988207e-05,6.776263578034402713e-21,-2.109638696644756256e-12,-1.002572102005215747e-16,0.000000000000000000e+00,-1.002572102005215747e-16,-1.002568134547564511e-16,-3.786050108859651303e-12,9.754383047867996339e-05,1.355988322324177577e-04,0.000000000000000000e+00,-8.165397611531455269e-18
4.000000000000000000e+00,4.255000000000000000e+03,9.754383047801018394e-05,6.776263578034402713e-21,-2.110308394774173396e-12,-9.721799248838658362e-17,0.000000000000000000e+00,-9.721799248838658362e-17,-9.721772039655391467e-17,-3.786543795194280077e-12,9.754383047801014328e-05,1.355988322431639088e-04,0.000000000000000000e+00,-8.165397611531455269e-18
4.000000000000000000e+00,4.260000000000000000e+03,9.754383047735004034e-05,6.776263578034402713e-21,-2.110968538371945508e-12,-1.086539038987480439e-16,0.000000000000000000e+00,-1.086539038987480439e-16,-1.086535470908667605e-16,-3.787058473362998813e-12,9.754383047734998613e-05,1.355988322537568080e-04,0.000000000000000000e+00,-8.165397611531455269e-18
4.000000000000000000e+00,4.265000000000000000e+03,9.754383047669450461e-05,6.776263578034402713e-21,-2.111624074110484556e-12,-1.350310096454578186e-16,0.000000000000000000e+00,-1.350310096454578186e-16,-1.350306815258504322e-16,-3.787667683934540189e-12,9.754383047669447750e-05,1.355988322642765506e-04,0.000000000000000000e+00,-8.165397611531455269e-18
4.000000000000000000e+00,4.270000000000000000e+03,9.754383047606368868e-05,6.776263578034402713e-21,-2.112254890039490934e-12,-1.459276296353007480e-16,0.000000000000000000e+00,-1.459276296353007480e-16,-1.459271884213582296e-16,-3.788370078609408243e-12,9.754383047606360736e-05,1.355988322743986621e-04,0.000000000000000000e+00,-8.165397611531455269e-18
4.000000000000000000e+00,4.275000000000000000e+03,9.754383047543460747e-05,6.776263578034402713e-21,-2.112883971245021336e-12,-1.554410507136880084e-16,0.000000000000000000e+00,-1.554410507136880084e-16,-1.554406394276210167e-16,-3.789123498179030862e-12,9.754383047543456681e-05,1.355988322844922862e-04,0.000000000000000000e+00,-8.165397611531455269e-18
4.000000000000000000e+00,4.280000000000000000e+03,9.754383047479759804e-05,6.776263578034402713e-21,-2.113520980678938038e-12,-1.593765561772518066e-16,0.000000000000000000e+00,-1.593765561772518066e-16,-1.593763287594575634e-16,-3.789910540599498526e-12,9.754383047479767935e-05,1.355988322947136021e-04,0.000000000000000000e+00,-8.165397611531455269e-18
4.000000000000000000e+00,4.285000000000000000e+03,9.754383047414065284e-05,6.776263578034402713e-21,-2.114177925880301318e-12,-1.521280728284469423e-16,0.000000000000000000e+00,-1.521280728284469423e-16,-1.521276755459894847e-16,-3.790689300610261662e-12,9.754383047414062573e-05,1.355988323052557606e-04,0.000000000000000000e+00,-8.165397611531455269e-18
4.000000000000000000e+00,4.290000000000000000e+03,9.754383047346241661e-05,6.776263578034402713e-21,-2.114856162101826781e-12,-1.387631821869245058e-16,0.000000000000000000e+00,-1.387631821869245058e-16,-1.387630497474532353e-16,-3.791416527423495436e-12,9.754383047346249793e-05,1.355988323161384671e-04,0.000000000000000000e+00,-8.165397611531455269e-18
4.000000000000000000e+00,4.295000000000000000e+03,9.754383047277607598e-05,6.776263578034402713e-21,-2.115542502734591573e-12,-1.381671533202085167e-16,0.000000000000000000e+00,-1.381671533202085167e-16,-1.381669884102175510e-16,-3.792108852518889999e-12,9.754383047277610309e-05,1.355988323271524161e-04,0.000000000000000000e+00,-8.165397611531455269e-18
4.000000000000000000e+00,4.300000000000000000e+03,9.754383047206149188e-05,6.776263578034402713e-21,-2.116257086833949613e-12,-1.394661032914888355e-16,0.000000000000000000e+00,-1.394661032914888355e-16,-1.394659083572140002e-16,-3.792802934760808602e-12,9.754383047206136991e-05,1.355988323386188299e-04,0.000000000000000000e+00,-8.165397611531455269e-18
4.000000000000000000e+00,4.305000000000000000e+03,9.754383047131228108e-05,6.776263578034402713e-21,-2.117006297640191409e-12,-1.449840802066748481e-16,0.000000000000000000e+00,-1.449840802066748481e-16,-1.449837568443287973e-16,-3.793514058923812638e-12,9.754383047131222687e-05,1.355988323506410870e-04,0.000000000000000000e+00,-8.165397611531455269e-18
4.000000000000000000e+00,4.310000000000000000e+03,9.754383047052212808e-05,6.776263578034402713e-21,-2.117796450630971689e-12,-1.578543250359449417e-16,0.000000000000000000e+00,-1.578543250359449417e-16,-1.578538732181387452e-16,-3.794271152998968357e-12,9.754383047052219585e-05,1.355988323633195033e-04,0.000000000000000000e+00,-8.165397611531455269e-18
4.000000000000000000e+00,4.315000000000000000e+03,9.754383046971458720e-05,6.776263578034402713e-21,-2.118603991514093204e-12,-1.696161034480751188e-16,0.000000000000000000e+00,-1.696161034480751188e-16,-1.696157061742202880e-16,-3.795089826947448964e-12,9.754383046971454654e-05,1.355988323762770203e-04,0.000000000000000000e+00,-8.165397611531455269e-18
4.000000000000000000e+00,4.320000000000000000e+03,9.754383046891447310e-05,6.776263578034402713e-21,-2.119404105612333195e-12,-1.724211867987656975e-16,0.000000000000000000e+00,-1.724211867987656975e-16,-1.724207269870496467e-16,-3.795944918030352354e-12,9.754383046891437824e-05,1.355988323891161695e-04,0.000000000000000000e+00,-8.165397611531455269e-18
4.000000000000000000e+00,4.325000000000000000e+03,9.754383046812160961e-05,6.776263578034402713e-21,-2.120196969108544688e-12,-1.702846561391463348e-16,0.000000000000000000e+00,-1.702846561391463348e-16,-1.702843789479393055e-16,-3.796801680795189704e-12,9.754383046812159605e-05,1.355988324018394717e-04,0.000000000000000000e+00,-8.165397611531455269e-18
4.000000000000000000e+00,4.330000000000000000e+03,9.754383046735526841e-05,6.776263578034402713e-21,-2.120963310309111755e-12,-1.603843325265992694e-16,0.000000000000000000e+00,-1.603843325265992694e-16,-1.603841206795089352e-16,-3.797628352044258241e-12,9.754383046735529551e-05,1.355988324141355983e-04,0.000000000000000000e+00,-8.165397611531455269e-18
4.000000000000000000e+00,4.335000000000000000e+03,9.754383046664039970e-05,6.776263578034402713e-21,-2.121678179011540072e-12,-1.392101304150330582e-16,0.000000000000000000e+00,-1.392101304150330582e-16,-1.392097472666450777e-16,-3.798377336714124190e-12,9.754383046664039970e-05,1.355988324256075415e-04,0.000000000000000000e+00,-8.165397611531455269e-18
4.000000000000000000e+00,4.340000000000000000e+03,9.754383046592085538e-05,6.776263578034402713e-21,-2.122397723335837233e-12,-1.218592273504794156e-16,0.000000000000000000e+00,-1.218592273504794156e-16,-1.218587465670114472e-16,-3.799030007948707903e-12,9.754383046592092314e-05,1.355988324371527496e-04,0.000000000000000000e+00,-8.165397611531455269e-18
4.000000000000000000e+00,4.345000000000000000e+03,9.754383046520038948e-05,6.776263578034402713e-21,-2.123118189231981007e-12,-1.106972328697543012e-16,0.000000000000000000e+00,-1.106972328697543012e-16,-1.106968023656734558e-16,-3.799611396821040098e-12,9.754383046520047080e-05,1.355988324487126758e-04,0.000000000000000000e+00,-8.165397611531455269e-18
4.000000000000000000e+00,4.350000000000000000e+03,9.754383046449992712e-05,6.776263578034402713e-21,-2.123818651598042423e-12,-1.048952513115579282e-16,0.000000000000000000e+00,-1.048952513115579282e-16,-1.048948086829174616e-16,-3.800150375848660988e-12,9.754383046449994067e-05,1.355988324599538466e-04,0.000000000000000000e+00,-8.165397611531455269e-18
4.000000000000000000e+00,4.355000000000000000e+03,9.754383046381904815e-05,6.776263578034402713e-21,-2.124499530562363320e-12,-1.090018233527477063e-16,0.000000000000000000e+00,-1.090018233527477063e-16,-1.090013418482077827e-16,-3.800685116224989017e-12,9.754383046381908881e-05,1.355988324708794061e-04,0.000000000000000000e+00,-8.165397611531455269e-18
4.000000000000000000e+00,4.360000000000000000e+03,9.754383046315570616e-05,6.776263578034402713e-21,-2.125162872556544263e-12,-1.287317270775922087e-16,0.000000000000000000e+00,-1.287317270775922087e-16,-1.287313734521432035e-16,-3.801279448013240023e-12,9.754383046315570616e-05,1.355988324815236693e-04,0.000000000000000000e+00,-8.165397611531455269e-18
4.000000000000000000e+00,4.365000000000000000e+03,9.754383046251229993e-05,6.776263578034402713e-21,-2.125806278783278630e-12,-1.375938329551723810e-16,0.000000000000000000e+00,-1.375938329551723810e-16,-1.375934928455907631e-16,-3.801945260178984175e-12,9.754383046251221862e-05,1.355988324918479303e-04,0.000000000000000000e+00,-8.165397611531455269e-18
4.000000000000000000e+00,4.370000000000000000e+03,9.754383046188182282e-05,6.776263578034402713e-21,-2.126436755899106107e-12,-1.444168484238625802e-16,0.000000000000000000e+00,-1.444168484238625802e-16,-1.444164829698921030e-16,-3.802650285118523108e-12,9.754383046188159242e-05,1.355988325019654610e-04,0.000000000000000000e+00,-8.165397611531455269e-18
4.000000000000000000e+00,4.375000000000000000e+03,9.754383046125652277e-05,6.776263578034402713e-21,-2.127062055949559966e-12,-1.480780490055982682e-16,0.000000000000000000e+00,-1.480780490055982682e-16,-1.480775795115784706e-16,-3.803381520274727083e-12,9.754383046125660408e-05,1.355988325119979903e-04,0.000000000000000000e+00,-8.165397611531455269e-18
4.000000000000000000e+00,4.380000000000000000e+03,9.754383046062677749e-05,6.776263578034402713e-21,-2.127691801228921015e-12,-1.446408444092226747e-16,0.000000000000000000e+00,-1.446408444092226747e-16,-1.446403351868684363e-16,-3.804113315061472938e-12,9.754383046062676393e-05,1.355988325221027004e-04,0.000000000000000000e+00,-8.165397611531455269e-18
4.000000000000000000e+00,4.385000000000000000e+03,9.754383045998286982e-05,6.776263578034402713e-21,-2.128335708899160156e-12,-1.313002274125990850e-16,0.000000000000000000e+00,-1.313002274125990850e-16,-1.312998473295000033e-16,-3.804803165517764004e-12,9.754383045998277495e-05,1.355988325324366649e-04,0.000000000000000000e+00,-8.165397611531455269e-18
4.000000000000000000e+00,4.390000000000000000e+03,9.754383045934500657e-05,6.776263578034402713e-21,-2.128973572142287690e-12,-1.304221852387105999e-16,0.000000000000000000e+00,-1.304221852387105999e-16,-1.304219033648221803e-16,-3.805457469894499875e-12,9.754383045934504723e-05,1.355988325426704764e-04,0.000000000000000000e+00,-8.165397611531455269e-18
4.000000000000000000e+00,4.395000000000000000e+03,9.754383045869029754e-05,6.776263578034402713e-21,-2.129628281176670218e-12,-1.309484695681122300e-16,0.000000000000000000e+00,-1.309484695681122300e-16,-1.309480887776202260e-16,-3.806110894874855911e-12,9.754383045869027043e-05,1.355988325531773170e-04,0.000000000000000000e+00,-8.165397611531455269e-18
4.000000000000000000e+00,4.400000000000000000e+03,9.754383045800959476e-05,6.776263578034402713e-21,-2.130308983958138086e-12,-1.345567976798680233e-16,0.000000000000000000e+00,-1.345567976798680233e-16,-1.345564301162330961e-16,-3.806774656172089933e-12,9.754383045800959476e-05,1.355988325640991631e-04,0.000000000000000000e+00,-8.165397611531455269e-18
4.000000000000000000e+00,4.405000000000000000e+03,9.754383045729327593e-05,6.776263578034402713e-21,-2.131025302780972103e-12,-1.435232732452579159e-16,0.000000000000000000e+00,-1.435232732452579159e-16,-1.435229448853659876e-16,-3.807469854609594065e-12,9.754383045729320817e-05,1.355988325755944437e-04,0.000000000000000000e+00,-8.165397611531455269e-18
4.000000000000000000e+00,4.410000000000000000e+03,9.754383045654827996e-05,6.776263578034402713e-21,-2.131770298751268361e-12,-1.560751777188495833e-16,0.000000000000000000e+00,-1.560751777188495833e-16,-1.560747576116649091e-16,-3.808218848865837078e-12,9.754383045654822575e-05,1.355988325875488840e-04,0.000000000000000000e+00,-8.165397611531455269e-18
4.000000000000000000e+00,4.415000000000000000e+03,9.754383045582820709e-05,6.776263578034402713e-21,-2.132490371624124609e-12,-1.587344270003910772e-16,0.000000000000000000e+00,-1.587344270003910772e-16,-1.587340585411997366e-16,-3.809005870906219116e-12,9.754383045582824775e-05,1.355988325991017358e-04,0.000000000000000000e+00,-8.165397611531455269e-18
4.000000000000000000e+00,4.420000000000000000e+03,9.754383045511667231e-05,6.776263578034402713e-21,-2.133201906404872533e-12,-1.569430229491250292e-16,0.000000000000000000e+00,-1.569430229491250292e-16,-1.569426368728307910e-16,-3.809795062644754346e-12,9.754383045511669942e-05,1.355988326105192791e-04,0.000000000000000000e+00,-8.165397611531455269e-18
4.000000000000000000e+00,4.425000000000000000e+03,9.754383045443030457e-05,6.776263578034402713e-21,-2.133888274142691638e-12,-1.480250763122530672e-16,0.000000000000000000e+00,-1.480250763122530672e-16,-1.480248797778261477e-16,-3.810557481436380828e-12,9.754383045443041299e-05,1.355988326215331469e-04,0.000000000000000000e+00,-8.165397611531455269e-18
4.000000000000000000e+00,4.430000000000000000e+03,9.754383045379104542e-05,6.776263578034402713e-21,-2.134527533296116247e-12,-1.286485062938154574e-16,0.000000000000000000e+00,-1.286485062938154574e-16,-1.286481159993125264e-16,-3.811249163925823766e-12,9.754383045379090989e-05,1.355988326317924641e-04,0.000000000000000000e+00,-8.165397611531455269e-18
4.000000000000000000e+00,4.435000000000000000e+03,9.754383045316861850e-05,6.776263578034402713e-21,-2.135149960210813019e-12,-1.067862246162112761e-16,0.000000000000000000e+00,-1.067862246162112761e-16,-1.067859294959894573e-16,-3.811837749039562081e-12,9.754383045316860495e-05,1.355988326417794027e-04,0.000000000000000000e+00,-8.165397611531455269e-18
4.000000000000000000e+00,4.440000000000000000e+03,9.754383045250443625e-05,6.776263578034402713e-21,-2.135814142461677639e-12,-9.693773983930101296e-17,0.000000000000000000e+00,-9.693773983930101296e-17,-9.693728058297504994e-17,-3.812347057064759296e-12,9.754383045250444981e-05,1.355988326524375437e-04,0.000000000000000000e+00,-8.165397611531455269e-18
4.000000000000000000e+00,4.445000000000000000e+03,9.754383045183357261e-05,6.776263578034402713e-21,-2.136485006108430201e-12,-9.444474790265067457e-17,0.000000000000000000e+00,-9.444474790265067457e-17,-9.444420899392551097e-17,-3.812825510788701300e-12,9.754383045183359971e-05,1.355988326632013945e-04,0.000000000000000000e+00,-8.165397611531455269e-18
4.000000000000000000e+00,4.450000000000000000e+03,9.754383045114561922e-05,6.776263578034402713e-21,-2.137172959491926566e-12,-1.048346816574855235e-16,0.000000000000000000e+00,-1.048346816574855235e-16,-1.048342104135808161e-16,-3.813323706837219951e-12,9.754383045114560567e-05,1.355988326742413102e-04,0.000000000000000000e+00,-8.165397611531455269e-18
4.000000000000000000e+00,4.455000000000000000e+03,9.754383045042603424e-05,6.776263578034402713e-21,-2.137892544473805195e-12,-1.350397566465613294e-16,0.000000000000000000e+00,-1.350397566465613294e-16,-1.350395253946950741e-16,-3.813923391176740584e-12,9.754383045042606135e-05,1.355988326857880092e-04,0.000000000000000000e+00,-8.165397611531455269e-18
4.000000000000000000e+00,4.460000000000000000e+03,9.754383044970887516e-05,6.776263578034402713e-21,-2.138609703553322888e-12,-1.632596420220368488e-16,0.000000000000000000e+00,-1.632596420220368488e-16,-1.632592983696529750e-16,-3.814669138236152222e-12,9.754383044970875319e-05,1.355988326972957310e-04,0.000000000000000000e+00,-8.165397611531455269e-18
4.000000000000000000e+00,4.465000000000000000e+03,9.754383044900785714e-05,6.776263578034402713e-21,-2.139310721572997703e-12,-1.783526260872653410e-16,0.000000000000000000e+00,-1.783526260872653410e-16,-1.783522953316031641e-16,-3.815523167220405212e-12,9.754383044900811464e-05,1.355988327085434341e-04,0.000000000000000000e+00,-8.165397611531455269e-18
4.000000000000000000e+00,4.470000000000000000e+03,9.754383044830644610e-05,6.776263578034402713e-21,-2.140012132615960044e-12,-1.856771432825658085e-16,0.000000000000000000e+00,-1.856771432825658085e-16,-1.856767610563613045e-16,-3.816433239861375251e-12,9.754383044830643255e-05,1.355988327197989705e-04,0.000000000000000000e+00,-8.165397611531455269e-18
4.000000000000000000e+00,4.475000000000000000e+03,9.754383044760762359e-05,6.776263578034402713e-21,-2.140710955126235576e-12,-1.779254526047719146e-16,0.000000000000000000e+00,-1.779254526047719146e-16,-1.779250992505988133e-16,-3.817342244512142176e-12,9.754383044760766425e-05,1.355988327310125754e-04,0.000000000000000000e+00,-8.165397611531455269e-18
4.000000000000000000e+00,4.480000000000000000e+03,9.754383044691578063e-05,6.776263578034402713e-21,-2.141402798085025733e-12,-1.457774878017739894e-16,0.000000000000000000e+00,-1.457774878017739894e-16,-1.457771608065391971e-16,-3.818151500162285223e-12,9.754383044691579418e-05,1.355988327421143720e-04,0.000000000000000000e+00,-8.165397611531455269e-18
4.000000000000000000e+00,4.485000000000000000e+03,9.754383044623421049e-05,6.776263578034402713e-21,-2.142084368228231589e-12,-1.246410495329466656e-16,0.000000000000000000e+00,-1.246410495329466656e-16,-1.246407843508956122e-16,-3.818827545025178675e-12,9.754383044623427825e-05,1.355988327530502856e-04,0.000000000000000000e+00,-8.165397611531455269e-18
4.000000000000000000e+00,4.490000000000000000e+03,9.754383044556979784e-05,6.776263578034402713e-21,-2.142748780872057862e-12,-1.094313009723850047e-16,0.000000000000000000e+00,-1.094313009723850047e-16,-1.094310377107192020e-16,-3.819412724580332397e-12,9.754383044556975719e-05,1.355988327637125466e-04,0.000000000000000000e+00,-8.165397611531455269e-18
4.000000000000000000e+00,4.495000000000000000e+03,9.754383044493043027e-05,6.776263578034402713e-21,-2.143388148445699720e-12,-9.749816856363396889e-17,0.000000000000000000e+00,-9.749816856363396889e-17,-9.749770664679675231e-17,-3.819930046441226152e-12,9.754383044493052514e-05,1.355988327739714302e-04,0.000000000000000000e+00,-8.165397611531455269e-18
4.000000000000000000e+00,4.500000000000000000e+03,9.754383044432558098e-05,6.776263578034402713e-21,-2.143992997732675071e-12,-9.422992821571236576e-17,0.000000000000000000e+00,-9.422992821571236576e-17,-9.422968669404614233e-17,-3.820409364924578972e-12,9.754383044432564875e-05,1.355988327836766931e-04,0.000000000000000000e+00,-8.165397611531455269e-18
4.000000000000000000e+00,4.505000000000000000e+03,9.754383044376599714e-05,6.776263578034402713e-21,-2.144552581578949152e-12,-1.065440957118318958e-16,0.000000000000000000e+00,-1.065440957118318958e-16,-1.065437064095127163e-16,-3.820911298407337711e-12,9.754383044376603779e-05,1.355988327926563536e-04,0.000000000000000000e+00,-8.165397611531455269e-18
4.000000000000000000e+00,4.510000000000000000e+03,9.754383044319057039e-05,6.776263578034402713e-21,-2.145128008329468677e-12,-1.055037754514510437e-16,0.000000000000000000e+00,-1.055037754514510437e-16,-1.055035594637657486e-16,-3.821441416572021061e-12,9.754383044319051618e-05,1.355988328018900156e-04,0.000000000000000000e+00,-8.165397611531455269e-18
4.000000000000000000e+00,4.515000000000000000e+03,9.754383044262403409e-05,6.776263578034402713e-21,-2.145694544622173822e-12,-1.071393059907662828e-16,0.000000000000000000e+00,-1.071393059907662828e-16,-1.071388180758578407e-16,-3.821973022515869436e-12,9.754383044262403409e-05,1.355988328109810237e-04,0.000000000000000000e+00,-8.165397611531455269e-18
4.000000000000000000e+00,4.520000000000000000e+03,9.754383044205732162e-05,6.776263578034402713e-21,-2.146261257097731995e-12,-1.113398600716869718e-16,0.000000000000000000e+00,-1.113398600716869718e-16,-1.113393344301489181e-16,-3.822519217897134689e-12,9.754383044205738938e-05,1.355988328200739834e-04,0.000000000000000000e+00,-8.165397611531455269e-18
4.000000000000000000e+00,4.525000000000000000e+03,9.754383044147834411e-05,6.776263578034402713e-21,-2.146840234610366410e-12,-1.176390434054418753e-16,0.000000000000000000e+00,-1.176390434054418753e-16,-1.176387361752703242e-16,-3.823091663073648311e-12,9.754383044147842542e-05,1.355988328293641595e-04,0.000000000000000000e+00,-8.165397611531455269e-18
4.000000000000000000e+00,4.530000000000000000e+03,9.754383044087962056e-05,6.776263578034402713e-21,-2.147438958155067218e-12,-1.252886505854990790e-16,0.000000000000000000e+00,-1.252886505854990790e-16,-1.252882219744734967e-16,-3.823698980469022324e-12,9.754383044087963411e-05,1.355988328389722778e-04,0.000000000000000000e+00,-8.165397611531455269e-18
4.000000000000000000e+00,4.535000000000000000e+03,9.754383044029413783e-05,6.776263578034402713e-21,-2.148024440880736546e-12,-1.337918522552346172e-16,0.000000000000000000e+00,-1.337918522552346172e-16,-1.337915852661801941e-16,-3.824346679987124072e-12,9.754383044029404297e-05,1.355988328483671878e-04,0.000000000000000000e+00,-8.165397611531455269e-18
4.000000000000000000e+00,4.540000000000000000e+03,9.754383043969351694e-05,6.776263578034402713e-21,-2.148625061779239204e-12,-1.411847021981774295e-16,0.000000000000000000e+00,-1.411847021981774295e-16,-1.411844889095709702e-16,-3.825034120172564118e-12,9.754383043969358470e-05,1.355988328580044170e-04,0.000000000000000000e+00,-8.165397611531455269e-18
4.000000000000000000e+00,4.545000000000000000e+03,9.754383043907163212e-05,6.776263578034402713e-21,-2.149246946592849733e-12,-1.453477158835706111e-16,0.000000000000000000e+00,-1.453477158835706111e-16,-1.453473689566873658e-16,-3.825750449817229221e-12,9.754383043907167278e-05,1.355988328679833053e-04,0.000000000000000000e+00,-8.165397611531455269e-18
4.000000000000000000e+00,4.550000000000000000e+03,9.754383043842186976e-05,6.776263578034402713e-21,-2.149896708954820296e-12,-1.435845878197823895e-16,0.000000000000000000e+00,-1.435845878197823895e-16,-1.435841181156306558e-16,-3.826472778534910241e-12,9.754383043842191042e-05,1.355988328784098066e-04,0.000000000000000000e+00,-8.165397611531455269e-18
4.000000000000000000e+00,4.555000000000000000e+03,9.754383043775051822e-05,6.776263578034402713e-21,-2.150568060492550476e-12,-1.374096262738638476e-16,0.000000000000000000e+00,-1.374096262738638476e-16,-1.374091305264028216e-16,-3.827175261656515233e-12,9.754383043775043691e-05,1.355988328891831983e-04,0.000000000000000000e+00,-8.165397611531455269e-18
4.000000000000000000e+00,4.560000000000000000e+03,9.754383043708320534e-05,6.776263578034402713e-21,-2.151235373377188148e-12,-1.349148977138230784e-16,0.000000000000000000e+00,-1.349148977138230784e-16,-1.349145769850803590e-16,-3.827856070925294131e-12,9.754383043708324600e-05,1.355988328998902911e-04,0.000000000000000000e+00,-8.165397611531455269e-18
4.000000000000000000e+00,4.565000000000000000e+03,9.754383043641200288e-05,6.776263578034402713e-21,-2.151906575837119612e-12,-1.311622632235243707e-16,0.000000000000000000e+00,-1.311622632235243707e-16,-1.311618311255805977e-16,-3.828521261945570330e-12,9.754383043641209775e-05,1.355988329106599423e-04,0.000000000000000000e+00,-8.165397611531455269e-18
4.000000000000000000e+00,4.570000000000000000e+03,9.754383043574665511e-05,6.776263578034402713e-21,-2.152571923605319654e-12,-1.269881857330885872e-16,0.000000000000000000e+00,-1.269881857330885872e-16,-1.269880732951645897e-16,-3.829166636706622729e-12,9.754383043574669577e-05,1.355988329213370027e-04,0.000000000000000000e+00,-8.165397611531455269e-18
4.000000000000000000e+00,4.575000000000000000e+03,9.754383043510005049e-05,6.776263578034402713e-21,-2.153218528228462852e-12,-1.236548188119658798e-16,0.000000000000000000e+00,-1.236548188119658798e-16,-1.236545871275783081e-16,-3.829793243357679743e-12,9.754383043509995562e-05,1.355988329317141727e-04,0.000000000000000000e+00,-8.165397611531455269e-18
4.000000000000000000e+00,4.580000000000000000e+03,9.754383043445190088e-05,6.776263578034402713e-21,-2.153866677839701843e-12,-1.207727944254992542e-16,0.000000000000000000e+00,-1.207727944254992542e-16,-1.207724206699647227e-16,-3.830404310877173401e-12,9.754383043445200930e-05,1.355988329421128099e-04,0.000000000000000000e+00,-8.165397611531455269e-18
4.000000000000000000e+00,4.585000000000000000e+03,9.754383043378145736e-05,6.776263578034402713e-21,-2.154537121358112567e-12,-1.181912484644628966e-16,0.000000000000000000e+00,-1.181912484644628966e-16,-1.181906909061269056e-16,-3.831001718656113098e-12,9.754383043378153867e-05,1.355988329528713210e-04,0.000000000000000000e+00,-8.165397611531455269e-18
4.000000000000000000e+00,4.590000000000000000e+03,9.754383043310763926e-05,6.776263578034402713e-21,-2.155210939455785152e-12,-1.184334498793576318e-16,0.000000000000000000e+00,-1.184334498793576318e-16,-1.184331119088300439e-16,-3.831593278163150887e-12,9.754383043310774768e-05,1.355988329636830935e-04,0.000000000000000000e+00,-8.165397611531455269e-18
4.000000000000000000e+00,4.595000000000000000e+03,9.754383043242888804e-05,6.776263578034402713e-21,-2.155889690673342546e-12,-1.231832787231768194e-16,0.000000000000000000e+00,-1.231832787231768194e-16,-1.231828034256777853e-16,-3.832197317951487209e-12,9.754383043242902357e-05,1.355988329745749614e-04,0.000000000000000000e+00,-8.165397611531455269e-18
4.000000000000000000e+00,4.600000000000000000e+03,9.754383043174230346e-05,6.776263578034402713e-21,-2.156576275251596148e-12,-1.344602796958202823e-16,0.000000000000000000e+00,-1.344602796958202823e-16,-1.344599841277333958e-16,-3.832841424920371010e-12,9.754383043174233057e-05,1.355988329855912957e-04,0.000000000000000000e+00,-8.165397611531455269e-18
4.000000000000000000e+00,4.605000000000000000e+03,9.754383043105966267e-05,6.776263578034402713e-21,-2.157258916044447333e-12,-1.440018287194355241e-16,0.000000000000000000e+00,-1.440018287194355241e-16,-1.440014887014610938e-16,-3.833537578602443920e-12,9.754383043105970333e-05,1.355988329965461558e-04,0.000000000000000000e+00,-8.165397611531455269e-18
4.000000000000000000e+00,4.610000000000000000e+03,9.754383043038226671e-05,6.776263578034402713e-21,-2.157936312009289120e-12,-1.498276448272003057e-16,0.000000000000000000e+00,-1.498276448272003057e-16,-1.498271790074153971e-16,-3.834272150271715511e-12,9.754383043038237513e-05,1.355988330074156620e-04,0.000000000000000000e+00,-8.165397611531455269e-18
4.000000000000000000e+00,4.615000000000000000e+03,9.754383042970706625e-05,6.776263578034402713e-21,-2.158611512464731624e-12,-1.523834699094708545e-16,0.000000000000000000e+00,-1.523834699094708545e-16,-1.523832305309627345e-16,-3.835027676295561475e-12,9.754383042970718822e-05,1.355988330182492541e-04,0.000000000000000000e+00,-8.165397611531455269e-18
4.000000000000000000e+00,4.620000000000000000e+03,9.754383042903492867e-05,6.776263578034402713e-21,-2.159283650049036857e-12,-1.487502978903754087e-16,0.000000000000000000e+00,-1.487502978903754087e-16,-1.487498107570853029e-16,-3.835780508898781893e-12,9.754383042903495577e-05,1.355988330290355207e-04,0.000000000000000000e+00,-8.165397611531455269e-18
4.000000000000000000e+00,4.625000000000000000e+03,9.754383042836628763e-05,6.776263578034402713e-21,-2.159952291081335823e-12,-1.352169884480651215e-16,0.000000000000000000e+00,-1.352169884480651215e-16,-1.352166133870791167e-16,-3.836490424959142393e-12,9.754383042836639605e-05,1.355988330397645957e-04,0.000000000000000000e+00,-8.165397611531455269e-18
4.000000000000000000e+00,4.630000000000000000e+03,9.754383042770831244e-05,6.776263578034402713e-21,-2.160610266274762964e-12,-1.277544158106412553e-16,0.000000000000000000e+00,-1.277544158106412553e-16,-1.277540909402812851e-16,-3.837147851719960963e-12,9.754383042770833955e-05,1.355988330503239930e-04,0.000000000000000000e+00,-8.165397611531455269e-18
4.000000000000000000e+00,4.635000000000000000e+03,9.754383042706127414e-05,6.776263578034402713e-21,-2.161257304578775157e-12,-1.213805149465460141e-16,0.000000000000000000e+00,-1.213805149465460141e-16,-1.213798363017202030e-16,-3.837770686538065796e-12,9.754383042706127414e-05,1.355988330607052559e-04,0.000000000000000000e+00,-8.165397611531455269e-18
4.000000000000000000e+00,4.640000000000000000e+03,9.754383042642766639e-05,6.776263578034402713e-21,-2.161890912328375686e-12,-1.161674167787778963e-16,0.000000000000000000e+00,-1.161674167787778963e-16,-1.161670413628184864e-16,-3.838364553732226823e-12,9.754383042642776125e-05,1.355988330708718468e-04,0.000000000000000000e+00,-8.165397611531455269e-18
4.000000000000000000e+00,4.645000000000000000e+03,9.754383042581061983e-05,6.776263578034402713e-21,-2.162507958889791498e-12,-1.142042583273962028e-16,0.000000000000000000e+00,-1.142042583273962028e-16,-1.142037462436281268e-16,-3.838940480701243488e-12,9.754383042581064693e-05,1.355988330807739194e-04,0.000000000000000000e+00,-8.165397611531455269e-18
4.000000000000000000e+00,4.650000000000000000e+03,9.754383042521196404e-05,6.776263578034402713e-21,-2.163106614671856526e-12,-1.174149658533133678e-16,0.000000000000000000e+00,-1.174149658533133678e-16,-1.174146095314597898e-16,-3.839519526590680748e-12,9.754383042521193694e-05,1.355988330903806554e-04,0.000000000000000000e+00,-8.165397611531455269e-18
4.000000000000000000e+00,4.655000000000000000e+03,9.754383042461028605e-05,6.776263578034402713e-21,-2.163708292667477356e-12,-1.161604041745114194e-16,0.000000000000000000e+00,-1.161604041745114194e-16,-1.161600437392341590e-16,-3.840103463223857499e-12,9.754383042461027250e-05,1.355988331000346626e-04,0.000000000000000000e+00,-8.165397611531455269e-18
4.000000000000000000e+00,4.660000000000000000e+03,9.754383042401301262e-05,6.776263578034402713e-21,-2.164305566091772465e-12,-1.162333912031373710e-16,0.000000000000000000e+00,-1.162333912031373710e-16,-1.162329504180763154e-16,-3.840684445709250880e-12,9.754383042401301262e-05,1.355988331096186575e-04,0.000000000000000000e+00,-8.165397611531455269e-18
4.000000000000000000e+00,4.665000000000000000e+03,9.754383042341549525e-05,6.776263578034402713e-21,-2.164903083461556382e-12,-1.178215890066925474e-16,0.000000000000000000e+00,-1.178215890066925474e-16,-1.178210940864722106e-16,-3.841269580820512124e-12,9.754383042341549525e-05,1.355988331192072331e-04,0.000000000000000000e+00,-8.165397611531455269e-18
4.000000000000000000e+00,4.670000000000000000e+03,9.754383042281152688e-05,6.776263578034402713e-21,-2.165507051834266589e-12,-1.210323752429817143e-16,0.000000000000000000e+00,-1.210323752429817143e-16,-1.210319852450472689e-16,-3.841866713518841134e-12,9.754383042281151333e-05,1.355988331288982115e-04,0.000000000000000000e+00,-8.165397611531455269e-18
4.000000000000000000e+00,4.675000000000000000e+03,9.754383042220166316e-05,6.776263578034402713e-21,-2.166116915556289685e-12,-1.257941178732995482e-16,0.000000000000000000e+00,-1.257941178732995482e-16,-1.257937987503975369e-16,-3.842483777978829816e-12,9.754383042220159540e-05,1.355988331386841119e-04,0.000000000000000000e+00,-8.165397611531455269e-18
4.000000000000000000e+00,4.680000000000000000e+03,9.754383042160968877e-05,6.776263578034402713e-21,-2.166708889942466770e-12,-1.316692034181202742e-16,0.000000000000000000e+00,-1.316692034181202742e-16,-1.316688026094690903e-16,-3.843127434482229584e-12,9.754383042160959391e-05,1.355988331481845148e-04,0.000000000000000000e+00,-8.165397611531455269e-18
4.000000000000000000e+00,4.685000000000000000e+03,9.754383042102209185e-05,6.776263578034402713e-21,-2.167296486862372445e-12,-1.384426692623534730e-16,0.000000000000000000e+00,-1.384426692623534730e-16,-1.384422642316660925e-16,-3.843802712149331754e-12,9.754383042102205120e-05,1.355988331576133061e-04,0.000000000000000000e+00,-8.165397611531455269e-18
4.000000000000000000e+00,4.690000000000000000e+03,9.754383042044075620e-05,6.776263578034402713e-21,-2.167877822514732017e-12,-1.455776845162972291e-16,0.000000000000000000e+00,-1.455776845162972291e-16,-1.455772782125497682e-16,-3.844512761005443085e-12,9.754383042044081041e-05,1.355988331669401553e-04,0.000000000000000000e+00,-8.165397611531455269e-18
4.000000000000000000e+00,4.695000000000000000e+03,9.754383041986864982e-05,6.776263578034402713e-21,-2.168449928896098305e-12,-1.523409440414897291e-16,0.000000000000000000e+00,-1.523409440414897291e-16,-1.523405498890762723e-16,-3.845257555575696459e-12,9.754383041986870403e-05,1.355988331761200409e-04,0.000000000000000000e+00,-8.165397611531455269e-18
4.000000000000000000e+00,4.700000000000000000e+03,9.754383041930963518e-05,6.776263578034402713e-21,-2.169008943536231832e-12,-1.577830681062102324e-16,0.000000000000000000e+00,-1.577830681062102324e-16,-1.577827090334263611e-16,-3.846032863723003053e-12,9.754383041930954031e-05,1.355988331850913802e-04,0.000000000000000000e+00,-8.165397611531455269e-18
4.000000000000000000e+00,4.705000000000000000e+03,9.754383041876845566e-05,6.776263578034402713e-21,-2.169550123050627971e-12,-1.607190969741144478e-16,0.000000000000000000e+00,-1.607190969741144478e-16,-1.607186235466324009e-16,-3.846829117054452788e-12,9.754383041876848277e-05,1.355988331937744843e-04,0.000000000000000000e+00,-8.165397611531455269e-18
4.000000000000000000e+00,4.710000000000000000e+03,9.754383041825156228e-05,6.776263578034402713e-21,-2.170067016436360435e-12,-1.597082155629826760e-16,0.000000000000000000e+00,-1.597082155629826760e-16,-1.597077131520141752e-16,-3.847630182896199418e-12,9.754383041825152162e-05,1.355988332020690375e-04,0.000000000000000000e+00,-8.165397611531455269e-18
4.000000000000000000e+00,4.715000000000000000e+03,9.754383041776644957e-05,6.776263578034402713e-21,-2.170552129145911918e-12,-1.530344730687416223e-16,0.000000000000000000e+00,-1.530344730687416223e-16,-1.530342630884331814e-16,-3.848412037836801169e-12,9.754383041776646312e-05,1.355988332098527146e-04,0.000000000000000000e+00,-8.165397611531455269e-18
4.000000000000000000e+00,4.720000000000000000e+03,9.754383041732237391e-05,6.776263578034402713e-21,-2.170996204803234825e-12,-1.386882813574887623e-16,0.000000000000000000e+00,-1.386882813574887623e-16,-1.386877378033758420e-16,-3.849141342839030660e-12,9.754383041732234681e-05,1.355988332169790400e-04,0.000000000000000000e+00,-8.165397611531455269e-18
4.000000000000000000e+00,4.725000000000000000e+03,9.754383041685618053e-05,6.776263578034402713e-21,-2.171462398184876436e-12,-1.278551863374116060e-16,0.000000000000000000e+00,-1.278551863374116060e-16,-1.278549278691756349e-16,-3.849807699503211416e-12,9.754383041685620764e-05,1.355988332244580021e-04,0.000000000000000000e+00,-8.165397611531455269e-18
4.000000000000000000e+00,4.730000000000000000e+03,9.754383041635662083e-05,6.776263578034402713e-21,-2.171961957888376288e-12,-1.222914384945633861e-16,0.000000000000000000e+00,-1.222914384945633861e-16,-1.222909991010358343e-16,-3.850433064320637386e-12,9.754383041635656662e-05,1.355988332324756501e-04,0.000000000000000000e+00,-8.165397611531455269e-18
4.000000000000000000e+00,4.735000000000000000e+03,9.754383041585344260e-05,6.776263578034402713e-21,-2.172465136116626810e-12,-1.160929775081143075e-16,0.000000000000000000e+00,-1.160929775081143075e-16,-1.160924837308829179e-16,-3.851029023027717321e-12,9.754383041585352391e-05,1.355988332405491344e-04,0.000000000000000000e+00,-8.165397611531455269e-18
4.000000000000000000e+00,4.740000000000000000e+03,9.754383041534203799e-05,6.776263578034402713e-21,-2.172976540728861067e-12,-1.097422678320566707e-16,0.000000000000000000e+00,-1.097422678320566707e-16,-1.097418549954861337e-16,-3.851593608874533023e-12,9.754383041534195667e-05,1.355988332487550541e-04,0.000000000000000000e+00,-8.165397611531455269e-18
4.000000000000000000e+00,4.745000000000000000e+03,9.754383041481659296e-05,6.776263578034402713e-21,-2.173501985759229010e-12,-1.038781882053786692e-16,0.000000000000000000e+00,-1.038781882053786692e-16,-1.038777245633013464e-16,-3.852127657823430130e-12,9.754383041481664717e-05,1.355988332571854578e-04,0.000000000000000000e+00,-8.165397611531455269e-18
4.000000000000000000e+00,4.750000000000000000e+03,9.754383041427069716e-05,6.776263578034402713e-21,-2.174047881553075462e-12,-9.930951719601286295e-17,0.000000000000000000e+00,-9.930951719601286295e-17,-9.930923594005371040e-17,-3.852635625224688113e-12,9.754383041427056164e-05,1.355988332659467601e-04,0.000000000000000000e+00,-8.165397611531455269e-18
4.000000000000000000e+00,4.755000000000000000e+03,9.754383041369631396e-05,6.776263578034402713e-21,-2.174622264759003970e-12,-9.703079964875305046e-17,0.000000000000000000e+00,-9.703079964875305046e-17,-9.703045787444782925e-17,-3.853126474459224359e-12,9.754383041369634106e-05,1.355988332751634814e-04,0.000000000000000000e+00,-8.165397611531455269e-18
4.000000000000000000e+00,4.760000000000000000e+03,9.754383041308474262e-05,6.776263578034402713e-21,-2.175233836099448731e-12,-9.823507883823231082e-17,0.000000000000000000e+00,-9.823507883823231082e-17,-9.823477776399773612e-17,-3.853614637548321026e-12,9.754383041308467485e-05,1.355988332849766224e-04,0.000000000000000000e+00,-8.165397611531455269e-18
4.000000000000000000e+00,4.765000000000000000e+03,9.754383041242603559e-05,6.776263578034402713e-21,-2.175892543129342299e-12,-1.043297044583042689e-16,0.000000000000000000e+00,-1.043297044583042689e-16,-1.043292950609724053e-16,-3.854121047730383552e-12,9.754383041242600848e-05,1.355988332955469430e-04,0.000000000000000000e+00,-8.165397611531455269e-18
4.000000000000000000e+00,4.770000000000000000e+03,9.754383041170882230e-05,6.776263578034402713e-21,-2.176609756418968616e-12,-1.169496036068973083e-16,0.000000000000000000e+00,-1.169496036068973083e-16,-1.169492146784506320e-16,-3.854674244004731642e-12,9.754383041170882230e-05,1.355988333070549088e-04,0.000000000000000000e+00,-8.165397611531455269e-18
4.000000000000000000e+00,4.775000000000000000e+03,9.754383041102721150e-05,6.776263578034402713e-21,-2.177291367219755941e-12,-1.187645060974807040e-16,0.000000000000000000e+00,-1.187645060974807040e-16,-1.187640712163862056e-16,-3.855263527219468854e-12,9.754383041102719794e-05,1.355988333179923404e-04,0.000000000000000000e+00,-8.165397611531455269e-18
4.000000000000000000e+00,4.780000000000000000e+03,9.754383041031258674e-05,6.776263578034402713e-21,-2.178005991976695449e-12,-1.217502048874428795e-16,0.000000000000000000e+00,-1.217502048874428795e-16,-1.217500862367736776e-16,-3.855864812613102047e-12,9.754383041031264095e-05,1.355988333294588083e-04,0.000000000000000000e+00,-8.165397611531455269e-18
4.000000000000000000e+00,4.785000000000000000e+03,9.754383040956002846e-05,6.776263578034402713e-21,-2.178758550257144794e-12,-1.264398664476229826e-16,0.000000000000000000e+00,-1.264398664476229826e-16,-1.264394806729438690e-16,-3.856485286530376265e-12,9.754383040956005556e-05,1.355988333415346792e-04,0.000000000000000000e+00,-8.165397611531455269e-18
4.000000000000000000e+00,4.790000000000000000e+03,9.754383040876587747e-05,6.776263578034402713e-21,-2.179552701243436114e-12,-1.331349335906136173e-16,0.000000000000000000e+00,-1.331349335906136173e-16,-1.331346216063047676e-16,-3.857134221786073902e-12,9.754383040876597234e-05,1.355988333542784458e-04,0.000000000000000000e+00,-8.165397611531455269e-18
4.000000000000000000e+00,4.795000000000000000e+03,9.754383040792631197e-05,6.776263578034402713e-21,-2.180392266748227420e-12,-1.421573391230846284e-16,0.000000000000000000e+00,-1.421573391230846284e-16,-1.421569851052487887e-16,-3.857822450802853117e-12,9.754383040792632552e-05,1.355988333677490886e-04,0.000000000000000000e+00,-8.165397611531455269e-18
4.000000000000000000e+00,4.800000000000000000e+03,9.754383040703791671e-05,6.776263578034402713e-21,-2.181280662008362042e-12,-1.538473207454902838e-16,0.000000000000000000e+00,-1.538473207454902838e-16,-1.538470464518428960e-16,-3.858562460881745811e-12,9.754383040703787605e-05,1.355988333820059948e-04,0.000000000000000000e+00,-8.165397611531455269e-18
