step,time_s,inventory_mol,input_mol,residual_mol,inventory_rate_mol_s,input_rate_mol_s,balance_rate_mol_s,predicted_rate_mol_s,predicted_integral_mol,loop_inventory_mol,supplied_inventory,current_A,capacity_Ah
0.000000000000000000e+00,0.000000000000000000e+00,9.754383255148094643e-05,0.000000000000000000e+00,0.000000000000000000e+00,-8.156570848173687483e-17,0.000000000000000000e+00,-8.156570848173687483e-17,-8.156553479174291742e-17,0.000000000000000000e+00,9.754383255148100064e-05,1.355988415067047167e-04,0.000000000000000000e+00,0.000000000000000000e+00
0.000000000000000000e+00,5.000000000000000000e+00,9.754383255082589859e-05,0.000000000000000000e+00,-6.550478475614296414e-16,-1.424455876585022058e-16,0.000000000000000000e+00,-1.424455876585022058e-16,-1.424454667325572895e-16,-5.600275038107505791e-16,9.754383255082577661e-05,1.355988415172161110e-04,0.000000000000000000e+00,0.000000000000000000e+00
0.000000000000000000e+00,1.000000000000000000e+01,9.754383255016061858e-05,0.000000000000000000e+00,-1.320327853125691231e-15,-1.337513004555793180e-16,0.000000000000000000e+00,-1.337513004555793180e-16,-1.337507805568622000e-16,-1.250518122034299315e-15,9.754383255016063213e-05,1.355988415278907048e-04,0.000000000000000000e+00,0.000000000000000000e+00
0.000000000000000000e+00,1.500000000000000000e+01,9.754383254958000121e-05,0.000000000000000000e+00,-1.900945221545990993e-15,-1.241723041475688702e-16,0.000000000000000000e+00,-1.241723041475688702e-16,-1.241718059220111593e-16,-1.895324588231482874e-15,9.754383254958005542e-05,1.355988415372077148e-04,0.000000000000000000e+00,0.000000000000000000e+00
0.000000000000000000e+00,2.000000000000000000e+01,9.754383254897363404e-05,0.000000000000000000e+00,-2.507312391562821485e-15,-1.174666836441430206e-16,0.000000000000000000e+00,-1.174666836441430206e-16,-1.174661653737696816e-16,-2.499419516470934877e-15,9.754383254897352562e-05,1.355988415469374265e-04,0.000000000000000000e+00,0.000000000000000000e+00
0.000000000000000000e+00,2.500000000000000000e+01,9.754383254823212107e-05,0.000000000000000000e+00,-3.248825362379970105e-15,-1.258459213694543804e-16,0.000000000000000000e+00,-1.258459213694543804e-16,-1.258455352139370108e-16,-3.107698767940201559e-15,9.754383254823190423e-05,1.355988415588359761e-04,0.000000000000000000e+00,0.000000000000000000e+00
0.000000000000000000e+00,3.000000000000000000e+01,9.754383254749056744e-05,0.000000000000000000e+00,-3.990378990778586932e-15,-1.342252957138718103e-16,0.000000000000000000e+00,-1.342252957138718103e-16,-1.342249050542225705e-16,-3.757874868610600167e-15,9.754383254749060810e-05,1.355988415707346613e-04,0.000000000000000000e+00,0.000000000000000000e+00
0.000000000000000000e+00,3.500000000000000000e+01,9.754383254674909513e-05,0.000000000000000000e+00,-4.731851304014267345e-15,-1.426047040726979313e-16,0.000000000000000000e+00,-1.426047040726979313e-16,-1.426042748946263854e-16,-4.449947818482722347e-15,9.754383254674894605e-05,1.355988415826331025e-04,0.000000000000000000e+00,0.000000000000000000e+00
0.000000000000000000e+00,4.000000000000000000e+01,9.754383254608693220e-05,0.000000000000000000e+00,-5.394014228332633110e-15,-1.462361665108450781e-16,0.000000000000000000e+00,-1.462361665108450781e-16,-1.462357135075340540e-16,-5.172047789488123643e-15,9.754383254608685089e-05,1.355988415932583651e-04,0.000000000000000000e+00,0.000000000000000000e+00
0.000000000000000000e+00,4.500000000000000000e+01,9.754383254559332206e-05,0.000000000000000000e+00,-5.887624372410971141e-15,-1.397782358752164215e-16,0.000000000000000000e+00,-1.397782358752164215e-16,-1.397777929466868704e-16,-5.887081555623675719e-15,9.754383254559345759e-05,1.355988416011777030e-04,0.000000000000000000e+00,0.000000000000000000e+00
0.000000000000000000e+00,5.000000000000000000e+01,9.754383254509986099e-05,0.000000000000000000e+00,-6.381085438690592415e-15,-1.333202248317219902e-16,0.000000000000000000e+00,-1.333202248317219902e-16,-1.333198723857759122e-16,-6.569825718954832355e-15,9.754383254509996941e-05,1.355988416090971223e-04,0.000000000000000000e+00,0.000000000000000000e+00
0.000000000000000000e+00,5.500000000000000000e+01,9.754383254460635927e-05,0.000000000000000000e+00,-6.874587162551681896e-15,-1.268622705326086008e-16,0.000000000000000000e+00,-1.268622705326086008e-16,-1.268619518248011796e-16,-7.220280279481274851e-15,9.754383254460631861e-05,1.355988416170162976e-04,0.000000000000000000e+00,0.000000000000000000e+00
0.000000000000000000e+00,6.000000000000000000e+01,9.754383254411276268e-05,0.000000000000000000e+00,-7.368183754102863858e-15,-1.204045769588720448e-16,0.000000000000000000e+00,-1.204045769588720448e-16,-1.204040312637627464e-16,-7.838445237202685294e-15,9.754383254411269492e-05,1.355988416249355000e-04,0.000000000000000000e+00,0.000000000000000000e+00
0.000000000000000000e+00,6.500000000000000000e+01,9.754383254361928806e-05,0.000000000000000000e+00,-7.861658372909641201e-15,-1.139466577785289554e-16,0.000000000000000000e+00,-1.139466577785289554e-16,-1.139461107026605141e-16,-8.424320592118743409e-15,9.754383254361922030e-05,1.355988416328548921e-04,0.000000000000000000e+00,0.000000000000000000e+00
0.000000000000000000e+00,7.000000000000000000e+01,9.754383254312571857e-05,0.000000000000000000e+00,-8.355227859406511026e-15,-1.074886091686049484e-16,0.000000000000000000e+00,-1.074886091686049484e-16,-1.074881901414944827e-16,-8.977906344229130494e-15,9.754383254312582699e-05,1.355988416407742842e-04,0.000000000000000000e+00,0.000000000000000000e+00
0.000000000000000000e+00,7.500000000000000000e+01,9.754383254263217619e-05,0.000000000000000000e+00,-8.848770240849068713e-15,-1.010307336677396584e-16,0.000000000000000000e+00,-1.010307336677396584e-16,-1.010302695802647138e-16,-9.499202493533527851e-15,9.754383254263223040e-05,1.355988416486935408e-04,0.000000000000000000e+00,0.000000000000000000e+00
0.000000000000000000e+00,8.000000000000000000e+01,9.754383254209344969e-05,0.000000000000000000e+00,-9.387496747829959798e-15,-9.929422435970912537e-17,0.000000000000000000e+00,-9.929422435970912537e-17,-9.929394629383679013e-17,-1.000001303321878206e-14,9.754383254209350390e-05,1.355988416573381016e-04,0.000000000000000000e+00,0.000000000000000000e+00
0.000000000000000000e+00,8.500000000000000000e+01,9.754383254152935285e-05,0.000000000000000000e+00,-9.951593585647011686e-15,-1.002140484535056586e-16,0.000000000000000000e+00,-1.002140484535056586e-16,-1.002135241173140487e-16,-1.049878170924665940e-14,9.754383254152946127e-05,1.355988416663907832e-04,0.000000000000000000e+00,0.000000000000000000e+00
0.000000000000000000e+00,9.000000000000000000e+01,9.754383254096518825e-05,0.000000000000000000e+00,-1.051575818609984392e-14,-1.011334851348280060e-16,0.000000000000000000e+00,-1.011334851348280060e-16,-1.011331019408013776e-16,-1.100214827439194860e-14,9.754383254096522890e-05,1.355988416754432479e-04,0.000000000000000000e+00,0.000000000000000000e+00
0.000000000000000000e+00,9.500000000000000000e+01,9.754383254040105075e-05,0.000000000000000000e+00,-1.107989568149836401e-14,-1.020531854554790374e-16,0.000000000000000000e+00,-1.020531854554790374e-16,-1.020526797642987645e-16,-1.151011272865469859e-14,9.754383254040106430e-05,1.355988416844957668e-04,0.000000000000000000e+00,0.000000000000000000e+00
0.000000000000000000e+00,1.000000000000000000e+02,9.754383253983685905e-05,0.000000000000000000e+00,-1.164408738700550838e-14,-1.029726619693459290e-16,0.000000000000000000e+00,-1.029726619693459290e-16,-1.029722575878061970e-16,-1.202267507203496142e-14,9.754383253983691326e-05,1.355988416935482587e-04,0.000000000000000000e+00,0.000000000000000000e+00
0.000000000000000000e+00,1.050000000000000000e+02,9.754383253927266734e-05,0.000000000000000000e+00,-1.220827909251265275e-14,-1.038921135819434019e-16,0.000000000000000000e+00,-1.038921135819434019e-16,-1.038918354113237491e-16,-1.253983530453278600e-14,9.754383253927265379e-05,1.355988417026008047e-04,0.000000000000000000e+00,0.000000000000000000e+00
0.000000000000000000e+00,1.100000000000000000e+02,9.754383253870859761e-05,0.000000000000000000e+00,-1.277234882527539250e-14,-1.048117883919068419e-16,0.000000000000000000e+00,-1.048117883919068419e-16,-1.048114132348513592e-16,-1.306159342614822440e-14,9.754383253870850274e-05,1.355988417116534049e-04,0.000000000000000000e+00,0.000000000000000000e+00
0.000000000000000000e+00,1.150000000000000000e+02,9.754383253814435169e-05,0.000000000000000000e+00,-1.333659474089116115e-14,-1.057313195933932607e-16,0.000000000000000000e+00,-1.057313195933932607e-16,-1.057309910583889410e-16,-1.358794943688132553e-14,9.754383253814433814e-05,1.355988417207058968e-04,0.000000000000000000e+00,0.000000000000000000e+00
0.000000000000000000e+00,1.200000000000000000e+02,9.754383253758028196e-05,0.000000000000000000e+00,-1.390066447365390090e-14,-1.066507851088388671e-16,0.000000000000000000e+00,-1.066507851088388671e-16,-1.066505688819367287e-16,-1.411890333673213987e-14,9.754383253758025485e-05,1.355988417297585512e-04,0.000000000000000000e+00,0.000000000000000000e+00
0.000000000000000000e+00,1.250000000000000000e+02,9.754383253701606315e-05,0.000000000000000000e+00,-1.446488328421535741e-14,-1.075705142540902258e-16,0.000000000000000000e+00,-1.075705142540902258e-16,-1.075701467054945497e-16,-1.465445512570071791e-14,9.754383253701621223e-05,1.355988417388112328e-04,0.000000000000000000e+00,0.000000000000000000e+00
0.000000000000000000e+00,1.300000000000000000e+02,9.754383253645195276e-05,0.000000000000000000e+00,-1.502899367455956536e-14,-1.084900063848810278e-16,0.000000000000000000e+00,-1.084900063848810278e-16,-1.084897245290624533e-16,-1.519460480378711014e-14,9.754383253645196631e-05,1.355988417478637246e-04,0.000000000000000000e+00,0.000000000000000000e+00
0.000000000000000000e+00,1.350000000000000000e+02,9.754383253588780171e-05,0.000000000000000000e+00,-1.559314472248524153e-14,-1.094097843614185529e-16,0.000000000000000000e+00,-1.094097843614185529e-16,-1.094093023526404396e-16,-1.573935237099136704e-14,9.754383253588785592e-05,1.355988417569162707e-04,0.000000000000000000e+00,0.000000000000000000e+00
0.000000000000000000e+00,1.400000000000000000e+02,9.754383253532362356e-05,0.000000000000000000e+00,-1.615732287546522983e-14,-1.103293179911875309e-16,0.000000000000000000e+00,-1.103293179911875309e-16,-1.103288801762285208e-16,-1.628869782731353911e-14,9.754383253532365066e-05,1.355988417659687625e-04,0.000000000000000000e+00,0.000000000000000000e+00
0.000000000000000000e+00,1.450000000000000000e+02,9.754383253475945896e-05,0.000000000000000000e+00,-1.672148747591806206e-14,-1.112488734369627995e-16,0.000000000000000000e+00,-1.112488734369627995e-16,-1.112484579998265983e-16,-1.684264117275367683e-14,9.754383253475956738e-05,1.355988417750213899e-04,0.000000000000000000e+00,0.000000000000000000e+00
0.000000000000000000e+00,1.500000000000000000e+02,9.754383253419533501e-05,0.000000000000000000e+00,-1.728561141878942609e-14,-1.121685106046523963e-16,0.000000000000000000e+00,-1.121685106046523963e-16,-1.121680358234347955e-16,-1.740118240731183068e-14,9.754383253419528080e-05,1.355988417840738546e-04,0.000000000000000000e+00,0.000000000000000000e+00
0.000000000000000000e+00,1.550000000000000000e+02,9.754383253362096536e-05,0.000000000000000000e+00,-1.785998107219077813e-14,-1.128970336483890080e-16,0.000000000000000000e+00,-1.128970336483890080e-16,-1.128967033041136270e-16,-1.796384425513070130e-14,9.754383253362091115e-05,1.355988417932904404e-04,0.000000000000000000e+00,0.000000000000000000e+00
0.000000000000000000e+00,1.600000000000000000e+02,9.754383253302029025e-05,0.000000000000000000e+00,-1.846065618080205972e-14,-1.131347160740285663e-16,0.000000000000000000e+00,-1.131347160740285663e-16,-1.131344573578309329e-16,-1.852892215678556156e-14,9.754383253302034446e-05,1.355988418029291332e-04,0.000000000000000000e+00,0.000000000000000000e+00
0.000000000000000000e+00,1.650000000000000000e+02,9.754383253241962870e-05,0.000000000000000000e+00,-1.906131773688618525e-14,-1.133725634861204934e-16,0.000000000000000000e+00,-1.133725634861204934e-16,-1.133722114115509751e-16,-1.909518882870901531e-14,9.754383253241961514e-05,1.355988418125676363e-04,0.000000000000000000e+00,0.000000000000000000e+00
0.000000000000000000e+00,1.700000000000000000e+02,9.754383253181892648e-05,0.000000000000000000e+00,-1.966201995055177898e-14,-1.136103585531549177e-16,0.000000000000000000e+00,-1.136103585531549177e-16,-1.136099654652739263e-16,-1.966264427090107831e-14,9.754383253181896714e-05,1.355988418222061666e-04,0.000000000000000000e+00,0.000000000000000000e+00
0.000000000000000000e+00,1.750000000000000000e+02,9.754383253121822427e-05,0.000000000000000000e+00,-2.026272216421737271e-14,-1.138481587432853908e-16,0.000000000000000000e+00,-1.138481587432853908e-16,-1.138477195189995152e-16,-2.023128848336176320e-14,9.754383253121821072e-05,1.355988418318446697e-04,0.000000000000000000e+00,0.000000000000000000e+00
0.000000000000000000e+00,1.800000000000000000e+02,9.754383253061757627e-05,0.000000000000000000e+00,-2.086337016777434217e-14,-1.140858838010686833e-16,0.000000000000000000e+00,-1.140858838010686833e-16,-1.140854735727278898e-16,-2.080112146609108259e-14,9.754383253061758982e-05,1.355988418414833083e-04,0.000000000000000000e+00,0.000000000000000000e+00
0.000000000000000000e+00,1.850000000000000000e+02,9.754383253001696892e-05,0.000000000000000000e+00,-2.146397751374984342e-14,-1.143236666031602896e-16,0.000000000000000000e+00,-1.143236666031602896e-16,-1.143232276264591240e-16,-2.137214321908904910e-14,9.754383253001692826e-05,1.355988418511218656e-04,0.000000000000000000e+00,0.000000000000000000e+00
0.000000000000000000e+00,1.900000000000000000e+02,9.754383252941623960e-05,0.000000000000000000e+00,-2.206470683246974929e-14,-1.145614539855663810e-16,0.000000000000000000e+00,-1.145614539855663810e-16,-1.145609816801931192e-16,-2.194435374235567851e-14,9.754383252941614473e-05,1.355988418607602603e-04,0.000000000000000000e+00,0.000000000000000000e+00
0.000000000000000000e+00,1.950000000000000000e+02,9.754383252881555094e-05,0.000000000000000000e+00,-2.266539549360818695e-14,-1.147990981689549366e-16,0.000000000000000000e+00,-1.147990981689549366e-16,-1.147987357339297769e-16,-2.251775303589098660e-14,9.754383252881560515e-05,1.355988418703989531e-04,0.000000000000000000e+00,0.000000000000000000e+00
0.000000000000000000e+00,2.000000000000000000e+02,9.754383252821493004e-05,0.000000000000000000e+00,-2.326601639211084427e-14,-1.150368523369644319e-16,0.000000000000000000e+00,-1.150368523369644319e-16,-1.150364897876693681e-16,-2.309234109969498599e-14,9.754383252821498425e-05,1.355988418800375375e-04,0.000000000000000000e+00,0.000000000000000000e+00
0.000000000000000000e+00,2.050000000000000000e+02,9.754383252761428204e-05,0.000000000000000000e+00,-2.386666439566781373e-14,-1.152746675726260309e-16,0.000000000000000000e+00,-1.152746675726260309e-16,-1.152742438414116710e-16,-2.366811793376768931e-14,9.754383252761411941e-05,1.355988418896759051e-04,0.000000000000000000e+00,0.000000000000000000e+00
0.000000000000000000e+00,2.100000000000000000e+02,9.754383252701359338e-05,0.000000000000000000e+00,-2.446735305680625139e-14,-1.155125061097935522e-16,0.000000000000000000e+00,-1.155125061097935522e-16,-1.155119978951568089e-16,-2.424508353810910916e-14,9.754383252701359338e-05,1.355988418993146522e-04,0.000000000000000000e+00,0.000000000000000000e+00
0.000000000000000000e+00,2.150000000000000000e+02,9.754383252641289116e-05,0.000000000000000000e+00,-2.506805527047184512e-14,-1.157500668762883530e-16,0.000000000000000000e+00,-1.157500668762883530e-16,-1.157497519489046338e-16,-2.482323791271926134e-14,9.754383252641286406e-05,1.355988419089531282e-04,0.000000000000000000e+00,0.000000000000000000e+00
0.000000000000000000e+00,2.200000000000000000e+02,9.754383252581224316e-05,0.000000000000000000e+00,-2.566870327402881458e-14,-1.159879892874454172e-16,0.000000000000000000e+00,-1.159879892874454172e-16,-1.159875060026552444e-16,-2.540258105759816161e-14,9.754383252581218895e-05,1.355988419185916584e-04,0.000000000000000000e+00,0.000000000000000000e+00
0.000000000000000000e+00,2.250000000000000000e+02,9.754383252521147318e-05,0.000000000000000000e+00,-2.626947325033018865e-14,-1.162257050703608476e-16,0.000000000000000000e+00,-1.162257050703608476e-16,-1.162252600564087393e-16,-2.598311297274582261e-14,9.754383252521159516e-05,1.355988419282302970e-04,0.000000000000000000e+00,0.000000000000000000e+00
0.000000000000000000e+00,2.300000000000000000e+02,9.754383252461086584e-05,0.000000000000000000e+00,-2.687008059630568990e-14,-1.164633509773373882e-16,0.000000000000000000e+00,-1.164633509773373882e-16,-1.164630141101649212e-16,-2.656483365816225694e-14,9.754383252461092005e-05,1.355988419378688272e-04,0.000000000000000000e+00,0.000000000000000000e+00
0.000000000000000000e+00,2.350000000000000000e+02,9.754383252401025849e-05,0.000000000000000000e+00,-2.747068794228119115e-14,-1.167009925896790605e-16,0.000000000000000000e+00,-1.167009925896790605e-16,-1.167007681639239628e-16,-2.714774311384748040e-14,9.754383252401028560e-05,1.355988419475073845e-04,0.000000000000000000e+00,0.000000000000000000e+00
0.000000000000000000e+00,2.400000000000000000e+02,9.754383252340961049e-05,0.000000000000000000e+00,-2.807133594583816061e-14,-1.169388810056018318e-16,0.000000000000000000e+00,-1.169388810056018318e-16,-1.169385222176856421e-16,-2.773184133980150560e-14,9.754383252340956983e-05,1.355988419571459418e-04,0.000000000000000000e+00,0.000000000000000000e+00
0.000000000000000000e+00,2.450000000000000000e+02,9.754383252280881341e-05,0.000000000000000000e+00,-2.867213302719384682e-14,-1.171766102723568721e-16,0.000000000000000000e+00,-1.171766102723568721e-16,-1.171762762714502057e-16,-2.831712833602434515e-14,9.754383252280892183e-05,1.355988419667844449e-04,0.000000000000000000e+00,0.000000000000000000e+00
0.000000000000000000e+00,2.500000000000000000e+02,9.754383252220811119e-05,0.000000000000000000e+00,-2.927283524085944055e-14,-1.174144081104766407e-16,0.000000000000000000e+00,-1.174144081104766407e-16,-1.174140303252175549e-16,-2.890360410251601169e-14,9.754383252220813830e-05,1.355988419764229751e-04,0.000000000000000000e+00,0.000000000000000000e+00
0.000000000000000000e+00,2.550000000000000000e+02,9.754383252160749029e-05,0.000000000000000000e+00,-2.987345613936209787e-14,-1.176521127425875602e-16,0.000000000000000000e+00,-1.176521127425875602e-16,-1.176517843789876652e-16,-2.949126863927652731e-14,9.754383252160749029e-05,1.355988419860615596e-04,0.000000000000000000e+00,0.000000000000000000e+00
0.000000000000000000e+00,2.600000000000000000e+02,9.754383252100689650e-05,0.000000000000000000e+00,-3.047404993281044305e-14,-1.178897899785324492e-16,0.000000000000000000e+00,-1.178897899785324492e-16,-1.178895384327605365e-16,-3.008012194630589831e-14,9.754383252100692361e-05,1.355988419957001711e-04,0.000000000000000000e+00,0.000000000000000000e+00
0.000000000000000000e+00,2.650000000000000000e+02,9.754383252040616718e-05,0.000000000000000000e+00,-3.107477925153034892e-14,-1.181277702292442272e-16,0.000000000000000000e+00,-1.181277702292442272e-16,-1.181272924865361687e-16,-3.067016402360413731e-14,9.754383252040614008e-05,1.355988420053386200e-04,0.000000000000000000e+00,0.000000000000000000e+00
0.000000000000000000e+00,2.700000000000000000e+02,9.754383251980549207e-05,0.000000000000000000e+00,-3.167545436014163052e-14,-1.183654730140025524e-16,0.000000000000000000e+00,-1.183654730140025524e-16,-1.183650465403145867e-16,-3.126139487117126325e-14,9.754383251980549207e-05,1.355988420149771773e-04,0.000000000000000000e+00,0.000000000000000000e+00
0.000000000000000000e+00,2.750000000000000000e+02,9.754383251920488473e-05,0.000000000000000000e+00,-3.227606170611713177e-14,-1.186032835360770891e-16,0.000000000000000000e+00,-1.186032835360770891e-16,-1.186028005940959136e-16,-3.185381448900728875e-14,9.754383251920483052e-05,1.355988420246157346e-04,0.000000000000000000e+00,0.000000000000000000e+00
0.000000000000000000e+00,2.800000000000000000e+02,9.754383251860416896e-05,0.000000000000000000e+00,-3.287677747230988157e-14,-1.188408917816816119e-16,0.000000000000000000e+00,-1.188408917816816119e-16,-1.188405546478799029e-16,-3.244742287711222643e-14,9.754383251860415541e-05,1.355988420342543190e-04,0.000000000000000000e+00,0.000000000000000000e+00
0.000000000000000000e+00,2.850000000000000000e+02,9.754383251800349385e-05,0.000000000000000000e+00,-3.347745258092116316e-14,-1.190788155260219383e-16,0.000000000000000000e+00,-1.190788155260219383e-16,-1.190783087016666778e-16,-3.304222003548609522e-14,9.754383251800356161e-05,1.355988420438929034e-04,0.000000000000000000e+00,0.000000000000000000e+00
0.000000000000000000e+00,2.900000000000000000e+02,9.754383251740288651e-05,0.000000000000000000e+00,-3.407805992689666441e-14,-1.193163456206574701e-16,0.000000000000000000e+00,-1.193163456206574701e-16,-1.193160627554561645e-16,-3.363820596412890144e-14,9.754383251740281874e-05,1.355988420535313523e-04,0.000000000000000000e+00,0.000000000000000000e+00
0.000000000000000000e+00,2.950000000000000000e+02,9.754383251680211653e-05,0.000000000000000000e+00,-3.467882990319803849e-14,-1.195541822248093258e-16,0.000000000000000000e+00,-1.195541822248093258e-16,-1.195538168092485600e-16,-3.423538066304066401e-14,9.754383251680208942e-05,1.355988420631699097e-04,0.000000000000000000e+00,0.000000000000000000e+00
0.000000000000000000e+00,3.000000000000000000e+02,9.754383251620148208e-05,0.000000000000000000e+00,-3.527946435422785187e-14,-1.197918523665305347e-16,0.000000000000000000e+00,-1.197918523665305347e-16,-1.197915708630436180e-16,-3.483374413222139557e-14,9.754383251620133300e-05,1.355988420728083857e-04,0.000000000000000000e+00,0.000000000000000000e+00
0.000000000000000000e+00,3.050000000000000000e+02,9.754383251560083408e-05,0.000000000000000000e+00,-3.588011235778482133e-14,-1.200298225900956140e-16,0.000000000000000000e+00,-1.200298225900956140e-16,-1.200293249168415849e-16,-3.543329637167110872e-14,9.754383251560084763e-05,1.355988420824471869e-04,0.000000000000000000e+00,0.000000000000000000e+00
0.000000000000000000e+00,3.100000000000000000e+02,9.754383251500892745e-05,0.000000000000000000e+00,-3.647201898132612641e-14,-1.201043801571472005e-16,0.000000000000000000e+00,-1.201043801571472005e-16,-1.201040617635815594e-16,-3.603362983837216519e-14,9.754383251500892745e-05,1.355988420919452858e-04,0.000000000000000000e+00,0.000000000000000000e+00
0.000000000000000000e+00,3.150000000000000000e+02,9.754383251442387841e-05,0.000000000000000000e+00,-3.705706802612646067e-14,-1.200510303027620152e-16,0.000000000000000000e+00,-1.200510303027620152e-16,-1.200507131852086185e-16,-3.663401677574414297e-14,9.754383251442385130e-05,1.355988421013331756e-04,0.000000000000000000e+00,0.000000000000000000e+00
0.000000000000000000e+00,3.200000000000000000e+02,9.754383251383874805e-05,0.000000000000000000e+00,-3.764219838608973134e-14,-1.199977653888780409e-16,0.000000000000000000e+00,-1.199977653888780409e-16,-1.199973646068349873e-16,-3.723413697022425202e-14,9.754383251383876160e-05,1.355988421107210654e-04,0.000000000000000000e+00,0.000000000000000000e+00
0.000000000000000000e+00,3.250000000000000000e+02,9.754383251325367190e-05,0.000000000000000000e+00,-3.822727453594437774e-14,-1.199441442486236209e-16,0.000000000000000000e+00,-1.199441442486236209e-16,-1.199440160284609864e-16,-3.783399042181249235e-14,9.754383251325371255e-05,1.355988421201090094e-04,0.000000000000000000e+00,0.000000000000000000e+00
0.000000000000000000e+00,3.300000000000000000e+02,9.754383251266873127e-05,0.000000000000000000e+00,-3.881221516052746345e-14,-1.198911663041273200e-16,0.000000000000000000e+00,-1.198911663041273200e-16,-1.198906674500861227e-16,-3.843357713050885764e-14,9.754383251266874482e-05,1.355988421294968991e-04,0.000000000000000000e+00,0.000000000000000000e+00
0.000000000000000000e+00,3.350000000000000000e+02,9.754383251208368223e-05,0.000000000000000000e+00,-3.939726420532779771e-14,-1.198376516156504596e-16,0.000000000000000000e+00,-1.198376516156504596e-16,-1.198373188717107906e-16,-3.903289709631334790e-14,9.754383251208358736e-05,1.355988421388847347e-04,0.000000000000000000e+00,0.000000000000000000e+00
0.000000000000000000e+00,3.400000000000000000e+02,9.754383251149863318e-05,0.000000000000000000e+00,-3.998231325012813198e-14,-1.197843422984500845e-16,0.000000000000000000e+00,-1.197843422984500845e-16,-1.197839702933347435e-16,-3.963195031922596313e-14,9.754383251149866029e-05,1.355988421482727871e-04,0.000000000000000000e+00,0.000000000000000000e+00
0.000000000000000000e+00,3.450000000000000000e+02,9.754383251091355703e-05,0.000000000000000000e+00,-4.056738939998277838e-14,-1.197310542544645756e-16,0.000000000000000000e+00,-1.197310542544645756e-16,-1.197306217149581542e-16,-4.023073679924669701e-14,9.754383251091348927e-05,1.355988421576605142e-04,0.000000000000000000e+00,0.000000000000000000e+00
0.000000000000000000e+00,3.500000000000000000e+02,9.754383251032849444e-05,0.000000000000000000e+00,-4.115245199731026871e-14,-1.196776414088849777e-16,0.000000000000000000e+00,-1.196776414088849777e-16,-1.196772731365809732e-16,-4.082925653637554324e-14,9.754383251032839957e-05,1.355988421670484040e-04,0.000000000000000000e+00,0.000000000000000000e+00
0.000000000000000000e+00,3.550000000000000000e+02,9.754383250974348605e-05,0.000000000000000000e+00,-4.173746038452913476e-14,-1.196245788666937760e-16,0.000000000000000000e+00,-1.196245788666937760e-16,-1.196239245582031759e-16,-4.142750953061250182e-14,9.754383250974344539e-05,1.355988421764364022e-04,0.000000000000000000e+00,0.000000000000000000e+00
0.000000000000000000e+00,3.600000000000000000e+02,9.754383250915839635e-05,0.000000000000000000e+00,-4.232255008691093723e-14,-1.195709973208975193e-16,0.000000000000000000e+00,-1.195709973208975193e-16,-1.195705759798247622e-16,-4.202549578195757273e-14,9.754383250915836924e-05,1.355988421858242920e-04,0.000000000000000000e+00,0.000000000000000000e+00
0.000000000000000000e+00,3.650000000000000000e+02,9.754383250857336085e-05,0.000000000000000000e+00,-4.290758557918411542e-14,-1.195175057815599464e-16,0.000000000000000000e+00,-1.195175057815599464e-16,-1.195172274014457323e-16,-4.262321529041074968e-14,9.754383250857337441e-05,1.355988421952121817e-04,0.000000000000000000e+00,0.000000000000000000e+00
0.000000000000000000e+00,3.700000000000000000e+02,9.754383250798827115e-05,0.000000000000000000e+00,-4.349267528156591789e-14,-1.194641754863375900e-16,0.000000000000000000e+00,-1.194641754863375900e-16,-1.194638788230660861e-16,-4.322066805597202636e-14,9.754383250798829826e-05,1.355988422046001257e-04,0.000000000000000000e+00,0.000000000000000000e+00
0.000000000000000000e+00,3.750000000000000000e+02,9.754383250740323566e-05,0.000000000000000000e+00,-4.407771077383909608e-14,-1.194108625410689312e-16,0.000000000000000000e+00,-1.194108625410689312e-16,-1.194105302446857990e-16,-4.381785407864140907e-14,9.754383250740322211e-05,1.355988422139879342e-04,0.000000000000000000e+00,0.000000000000000000e+00
0.000000000000000000e+00,3.800000000000000000e+02,9.754383250681821372e-05,0.000000000000000000e+00,-4.466273271358511820e-14,-1.193574881377284330e-16,0.000000000000000000e+00,-1.193574881377284330e-16,-1.193571816663049695e-16,-4.441477335841888519e-14,9.754383250681813240e-05,1.355988422233758510e-04,0.000000000000000000e+00,0.000000000000000000e+00
0.000000000000000000e+00,3.850000000000000000e+02,9.754383250623309691e-05,0.000000000000000000e+00,-4.524784952102123281e-14,-1.193043787449429938e-16,0.000000000000000000e+00,-1.193043787449429938e-16,-1.193038330879235730e-16,-4.501142589530445472e-14,9.754383250623313757e-05,1.355988422327637408e-04,0.000000000000000000e+00,0.000000000000000000e+00
0.000000000000000000e+00,3.900000000000000000e+02,9.754383250564802076e-05,0.000000000000000000e+00,-4.583292567087587921e-14,-1.192510091599749379e-16,0.000000000000000000e+00,-1.192510091599749379e-16,-1.192504845095415109e-16,-4.560781168929811766e-14,9.754383250564811563e-05,1.355988422421517119e-04,0.000000000000000000e+00,0.000000000000000000e+00
0.000000000000000000e+00,3.950000000000000000e+02,9.754383250506303948e-05,0.000000000000000000e+00,-4.641790695304043313e-14,-1.191974652184389936e-16,0.000000000000000000e+00,-1.191974652184389936e-16,-1.191971359311587586e-16,-4.620393074039986771e-14,9.754383250506303948e-05,1.355988422515396017e-04,0.000000000000000000e+00,0.000000000000000000e+00
0.000000000000000000e+00,4.000000000000000000e+02,9.754383250447790912e-05,0.000000000000000000e+00,-4.700303731300370380e-14,-1.191441328377902838e-16,0.000000000000000000e+00,-1.191441328377902838e-16,-1.191437873527754639e-16,-4.679978304860970485e-14,9.754383250447805820e-05,1.355988422609276270e-04,0.000000000000000000e+00,0.000000000000000000e+00
0.000000000000000000e+00,4.050000000000000000e+02,9.754383250389299560e-05,0.000000000000000000e+00,-4.758795083253247737e-14,-1.190908375471920018e-16,0.000000000000000000e+00,-1.190908375471920018e-16,-1.190904387743916515e-16,-4.739536861392762279e-14,9.754383250389299560e-05,1.355988422703153812e-04,0.000000000000000000e+00,0.000000000000000000e+00
0.000000000000000000e+00,4.100000000000000000e+02,9.754383250330782458e-05,0.000000000000000000e+00,-4.817312185007721625e-14,-1.190375982868518208e-16,0.000000000000000000e+00,-1.190375982868518208e-16,-1.190370901960071242e-16,-4.799068743635362152e-14,9.754383250330775682e-05,1.355988422797031897e-04,0.000000000000000000e+00,0.000000000000000000e+00
0.000000000000000000e+00,4.150000000000000000e+02,9.754383250272277554e-05,0.000000000000000000e+00,-4.875817089487755052e-14,-1.189841575308820344e-16,0.000000000000000000e+00,-1.189841575308820344e-16,-1.189837416176220053e-16,-4.858573951588769472e-14,9.754383250272282975e-05,1.355988422890912150e-04,0.000000000000000000e+00,0.000000000000000000e+00
0.000000000000000000e+00,4.200000000000000000e+02,9.754383250213775360e-05,0.000000000000000000e+00,-4.934319283462357264e-14,-1.189307267735134973e-16,0.000000000000000000e+00,-1.189307267735134973e-16,-1.189303930392362947e-16,-4.918052485252984241e-14,9.754383250213780781e-05,1.355988422984791318e-04,0.000000000000000000e+00,0.000000000000000000e+00
0.000000000000000000e+00,4.250000000000000000e+02,9.754383250155273166e-05,0.000000000000000000e+00,-4.992821477436959476e-14,-1.188775734821008289e-16,0.000000000000000000e+00,-1.188775734821008289e-16,-1.188770444608500418e-16,-4.977504344628005826e-14,9.754383250155281297e-05,1.355988423078670758e-04,0.000000000000000000e+00,0.000000000000000000e+00
0.000000000000000000e+00,4.300000000000000000e+02,9.754383250096766906e-05,0.000000000000000000e+00,-5.051327737169708509e-14,-1.188240047059386325e-16,0.000000000000000000e+00,-1.188240047059386325e-16,-1.188236958824630494e-16,-5.036929529713834228e-14,9.754383250096768261e-05,1.355988423172549114e-04,0.000000000000000000e+00,0.000000000000000000e+00
0.000000000000000000e+00,4.350000000000000000e+02,9.754383250038259291e-05,0.000000000000000000e+00,-5.109835352155173149e-14,-1.187707432772673563e-16,0.000000000000000000e+00,-1.187707432772673563e-16,-1.187703473040755392e-16,-5.096328040510468816e-14,9.754383250038266067e-05,1.355988423266427741e-04,0.000000000000000000e+00,0.000000000000000000e+00
0.000000000000000000e+00,4.400000000000000000e+02,9.754383249979758452e-05,0.000000000000000000e+00,-5.168336190877059755e-14,-1.187174954562160520e-16,0.000000000000000000e+00,-1.187174954562160520e-16,-1.187169987256874127e-16,-5.155699877017909590e-14,9.754383249979766584e-05,1.355988423360307994e-04,0.000000000000000000e+00,0.000000000000000000e+00
0.000000000000000000e+00,4.450000000000000000e+02,9.754383249921253548e-05,0.000000000000000000e+00,-5.226841095357093181e-14,-1.186639835197218994e-16,0.000000000000000000e+00,-1.186639835197218994e-16,-1.186636501472986453e-16,-5.215045039236155919e-14,9.754383249921239995e-05,1.355988423454185265e-04,0.000000000000000000e+00,0.000000000000000000e+00
0.000000000000000000e+00,4.500000000000000000e+02,9.754383249862751354e-05,0.000000000000000000e+00,-5.285343289331695393e-14,-1.186107177297537542e-16,0.000000000000000000e+00,-1.186107177297537542e-16,-1.186103015689092370e-16,-5.274363527165207802e-14,9.754383249862751354e-05,1.355988423548065518e-04,0.000000000000000000e+00,0.000000000000000000e+00
0.000000000000000000e+00,4.550000000000000000e+02,9.754383249804236963e-05,0.000000000000000000e+00,-5.343857680580738068e-14,-1.185573681991160244e-16,0.000000000000000000e+00,-1.185573681991160244e-16,-1.185569529905192370e-16,-5.333655340805064608e-14,9.754383249804247805e-05,1.355988423641944687e-04,0.000000000000000000e+00,0.000000000000000000e+00
0.000000000000000000e+00,4.600000000000000000e+02,9.754383249745744255e-05,0.000000000000000000e+00,-5.402350387786331032e-14,-1.185039738556972069e-16,0.000000000000000000e+00,-1.185039738556972069e-16,-1.185036044121286700e-16,-5.392920480155726339e-14,9.754383249745741545e-05,1.355988423735822771e-04,0.000000000000000000e+00,0.000000000000000000e+00
0.000000000000000000e+00,4.650000000000000000e+02,9.754383249687227154e-05,0.000000000000000000e+00,-5.460867489540804920e-14,-1.184506354377898136e-16,0.000000000000000000e+00,-1.184506354377898136e-16,-1.184502558337374867e-16,-5.452158945217192992e-14,9.754383249687219022e-05,1.355988423829700856e-04,0.000000000000000000e+00,0.000000000000000000e+00
0.000000000000000000e+00,4.700000000000000000e+02,9.754383249628730381e-05,0.000000000000000000e+00,-5.519364262504544705e-14,-1.183971393943079706e-16,0.000000000000000000e+00,-1.183971393943079706e-16,-1.183969072553457118e-16,-5.511370735989463939e-14,9.754383249628726315e-05,1.355988423923581380e-04,0.000000000000000000e+00,0.000000000000000000e+00
0.000000000000000000e+00,4.750000000000000000e+02,9.754383249570220055e-05,0.000000000000000000e+00,-5.577874587995440558e-14,-1.183438213925915078e-16,0.000000000000000000e+00,-1.183438213925915078e-16,-1.183435586769532959e-16,-5.570555852472538546e-14,9.754383249570225476e-05,1.355988424017460549e-04,0.000000000000000000e+00,0.000000000000000000e+00
0.000000000000000000e+00,4.800000000000000000e+02,9.754383249511715151e-05,0.000000000000000000e+00,-5.636379492475473985e-14,-1.182906320205039443e-16,0.000000000000000000e+00,-1.182906320205039443e-16,-1.182902100985602637e-16,-5.629714294666416815e-14,9.754383249511717861e-05,1.355988424111339717e-04,0.000000000000000000e+00,0.000000000000000000e+00
0.000000000000000000e+00,4.850000000000000000e+02,9.754383249453210246e-05,0.000000000000000000e+00,-5.694884396955507411e-14,-1.182371502797814464e-16,0.000000000000000000e+00,-1.182371502797814464e-16,-1.182368615201667138e-16,-5.688846062571098746e-14,9.754383249453218378e-05,1.355988424205218886e-04,0.000000000000000000e+00,0.000000000000000000e+00
0.000000000000000000e+00,4.900000000000000000e+02,9.754383249394705342e-05,0.000000000000000000e+00,-5.753389301435540837e-14,-1.181839876087203430e-16,0.000000000000000000e+00,-1.181839876087203430e-16,-1.181835129417725230e-16,-5.747951156186583076e-14,9.754383249394712118e-05,1.355988424299098055e-04,0.000000000000000000e+00,0.000000000000000000e+00
0.000000000000000000e+00,4.950000000000000000e+02,9.754383249336201793e-05,0.000000000000000000e+00,-5.811892850662858656e-14,-1.181305919321505326e-16,0.000000000000000000e+00,-1.181305919321505326e-16,-1.181301643633775680e-16,-5.807029575512871067e-14,9.754383249336207214e-05,1.355988424392975868e-04,0.000000000000000000e+00,0.000000000000000000e+00
0.000000000000000000e+00,5.000000000000000000e+02,9.754383249277688757e-05,0.000000000000000000e+00,-5.870405886659185724e-14,-1.180773865622977459e-16,0.000000000000000000e+00,-1.180773865622977459e-16,-1.180768157849821199e-16,-5.866081320549961457e-14,9.754383249277690112e-05,1.355988424486854224e-04,0.000000000000000000e+00,0.000000000000000000e+00
0.000000000000000000e+00,5.050000000000000000e+02,9.754383249219187918e-05,0.000000000000000000e+00,-5.928906725381072329e-14,-1.180238030834208658e-16,0.000000000000000000e+00,-1.180238030834208658e-16,-1.180234672065860802e-16,-5.925106391297852984e-14,9.754383249219190628e-05,1.355988424580734206e-04,0.000000000000000000e+00,0.000000000000000000e+00
0.000000000000000000e+00,5.100000000000000000e+02,9.754383249160688434e-05,0.000000000000000000e+00,-5.987406208850243328e-14,-1.179705434449663444e-16,0.000000000000000000e+00,-1.179705434449663444e-16,-1.179701186281895228e-16,-5.984104787756546911e-14,9.754383249160691145e-05,1.355988424674613646e-04,0.000000000000000000e+00,0.000000000000000000e+00
0.000000000000000000e+00,5.150000000000000000e+02,9.754383249102182175e-05,0.000000000000000000e+00,-6.045912468582992361e-14,-1.179171142873626101e-16,0.000000000000000000e+00,-1.179171142873626101e-16,-1.179167700497922504e-16,-6.043076509926041975e-14,9.754383249102174043e-05,1.355988424768491730e-04,0.000000000000000000e+00,0.000000000000000000e+00
0.000000000000000000e+00,5.200000000000000000e+02,9.754383249043679981e-05,0.000000000000000000e+00,-6.104414662557594573e-14,-1.178637595383988989e-16,0.000000000000000000e+00,-1.178637595383988989e-16,-1.178634214713943125e-16,-6.102021557806338175e-14,9.754383249043677270e-05,1.355988424862371441e-04,0.000000000000000000e+00,0.000000000000000000e+00
0.000000000000000000e+00,5.250000000000000000e+02,9.754383248985164234e-05,0.000000000000000000e+00,-6.162930409059352854e-14,-1.178104425936714685e-16,0.000000000000000000e+00,-1.178104425936714685e-16,-1.178100728929958569e-16,-6.160939931397435513e-14,9.754383248985171010e-05,1.355988424956250339e-04,0.000000000000000000e+00,0.000000000000000000e+00
0.000000000000000000e+00,5.300000000000000000e+02,9.754383248926667461e-05,0.000000000000000000e+00,-6.221427182023092639e-14,-1.177571766322891241e-16,0.000000000000000000e+00,-1.177571766322891241e-16,-1.177567243145967111e-16,-6.219831630699333988e-14,9.754383248926662040e-05,1.355988425050129508e-04,0.000000000000000000e+00,0.000000000000000000e+00
0.000000000000000000e+00,5.350000000000000000e+02,9.754383248868163912e-05,0.000000000000000000e+00,-6.279930731250410458e-14,-1.177038691052911318e-16,0.000000000000000000e+00,-1.177038691052911318e-16,-1.177033757361970722e-16,-6.278696655712032338e-14,9.754383248868163912e-05,1.355988425144007863e-04,0.000000000000000000e+00,0.000000000000000000e+00
0.000000000000000000e+00,5.400000000000000000e+02,9.754383248809653587e-05,0.000000000000000000e+00,-6.338441056741306312e-14,-1.176504799516132552e-16,0.000000000000000000e+00,-1.176504799516132552e-16,-1.176500271577967184e-16,-6.337535006435530562e-14,9.754383248809646810e-05,1.355988425237886490e-04,0.000000000000000000e+00,0.000000000000000000e+00
0.000000000000000000e+00,5.450000000000000000e+02,9.754383248751152748e-05,0.000000000000000000e+00,-6.396941895463192918e-14,-1.175970005343680916e-16,0.000000000000000000e+00,-1.175970005343680916e-16,-1.175966785793957729e-16,-6.396346682869828662e-14,9.754383248751143261e-05,1.355988425331765930e-04,0.000000000000000000e+00,0.000000000000000000e+00
0.000000000000000000e+00,5.500000000000000000e+02,9.754383248692647843e-05,0.000000000000000000e+00,-6.455446799943226344e-14,-1.175437569984182224e-16,0.000000000000000000e+00,-1.175437569984182224e-16,-1.175433300009942605e-16,-6.455131685014926636e-14,9.754383248692650554e-05,1.355988425425645098e-04,0.000000000000000000e+00,0.000000000000000000e+00
0.000000000000000000e+00,5.550000000000000000e+02,9.754383248634137518e-05,0.000000000000000000e+00,-6.513957125434122197e-14,-1.174904012495908167e-16,0.000000000000000000e+00,-1.174904012495908167e-16,-1.174899814225921564e-16,-6.513890012870823223e-14,9.754383248634132097e-05,1.355988425519523183e-04,0.000000000000000000e+00,0.000000000000000000e+00
0.000000000000000000e+00,5.600000000000000000e+02,9.754383248575638034e-05,0.000000000000000000e+00,-6.572456608903293196e-14,-1.174370716590085292e-16,0.000000000000000000e+00,-1.174370716590085292e-16,-1.174366328441894360e-16,-6.572621666437518423e-14,9.754383248575642100e-05,1.355988425613404249e-04,0.000000000000000000e+00,0.000000000000000000e+00
0.000000000000000000e+00,5.650000000000000000e+02,9.754383248517130419e-05,0.000000000000000000e+00,-6.630964223888757836e-14,-1.173836898566804139e-16,0.000000000000000000e+00,-1.173836898566804139e-16,-1.173832842657860747e-16,-6.631326645715012235e-14,9.754383248517122288e-05,1.355988425707281792e-04,0.000000000000000000e+00,0.000000000000000000e+00
0.000000000000000000e+00,5.700000000000000000e+02,9.754383248458624160e-05,0.000000000000000000e+00,-6.689470483621506869e-14,-1.173302334362160133e-16,0.000000000000000000e+00,-1.173302334362160133e-16,-1.173299356873820970e-16,-6.690004950703304660e-14,9.754383248458635002e-05,1.355988425801162045e-04,0.000000000000000000e+00,0.000000000000000000e+00
0.000000000000000000e+00,5.750000000000000000e+02,9.754383248400119255e-05,0.000000000000000000e+00,-6.747975388101540295e-14,-1.172770340559924361e-16,0.000000000000000000e+00,-1.172770340559924361e-16,-1.172765871089775278e-16,-6.748656581402394435e-14,9.754383248400132808e-05,1.355988425895040942e-04,0.000000000000000000e+00,0.000000000000000000e+00
0.000000000000000000e+00,5.800000000000000000e+02,9.754383248341618416e-05,0.000000000000000000e+00,-6.806476226823426900e-14,-1.172236171347646724e-16,0.000000000000000000e+00,-1.172236171347646724e-16,-1.172232385305723175e-16,-6.807281537812281562e-14,9.754383248341614351e-05,1.355988425988919569e-04,0.000000000000000000e+00,0.000000000000000000e+00
0.000000000000000000e+00,5.850000000000000000e+02,9.754383248283104025e-05,0.000000000000000000e+00,-6.864990618072469575e-14,-1.171702364275190909e-16,0.000000000000000000e+00,-1.171702364275190909e-16,-1.171698899521666143e-16,-6.865879819932966038e-14,9.754383248283113512e-05,1.355988426082798738e-04,0.000000000000000000e+00,0.000000000000000000e+00
0.000000000000000000e+00,5.900000000000000000e+02,9.754383248224599121e-05,0.000000000000000000e+00,-6.923495522552503001e-14,-1.171169544588443516e-16,0.000000000000000000e+00,-1.171169544588443516e-16,-1.171165413737602454e-16,-6.924451427764447865e-14,9.754383248224603186e-05,1.355988426176677635e-04,0.000000000000000000e+00,0.000000000000000000e+00
0.000000000000000000e+00,5.950000000000000000e+02,9.754383248166098282e-05,0.000000000000000000e+00,-6.981996361274389606e-14,-1.170634855067962799e-16,0.000000000000000000e+00,-1.170634855067962799e-16,-1.170631927953531616e-16,-6.982996361306725781e-14,9.754383248166095572e-05,1.355988426270556533e-04,0.000000000000000000e+00,0.000000000000000000e+00
0.000000000000000000e+00,6.000000000000000000e+02,9.754383248107587957e-05,0.000000000000000000e+00,-7.040506686765285460e-14,-1.170100730611303095e-16,0.000000000000000000e+00,-1.170100730611303095e-16,-1.170098442169455355e-16,-7.041514620559801047e-14,9.754383248107590667e-05,1.355988426364435431e-04,0.000000000000000000e+00,0.000000000000000000e+00
1.000000000000000000e+00,6.000000000000001137e+02,9.754383248107587957e-05,0.000000000000000000e+00,-7.040506686765285460e-14,2.487424706003439410e-08,2.487424717502878147e-08,-1.149943873680483406e-16,-1.149941193615298734e-16,-7.041514620559801047e-14,9.754383248107589312e-05,1.355988426364435431e-04,2.399999999999957723e-03,-3.255511759053889281e-20
1.000000000000000000e+00,6.050000000000001137e+02,9.766820365456601726e-05,1.243712358751439074e-07,-1.327900730808888010e-13,2.487422814525673861e-08,2.487424717502878147e-08,-1.902977204286489551e-14,-1.902977170206648314e-14,-1.182770607591680556e-13,9.766820365456603081e-05,1.357232131762100842e-04,2.399999999999957723e-03,3.333333333332692120e-06
1.000000000000000000e+00,6.100000000000001137e+02,9.779257482338186123e-05,2.487424717502878147e-07,-1.998493730153071905e-13,2.487423370113338465e-08,2.487424717502878147e-08,-1.347389539681801667e-14,-1.347389507587193900e-14,-1.995362277040141110e-13,9.779257482338191544e-05,1.358475836617174294e-04,2.399999999999957723e-03,6.666666666665704418e-06
1.000000000000000000e+00,6.150000000000001137e+02,9.791694599186402843e-05,3.731137076254316956e-07,-2.672423496943653705e-13,2.487421905472719768e-08,2.487424717502878147e-08,-2.812030158379506183e-14,-2.812030102462096774e-14,-3.035217179552463778e-13,9.791694599186393357e-05,1.359719541397000592e-04,2.399999999999957723e-03,9.999999999999265593e-06
1.000000000000000000e+00,6.200000000000001137e+02,9.804131716012877244e-05,4.974849435005756294e-07,-3.348527496195279215e-13,2.487422609550494756e-08,2.487424717502878147e-08,-2.107952383391350968e-14,-2.107952323503474619e-14,-4.265212786043856626e-13,9.804131716012881310e-05,1.360963246193353112e-04,2.399999999999957723e-03,1.333333333333260146e-05
1.000000000000000000e+00,6.250000000000001137e+02,9.816568832840658109e-05,6.218561793757195632e-07,-4.024500849085120222e-13,2.487423321828117443e-08,2.487424717502878147e-08,-1.395674760704384934e-14,-1.395674710742675936e-14,-5.141119544605393760e-13,9.816568832840668951e-05,1.362206950984298174e-04,2.399999999999957723e-03,1.666666666666572218e-05
1.000000000000000000e+00,6.300000000000001137e+02,9.829005949662866174e-05,7.462274152508634970e-07,-4.701031481891618778e-13,2.487423364651780533e-08,2.487424717502878147e-08,-1.352851097614367558e-14,-1.352851065519759791e-14,-5.828250988671002692e-13,9.829005949662866174e-05,1.363450655783123217e-04,2.399999999999957723e-03,1.999999999999906990e-05
1.000000000000000000e+00,6.350000000000001137e+02,9.841443066484918385e-05,8.705986511260074309e-07,-5.377577700104346813e-13,2.487423363361926702e-08,2.487424717502878147e-08,-1.354140951445512526e-14,-1.354140923983116189e-14,-6.504998986046721687e-13,9.841443066484923806e-05,1.364694360581574753e-04,2.399999999999957723e-03,2.333333333333241423e-05
1.000000000000000000e+00,6.400000000000001137e+02,9.853880183308725649e-05,9.949698870011512588e-07,-6.053948412031612573e-13,2.487423363089119227e-08,2.487424717502878147e-08,-1.354413758920254965e-14,-1.354413740722281489e-14,-7.182137652223071107e-13,9.853880183308728359e-05,1.365938065376737091e-04,2.399999999999957723e-03,2.666666666666571114e-05
1.000000000000000000e+00,6.450000000000001137e+02,9.866317300128812744e-05,1.119341122876295087e-06,-6.730691140829312422e-13,2.487423378799827437e-08,2.487424717502878147e-08,-1.338703050709841816e-14,-1.338703009019938943e-14,-7.855416839658626215e-13,9.866317300128815454e-05,1.367181770177479275e-04,2.399999999999957723e-03,2.999999999999899787e-05
1.000000000000000000e+00,6.500000000000001137e+02,9.878754416953164819e-05,1.243712358751438915e-06,-7.407007371597410786e-13,2.487423613950240628e-08,2.487424717502878147e-08,-1.103552637518550965e-14,-1.103552599799115033e-14,-8.465980741863389709e-13,9.878754416953163464e-05,1.368425474971044853e-04,2.399999999999957723e-03,3.333333333333225750e-05
1.000000000000000000e+00,6.550000000000001137e+02,9.891191533782142371e-05,1.368083594626582743e-06,-8.082861054613672521e-13,2.487422489492253261e-08,2.487424717502878147e-08,-2.228010624885661135e-14,-2.228010602055476228e-14,-9.298871542327037524e-13,9.891191533782150503e-05,1.369669179756895791e-04,2.399999999999957723e-03,3.666666666666552052e-05
1.000000000000000000e+00,6.600000000000001137e+02,9.903628650607546123e-05,1.492454830501726571e-06,-8.759072117771039790e-13,2.487417644505909379e-08,2.487424717502878147e-08,-7.072996968768296039e-14,-7.072996894322040909e-14,-1.162412341642141681e-12,9.903628650607547478e-05,1.370912884548228727e-04,2.399999999999957723e-03,3.999999999999880387e-05
1.000000000000000000e+00,6.650000000000001137e+02,9.916065767428371830e-05,1.616826066376870399e-06,-9.435740985295739064e-13,2.487422375617039608e-08,2.487424717502878147e-08,-2.341885838539286454e-14,-2.341885813723868077e-14,-1.397784409343289405e-12,9.916065767428370475e-05,1.372156589346690291e-04,2.399999999999957723e-03,4.333333333333210755e-05
1.000000000000000000e+00,6.700000000000001137e+02,9.928502884250934972e-05,1.741197302252014226e-06,-1.011223610942229754e-12,2.487424008399100156e-08,2.487424717502878147e-08,-7.091037779913311043e-15,-7.091037204195604706e-15,-1.474059147696875119e-12,9.928502884250929551e-05,1.373400294142175992e-04,2.399999999999957723e-03,4.666666666666543156e-05
1.000000000000000000e+00,6.750000000000001137e+02,9.940940001079350094e-05,1.865568538127158054e-06,-1.078814603542625696e-12,2.487423540776838783e-08,2.487424717502878147e-08,-1.176726039363999923e-14,-1.176725979476123574e-14,-1.521204890194267220e-12,9.940940001079351450e-05,1.374643998928051054e-04,2.399999999999957723e-03,4.999999999999875556e-05
1.000000000000000000e+00,6.800000000000001137e+02,9.953377117905221408e-05,1.989939774002302094e-06,-1.146431034448251816e-12,2.487426772271323404e-08,2.487424717502878147e-08,2.054768445256506980e-14,2.054768502828277614e-14,-1.499253827110463369e-12,9.953377117905202434e-05,1.375887703717853367e-04,2.399999999999957723e-03,5.333333333333207957e-05
1.000000000000000000e+00,6.850000000000001137e+02,9.965814234727857733e-05,2.114311009877445922e-06,-1.214079815024441235e-12,2.487424558130872955e-08,2.487424717502878147e-08,-1.593720051916976355e-15,-1.593719780601735437e-15,-1.451868913991260768e-12,9.965814234727873996e-05,1.377131408512678517e-04,2.399999999999957723e-03,5.666666666666540358e-05
1.000000000000000000e+00,6.900000000000001137e+02,9.978251351558652680e-05,2.238682245752589750e-06,-1.281647009387151120e-12,2.487423419144283655e-08,2.487424717502878147e-08,-1.298358594492050408e-14,-1.298358550816914065e-14,-1.488312177213187958e-12,9.978251351558654035e-05,1.378375113294275046e-04,2.399999999999957723e-03,5.999999999999872758e-05
1.000000000000000000e+00,6.950000000000001137e+02,9.990688468385184001e-05,2.363053481627733578e-06,-1.349256840000293998e-12,2.487423266096277733e-08,2.487424717502878147e-08,-1.451406600414349459e-14,-1.451406568650613937e-14,-1.557056305199876158e-12,9.990688468385194843e-05,1.379618818082574113e-04,2.399999999999957723e-03,6.333333333333203126e-05
1.000000000000000000e+00,7.000000000000001137e+02,1.000312558521880194e-04,2.487424717502877406e-06,-1.416795804448937792e-12,2.487423544358492123e-08,2.487424717502878147e-08,-1.173144386023697980e-14,-1.173144360877407359e-14,-1.622670078438076690e-12,1.000312558521880329e-04,1.380862522859374944e-04,2.399999999999957723e-03,6.666666666666531461e-05
1.000000000000000000e+00,7.050000000000001137e+02,1.001556270204459600e-04,2.611795953378021234e-06,-1.484413007636853571e-12,2.487423282505738825e-08,2.487424717502878147e-08,-1.434997139322416020e-14,-1.434997091345940492e-14,-1.687873614743660386e-12,1.001556270204460007e-04,1.382106227648620519e-04,2.399999999999957723e-03,6.999999999999862506e-05
1.000000000000000000e+00,7.100000000000001137e+02,1.002799981886648965e-04,2.736167189253165062e-06,-1.552069214997924516e-12,2.487423605886749352e-08,2.487424717502878147e-08,-1.111616128794721602e-14,-1.111616089751796690e-14,-1.751538944271103816e-12,1.002799981886649100e-04,1.383349932444005118e-04,2.399999999999957723e-03,7.333333333333196262e-05
1.000000000000000000e+00,7.150000000000001137e+02,1.004043693566921731e-04,2.860538425128308890e-06,-1.619917082198036587e-12,2.487423962224384475e-08,2.487424717502878147e-08,-7.552784936722273799e-15,-7.552784552910469574e-15,-1.798211307897174907e-12,1.004043693566921460e-04,1.384593637270036047e-04,2.399999999999957723e-03,7.666666666666532729e-05
1.000000000000000000e+00,7.200000000000001137e+02,1.005287405247215504e-04,2.984909661003452718e-06,-1.687762848756439466e-12,2.487423096478337018e-08,2.487424717502878147e-08,-1.621024541129161726e-14,-1.621024518960721309e-14,-1.857618882253469316e-12,1.005287405247216317e-04,1.385837342095628416e-04,2.399999999999957723e-03,7.999999999999869195e-05
1.000000000000000000e+00,7.250000000000001137e+02,1.006531116929547441e-04,3.109280896878596546e-06,-1.755404798858942227e-12,2.487424120278862012e-08,2.487424717502878147e-08,-5.972240161353760415e-15,-5.972239833790237844e-15,-1.913075094811962943e-12,1.006531116929548254e-04,1.387081046888425566e-04,2.399999999999957723e-03,8.333333333333204306e-05
1.000000000000000000e+00,7.300000000000001137e+02,1.007774828613003290e-04,3.233652132753740374e-06,-1.822934357853739709e-12,2.487421086898890717e-08,2.487424717502878147e-08,-3.630603987430038391e-14,-3.630603950372346949e-14,-2.018770793155747212e-12,1.007774828613004374e-04,1.388324751663106240e-04,2.399999999999957723e-03,8.666666666666539417e-05
1.000000000000000000e+00,7.350000000000001137e+02,1.009018540295659539e-04,3.358023368628884201e-06,-1.890543876758757997e-12,2.487423688888855827e-08,2.487424717502878147e-08,-1.028614022319746496e-14,-1.028613981291588113e-14,-2.135251241447345588e-12,1.009018540295660216e-04,1.389568456450521140e-04,2.399999999999957723e-03,8.999999999999875884e-05
1.000000000000000000e+00,7.400000000000001137e+02,1.010262251977749970e-04,3.482394604504028029e-06,-1.958209977464652873e-12,2.487424282616413924e-08,2.487424717502878147e-08,-4.348864642229186201e-15,-4.348864291504606479e-15,-2.171838751708396807e-12,1.010262251977749834e-04,1.390812161246936002e-04,2.399999999999957723e-03,9.333333333333210995e-05
1.000000000000000000e+00,7.450000000000001137e+02,1.011505963660108335e-04,3.606765840379171857e-06,-2.025849284824360200e-12,2.487425081953951035e-08,2.487424717502878147e-08,3.644510728875397919e-15,3.644511281432047105e-15,-2.173599634233578206e-12,1.011505963660108470e-04,1.392055866038967164e-04,2.399999999999957723e-03,9.666666666666547461e-05
1.000000000000000000e+00,7.500000000000001137e+02,1.012749675342509254e-04,3.731137076254315685e-06,-2.093484336690540522e-12,2.487420873643098329e-08,2.487424717502878147e-08,-3.843859779817848059e-14,-3.843859744083645597e-14,-2.260584849632089228e-12,1.012749675342507628e-04,1.393299570830267844e-04,2.399999999999957723e-03,9.999999999999882572e-05
1.000000000000000000e+00,7.550000000000001137e+02,1.013993387024607681e-04,3.855508312129459937e-06,-2.161149638220849663e-12,2.487424056149323257e-08,2.487424717502878147e-08,-6.613535548896344734e-15,-6.613535088983924155e-15,-2.373215180956640178e-12,1.013993387024608088e-04,1.394543275626288327e-04,2.399999999999957723e-03,1.033333333333321768e-04
1.000000000000000000e+00,7.600000000000001137e+02,1.015237098706854644e-04,3.979879548004604188e-06,-2.228800086181395752e-12,2.487424017473045490e-08,2.487424717502878147e-08,-7.000298326573677402e-15,-7.000297843500199671e-15,-2.407249763287850488e-12,1.015237098706854644e-04,1.395786980419916248e-04,2.399999999999957723e-03,1.066666666666655279e-04
1.000000000000000000e+00,7.650000000000001137e+02,1.016480810390101242e-04,4.104250783879748440e-06,-2.296350570701638678e-12,2.487423572598591099e-08,2.487424717502878147e-08,-1.144904287048160416e-14,-1.144904227491156312e-14,-2.453373113583879895e-12,1.016480810390100158e-04,1.397030685197413408e-04,2.399999999999957723e-03,1.099999999999988655e-04
1.000000000000000000e+00,7.700000000000001137e+02,1.017724522073614282e-04,4.228622019754892691e-06,-2.363874410953492773e-12,2.487422852556700789e-08,2.487424717502878147e-08,-1.864946177358256644e-14,-1.864946150226732553e-14,-2.528619373026827116e-12,1.017724522073615230e-04,1.398274389970562918e-04,2.399999999999957723e-03,1.133333333333322166e-04
1.000000000000000000e+00,7.750000000000001137e+02,1.018968233756205750e-04,4.352993255630036943e-06,-2.431490408390008136e-12,2.487425107983405191e-08,2.487424717502878147e-08,3.904805270438179598e-15,3.904805647632538922e-15,-2.565481012663414083e-12,1.018968233756204530e-04,1.399518094758463811e-04,2.399999999999957723e-03,1.166666666666655677e-04
1.000000000000000000e+00,7.800000000000001137e+02,1.020211945437696482e-04,4.477364491505181194e-06,-2.499216479452085089e-12,2.487423576149196711e-08,2.487424717502878147e-08,-1.141353681435842284e-14,-1.141353657282168397e-14,-2.584252839976386945e-12,1.020211945437695804e-04,1.400761799563954801e-04,2.399999999999957723e-03,1.199999999999989188e-04
1.000000000000000000e+00,7.850000000000001137e+02,1.021455657118982570e-04,4.601735727380325445e-06,-2.566963014830167707e-12,2.487422805284360772e-08,2.487424717502878147e-08,-1.912218517375129955e-14,-1.912218478001332797e-14,-2.660592143358474475e-12,1.021455657118982164e-04,1.402005504372665870e-04,2.399999999999957723e-03,1.233333333333322835e-04
1.000000000000000000e+00,7.900000000000001137e+02,1.022699368801103630e-04,4.726106963255469697e-06,-2.634626053088441784e-12,2.487422937496839823e-08,2.487424717502878147e-08,-1.780006038324140017e-14,-1.780005983399347344e-14,-2.752897754893491479e-12,1.022699368801103766e-04,1.403249209167924702e-04,2.399999999999957723e-03,1.266666666666656346e-04
1.000000000000000000e+00,7.950000000000001137e+02,1.023943080484084192e-04,4.850478199130613948e-06,-2.702203141219492073e-12,2.487423520162182370e-08,2.487424717502878147e-08,-1.197340695776867577e-14,-1.197340664344004300e-14,-2.827331421087075270e-12,1.023943080484083650e-04,1.404492913949342608e-04,2.399999999999957723e-03,1.299999999999989857e-04
1.000000000000000000e+00,8.000000000000001137e+02,1.025186792167387981e-04,4.974849435005758200e-06,-2.769747906573275138e-12,2.487423471227369133e-08,2.487424717502878147e-08,-1.246275509013678127e-14,-1.246275467654647500e-14,-2.888421824387041565e-12,1.025186792167388523e-04,1.405736618725516771e-04,2.399999999999957723e-03,1.333333333333323368e-04
1.000000000000000000e+00,8.050000000000001137e+02,1.026430503850007096e-04,5.099220670880902451e-06,-2.837361139294250663e-12,2.487423157235450158e-08,2.487424717502878147e-08,-1.560267427989321583e-14,-1.560267384645057486e-14,-2.958585395694534189e-12,1.026430503850007909e-04,1.406980323512621589e-04,2.399999999999957723e-03,1.366666666666657151e-04
1.000000000000000000e+00,8.100000000000001137e+02,1.027674215532416283e-04,5.223591906756046703e-06,-2.904995364879790938e-12,2.487423955792944701e-08,2.487424717502878147e-08,-7.617099334461570071e-15,-7.617099092924831206e-15,-3.016634828042972705e-12,1.027674215532415198e-04,1.408224028303070086e-04,2.399999999999957723e-03,1.399999999999990933e-04
1.000000000000000000e+00,8.150000000000001137e+02,1.028917927214782914e-04,5.347963142631190954e-06,-2.972633845958858219e-12,2.487422158227280091e-08,2.487424717502878147e-08,-2.559275598056355641e-14,-2.559275551403369093e-14,-3.099659464560369010e-12,1.028917927214784134e-04,1.409467733094122213e-04,2.399999999999957723e-03,1.433333333333324444e-04
1.000000000000000000e+00,8.200000000000001137e+02,1.030161638897056982e-04,5.472334378506335206e-06,-3.040281583413973095e-12,2.487425496845533845e-08,2.487424717502878147e-08,7.793426556977134647e-15,7.793427063211669529e-15,-3.144157785687424063e-12,1.030161638897056440e-04,1.410711437886640453e-04,2.399999999999957723e-03,1.466666666666657955e-04
1.000000000000000000e+00,8.250000000000001137e+02,1.031405350578940060e-04,5.596705614381479457e-06,-3.107968419909933229e-12,2.487423058051728829e-08,2.487424717502878147e-08,-1.659451149318246887e-14,-1.659451143031674232e-14,-3.166160496605186745e-12,1.031405350578939247e-04,1.411955142685363310e-04,2.399999999999957723e-03,1.499999999999991466e-04
1.000000000000000000e+00,8.300000000000001137e+02,1.032649062260880736e-04,5.721076850256623709e-06,-3.175649496581852034e-12,2.487422746476936820e-08,2.487424717502878147e-08,-1.971025941326636479e-14,-1.971025867211253595e-14,-3.256922421861259941e-12,1.032649062260881007e-04,1.413198847483127191e-04,2.399999999999957723e-03,1.533333333333325248e-04
1.000000000000000000e+00,8.350000000000001137e+02,1.033892773942977808e-04,5.845448086131767960e-06,-3.243314933637432736e-12,2.487423186354258135e-08,2.487424717502878147e-08,-1.531148620012152613e-14,-1.531148567734337899e-14,-3.344476782734899728e-12,1.033892773942978350e-04,1.414442552278338859e-04,2.399999999999957723e-03,1.566666666666658759e-04
1.000000000000000000e+00,8.400000000000001137e+02,1.035136485625770666e-04,5.969819322006912212e-06,-3.310910792018594180e-12,2.487423113109220463e-08,2.487424717502878147e-08,-1.604393657683882133e-14,-1.604393622611424160e-14,-3.422865337493543780e-12,1.035136485625771479e-04,1.415686257062341233e-04,2.399999999999957723e-03,1.599999999999992270e-04
1.000000000000000000e+00,8.450000000000001137e+02,1.036380197308440468e-04,6.094190557882056463e-06,-3.378518956094413335e-12,2.487423332800233502e-08,2.487424717502878147e-08,-1.384702644644998980e-14,-1.384702599315501412e-14,-3.497592743041716919e-12,1.036380197308441146e-04,1.416929961848281076e-04,2.399999999999957723e-03,1.633333333333326053e-04
1.000000000000000000e+00,8.500000000000001137e+02,1.037623908990724023e-04,6.218561793757200714e-06,-3.446165744872627286e-12,2.487422754713400827e-08,2.487424717502878147e-08,-1.962789477319958143e-14,-1.962789437284416496e-14,-3.581280043956714867e-12,1.037623908990723481e-04,1.418173666640387589e-04,2.399999999999957723e-03,1.666666666666659835e-04
1.000000000000000000e+00,8.550000000000001137e+02,1.038867620672339844e-04,6.342933029632344966e-06,-3.513879306952139188e-12,2.487424145364071301e-08,2.487424717502878147e-08,-5.721388068463006309e-15,-5.721387592006973478e-15,-3.644653248868842713e-12,1.038867620672338896e-04,1.419417371443153979e-04,2.399999999999957723e-03,1.699999999999993346e-04
1.000000000000000000e+00,8.600000000000001137e+02,1.040111332353729746e-04,6.467304265507489217e-06,-3.581615461094420257e-12,2.487422446579864463e-08,2.487424717502878147e-08,-2.270923013684286664e-14,-2.270922953465538070e-14,-3.715729791685498598e-12,1.040111332353729068e-04,1.420661076249524798e-04,2.399999999999957723e-03,1.733333333333326857e-04
1.000000000000000000e+00,8.650000000000001137e+02,1.041355044035632474e-04,6.591675501382633469e-06,-3.649300332473942761e-12,2.487425794337244721e-08,2.487424717502878147e-08,1.076834366574270495e-14,1.076834388742710911e-14,-3.745582005803569277e-12,1.041355044035632474e-04,1.421904781047613397e-04,2.399999999999957723e-03,1.766666666666660368e-04
1.000000000000000000e+00,8.700000000000001137e+02,1.042598755718021061e-04,6.716046737257777720e-06,-3.716936618043610759e-12,2.487422794803541358e-08,2.487424717502878147e-08,-1.922699336788879429e-14,-1.922699306017760642e-14,-3.766728628735445521e-12,1.042598755718021468e-04,1.423148485837861046e-04,2.399999999999957723e-03,1.799999999999994150e-04
1.000000000000000000e+00,8.750000000000001137e+02,1.043842467400697368e-04,6.840417973132921972e-06,-3.784544131598126422e-12,2.487422535075679395e-08,2.487424717502878147e-08,-2.182427198751569199e-14,-2.182427174928767558e-14,-3.869356790759108726e-12,1.043842467400697368e-04,1.424392190623466684e-04,2.399999999999957723e-03,1.833333333333327932e-04
1.000000000000000000e+00,8.800000000000001137e+02,1.045086179082880092e-04,6.964789209008066223e-06,-3.852201003456544488e-12,2.487423641606783203e-08,2.487424717502878147e-08,-1.075896094943707105e-14,-1.075896046305487087e-14,-3.950814871289965092e-12,1.045086179082880228e-04,1.425635895416964500e-04,2.399999999999957723e-03,1.866666666666661444e-04
1.000000000000000000e+00,8.850000000000001137e+02,1.046329890764676298e-04,7.089160444883210475e-06,-3.919896527122411663e-12,2.487422815933370158e-08,2.487424717502878147e-08,-1.901569507989174564e-14,-1.901569450086531685e-14,-4.025251508699765561e-12,1.046329890764677518e-04,1.426879600216617331e-04,2.399999999999957723e-03,1.899999999999994955e-04
1.000000000000000000e+00,8.900000000000001137e+02,1.047573602447234969e-04,7.213531680758354726e-06,-3.987515804270498794e-12,2.487424149054283825e-08,2.487424717502878147e-08,-5.684485943224072292e-15,-5.684485311258084301e-15,-4.087001958230074064e-12,1.047573602447232936e-04,1.428123305004014071e-04,2.399999999999957723e-03,1.933333333333328466e-04
1.000000000000000000e+00,8.950000000000001137e+02,1.048817314129997741e-04,7.337902916633498978e-06,-4.055114671312688886e-12,2.487422906333831317e-08,2.487424717502878147e-08,-1.811169046830327199e-14,-1.811169019367930863e-14,-4.146492396992417546e-12,1.048817314129997334e-04,1.429367009788105078e-04,2.399999999999957723e-03,1.966666666666662248e-04
1.000000000000000000e+00,9.000000000000001137e+02,1.050061025812681366e-04,7.462274152508643229e-06,-4.122721453030738122e-12,2.487425878160403062e-08,2.487424717502878147e-08,1.160657524915204101e-14,1.160657552046728193e-14,-4.162755183675447613e-12,1.050061025812680824e-04,1.430610714573419878e-04,2.399999999999957723e-03,1.999999999999995759e-04
1.000000000000000000e+00,9.050000000000001137e+02,1.051304737495060737e-04,7.586645388383787480e-06,-4.190358660172252732e-12,2.487423066850910571e-08,2.487424717502878147e-08,-1.650651967575738527e-14,-1.650651905371756463e-14,-4.175005042508573320e-12,1.051304737495060873e-04,1.431854419363577267e-04,2.399999999999957723e-03,2.033333333333329270e-04
1.000000000000000000e+00,9.100000000000001137e+02,1.052548449177075139e-04,7.711016624258931732e-06,-4.258032364269398636e-12,2.487422815212350567e-08,2.487424717502878147e-08,-1.902290527580168046e-14,-1.902290497801665994e-14,-4.263828602587908881e-12,1.052548449177075952e-04,1.433098124159568477e-04,2.399999999999957723e-03,2.066666666666662781e-04
1.000000000000000000e+00,9.150000000000001137e+02,1.053792160859094148e-04,7.835387860134075983e-06,-4.325705607580621233e-12,2.487423471321451664e-08,2.487424717502878147e-08,-1.246181426483423081e-14,-1.246181385124392454e-14,-4.342540399661060342e-12,1.053792160859093606e-04,1.434341828955469156e-04,2.399999999999957723e-03,2.099999999999996292e-04
1.000000000000000000e+00,9.200000000000001137e+02,1.055035872541253969e-04,7.959759096009220235e-06,-4.393364769816128675e-12,2.487423584608980954e-08,2.487424717502878147e-08,-1.132893897192620351e-14,-1.132893853848356254e-14,-4.402017280635379060e-12,1.055035872541253697e-04,1.435585533749071056e-04,2.399999999999957723e-03,2.133333333333329532e-04
1.000000000000000000e+00,9.250000000000001137e+02,1.056279584223656108e-04,8.084130331884364486e-06,-4.460999700133081065e-12,2.487422835387046486e-08,2.487424717502878147e-08,-1.882115831660632851e-14,-1.882115791625091204e-14,-4.477392521772215246e-12,1.056279584223656108e-04,1.436829238538740554e-04,2.399999999999957723e-03,2.166666666666663044e-04
1.000000000000000000e+00,9.300000000000001137e+02,1.057523295906110831e-04,8.208501567759508738e-06,-4.528629372069496901e-12,2.487423965512825118e-08,2.487424717502878147e-08,-7.519900530288905794e-15,-7.519900086920097465e-15,-4.543245166780142770e-12,1.057523295906111102e-04,1.438072943327534830e-04,2.399999999999957723e-03,2.199999999999996555e-04
1.000000000000000000e+00,9.350000000000001137e+02,1.058767007587876273e-04,8.332872803634652989e-06,-4.596327972159028503e-12,2.487423204367700851e-08,2.487424717502878147e-08,-1.513135177295756784e-14,-1.513135135605853911e-14,-4.599873295387589362e-12,1.058767007587875595e-04,1.439316648127381734e-04,2.399999999999957723e-03,2.233333333333330066e-04
1.000000000000000000e+00,9.400000000000001137e+02,1.060010719269091211e-04,8.457244039509797241e-06,-4.664081622613868057e-12,2.487421808338612699e-08,2.487424717502878147e-08,-2.909164265447740238e-14,-2.909164220779987160e-14,-4.710430779297235388e-12,1.060010719269091888e-04,1.440560352936011217e-04,2.399999999999957723e-03,2.266666666666663577e-04
1.000000000000000000e+00,9.450000000000001137e+02,1.061254430950809625e-04,8.581615275384941492e-06,-4.731784925430322815e-12,2.487425722888067775e-08,2.487424717502878147e-08,1.005385189628463821e-14,1.005385212458648728e-14,-4.758025254505268849e-12,1.061254430950810032e-04,1.441804057736547945e-04,2.399999999999957723e-03,2.299999999999997088e-04
1.000000000000000000e+00,9.500000000000001137e+02,1.062498142632998041e-04,8.705986511260085744e-06,-4.799441228082600326e-12,2.487421346914514256e-08,2.487424717502878147e-08,-3.370588363890620203e-14,-3.370588329810778966e-14,-4.817155332439072105e-12,1.062498142632999532e-04,1.443047762529515315e-04,2.399999999999957723e-03,2.333333333333330328e-04
1.000000000000000000e+00,9.550000000000001137e+02,1.063741854314963111e-04,8.830357747135229995e-06,-4.867119865299631039e-12,2.487424686837940896e-08,2.487424717502878147e-08,-3.066493725133389258e-16,-3.066489026747509956e-16,-4.902186662941028457e-12,1.063741854314962298e-04,1.444291467326027484e-04,2.399999999999957723e-03,2.366666666666663568e-04
1.000000000000000000e+00,9.600000000000001137e+02,1.064985565997876587e-04,8.954728983010374247e-06,-4.934703661931623582e-12,2.487425504976209723e-08,2.487424717502878147e-08,7.874733315758523941e-15,7.874733729348830217e-15,-4.883266450874343259e-12,1.064985565997876859e-04,1.445535172107300379e-04,2.399999999999957723e-03,2.399999999999996266e-04
1.000000000000000000e+00,9.650000000000001137e+02,1.066229277681404400e-04,9.079100218885518498e-06,-5.002226024958017665e-12,2.487422806774682817e-08,2.487424717502878147e-08,-1.910728195329916025e-14,-1.910728150331290703e-14,-4.911347820309253451e-12,1.066229277681404129e-04,1.446778876878691855e-04,2.399999999999957723e-03,2.433333333333329235e-04
1.000000000000000000e+00,9.700000000000001137e+02,1.067472989364404748e-04,9.203471454760662749e-06,-5.069801134420103168e-12,2.487421325791735352e-08,2.487424717502878147e-08,-3.391711142795400401e-14,-3.391711087870607728e-14,-5.043908801264300912e-12,1.067472989364404206e-04,1.448022581658517881e-04,2.399999999999957723e-03,2.466666666666661391e-04
1.000000000000000000e+00,9.750000000000001137e+02,1.068716701047361321e-04,9.327842690635807001e-06,-5.137380621348460082e-12,2.487424763742981132e-08,2.487424717502878147e-08,4.624010298482961233e-16,4.624014368211574994e-16,-5.127545574869013211e-12,1.068716701047359966e-04,1.449266286439018011e-04,2.399999999999957723e-03,2.499999999999994089e-04
1.000000000000000000e+00,9.800000000000001137e+02,1.069960412729862665e-04,9.452213926510951252e-06,-5.205005631215534230e-12,2.487425270288219942e-08,2.487424717502878147e-08,5.527853417946084925e-15,5.527853570147317635e-15,-5.112569937351592023e-12,1.069960412729861445e-04,1.450509991226792052e-04,2.399999999999957723e-03,2.533333333333326245e-04
1.000000000000000000e+00,9.850000000000001137e+02,1.071204124412390978e-04,9.576585162386095504e-06,-5.272627944129704321e-12,2.487421343971300420e-08,2.487424717502878147e-08,-3.373531577727457792e-14,-3.373531546294594515e-14,-5.183088592083588592e-12,1.071204124412390707e-04,1.451753696014117234e-04,2.399999999999957723e-03,2.566666666666658943e-04
1.000000000000000000e+00,9.900000000000001137e+02,1.072447836094668163e-04,9.700956398261239755e-06,-5.340275369876694607e-12,2.487422946113279501e-08,2.487424717502878147e-08,-1.771389598646045852e-14,-1.771389569529288290e-14,-5.311711619979185662e-12,1.072447836094668570e-04,1.452997400805432009e-04,2.399999999999957723e-03,2.599999999999991641e-04
1.000000000000000000e+00,9.950000000000001137e+02,1.073691547776985464e-04,9.825327634136384007e-06,-5.407918784075646697e-12,2.487425716227443716e-08,2.487424717502878147e-08,9.987245655691920866e-15,9.987246211557292502e-15,-5.331028243688524638e-12,1.073691547776984650e-04,1.454241105596090842e-04,2.399999999999957723e-03,2.633333333333323797e-04
1.000000000000000000e+00,1.000000000000000114e+03,1.074935259459768700e-04,9.949698870011528258e-06,-5.475515604686236222e-12,2.487422429851901116e-08,2.487424717502878147e-08,-2.287650977031488950e-14,-2.287650932032863627e-14,-5.363251401460452998e-12,1.074935259459768429e-04,1.455484810379245640e-04,2.399999999999957723e-03,2.666666666666656495e-04
1.000000000000000000e+00,1.005000000000000114e+03,1.076178971142439722e-04,1.007407010588667251e-05,-5.543123646789310972e-12,2.487420982799682016e-08,2.487424717502878147e-08,-3.734703196130963315e-14,-3.734703149147104522e-14,-5.513810253489952201e-12,1.076178971142439857e-04,1.456728515164175007e-04,2.399999999999957723e-03,2.699999999999988650e-04
1.000000000000000000e+00,1.010000000000000114e+03,1.077422682825010319e-04,1.019844134176181676e-05,-5.610741731315008370e-12,2.487425293690943203e-08,2.487424717502878147e-08,5.761880650560065548e-15,5.761881209734159634e-15,-5.592773129194294415e-12,1.077422682825011674e-04,1.457972219950671045e-04,2.399999999999957723e-03,2.733333333333321348e-04
1.000000000000000000e+00,1.015000000000000114e+03,1.078666394507054400e-04,1.032281257763696101e-05,-5.678412467408707094e-12,2.487425138992753649e-08,2.487424717502878147e-08,4.214898755015670864e-15,4.214898933686683175e-15,-5.567831178835742308e-12,1.078666394507054129e-04,1.459215924745625758e-04,2.399999999999957723e-03,2.766666666666654046e-04
1.000000000000000000e+00,1.020000000000000114e+03,1.079910106189657930e-04,1.044718381351210526e-05,-5.746027258670305567e-12,2.487420806100484651e-08,2.487424717502878147e-08,-3.911402393496186862e-14,-3.911402364379429300e-14,-5.655078990611011333e-12,1.079910106189657930e-04,1.460459629531553132e-04,2.399999999999957723e-03,2.799999999999986202e-04
1.000000000000000000e+00,1.025000000000000000e+03,1.081153817872014940e-04,1.057155504938724613e-05,-5.813666698590669139e-12,2.487423463817120585e-08,2.487424717502878147e-08,-1.253685757562142163e-14,-1.253685730430618071e-14,-5.784206192981259286e-12,1.081153817872015211e-04,1.461703334321416974e-04,2.399999999999957723e-03,2.833333333333318358e-04
1.000000000000000000e+00,1.030000000000000000e+03,1.082397529554664413e-04,1.069592628526239038e-05,-5.881276895545561705e-12,2.487426194187937756e-08,2.487424717502878147e-08,1.476685059608596448e-14,1.476685115856878102e-14,-5.778631208345602785e-12,1.082397529554663600e-04,1.462947039106572396e-04,2.399999999999957723e-03,2.866666666666650514e-04
1.000000000000000000e+00,1.035000000000000000e+03,1.083641241237033213e-04,1.082029752113753463e-05,-5.948915159784194488e-12,2.487421810009780580e-08,2.487424717502878147e-08,-2.907493097566948330e-14,-2.907493066464957298e-14,-5.814401407110804765e-12,1.083641241237033348e-04,1.464190743896199068e-04,2.399999999999957723e-03,2.899999999999983212e-04
1.000000000000000000e+00,1.040000000000000000e+03,1.084884952919349565e-04,1.094466875701267888e-05,-6.016558668850836671e-12,2.487420615058158105e-08,2.487424717502878147e-08,-4.102444720041600656e-14,-4.102444691917459829e-14,-5.989649851070365193e-12,1.084884952919349971e-04,1.465434448686654613e-04,2.399999999999957723e-03,2.933333333333315368e-04
1.000000000000000000e+00,1.045000000000000000e+03,1.086128664602401819e-04,1.106903999288782313e-05,-6.084128587695021399e-12,2.487425475560870069e-08,2.487424717502878147e-08,7.580579919222284738e-15,7.580580342738758366e-15,-6.073259517511454793e-12,1.086128664602403038e-04,1.466678153465254949e-04,2.399999999999957723e-03,2.966666666666649150e-04
1.000000000000000000e+00,1.050000000000000000e+03,1.087372376285133691e-04,1.119341122876296738e-05,-6.151730544713403075e-12,2.487424314967043355e-08,2.487424717502878147e-08,-4.025358347918531237e-15,-4.025357788744437151e-15,-6.064371461126468990e-12,1.087372376285132607e-04,1.467921858248994946e-04,2.399999999999957723e-03,2.999999999999983474e-04
1.000000000000000000e+00,1.055000000000000000e+03,1.088616087967785197e-04,1.131778246463811164e-05,-6.219340538380388299e-12,2.487423287532114390e-08,2.487424717502878147e-08,-1.429970763757092237e-14,-1.429970733647717940e-14,-6.110184123939523031e-12,1.088616087967785061e-04,1.469165563033992617e-04,2.399999999999957723e-03,3.033333333333317256e-04
1.000000000000000000e+00,1.060000000000000000e+03,1.089859799649990689e-04,1.144215370051325589e-05,-6.286995133414244145e-12,2.487423233933169154e-08,2.487424717502878147e-08,-1.483569708993165919e-14,-1.483569647781800590e-14,-6.183022633475260995e-12,1.089859799649990960e-04,1.470409267826135722e-04,2.399999999999957723e-03,3.066666666666651581e-04
1.000000000000000000e+00,1.065000000000000000e+03,1.091103511331869972e-04,1.156652493638840014e-05,-6.354682349380964650e-12,2.487423383769109011e-08,2.487424717502878147e-08,-1.333733769135629913e-14,-1.333733745312828271e-14,-6.253455218302626716e-12,1.091103511331869430e-04,1.471652972623465651e-04,2.399999999999957723e-03,3.099999999999985363e-04
1.000000000000000000e+00,1.070000000000000000e+03,1.092347223014432573e-04,1.169089617226354439e-05,-6.422301233505764255e-12,2.487423207758440575e-08,2.487424717502878147e-08,-1.509744437571704325e-14,-1.509744389264356552e-14,-6.324542171667056337e-12,1.092347223014432980e-04,1.472896677409817761e-04,2.399999999999957723e-03,3.133333333333318603e-04
1.000000000000000000e+00,1.075000000000000000e+03,1.093590934697094108e-04,1.181526740813868864e-05,-6.489910224285739930e-12,2.487423414315721385e-08,2.487424717502878147e-08,-1.303187156762199280e-14,-1.303187123013230288e-14,-6.394865459473996008e-12,1.093590934697095057e-04,1.474140382194568234e-04,2.399999999999957723e-03,3.166666666666651843e-04
1.000000000000000000e+00,1.080000000000000000e+03,1.094834646379905127e-04,1.193963864401383289e-05,-6.557504266628262461e-12,2.487423362873385229e-08,2.487424717502878147e-08,-1.354629492917964715e-14,-1.354629440971022247e-14,-6.461310873573602321e-12,1.094834646379905398e-04,1.475384086976898497e-04,2.399999999999957723e-03,3.199999999999985083e-04
1.000000000000000000e+00,1.085000000000000000e+03,1.096078358062551618e-04,1.206400987988897714e-05,-6.625114761738752460e-12,2.487423365009440195e-08,2.487424717502878147e-08,-1.352493437952389430e-14,-1.352493413798715543e-14,-6.528988944942845766e-12,1.096078358062551618e-04,1.476627791761838705e-04,2.399999999999957723e-03,3.233333333333318323e-04
1.000000000000000000e+00,1.090000000000000000e+03,1.097322069745315475e-04,1.218838111576412140e-05,-6.692713520360725303e-12,2.487423365572939451e-08,2.487424717502878147e-08,-1.351929938696316666e-14,-1.351929914542642779e-14,-6.596599528151379724e-12,1.097322069745315610e-04,1.477871496544868278e-04,2.399999999999957723e-03,3.266666666666652105e-04
1.000000000000000000e+00,1.095000000000000000e+03,1.098565781427720731e-04,1.231275235163926565e-05,-6.760348138969553104e-12,2.487423364717277355e-08,2.487424717502878147e-08,-1.352785600791721119e-14,-1.352785549506523141e-14,-6.664217414752608872e-12,1.098565781427719511e-04,1.479115201333644123e-04,2.399999999999957723e-03,3.299999999999985345e-04
1.000000000000000000e+00,1.100000000000000000e+03,1.099809493109517208e-04,1.243712358751440990e-05,-6.828043635530365967e-12,2.487423361258442800e-08,2.487424717502878147e-08,-1.356244435347287923e-14,-1.356244381745984230e-14,-6.731943163033921556e-12,1.099809493109517072e-04,1.480358906132150140e-04,2.399999999999957723e-03,3.333333333333318585e-04
1.000000000000000000e+00,1.105000000000000000e+03,1.101053204791421834e-04,1.256149482338955415e-05,-6.895728317174508286e-12,2.487423359127827043e-08,2.487424717502878147e-08,-1.358375051104027305e-14,-1.358375003127551777e-14,-6.799808647655759956e-12,1.101053204791421156e-04,1.481602610928934715e-04,2.399999999999957723e-03,3.366666666666651825e-04
1.000000000000000000e+00,1.110000000000000000e+03,1.102296916474304682e-04,1.268586605926469840e-05,-6.963315176677638101e-12,2.487423363154742443e-08,2.487424717502878147e-08,-1.354348135704410928e-14,-1.354348117175565207e-14,-6.867626725663337881e-12,1.102296916474304953e-04,1.482846315709947672e-04,2.399999999999957723e-03,3.399999999999985065e-04
1.000000000000000000e+00,1.115000000000000000e+03,1.103540628156689474e-04,1.281023729513984265e-05,-7.030951841718066468e-12,2.487423365092756473e-08,2.487424717502878147e-08,-1.352410121674115129e-14,-1.352410083623806951e-14,-6.935295680683322185e-12,1.103540628156688932e-04,1.484090020498958517e-04,2.399999999999957723e-03,3.433333333333318305e-04
1.000000000000000000e+00,1.120000000000000000e+03,1.104784339838712684e-04,1.293460853101498691e-05,-7.098624664900947227e-12,2.487423365592813954e-08,2.487424717502878147e-08,-1.351910064193174977e-14,-1.351910028128100269e-14,-7.002903683477119865e-12,1.104784339838713769e-04,1.485333725293745450e-04,2.399999999999957723e-03,3.466666666666651546e-04
1.000000000000000000e+00,1.125000000000000000e+03,1.106028051520424865e-04,1.305897976689013116e-05,-7.166328591133651164e-12,2.487423364508122752e-08,2.487424717502878147e-08,-1.352994755394838623e-14,-1.352994715359296975e-14,-7.070526302064304796e-12,1.106028051520423374e-04,1.486577430093509954e-04,2.399999999999957723e-03,3.499999999999984786e-04
1.000000000000000000e+00,1.130000000000000000e+03,1.107271763202473147e-04,1.318335100276527541e-05,-7.233998907099008051e-12,2.487423364624197368e-08,2.487424717502878147e-08,-1.352878680779073751e-14,-1.352878655632783130e-14,-7.138173136339106799e-12,1.107271763202473418e-04,1.487821134887835559e-04,2.399999999999957723e-03,3.533333333333318568e-04
1.000000000000000000e+00,1.135000000000000000e+03,1.108515474884732172e-04,1.330772223864041966e-05,-7.301648148884637250e-12,2.487423364611564335e-08,2.487424717502878147e-08,-1.352891313812260906e-14,-1.352891248630428637e-14,-7.205817383945687093e-12,1.108515474884731223e-04,1.489064839678793089e-04,2.399999999999957723e-03,3.566666666666651808e-04
1.000000000000000000e+00,1.140000000000000000e+03,1.109759186566693448e-04,1.343209347451556391e-05,-7.369327165572428333e-12,2.487423364048546167e-08,2.487424717502878147e-08,-1.353454331980089409e-14,-1.353454293598908987e-14,-7.273476022501420534e-12,1.109759186566693448e-04,1.490308544474483433e-04,2.399999999999957723e-03,3.599999999999985048e-04
1.000000000000000000e+00,1.145000000000000000e+03,1.111002898248331496e-04,1.355646471039070816e-05,-7.437038505037486640e-12,2.487423362990123244e-08,2.487424717502878147e-08,-1.354512754903348576e-14,-1.354512720823507339e-14,-7.341175197861980942e-12,1.111002898248331767e-04,1.491552249275338103e-04,2.399999999999957723e-03,3.633333333333318288e-04
1.000000000000000000e+00,1.150000000000000000e+03,1.112246609929637100e-04,1.368083594626585241e-05,-7.504783088851658783e-12,2.487423361753846893e-08,2.487424717502878147e-08,-1.355749031253601750e-14,-1.355748988571082142e-14,-7.408931740596845679e-12,1.112246609929637235e-04,1.492795954081510784e-04,2.399999999999957723e-03,3.666666666666651528e-04
1.000000000000000000e+00,1.155000000000000000e+03,1.113490321610885919e-04,1.380520718214099667e-05,-7.572533351174709319e-12,2.487423361294932053e-08,2.487424717502878147e-08,-1.356207946094362494e-14,-1.356207909698415542e-14,-7.476730663053583121e-12,1.113490321610885513e-04,1.494039658888576035e-04,2.399999999999957723e-03,3.699999999999984768e-04
1.000000000000000000e+00,1.160000000000000000e+03,1.114734033292030791e-04,1.392957841801614092e-05,-7.640294008286088560e-12,2.487423362087976576e-08,2.487424717502878147e-08,-1.355414901571328305e-14,-1.355414840029090731e-14,-7.544521231796770778e-12,1.114734033292030384e-04,1.495283363697279787e-04,2.399999999999957723e-03,3.733333333333318008e-04
1.000000000000000000e+00,1.165000000000000000e+03,1.115977744973220250e-04,1.405394965389128517e-05,-7.708050206616033455e-12,2.487423362862999480e-08,2.487424717502878147e-08,-1.354639878666863686e-14,-1.354639847234000409e-14,-7.612272598978348056e-12,1.115977744973221334e-04,1.496527068505246823e-04,2.399999999999957723e-03,3.766666666666651248e-04
1.000000000000000000e+00,1.170000000000000000e+03,1.117221456654611777e-04,1.417832088976642942e-05,-7.775786198127988651e-12,2.487423363506878192e-08,2.487424717502878147e-08,-1.353995999954563429e-14,-1.353995960911638516e-14,-7.679988494181989030e-12,1.117221456654612455e-04,1.497770773309958271e-04,2.399999999999957723e-03,3.799999999999985030e-04
1.000000000000000000e+00,1.175000000000000000e+03,1.118465168336277066e-04,1.430269212564157367e-05,-7.843494813535088588e-12,2.487423363788570910e-08,2.487424717502878147e-08,-1.353714307236553190e-14,-1.353714250657399292e-14,-7.747681249471214975e-12,1.118465168336276795e-04,1.499014478110243193e-04,2.399999999999957723e-03,3.833333333333318270e-04
1.000000000000000000e+00,1.180000000000000000e+03,1.119708880017937882e-04,1.442706336151671792e-05,-7.911203876175584675e-12,2.487423363661597694e-08,2.487424717502878147e-08,-1.353841280453196815e-14,-1.353841241741144148e-14,-7.815370136781178561e-12,1.119708880017937204e-04,1.500258182910607261e-04,2.399999999999957723e-03,3.866666666666651511e-04
1.000000000000000000e+00,1.185000000000000000e+03,1.120952591699471846e-04,1.455143459739186217e-05,-7.978925623981498842e-12,2.487423362786534243e-08,2.487424717502878147e-08,-1.354716343904432578e-14,-1.354716292950106844e-14,-7.883084075148459836e-12,1.120952591699471846e-04,1.501501887712959485e-04,2.399999999999957723e-03,3.899999999999984751e-04
1.000000000000000000e+00,1.190000000000000000e+03,1.122196303381166002e-04,1.467580583326700643e-05,-8.046631352700314536e-12,2.487423361381896859e-08,2.487424717502878147e-08,-1.356120981287842344e-14,-1.356120938274450491e-14,-7.950855005929073769e-12,1.122196303381166679e-04,1.502745592512710708e-04,2.399999999999957723e-03,3.933333333333317991e-04
1.000000000000000000e+00,1.195000000000000000e+03,1.123440015063152349e-04,1.480017706914215068e-05,-8.114307862170581746e-12,2.487423359781640525e-08,2.487424717502878147e-08,-1.357721237621698041e-14,-1.357721199902262108e-14,-8.018701059383491584e-12,1.123440015063152214e-04,1.503989297307778178e-04,2.399999999999957723e-03,3.966666666666651231e-04
1.000000000000000000e+00,1.200000000000000000e+03,1.124683726745562214e-04,1.492454830501729493e-05,-8.181942019993486241e-12,2.487423358585134688e-08,2.487424717502878147e-08,-1.358917743458971910e-14,-1.358917727246231904e-14,-8.086617032562203934e-12,1.124683726745562485e-04,1.505233002096017072e-04,2.399999999999957723e-03,3.999999999999984471e-04
1.000000000000000000e+00,1.205000000000000000e+03,1.125927438428686567e-04,1.504891954089243918e-05,-8.249504728893223941e-12,2.487423358801539695e-08,2.487424717502878147e-08,-1.358701338452349257e-14,-1.358701308673847205e-14,-8.154557508460205912e-12,1.125927438428685483e-04,1.506476706872764235e-04,2.399999999999957723e-03,4.033333333333317711e-04
1.000000000000000000e+00,1.210000000000000000e+03,1.127171150112935374e-04,1.517329077676758343e-05,-8.316954992475147738e-12,2.487423361880387660e-08,2.487424717502878147e-08,-1.355622490486982367e-14,-1.355622453429290925e-14,-8.222415602512784365e-12,1.127171150112936729e-04,1.507720411631441001e-04,2.399999999999957723e-03,4.066666666666651493e-04
1.000000000000000000e+00,1.215000000000000000e+03,1.128414861797108286e-04,1.529766201264272599e-05,-8.384412843778213040e-12,2.487423364477820810e-08,2.487424717502878147e-08,-1.353025057336782155e-14,-1.353025017962984998e-14,-8.290131789297591263e-12,1.128414861797108557e-04,1.508964116391341560e-04,2.399999999999957723e-03,4.099999999999984191e-04
1.000000000000000000e+00,1.220000000000000000e+03,1.129658573481000120e-04,1.542203324851787024e-05,-8.451898804716665922e-12,2.487423366360311831e-08,2.487424717502878147e-08,-1.351142566316178875e-14,-1.351142527604126208e-14,-8.357735977936769043e-12,1.129658573481000120e-04,1.510207821155704695e-04,2.399999999999957723e-03,4.133333333333317973e-04
1.000000000000000000e+00,1.225000000000000000e+03,1.130902285164576314e-04,1.554640448439301449e-05,-8.519416329490865289e-12,2.487423367880910341e-08,2.487424717502878147e-08,-1.349621967806184280e-14,-1.349621925454536917e-14,-8.425255089263235621e-12,1.130902285164575908e-04,1.511451525925129971e-04,2.399999999999957723e-03,4.166666666666651213e-04
1.000000000000000000e+00,1.230000000000000000e+03,1.132145996847350606e-04,1.567077572026815874e-05,-8.587014044568247115e-12,2.487423368135833840e-08,2.487424717502878147e-08,-1.349367044307157483e-14,-1.349367016183016656e-14,-8.492729812804174461e-12,1.132145996847351826e-04,1.512695230707390302e-04,2.399999999999957723e-03,4.199999999999984453e-04
1.000000000000000000e+00,1.235000000000000000e+03,1.133389708528686568e-04,1.579514695614330299e-05,-8.654755592616336299e-12,2.487423365855088772e-08,2.487424717502878147e-08,-1.351647789374608298e-14,-1.351647771838379312e-14,-8.560255182504709360e-12,1.133389708528686839e-04,1.513938935512716493e-04,2.399999999999957723e-03,4.233333333333317693e-04
1.000000000000000000e+00,1.240000000000000000e+03,1.134633420210163205e-04,1.591951819201844725e-05,-8.722483073141237483e-12,2.487423364347468064e-08,2.487424717502878147e-08,-1.353155410082536427e-14,-1.353155370046994779e-14,-8.627875261051843712e-12,1.134633420210163341e-04,1.515182640315767485e-04,2.399999999999957723e-03,4.266666666666650933e-04
1.000000000000000000e+00,1.245000000000000000e+03,1.135877131892048180e-04,1.604388942789359150e-05,-8.790169719901817433e-12,2.487423364110988708e-08,2.487424717502878147e-08,-1.353391889439136761e-14,-1.353391832198238373e-14,-8.695538941107974541e-12,1.135877131892048316e-04,1.516426345112230052e-04,2.399999999999957723e-03,4.299999999999984173e-04
1.000000000000000000e+00,1.250000000000000000e+03,1.137120843573852924e-04,1.616826066376873575e-05,-8.857864389758473775e-12,2.487423363973333612e-08,2.487424717502878147e-08,-1.353529544535338651e-14,-1.353529499536713328e-14,-8.763211974401348334e-12,1.137120843573853060e-04,1.517670049909975772e-04,2.399999999999957723e-03,4.333333333333317413e-04
1.000000000000000000e+00,1.255000000000000000e+03,1.138364555255814471e-04,1.629263189964388000e-05,-8.925543379341210545e-12,2.487423364191133907e-08,2.487424717502878147e-08,-1.353311744240458744e-14,-1.353311698580088931e-14,-8.830883004354268390e-12,1.138364555255814200e-04,1.518913754705177141e-04,2.399999999999957723e-03,4.366666666666650654e-04
1.000000000000000000e+00,1.260000000000000000e+03,1.139608266938095586e-04,1.641700313551902425e-05,-8.993190412064913306e-12,2.487423364931626322e-08,2.487424717502878147e-08,-1.352571251825229028e-14,-1.352571226348066162e-14,-8.898530077477472267e-12,1.139608266938095044e-04,1.520157459495229905e-04,2.399999999999957723e-03,4.399999999999983894e-04
1.000000000000000000e+00,1.265000000000000000e+03,1.140851978619603665e-04,1.654137437139416850e-05,-9.060914748403514282e-12,2.487423364987793871e-08,2.487424717502878147e-08,-1.352515084276403207e-14,-1.352515043579117070e-14,-8.966157234225651848e-12,1.140851978619603665e-04,1.521401164297663173e-04,2.399999999999957723e-03,4.433333333333317134e-04
1.000000000000000000e+00,1.270000000000000000e+03,1.142095690301021485e-04,1.666574560726931275e-05,-9.128648110725201201e-12,2.487423365079603970e-08,2.487424717502878147e-08,-1.352423274176726967e-14,-1.352423246714330630e-14,-9.033780691482988041e-12,1.142095690301021078e-04,1.522644869101522709e-04,2.399999999999957723e-03,4.466666666666650374e-04
1.000000000000000000e+00,1.275000000000000000e+03,1.143339401982409082e-04,1.679011684314445701e-05,-9.196384495260443923e-12,2.487423365241635417e-08,2.487424717502878147e-08,-1.352261242729617630e-14,-1.352261209973265372e-14,-9.101397802900177941e-12,1.143339401982409488e-04,1.523888573905848995e-04,2.399999999999957723e-03,4.499999999999984156e-04
1.000000000000000000e+00,1.280000000000000000e+03,1.144583113663838963e-04,1.691448807901960126e-05,-9.264116651407213951e-12,2.487423365515245257e-08,2.487424717502878147e-08,-1.351987632889681014e-14,-1.351987596824606307e-14,-9.169004023070124733e-12,1.144583113663839912e-04,1.525132278709474072e-04,2.399999999999957723e-03,4.533333333333317396e-04
1.000000000000000000e+00,1.285000000000000000e+03,1.145826825345328068e-04,1.703885931489474551e-05,-9.331842885099616777e-12,2.487423365777508826e-08,2.487424717502878147e-08,-1.351725369320770667e-14,-1.351725348144946985e-14,-9.236596846694363565e-12,1.145826825345328339e-04,1.526375983512141528e-04,2.399999999999957723e-03,4.566666666666650636e-04
1.000000000000000000e+00,1.290000000000000000e+03,1.147070537026904588e-04,1.716323055076988976e-05,-9.399560377412003939e-12,2.487423365913601544e-08,2.487424717502878147e-08,-1.351589276603309767e-14,-1.351589224987239544e-14,-9.304179711022668228e-12,1.147070537026904723e-04,1.527619688313370790e-04,2.399999999999957723e-03,4.599999999999983876e-04
1.000000000000000000e+00,1.295000000000000000e+03,1.148314248708666370e-04,1.728760178664503401e-05,-9.467259343419768755e-12,2.487423365946154740e-08,2.487424717502878147e-08,-1.351556723406611110e-14,-1.351556672121413132e-14,-9.371758358450384545e-12,1.148314248708665964e-04,1.528863393111613888e-04,2.399999999999957723e-03,4.633333333333317116e-04
1.000000000000000000e+00,1.300000000000000000e+03,1.149557960390680365e-04,1.741197302252017826e-05,-9.534933088174496127e-12,2.487423365802122743e-08,2.487424717502878147e-08,-1.351700755403591294e-14,-1.351700720992877811e-14,-9.439339793278241819e-12,1.149557960390680636e-04,1.530107097905771983e-04,2.399999999999957723e-03,4.666666666666650356e-04
1.000000000000000000e+00,1.305000000000000000e+03,1.150801672073012709e-04,1.753634425839532251e-05,-9.602574998042933893e-12,2.487423365397436209e-08,2.487424717502878147e-08,-1.352105441937754287e-14,-1.352105387343833858e-14,-9.506934945986659610e-12,1.150801672073014064e-04,1.531350802694806952e-04,2.399999999999957723e-03,4.699999999999983596e-04
1.000000000000000000e+00,1.310000000000000000e+03,1.152045383755355624e-04,1.766071549427046677e-05,-9.670215850814253486e-12,2.487423365145563021e-08,2.487424717502878147e-08,-1.352357315125554233e-14,-1.352357258215528090e-14,-9.574546512125643659e-12,1.152045383755353998e-04,1.532594507483665196e-04,2.399999999999957723e-03,4.733333333333316836e-04
1.000000000000000000e+00,1.315000000000000000e+03,1.153289095437814413e-04,1.778508673014561102e-05,-9.737845116174854640e-12,2.487423364861130350e-08,2.487424717502878147e-08,-1.352641747796625492e-14,-1.352641698165788739e-14,-9.642171486035176580e-12,1.153289095437814548e-04,1.533838212270625273e-04,2.399999999999957723e-03,4.766666666666650076e-04
1.000000000000000000e+00,1.320000000000000000e+03,1.154532807120317112e-04,1.790945796602075527e-05,-9.805469990516657228e-12,2.487423364584440752e-08,2.487424717502878147e-08,-1.352918437395418765e-14,-1.352918380154520376e-14,-9.709810487993184308e-12,1.154532807120317654e-04,1.535081917056862187e-04,2.399999999999957723e-03,4.799999999999983316e-04
1.000000000000000000e+00,1.325000000000000000e+03,1.155776518802758960e-04,1.803382920189589952e-05,-9.873100949943152890e-12,2.487423364371467883e-08,2.487424717502878147e-08,-1.353131410264243813e-14,-1.353131377507891556e-14,-9.777461731934744606e-12,1.155776518802759638e-04,1.536325621844065667e-04,2.399999999999957723e-03,4.833333333333316557e-04
1.000000000000000000e+00,1.330000000000000000e+03,1.157020230485228049e-04,1.815820043777104377e-05,-9.940729185311690183e-12,2.487423364237968211e-08,2.487424717502878147e-08,-1.353264909935920481e-14,-1.353264863944678423e-14,-9.845121637971058856e-12,1.157020230485227236e-04,1.537569326630832214e-04,2.399999999999957723e-03,4.866666666666650339e-04
1.000000000000000000e+00,1.335000000000000000e+03,1.158263942167928615e-04,1.828257167364618802e-05,-1.000833427296384491e-11,2.487423364179200337e-08,2.487424717502878147e-08,-1.353323677809719924e-14,-1.353323633472839091e-14,-9.912786350406496793e-12,1.158263942167929835e-04,1.538813031413816792e-04,2.399999999999957723e-03,4.899999999999983579e-04
1.000000000000000000e+00,1.340000000000000000e+03,1.159507653850690167e-04,1.840694290952133228e-05,-1.007593326197877941e-11,2.487423364297630433e-08,2.487424717502878147e-08,-1.353205247714442746e-14,-1.353205202384945179e-14,-9.980449571302941400e-12,1.159507653850690167e-04,1.540056736195838600e-04,2.399999999999957723e-03,4.933333333333317361e-04
1.000000000000000000e+00,1.345000000000000000e+03,1.160751365533502000e-04,1.853131414539647653e-05,-1.014352722300613900e-11,2.487423364665014761e-08,2.487424717502878147e-08,-1.352837863386311200e-14,-1.352837831953447923e-14,-1.004810064716140123e-11,1.160751365533502542e-04,1.541300440977015542e-04,2.399999999999957723e-03,4.966666666666650059e-04
1.000000000000000000e+00,1.350000000000000000e+03,1.161995077216361943e-04,1.865568538127162078e-05,-1.021111637288635819e-11,2.487423365364571000e-08,2.487424717502878147e-08,-1.352138307146979999e-14,-1.352138241634275484e-14,-1.011572504900109431e-11,1.161995077216362214e-04,1.542544145757399391e-04,2.399999999999957723e-03,4.999999999999983841e-04
1.000000000000000000e+00,1.355000000000000000e+03,1.163238788899093002e-04,1.878005661714676503e-05,-1.027871841121990280e-11,2.487423365801913632e-08,2.487424717502878147e-08,-1.351700964514850147e-14,-1.351700928449775440e-14,-1.018332102825319559e-11,1.163238788899092867e-04,1.543787850539829129e-04,2.399999999999957723e-03,5.033333333333317623e-04
1.000000000000000000e+00,1.360000000000000000e+03,1.164482500581689756e-04,1.890442785302190928e-05,-1.034633388010785908e-11,2.487423366030588705e-08,2.487424717502878147e-08,-1.351472289441893128e-14,-1.351472240141928619e-14,-1.025090035746798819e-11,1.164482500581690298e-04,1.545031555324398540e-04,2.399999999999957723e-03,5.066666666666650321e-04
1.000000000000000000e+00,1.365000000000000000e+03,1.165726212264102060e-04,1.902879908889705353e-05,-1.041396779398527477e-11,2.487423365918812451e-08,2.487424717502878147e-08,-1.351584065696322928e-14,-1.351584011764146990e-14,-1.031847676376564008e-11,1.165726212264101789e-04,1.546275260111904513e-04,2.399999999999957723e-03,5.099999999999984103e-04
1.000000000000000000e+00,1.370000000000000000e+03,1.166969923946259441e-04,1.915317032477219778e-05,-1.048162720016627102e-11,2.487423365236114483e-08,2.487424717502878147e-08,-1.352266763663898054e-14,-1.352266736532373962e-14,-1.038607303247305310e-11,1.166969923946259034e-04,1.547518964903478954e-04,2.399999999999957723e-03,5.133333333333317886e-04
1.000000000000000000e+00,1.375000000000000000e+03,1.168213635628215024e-04,1.927754156064734204e-05,-1.054930678606020265e-11,2.487423364135874602e-08,2.487424717502878147e-08,-1.353367003544971981e-14,-1.353366965163791559e-14,-1.045371387501545724e-11,1.168213635628217057e-04,1.548762669698266429e-04,2.399999999999957723e-03,5.166666666666650583e-04
1.000000000000000000e+00,1.380000000000000000e+03,1.169457347310262629e-04,1.940191279652248629e-05,-1.061697716978819532e-11,2.487423363532919492e-08,2.487424717502878147e-08,-1.353969958654519034e-14,-1.353969900421003911e-14,-1.052139729665507713e-11,1.169457347310262494e-04,1.550006374491578304e-04,2.399999999999957723e-03,5.199999999999984366e-04
1.000000000000000000e+00,1.385000000000000000e+03,1.170701058992313487e-04,1.952628403239763054e-05,-1.068464722825553624e-11,2.487423363050815140e-08,2.487424717502878147e-08,-1.354452063007444335e-14,-1.354452019663180238e-14,-1.058910784465718173e-11,1.170701058992313894e-04,1.551250079284800462e-04,2.399999999999957723e-03,5.233333333333318148e-04
1.000000000000000000e+00,1.390000000000000000e+03,1.171944770674471003e-04,1.965065526827277479e-05,-1.075230662088400534e-11,2.487423362898541777e-08,2.487424717502878147e-08,-1.354604336370303507e-14,-1.354604286077722264e-14,-1.065683425230070429e-11,1.171944770674471410e-04,1.552493784076295485e-04,2.399999999999957723e-03,5.266666666666650846e-04
1.000000000000000000e+00,1.395000000000000000e+03,1.173188482356869890e-04,1.977502650414791904e-05,-1.081994187646160947e-11,2.487423363352798598e-08,2.487424717502878147e-08,-1.354150079549008171e-14,-1.354150039182594279e-14,-1.072455311043221221e-11,1.173188482356869348e-04,1.553737488863896597e-04,2.399999999999957723e-03,5.299999999999984628e-04
1.000000000000000000e+00,1.400000000000000000e+03,1.174432194039155478e-04,1.989939774002306329e-05,-1.088758846195191608e-11,2.487423363725704191e-08,2.487424717502878147e-08,-1.353777173955723956e-14,-1.353777115391336587e-14,-1.079225128929656048e-11,1.174432194039154394e-04,1.554981193653286913e-04,2.399999999999957723e-03,5.333333333333318410e-04
1.000000000000000000e+00,1.405000000000000000e+03,1.175675905721357175e-04,2.002376897589820754e-05,-1.095524343645653230e-11,2.487423364090066332e-08,2.487424717502878147e-08,-1.353412811814678433e-14,-1.353412766485180865e-14,-1.085993103634347341e-11,1.175675905721356362e-04,1.556224898444001853e-04,2.399999999999957723e-03,5.366666666666651108e-04
1.000000000000000000e+00,1.410000000000000000e+03,1.176919617403552096e-04,2.014814021177335180e-05,-1.102289908858750632e-11,2.487423364618637722e-08,2.487424717502878147e-08,-1.352884240425406843e-14,-1.352884184507997434e-14,-1.092758846011830287e-11,1.176919617403553181e-04,1.557468603234796753e-04,2.399999999999957723e-03,5.399999999999984890e-04
1.000000000000000000e+00,1.415000000000000000e+03,1.178163329085713543e-04,2.027251144764849605e-05,-1.109055808819268789e-11,2.487423365277400391e-08,2.487424717502878147e-08,-1.352225477756036552e-14,-1.352225437720494904e-14,-1.099521620067401518e-11,1.178163329085713001e-04,1.558712308026140802e-04,2.399999999999957723e-03,5.433333333333317588e-04
1.000000000000000000e+00,1.420000000000000000e+03,1.179407040767824709e-04,2.039688268352364030e-05,-1.115822211578544436e-11,2.487423365971640175e-08,2.487424717502878147e-08,-1.351531237971938352e-14,-1.351531205877330584e-14,-1.106281011676396082e-11,1.179407040767824303e-04,1.559956012818241081e-04,2.399999999999957723e-03,5.466666666666651370e-04
1.000000000000000000e+00,1.425000000000000000e+03,1.180650752449997676e-04,2.052125391939878455e-05,-1.122587996342581766e-11,2.487423366426664289e-08,2.487424717502878147e-08,-1.351076213857906811e-14,-1.351076184079404760e-14,-1.113037530151287920e-11,1.180650752449996727e-04,1.561199717609353652e-04,2.399999999999957723e-03,5.499999999999985153e-04
1.000000000000000000e+00,1.430000000000000000e+03,1.181894464132143130e-04,2.064562515527392880e-05,-1.129354056222920365e-11,2.487423366526104634e-08,2.487424717502878147e-08,-1.350976773513388137e-14,-1.350976724213423629e-14,-1.119792662422019991e-11,1.181894464132144485e-04,1.562443422400872800e-04,2.399999999999957723e-03,5.533333333333317850e-04
1.000000000000000000e+00,1.435000000000000000e+03,1.183138175814238034e-04,2.076999639114907305e-05,-1.136120621612521885e-11,2.487423366024448709e-08,2.487424717502878147e-08,-1.351478429438143986e-14,-1.351478383777774173e-14,-1.126548800191997986e-11,1.183138175814238169e-04,1.563687127193164170e-04,2.399999999999957723e-03,5.566666666666651633e-04
1.000000000000000000e+00,1.440000000000000000e+03,1.184381887496254197e-04,2.089436762702421730e-05,-1.142887974403951172e-11,2.487423364618027924e-08,2.487424717502878147e-08,-1.352884850222954417e-14,-1.352884786695483373e-14,-1.133309708118181129e-11,1.184381887496255552e-04,1.564930831986716738e-04,2.399999999999957723e-03,5.599999999999985415e-04
1.000000000000000000e+00,1.445000000000000000e+03,1.185625599178287979e-04,2.101873886289936156e-05,-1.149655151012527431e-11,2.487423363209904140e-08,2.487424717502878147e-08,-1.354292974007209972e-14,-1.354292928346840159e-14,-1.140077652405786938e-11,1.185625599178288792e-04,1.566174536779976843e-04,2.399999999999957723e-03,5.633333333333318113e-04
1.000000000000000000e+00,1.450000000000000000e+03,1.186869310860387897e-04,2.114311009877450581e-05,-1.156421666257778473e-11,2.487423362268861123e-08,2.487424717502878147e-08,-1.355234017023697659e-14,-1.355233963422393965e-14,-1.146851469635210024e-11,1.186869310860387083e-04,1.567418241572143800e-04,2.399999999999957723e-03,5.666666666666651895e-04
1.000000000000000000e+00,1.455000000000000000e+03,1.188113022542539721e-04,2.126748133464965006e-05,-1.163187662441239438e-11,2.487423361665406728e-08,2.487424717502878147e-08,-1.355837471419462449e-14,-1.355837417818158756e-14,-1.153629148088311405e-11,1.188113022542539585e-04,1.568661946363455323e-04,2.399999999999957723e-03,5.699999999999985677e-04
1.000000000000000000e+00,1.460000000000000000e+03,1.189356734224783025e-04,2.139185257052479431e-05,-1.169952743829117368e-11,2.487423361784384416e-08,2.487424717502878147e-08,-1.355718493730619762e-14,-1.355718433180998923e-14,-1.160408037715809300e-11,1.189356734224783160e-04,1.569905651153282572e-04,2.399999999999957723e-03,5.733333333333318375e-04
1.000000000000000000e+00,1.465000000000000000e+03,1.190600445907143964e-04,2.151622380639993856e-05,-1.176716648857638152e-11,2.487423362947426497e-08,2.487424717502878147e-08,-1.354555451650462848e-14,-1.354555421210216306e-14,-1.167183722351787338e-11,1.190600445907144371e-04,1.571149355941198103e-04,2.399999999999957723e-03,5.766666666666652157e-04
1.000000000000000000e+00,1.470000000000000000e+03,1.191844157589378052e-04,2.164059504227508281e-05,-1.183481822402700744e-11,2.487423363418828787e-08,2.487424717502878147e-08,-1.354084049360302758e-14,-1.354084002045571720e-14,-1.173955320909926808e-11,1.191844157589377781e-04,1.572393060731130791e-04,2.399999999999957723e-03,5.799999999999985939e-04
1.000000000000000000e+00,1.475000000000000000e+03,1.193087869271579072e-04,2.176496627815022706e-05,-1.190247326629425943e-11,2.487423364100193008e-08,2.487424717502878147e-08,-1.353402685138747313e-14,-1.353402639147505256e-14,-1.180724037512909500e-11,1.193087869271579072e-04,1.573636765521584438e-04,2.399999999999957723e-03,5.833333333333318637e-04
1.000000000000000000e+00,1.480000000000000000e+03,1.194331580953703656e-04,2.188933751402537132e-05,-1.197013595218682745e-11,2.487423364898628102e-08,2.487424717502878147e-08,-1.352604250045097239e-14,-1.352604179569309049e-14,-1.187489054559701536e-11,1.194331580953704198e-04,1.574880470313211735e-04,2.399999999999957723e-03,5.866666666666652419e-04
1.000000000000000000e+00,1.485000000000000000e+03,1.195575292635702065e-04,2.201370874990051557e-05,-1.203781125548217777e-11,2.487423365666216969e-08,2.487424717502878147e-08,-1.351836661178233756e-14,-1.351836618826586393e-14,-1.194250156555691274e-11,1.195575292635703149e-04,1.576124175106868386e-04,2.399999999999957723e-03,5.899999999999985117e-04
1.000000000000000000e+00,1.490000000000000000e+03,1.196819004317639895e-04,2.213807998577565982e-05,-1.210549261675716685e-11,2.487423366322066639e-08,2.487424717502878147e-08,-1.351180811508108632e-14,-1.351180755590699223e-14,-1.201007699991734489e-11,1.196819004317639082e-04,1.577367879901492688e-04,2.399999999999957723e-03,5.933333333333318900e-04
1.000000000000000000e+00,1.495000000000000000e+03,1.198062715999596156e-04,2.226245122165080407e-05,-1.217317213488846271e-11,2.487423366746683263e-08,2.487424717502878147e-08,-1.350756194884266786e-14,-1.350756150547385953e-14,-1.207762542257079701e-11,1.198062715999596698e-04,1.578611584695762998e-04,2.399999999999957723e-03,5.966666666666652682e-04
1.000000000000000000e+00,1.500000000000000000e+03,1.199306427681508914e-04,2.238682245752594832e-05,-1.224085600338097567e-11,2.487423366613483692e-08,2.487424717502878147e-08,-1.350889394454817220e-14,-1.350889347470958427e-14,-1.214516656002125562e-11,1.199306427681508778e-04,1.579855289490732619e-04,2.399999999999957723e-03,5.999999999999985380e-04
1.000000000000000000e+00,1.505000000000000000e+03,1.200550139363388739e-04,2.251119369340109257e-05,-1.230854316513758755e-11,2.487423365604103646e-08,2.487424717502878147e-08,-1.351898774501302608e-14,-1.351898696746325028e-14,-1.221273626112668771e-11,1.200550139363388332e-04,1.581098994286213441e-04,2.399999999999957723e-03,6.033333333333319162e-04
1.000000000000000000e+00,1.510000000000000000e+03,1.201793851045254605e-04,2.263556492927623682e-05,-1.237623172280449650e-11,2.487423363333325112e-08,2.487424717502878147e-08,-1.354169553034988895e-14,-1.354169510021597042e-14,-1.228038796629588576e-11,1.201793851045255011e-04,1.582342699081896466e-04,2.399999999999957723e-03,6.066666666666652944e-04
1.000000000000000000e+00,1.515000000000000000e+03,1.203037562727135243e-04,2.275993616515138108e-05,-1.244391880324594545e-11,2.487423361997983296e-08,2.487424717502878147e-08,-1.355504894851507134e-14,-1.355504850514626301e-14,-1.234812982530929135e-11,1.203037562727135107e-04,1.583586403877313591e-04,2.399999999999957723e-03,6.099999999999986726e-04
1.000000000000000000e+00,1.520000000000000000e+03,1.204281274409067380e-04,2.288430740102652533e-05,-1.251160073372707508e-11,2.487423360916068443e-08,2.487424717502878147e-08,-1.356586809704162807e-14,-1.356586755771986868e-14,-1.241593211546645668e-11,1.204281274409066025e-04,1.584830108671887478e-04,2.399999999999957723e-03,6.133333333333319424e-04
1.000000000000000000e+00,1.525000000000000000e+03,1.205524986091096825e-04,2.300867863690166958e-05,-1.257927293349370666e-11,2.487423360487594841e-08,2.487424717502878147e-08,-1.357015283305764865e-14,-1.357015234998417092e-14,-1.248377216523571677e-11,1.205524986091096690e-04,1.586073813464878701e-04,2.399999999999957723e-03,6.166666666666653206e-04
1.000000000000000000e+00,1.530000000000000000e+03,1.206768697773282666e-04,2.313304987277681383e-05,-1.264692949364400014e-11,2.487423361287077146e-08,2.487424717502878147e-08,-1.356215801001459298e-14,-1.356215731518287843e-14,-1.255160293939863440e-11,1.206768697773281311e-04,1.587317518255357285e-04,2.399999999999957723e-03,6.199999999999985904e-04
1.000000000000000000e+00,1.535000000000000000e+03,1.208012409455580045e-04,2.325742110865195808e-05,-1.271457490006444417e-11,2.487423362899645897e-08,2.487424717502878147e-08,-1.354603232249621871e-14,-1.354603180302679403e-14,-1.261937341219415858e-11,1.208012409455580316e-04,1.588561223043998688e-04,2.399999999999957723e-03,6.233333333333319686e-04
1.000000000000000000e+00,1.540000000000000000e+03,1.209256121137844626e-04,2.338179234452710233e-05,-1.278222358619645997e-11,2.487423363864817111e-08,2.487424717502878147e-08,-1.353638061036410503e-14,-1.353638004126384359e-14,-1.268707944180488517e-11,1.209256121137845032e-04,1.589804927833165116e-04,2.399999999999957723e-03,6.266666666666653469e-04
1.000000000000000000e+00,1.545000000000000000e+03,1.210499832820151491e-04,2.350616358040224658e-05,-1.284986804394000308e-11,2.487423365078642125e-08,2.487424717502878147e-08,-1.352424236022343244e-14,-1.352424180766678325e-14,-1.275473099642721174e-11,1.210499832820152168e-04,1.591048632621613261e-04,2.399999999999957723e-03,6.299999999999986167e-04
1.000000000000000000e+00,1.550000000000000000e+03,1.211743544502471502e-04,2.363053481627739084e-05,-1.291751118708841205e-11,2.487423366367444775e-08,2.487424717502878147e-08,-1.351135433372320708e-14,-1.351135373815316604e-14,-1.282231998529176161e-11,1.211743544502472450e-04,1.592292337409853781e-04,2.399999999999957723e-03,6.333333333333319949e-04
1.000000000000000000e+00,1.555000000000000000e+03,1.212987256184757496e-04,2.375490605215253509e-05,-1.298515773192113719e-11,2.487423367471893020e-08,2.487424717502878147e-08,-1.350030985127162356e-14,-1.350030929871497437e-14,-1.288984914288393196e-11,1.212987256184758309e-04,1.593536042198610381e-04,2.399999999999957723e-03,6.366666666666652647e-04
1.000000000000000000e+00,1.560000000000000000e+03,1.214230967867201648e-04,2.387927728802767934e-05,-1.305278846095467120e-11,2.487423368523519496e-08,2.487424717502878147e-08,-1.348979358650688169e-14,-1.348979316629913052e-14,-1.295732439904646723e-11,1.214230967867202055e-04,1.594779746984818563e-04,2.399999999999957723e-03,6.399999999999986429e-04
1.000000000000000000e+00,1.565000000000000000e+03,1.215474679549768586e-04,2.400364852390282359e-05,-1.312040691139860181e-11,2.487423369143377545e-08,2.487424717502878147e-08,-1.348359500601631962e-14,-1.348359462551323785e-14,-1.302475786852599815e-11,1.215474679549768722e-04,1.596023451769029917e-04,2.399999999999957723e-03,6.433333333333320211e-04
1.000000000000000000e+00,1.570000000000000000e+03,1.216718391232452347e-04,2.412801975977796784e-05,-1.318801367956412389e-11,2.487423368924664705e-08,2.487424717502878147e-08,-1.348578213442163638e-14,-1.348578149583820349e-14,-1.309218130882937675e-11,1.216718391232453160e-04,1.597267156551348253e-04,2.399999999999957723e-03,6.466666666666653993e-04
1.000000000000000000e+00,1.575000000000000000e+03,1.217962102915278410e-04,2.425239099565311209e-05,-1.325560621757613210e-11,2.487423367433464525e-08,2.487424717502878147e-08,-1.350069413622315854e-14,-1.350069343808272155e-14,-1.315964749616417906e-11,1.217962102915278274e-04,1.598510861331354799e-04,2.399999999999957723e-03,6.499999999999986691e-04
1.000000000000000000e+00,1.580000000000000000e+03,1.219205814598157598e-04,2.437676223152825635e-05,-1.332319344299749513e-11,2.487423364822266758e-08,2.487424717502878147e-08,-1.352680611388781194e-14,-1.352680578963301182e-14,-1.322721624423346840e-11,1.219205814598156920e-04,1.599754566110497508e-04,2.399999999999957723e-03,6.533333333333320473e-04
1.000000000000000000e+00,1.585000000000000000e+03,1.220449526280695262e-04,2.450113346740340060e-05,-1.339081482078729145e-11,2.487423362867427543e-08,2.487424717502878147e-08,-1.354635450603608567e-14,-1.354635430089529375e-14,-1.329489914445978916e-11,1.220449526280694449e-04,1.600998270895114082e-04,2.399999999999957723e-03,6.566666666666654256e-04
1.000000000000000000e+00,1.590000000000000000e+03,1.221693237962933416e-04,2.462550470327854485e-05,-1.345846614966210268e-11,2.487423360878985274e-08,2.487424717502878147e-08,-1.356623892872768049e-14,-1.356623855153332117e-14,-1.336268062659086070e-11,1.221693237962932061e-04,1.602241975684509548e-04,2.399999999999957723e-03,6.599999999999986953e-04
1.000000000000000000e+00,1.595000000000000000e+03,1.222936949644700484e-04,2.474987593915368910e-05,-1.352616458712130841e-11,2.487423359284935111e-08,2.487424717502878147e-08,-1.358217943035923883e-14,-1.358217905316487951e-14,-1.343055167060260620e-11,1.222936949644701026e-04,1.603485680481423685e-04,2.399999999999957723e-03,6.633333333333320736e-04
1.000000000000000000e+00,1.600000000000000000e+03,1.224180661325791010e-04,2.487424717502883335e-05,-1.359393067879607724e-11,2.487423358662036346e-08,2.487424717502878147e-08,-1.358840841800911835e-14,-1.358840781251290996e-14,-1.349847813776680067e-11,1.224180661325791010e-04,1.604729385289206949e-04,2.399999999999957723e-03,6.666666666666653434e-04
1.000000000000000000e+00,1.605000000000000000e+03,1.225424373006888312e-04,2.499861841090397760e-05,-1.366169609284448826e-11,2.487423358293448636e-08,2.487424717502878147e-08,-1.359209429511398524e-14,-1.359209383520156466e-14,-1.356642939188608686e-11,1.225424373006888583e-04,1.605973090096834901e-04,2.399999999999957723e-03,6.699999999999987216e-04
1.000000000000000000e+00,1.610000000000000000e+03,1.226668084688140655e-04,2.512298964677912185e-05,-1.372944600280183274e-11,2.487423358415771774e-08,2.487424717502878147e-08,-1.359087106373286427e-14,-1.359087045161921098e-14,-1.363438680260313880e-11,1.226668084688142010e-04,1.607216794901964309e-04,2.399999999999957723e-03,6.733333333333320998e-04
1.000000000000000000e+00,1.615000000000000000e+03,1.227911796369508736e-04,2.524736088265426611e-05,-1.379718433890098593e-11,2.487423359678721390e-08,2.487424717502878147e-08,-1.357824156757000869e-14,-1.357824099185230235e-14,-1.370230958121181758e-11,1.227911796369507381e-04,1.608460499705227263e-04,2.399999999999957723e-03,6.766666666666653696e-04
1.000000000000000000e+00,1.620000000000000000e+03,1.229155508051229997e-04,2.537173211852941036e-05,-1.386488735711437041e-11,2.487423362432940008e-08,2.487424717502878147e-08,-1.355069938139136130e-14,-1.355069896118361013e-14,-1.377013193109440736e-11,1.229155508051230268e-04,1.609704204502809539e-04,2.399999999999957723e-03,6.799999999999987478e-04
1.000000000000000000e+00,1.625000000000000000e+03,1.230399219733414211e-04,2.549610335440455461e-05,-1.393254407989498976e-11,2.487423366604778113e-08,2.487424717502878147e-08,-1.350898100034455973e-14,-1.350898054704958405e-14,-1.383778112986499035e-11,1.230399219733414754e-04,1.610947909292925187e-04,2.399999999999957723e-03,6.833333333333321260e-04
1.000000000000000000e+00,1.630000000000000000e+03,1.231642931415046838e-04,2.562047459027969886e-05,-1.400025596146113431e-11,2.487423369371113934e-08,2.487424717502878147e-08,-1.348131764213234068e-14,-1.348131714582397315e-14,-1.390525687409717424e-11,1.231642931415046296e-04,1.612191614091891447e-04,2.399999999999957723e-03,6.866666666666653958e-04
1.000000000000000000e+00,1.635000000000000000e+03,1.232886643096656155e-04,2.574484582615484311e-05,-1.406797017406194970e-11,2.487423371314884479e-08,2.487424717502878147e-08,-1.346187993667619390e-14,-1.346187949992483047e-14,-1.397261486571154625e-11,1.232886643096656426e-04,1.613435318891206279e-04,2.399999999999957723e-03,6.899999999999987740e-04
1.000000000000000000e+00,1.640000000000000000e+03,1.234130354778172772e-04,2.586921706202998736e-05,-1.413569365659133985e-11,2.487423371453610940e-08,2.487424717502878147e-08,-1.346049267207088121e-14,-1.346049202025255852e-14,-1.403992079451198972e-11,1.234130354778171959e-04,1.614679023691990747e-04,2.399999999999957723e-03,6.933333333333321523e-04
1.000000000000000000e+00,1.645000000000000000e+03,1.235374066459491251e-04,2.599358829790513161e-05,-1.420343695291543216e-11,2.487423368526363343e-08,2.487424717502878147e-08,-1.348976514803742212e-14,-1.348976498260129961e-14,-1.410729643701912437e-11,1.235374066459491522e-04,1.615922728495928075e-04,2.399999999999957723e-03,6.966666666666654220e-04
1.000000000000000000e+00,1.650000000000000000e+03,1.236617778140867464e-04,2.611795953378027587e-05,-1.427117447586295600e-11,2.487423364981074848e-08,2.487424717502878147e-08,-1.352521803299082853e-14,-1.352521745396439974e-14,-1.417483389311053862e-11,1.236617778140868549e-04,1.617166433298938139e-04,2.399999999999957723e-03,6.999999999999988003e-04
1.000000000000000000e+00,1.655000000000000000e+03,1.237861489822463499e-04,2.624233076965542012e-05,-1.433889001661143268e-11,2.487423362475373712e-08,2.487424717502878147e-08,-1.355027504435456650e-14,-1.355027445540197036e-14,-1.424252262288395454e-11,1.237861489822463228e-04,1.618410138098376840e-04,2.399999999999957723e-03,7.033333333333321785e-04
1.000000000000000000e+00,1.660000000000000000e+03,1.239105201504157113e-04,2.636670200553056437e-05,-1.440659579954035700e-11,2.487423359874991166e-08,2.487424717502878147e-08,-1.357627886980848981e-14,-1.357627844960073864e-14,-1.431033900514646131e-11,1.239105201504156571e-04,1.619653842896267302e-04,2.399999999999957723e-03,7.066666666666654483e-04
1.000000000000000000e+00,1.665000000000000000e+03,1.240348913185984625e-04,2.649107324140570862e-05,-1.447428819257245113e-11,2.487423357865107052e-08,2.487424717502878147e-08,-1.359637771094974818e-14,-1.359637694332613973e-14,-1.437827064362877851e-11,1.240348913185985709e-04,1.620897547691963337e-04,2.399999999999957723e-03,7.099999999999988265e-04
1.000000000000000000e+00,1.670000000000000000e+03,1.241592624867984254e-04,2.661544447728085287e-05,-1.454196337389505704e-11,2.487423357265413681e-08,2.487424717502878147e-08,-1.360237464465930452e-14,-1.360237410202882269e-14,-1.444626752124216592e-11,1.241592624867984254e-04,1.622141252484881919e-04,2.399999999999957723e-03,7.133333333333322047e-04
1.000000000000000000e+00,1.675000000000000000e+03,1.242836336549904195e-04,2.673981571315599712e-05,-1.460964652410363072e-11,2.487423356129700325e-08,2.487424717502878147e-08,-1.361373177822137594e-14,-1.361373134147001251e-14,-1.451430778485091300e-11,1.242836336549905008e-04,1.623384957279071727e-04,2.399999999999957723e-03,7.166666666666654745e-04
1.000000000000000000e+00,1.680000000000000000e+03,1.244080048231835790e-04,2.686418694903114137e-05,-1.467732850879486899e-11,2.487423356239933060e-08,2.487424717502878147e-08,-1.361262945086730817e-14,-1.361262893139788349e-14,-1.458237368553308274e-11,1.244080048231835790e-04,1.624628662073060144e-04,2.399999999999957723e-03,7.199999999999988527e-04
1.000000000000000000e+00,1.685000000000000000e+03,1.245323759913732420e-04,2.698855818490628563e-05,-1.474501399003811351e-11,2.487423358202164292e-08,2.487424717502878147e-08,-1.359300713855077426e-14,-1.359300679113491698e-14,-1.465038777483941475e-11,1.245323759913731607e-04,1.625872366867578194e-04,2.399999999999957723e-03,7.233333333333321225e-04
1.000000000000000000e+00,1.690000000000000000e+03,1.246567471595534996e-04,2.711292942078142988e-05,-1.481270887673520435e-11,2.487423362721341161e-08,2.487424717502878147e-08,-1.354781536986358087e-14,-1.354781483715926638e-14,-1.471823982891015020e-11,1.246567471595535267e-04,1.627116071663591360e-04,2.399999999999957723e-03,7.266666666666655007e-04
1.000000000000000000e+00,1.695000000000000000e+03,1.247811183277412110e-04,2.723730065665657413e-05,-1.488039630954235935e-11,2.487423367936483643e-08,2.487424717502878147e-08,-1.349566394503910517e-14,-1.349566354468368870e-14,-1.478584852486475759e-11,1.247811183277413194e-04,1.628359776458408650e-04,2.399999999999957723e-03,7.299999999999988790e-04
1.000000000000000000e+00,1.700000000000000000e+03,1.249054894959595783e-04,2.736167189253171838e-05,-1.494805308653308733e-11,2.487423371305503920e-08,2.487424717502878147e-08,-1.346197374226637986e-14,-1.346197311691783677e-14,-1.485324261651876141e-11,1.249054894959596325e-04,1.629603481248271949e-04,2.399999999999957723e-03,7.333333333333322572e-04
1.000000000000000000e+00,1.705000000000000000e+03,1.250298606641970546e-04,2.748604312840686263e-05,-1.501569075446052524e-11,2.487423374115588662e-08,2.487424717502878147e-08,-1.343387289484562641e-14,-1.343387269632227940e-14,-1.492048223105186170e-11,1.250298606641971359e-04,1.630847186035062348e-04,2.399999999999957723e-03,7.366666666666655270e-04
1.000000000000000000e+00,1.710000000000000000e+03,1.251542318324588442e-04,2.761041436428200688e-05,-1.508330410915424517e-11,2.487423375742730682e-08,2.487424717502878147e-08,-1.341760147464693256e-14,-1.341760073680182616e-14,-1.498761091463467196e-11,1.251542318324587628e-04,1.632090890817933628e-04,2.399999999999957723e-03,7.399999999999989052e-04
1.000000000000000000e+00,1.715000000000000000e+03,1.252786030007507745e-04,2.773478560015715113e-05,-1.515088732302757001e-11,2.487423375460876499e-08,2.487424717502878147e-08,-1.342042001648359065e-14,-1.342041962605434152e-14,-1.505470596554181238e-11,1.252786030007509101e-04,1.633334595595939279e-04,2.399999999999957723e-03,7.433333333333321750e-04
1.000000000000000000e+00,1.720000000000000000e+03,1.254029741690796491e-04,2.785915683603229539e-05,-1.521843359271186739e-11,2.487423372440850339e-08,2.487424717502878147e-08,-1.345062027807750573e-14,-1.345061973544702389e-14,-1.512188356394556579e-11,1.254029741690796491e-04,1.634578300368016784e-04,2.399999999999957723e-03,7.466666666666655532e-04
1.000000000000000000e+00,1.725000000000000000e+03,1.255273453374199891e-04,2.798352807190743964e-05,-1.528596839695819075e-11,2.487423368118196033e-08,2.487424717502878147e-08,-1.349384682113922828e-14,-1.349384639762275466e-14,-1.518924472927824024e-11,1.255273453374199349e-04,1.635822005138238134e-04,2.399999999999957723e-03,7.499999999999989314e-04
1.000000000000000000e+00,1.730000000000000000e+03,1.256517165057254991e-04,2.810789930778258389e-05,-1.535353803119930520e-11,2.487423365390179188e-08,2.487424717502878147e-08,-1.352112698958704337e-14,-1.352112644364783908e-14,-1.525678216138141672e-11,1.256517165057254720e-04,1.637065709914032013e-04,2.399999999999957723e-03,7.533333333333323096e-04
1.000000000000000000e+00,1.735000000000000000e+03,1.257760876740240973e-04,2.823227054365772814e-05,-1.542111457722926925e-11,2.487423361712379668e-08,2.487424717502878147e-08,-1.355790498479453523e-14,-1.355790443554660849e-14,-1.532447973857940284e-11,1.257760876740242058e-04,1.638309414690898439e-04,2.399999999999957723e-03,7.566666666666655794e-04
1.000000000000000000e+00,1.740000000000000000e+03,1.259004588423080588e-04,2.835664177953287239e-05,-1.548870575998856185e-11,2.487423357088499270e-08,2.487424717502878147e-08,-1.360414378877493089e-14,-1.360414334540612256e-14,-1.539238485803178467e-11,1.259004588423081673e-04,1.639553119470100778e-04,2.399999999999957723e-03,7.599999999999989576e-04
1.000000000000000000e+00,1.745000000000000000e+03,1.260248300105686016e-04,2.848101301540801664e-05,-1.555632036151478013e-11,2.487423351545473973e-08,2.487424717502878147e-08,-1.365957404174228103e-14,-1.365957359175602780e-14,-1.546054415037469005e-11,1.260248300105685474e-04,1.640796824253073702e-04,2.399999999999957723e-03,7.633333333333322274e-04
1.000000000000000000e+00,1.750000000000000000e+03,1.261492011787955611e-04,2.860538425128316089e-05,-1.562396854620329116e-11,2.487423345132971010e-08,2.487424717502878147e-08,-1.372369907136958431e-14,-1.372369866108800049e-14,-1.552900233100680012e-11,1.261492011787955069e-04,1.642040529041421558e-04,2.399999999999957723e-03,7.666666666666656057e-04
1.000000000000000000e+00,1.755000000000000000e+03,1.262735723470047127e-04,2.872975548715830515e-05,-1.569163453891248526e-11,2.487423338808037027e-08,2.487424717502878147e-08,-1.378694841120449201e-14,-1.378694788842634487e-14,-1.559777894738058598e-11,1.262735723470047398e-04,1.643284233832585086e-04,2.399999999999957723e-03,7.699999999999989839e-04
1.000000000000000000e+00,1.760000000000000000e+03,1.263979435152536544e-04,2.885412672303344940e-05,-1.575926074140194914e-11,2.487423334944335611e-08,2.487424717502878147e-08,-1.382558542535552534e-14,-1.382558497536927211e-14,-1.566681027954007502e-11,1.263979435152538171e-04,1.644527938617350196e-04,2.399999999999957723e-03,7.733333333333322537e-04
1.000000000000000000e+00,1.765000000000000000e+03,1.265223146835000754e-04,2.897849795890859365e-05,-1.582688946466146405e-11,2.487423332706228396e-08,2.487424717502878147e-08,-1.384796649751148691e-14,-1.384796600451184183e-14,-1.573599415698977781e-11,1.265223146835001838e-04,1.645771643402508600e-04,2.399999999999957723e-03,7.766666666666656319e-04
1.000000000000000000e+00,1.770000000000000000e+03,1.266466858517458188e-04,2.910286919478373790e-05,-1.589451886554733677e-11,2.487423332764474153e-08,2.487424717502878147e-08,-1.384738403993751893e-14,-1.384738375207866576e-14,-1.580523253138125408e-11,1.266466858517459543e-04,1.647015348187755095e-04,2.399999999999957723e-03,7.799999999999990101e-04
1.000000000000000000e+00,1.775000000000000000e+03,1.267710570199934866e-04,2.922724043065888215e-05,-1.596214634197435332e-11,2.487423335862714541e-08,2.487424717502878147e-08,-1.381640163606104310e-14,-1.381640110997417352e-14,-1.587439199353638617e-11,1.267710570199934053e-04,1.648259052972711838e-04,2.399999999999957723e-03,7.833333333333322799e-04
1.000000000000000000e+00,1.780000000000000000e+03,1.268954281882454912e-04,2.935161166653402640e-05,-1.602976948159267993e-11,2.487423342817830118e-08,2.487424717502878147e-08,-1.374685048028640427e-14,-1.374684994758208978e-14,-1.594330012118027683e-11,1.268954281882454912e-04,1.649502757756924275e-04,2.399999999999957723e-03,7.866666666666656581e-04
1.000000000000000000e+00,1.785000000000000000e+03,1.270197993565015616e-04,2.947598290240917065e-05,-1.609738855545285972e-11,2.487423352504984293e-08,2.487424717502878147e-08,-1.364997893854256802e-14,-1.364997819408001672e-14,-1.601179219153443210e-11,1.270197993565016701e-04,1.650746462540466405e-04,2.399999999999957723e-03,7.899999999999989279e-04
1.000000000000000000e+00,1.790000000000000000e+03,1.271441705247492837e-04,2.960035413828431491e-05,-1.616501597766976765e-11,2.487423357098482016e-08,2.487424717502878147e-08,-1.360404396130988554e-14,-1.360404360396786092e-14,-1.607992724602955179e-11,1.271441705247492566e-04,1.651990167325359993e-04,2.399999999999957723e-03,7.933333333333323061e-04
1.000000000000000000e+00,1.795000000000000000e+03,1.272685416929996349e-04,2.972472537415945916e-05,-1.623264077069640730e-11,2.487423361404400473e-08,2.487424717502878147e-08,-1.356098477673841716e-14,-1.356098417785965368e-14,-1.614783981548412058e-11,1.272685416929997704e-04,1.653233872109803636e-04,2.399999999999957723e-03,7.966666666666655759e-04
1.000000000000000000e+00,1.800000000000000000e+03,1.273929128612542416e-04,2.984909661003460341e-05,-1.630026130822951995e-11,2.487423364871225593e-08,2.487424717502878147e-08,-1.352631652553557650e-14,-1.352631597297892732e-14,-1.621555806586121703e-11,1.273929128612541874e-04,1.654477576893536857e-04,2.399999999999957723e-03,7.999999999999989541e-04
2.000000000000000000e+00,1.800000000000000227e+03,1.273929128612542416e-04,2.984909661003460341e-05,-1.630026130822951995e-11,-1.339354921694012986e-16,0.000000000000000000e+00,-1.339354921694012986e-16,-1.339349435639283327e-16,-1.621555806586121703e-11,1.273929128612541874e-04,1.654477576893536857e-04,0.000000000000000000e+00,7.999999999999989541e-04
2.000000000000000000e+00,1.805000000000000227e+03,1.273929128606387942e-04,2.984909661003460341e-05,-1.630087675559273135e-11,-1.426090751540425285e-17,0.000000000000000000e+00,-1.426090751540425285e-17,-1.426042813804122311e-17,-1.621592855429047307e-11,1.273929128606389298e-04,1.654477576992294122e-04,0.000000000000000000e+00,7.999999999999989541e-04
2.000000000000000000e+00,1.810000000000000227e+03,1.273929128600373602e-04,2.984909661003460341e-05,-1.630147818964286337e-11,-1.461520345050671858e-16,0.000000000000000000e+00,-1.461520345050671858e-16,-1.461517047463445193e-16,-1.621632958462268414e-11,1.273929128600373602e-04,1.654477577088811968e-04,0.000000000000000000e+00,7.999999999999989541e-04
2.000000000000000000e+00,1.815000000000000227e+03,1.273929128593600320e-04,2.984909661003460341e-05,-1.630215551784506937e-11,-1.682398645047850460e-16,0.000000000000000000e+00,-1.682398645047850460e-16,-1.682396330072707341e-16,-1.621711556296706799e-11,1.273929128593600862e-04,1.654477577197490225e-04,0.000000000000000000e+00,7.999999999999989541e-04
2.000000000000000000e+00,1.820000000000000227e+03,1.273929128587144438e-04,2.984909661003460341e-05,-1.630280110602867587e-11,-3.273327905821723731e-16,0.000000000000000000e+00,-3.273327905821723731e-16,-3.273323353022096641e-16,-1.621835449288783973e-11,1.273929128587144438e-04,1.654477577301084930e-04,0.000000000000000000e+00,7.999999999999989541e-04
2.000000000000000000e+00,1.825000000000000227e+03,1.273929128578648901e-04,2.984909661003460341e-05,-1.630365065974598120e-11,-1.413566963679579734e-15,0.000000000000000000e+00,-1.413566963679579734e-15,-1.413566453964551884e-15,-1.622270673986100832e-11,1.273929128578648088e-04,1.654477577437413866e-04,0.000000000000000000e+00,7.999999999999989541e-04
2.000000000000000000e+00,1.830000000000000227e+03,1.273929128572311468e-04,2.984909661003460341e-05,-1.630428440302085329e-11,4.107617255587747106e-16,0.000000000000000000e+00,4.107617255587747106e-16,4.107621836494895499e-16,-1.622521375053679481e-11,1.273929128572310655e-04,1.654477577539107151e-04,0.000000000000000000e+00,7.999999999999989541e-04
2.000000000000000000e+00,1.835000000000000227e+03,1.273929128565588059e-04,2.984909661003460341e-05,-1.630495674389306586e-11,2.032554387449115970e-15,0.000000000000000000e+00,2.032554387449115970e-15,2.032554771366745096e-15,-1.621910545814925308e-11,1.273929128565588331e-04,1.654477577646993670e-04,0.000000000000000000e+00,7.999999999999989541e-04
2.000000000000000000e+00,1.840000000000000227e+03,1.273929128559498909e-04,2.984909661003460341e-05,-1.630556565893818803e-11,-3.333153769274384487e-16,0.000000000000000000e+00,-3.333153769274384487e-16,-3.333146928286239518e-16,-1.621485735795290773e-11,1.273929128559498096e-04,1.654477577744697090e-04,0.000000000000000000e+00,7.999999999999989541e-04
2.000000000000000000e+00,1.845000000000000227e+03,1.273929128553247941e-04,2.984909661003460341e-05,-1.630619075570073455e-11,-1.387171315849876512e-16,0.000000000000000000e+00,-1.387171315849876512e-16,-1.387167122780734980e-16,-1.621603743646567585e-11,1.273929128553248212e-04,1.654477577845001783e-04,0.000000000000000000e+00,7.999999999999989541e-04
2.000000000000000000e+00,1.850000000000000227e+03,1.273929128546543235e-04,2.984909661003460341e-05,-1.630686122632419958e-11,-1.321767210871398720e-16,0.000000000000000000e+00,-1.321767210871398720e-16,-1.321763353104074274e-16,-1.621671466908464822e-11,1.273929128546543235e-04,1.654477577952592857e-04,0.000000000000000000e+00,7.999999999999989541e-04
2.000000000000000000e+00,1.855000000000000227e+03,1.273929128539778898e-04,2.984909661003460341e-05,-1.630753766005961329e-11,-1.310479923911011994e-16,0.000000000000000000e+00,-1.310479923911011994e-16,-1.310477315377042467e-16,-1.621737272925176767e-11,1.273929128539778627e-04,1.654477578061140739e-04,0.000000000000000000e+00,7.999999999999989541e-04
2.000000000000000000e+00,1.860000000000000227e+03,1.273929128533743144e-04,2.984909661003460341e-05,-1.630814123540903597e-11,-1.152457495414114162e-16,0.000000000000000000e+00,-1.152457495414114162e-16,-1.152452891835089301e-16,-1.621798846180357043e-11,1.273929128533744500e-04,1.654477578157976798e-04,0.000000000000000000e+00,7.999999999999989541e-04
2.000000000000000000e+00,1.865000000000000227e+03,1.273929128527805240e-04,2.984909661003460341e-05,-1.630873502583385197e-11,-1.490333582491495139e-16,0.000000000000000000e+00,-1.490333582491495139e-16,-1.490328825851478234e-16,-1.621864915723299377e-11,1.273929128527805240e-04,1.654477578253264075e-04,0.000000000000000000e+00,7.999999999999989541e-04
2.000000000000000000e+00,1.870000000000000227e+03,1.273929128520875020e-04,2.984909661003460341e-05,-1.630942804786250470e-11,-1.154042648462973383e-16,0.000000000000000000e+00,-1.154042648462973383e-16,-1.154037457855345774e-16,-1.621931024880392029e-11,1.273929128520876104e-04,1.654477578364459849e-04,0.000000000000000000e+00,7.999999999999989541e-04
2.000000000000000000e+00,1.875000000000000227e+03,1.273929128514123693e-04,2.984909661003460341e-05,-1.631010318055531143e-11,-9.795021782856165603e-17,0.000000000000000000e+00,-9.795021782856165603e-17,-9.794964305332983885e-17,-1.621984363227601573e-11,1.273929128514124506e-04,1.654477578472794957e-04,0.000000000000000000e+00,7.999999999999989541e-04
2.000000000000000000e+00,1.880000000000000227e+03,1.273929128507110802e-04,2.984909661003460341e-05,-1.631080446962552936e-11,-2.031722584616141404e-16,0.000000000000000000e+00,-2.031722584616141404e-16,-2.031718001680247374e-16,-1.622059643588406928e-11,1.273929128507111073e-04,1.654477578585314271e-04,0.000000000000000000e+00,7.999999999999989541e-04
2.000000000000000000e+00,1.885000000000000227e+03,1.273929128499984883e-04,2.984909661003460341e-05,-1.631151706150339546e-11,-6.171505679741261869e-17,0.000000000000000000e+00,-6.171505679741261869e-17,-6.171441638862151226e-17,-1.622125865142545951e-11,1.273929128499984883e-04,1.654477578699670224e-04,0.000000000000000000e+00,7.999999999999989541e-04
2.000000000000000000e+00,1.890000000000000227e+03,1.273929128492477325e-04,2.984909661003460341e-05,-1.631226781729773305e-11,-1.826844509580560188e-16,0.000000000000000000e+00,-1.826844509580560188e-16,-1.826839622479609808e-16,-1.622186964737205206e-11,1.273929128492477325e-04,1.654477578820142975e-04,0.000000000000000000e+00,7.999999999999989541e-04
2.000000000000000000e+00,1.895000000000000227e+03,1.273929128484801987e-04,2.984909661003460341e-05,-1.631303535112068985e-11,-2.590712964274882314e-16,0.000000000000000000e+00,-2.590712964274882314e-16,-2.590707150282743098e-16,-1.622297403406524378e-11,1.273929128484801174e-04,1.654477578943307529e-04,0.000000000000000000e+00,7.999999999999989541e-04
2.000000000000000000e+00,1.900000000000000227e+03,1.273929128478274819e-04,2.984909661003460341e-05,-1.631368806793358044e-11,8.602173850405865789e-17,0.000000000000000000e+00,8.602173850405865789e-17,8.602221830701262978e-17,-1.622340665530704573e-11,1.273929128478272922e-04,1.654477579048052572e-04,0.000000000000000000e+00,7.999999999999989541e-04
2.000000000000000000e+00,1.905000000000000227e+03,1.273929128472923197e-04,2.984909661003460341e-05,-1.631422323012591928e-11,-4.549645223241119985e-16,0.000000000000000000e+00,-4.549645223241119985e-16,-4.549637555180750472e-16,-1.622432900915007284e-11,1.273929128472924281e-04,1.654477579133914336e-04,0.000000000000000000e+00,7.999999999999989541e-04
2.000000000000000000e+00,1.910000000000000227e+03,1.273929128467147381e-04,2.984909661003460341e-05,-1.631480081172825662e-11,7.641962606051382138e-17,0.000000000000000000e+00,7.641962606051382138e-17,7.642016434742883045e-17,-1.622527536812799901e-11,1.273929128467146568e-04,1.654477579226612267e-04,0.000000000000000000e+00,7.999999999999989541e-04
2.000000000000000000e+00,1.915000000000000227e+03,1.273929128461057146e-04,2.984909661003460341e-05,-1.631540983519359604e-11,1.419488769198843852e-16,0.000000000000000000e+00,1.419488769198843852e-16,1.419492967544021718e-16,-1.622472944447524591e-11,1.273929128461057418e-04,1.654477579324315146e-04,0.000000000000000000e+00,7.999999999999989541e-04
2.000000000000000000e+00,1.920000000000000227e+03,1.273929128454975043e-04,2.984909661003460341e-05,-1.631601804550730610e-11,-6.974066560318941957e-16,0.000000000000000000e+00,-6.974066560318941957e-16,-6.974061964339803304e-16,-1.622611808672444592e-11,1.273929128454976128e-04,1.654477579421917194e-04,0.000000000000000000e+00,7.999999999999989541e-04
2.000000000000000000e+00,1.925000000000000227e+03,1.273929128448630021e-04,2.984909661003460341e-05,-1.631665254772369893e-11,1.095746748145483760e-15,0.000000000000000000e+00,1.095746748145483760e-15,1.095747141775815067e-15,-1.622512223436108940e-11,1.273929128448630563e-04,1.654477579523732993e-04,0.000000000000000000e+00,7.999999999999989541e-04
2.000000000000000000e+00,1.930000000000000227e+03,1.273929128441798734e-04,2.984909661003460341e-05,-1.631733567640752773e-11,-1.213270219566144894e-15,0.000000000000000000e+00,-1.213270219566144894e-15,-1.213269895701357013e-15,-1.622541604124590263e-11,1.273929128441797650e-04,1.654477579633352609e-04,0.000000000000000000e+00,7.999999999999989541e-04
2.000000000000000000e+00,1.935000000000000227e+03,1.273929128434635953e-04,2.984909661003460341e-05,-1.631805195457278028e-11,-4.449161263579523086e-16,0.000000000000000000e+00,-4.449161263579523086e-16,-4.449156597292269773e-16,-1.622956150513448194e-11,1.273929128434635682e-04,1.654477579748287255e-04,0.000000000000000000e+00,7.999999999999989541e-04
2.000000000000000000e+00,1.940000000000000227e+03,1.273929128427382369e-04,2.984909661003460341e-05,-1.631877731293122739e-11,1.338951247242645535e-15,0.000000000000000000e+00,1.338951247242645535e-15,1.338951648624370048e-15,-1.622732641516224287e-11,1.273929128427382640e-04,1.654477579864674190e-04,0.000000000000000000e+00,7.999999999999989541e-04
2.000000000000000000e+00,1.945000000000000227e+03,1.273929128420695823e-04,2.984909661003460341e-05,-1.631944596751605352e-11,-4.285590180070592258e-15,0.000000000000000000e+00,-4.285590180070592258e-15,-4.285589554385830339e-15,-1.623469300992664544e-11,1.273929128420695823e-04,1.654477579971976053e-04,0.000000000000000000e+00,7.999999999999989541e-04
2.000000000000000000e+00,1.950000000000000227e+03,1.273929128414624291e-04,2.984909661003460341e-05,-1.632005312073264540e-11,4.568839727854245045e-15,0.000000000000000000e+00,4.568839727854245045e-15,4.568840312434102354e-15,-1.623398488303152535e-11,1.273929128414624020e-04,1.654477580069394329e-04,0.000000000000000000e+00,7.999999999999989541e-04
2.000000000000000000e+00,1.955000000000000227e+03,1.273929128408373323e-04,2.984909661003460341e-05,-1.632067821749519192e-11,2.103818698118196542e-15,0.000000000000000000e+00,2.103818698118196542e-15,2.103819365502831037e-15,-1.621730323383668306e-11,1.273929128408373595e-04,1.654477580169705798e-04,0.000000000000000000e+00,7.999999999999989541e-04
2.000000000000000000e+00,1.960000000000000227e+03,1.273929128401913918e-04,2.984909661003460341e-05,-1.632132415804450447e-11,-1.402574376622336856e-15,0.000000000000000000e+00,-1.402574376622336856e-15,-1.402574093283521385e-15,-1.621555012065613450e-11,1.273929128401913918e-04,1.654477580273351189e-04,0.000000000000000000e+00,7.999999999999989541e-04
2.000000000000000000e+00,1.965000000000000227e+03,1.273929128395753752e-04,2.984909661003460341e-05,-1.632194017461385642e-11,2.317081594992015824e-15,0.000000000000000000e+00,2.317081594992015824e-15,2.317082183225934039e-15,-1.621326385043127788e-11,1.273929128395753752e-04,1.654477580372209285e-04,0.000000000000000000e+00,7.999999999999989541e-04
2.000000000000000000e+00,1.970000000000000227e+03,1.273929128389821540e-04,2.984909661003460341e-05,-1.632253339583253186e-11,-1.946982318560211616e-15,0.000000000000000000e+00,-1.946982318560211616e-15,-1.946981667076185693e-15,-1.621233859914090585e-11,1.273929128389820998e-04,1.654477580467378383e-04,0.000000000000000000e+00,7.999999999999989541e-04
2.000000000000000000e+00,1.975000000000000227e+03,1.273929128383514194e-04,2.984909661003460341e-05,-1.632316413044637531e-11,5.791780866461417144e-16,0.000000000000000000e+00,5.791780866461417144e-16,5.791785049931601314e-16,-1.621575810704611235e-11,1.273929128383515278e-04,1.654477580568591638e-04,0.000000000000000000e+00,7.999999999999989541e-04
2.000000000000000000e+00,1.980000000000000227e+03,1.273929128377921879e-04,2.984909661003460341e-05,-1.632372336192694333e-11,-2.083061997222035153e-16,0.000000000000000000e+00,-2.083061997222035153e-16,-2.083057083546655475e-16,-1.621483092505451719e-11,1.273929128377921608e-04,1.654477580658328883e-04,0.000000000000000000e+00,7.999999999999989541e-04
2.000000000000000000e+00,1.985000000000000227e+03,1.273929128372735056e-04,2.984909661003460341e-05,-1.632424204424626039e-11,-1.068863812485702962e-16,0.000000000000000000e+00,-1.068863812485702962e-16,-1.068857396917538588e-16,-1.621561890367463122e-11,1.273929128372735598e-04,1.654477580741569318e-04,0.000000000000000000e+00,7.999999999999989541e-04
2.000000000000000000e+00,1.990000000000000227e+03,1.273929128366771131e-04,2.984909661003460341e-05,-1.632483843675629036e-11,-1.374441700395594609e-16,0.000000000000000000e+00,-1.374441700395594609e-16,-1.374434734742940865e-16,-1.621622972670754686e-11,1.273929128366769776e-04,1.654477580837260188e-04,0.000000000000000000e+00,7.999999999999989541e-04
2.000000000000000000e+00,1.995000000000000227e+03,1.273929128360594973e-04,2.984909661003460341e-05,-1.632545605252384673e-11,-1.139776722591050575e-16,0.000000000000000000e+00,-1.139776722591050575e-16,-1.139774481713001903e-16,-1.621685827901166102e-11,1.273929128360594702e-04,1.654477580936359249e-04,0.000000000000000000e+00,7.999999999999989541e-04
2.000000000000000000e+00,2.000000000000000227e+03,1.273929128354531844e-04,2.984909661003460341e-05,-1.632606236548375493e-11,-1.476164892917975698e-16,0.000000000000000000e+00,-1.476164892917975698e-16,-1.476160348045263020e-16,-1.621751226271910080e-11,1.273929128354531301e-04,1.654477581033650673e-04,0.000000000000000000e+00,7.999999999999989541e-04
2.000000000000000000e+00,2.005000000000000227e+03,1.273929128348639205e-04,2.984909661003460341e-05,-1.632665162936450080e-11,-1.383343927557819555e-16,0.000000000000000000e+00,-1.383343927557819555e-16,-1.383340417399607772e-16,-1.621822713791046053e-11,1.273929128348638392e-04,1.654477581128217226e-04,0.000000000000000000e+00,7.999999999999989541e-04
2.000000000000000000e+00,2.010000000000000227e+03,1.273929128342898896e-04,2.984909661003460341e-05,-1.632722566020472325e-11,-1.034114875575292262e-16,0.000000000000000000e+00,-1.034114875575292262e-16,-1.034108972369629216e-16,-1.621883150025790337e-11,1.273929128342899710e-04,1.654477581220323182e-04,0.000000000000000000e+00,7.999999999999989541e-04
2.000000000000000000e+00,2.015000000000000227e+03,1.273929128336930634e-04,2.984909661003460341e-05,-1.632782248639562221e-11,-1.339912677275311041e-16,0.000000000000000000e+00,-1.339912677275311041e-16,-1.339908969855524910e-16,-1.621942500474346160e-11,1.273929128336929008e-04,1.654477581316089133e-04,0.000000000000000000e+00,7.999999999999989541e-04
2.000000000000000000e+00,2.020000000000000227e+03,1.273929128330982972e-04,2.984909661003460341e-05,-1.632841725260239345e-11,-1.495730212354836095e-16,0.000000000000000000e+00,-1.495730212354836095e-16,-1.495725464319781983e-16,-1.622013391335200341e-11,1.273929128330983786e-04,1.654477581411520066e-04,0.000000000000000000e+00,7.999999999999989541e-04
2.000000000000000000e+00,2.025000000000000227e+03,1.273929128325352168e-04,2.984909661003460341e-05,-1.632898033300067379e-11,-1.092214795641160483e-16,0.000000000000000000e+00,-1.092214795641160483e-16,-1.092211036215654464e-16,-1.622078089747713951e-11,1.273929128325352711e-04,1.654477581501866633e-04,0.000000000000000000e+00,7.999999999999989541e-04
2.000000000000000000e+00,2.030000000000000227e+03,1.273929128319433780e-04,2.984909661003460341e-05,-1.632957217186157932e-11,-9.102052108532654597e-17,0.000000000000000000e+00,-9.102052108532654597e-17,-9.101988365904372786e-17,-1.622128149994534124e-11,1.273929128319433780e-04,1.654477581596855754e-04,0.000000000000000000e+00,7.999999999999989541e-04
2.000000000000000000e+00,2.035000000000000227e+03,1.273929128313064363e-04,2.984909661003460341e-05,-1.633020911353286024e-11,-1.366743731525316023e-16,0.000000000000000000e+00,-1.366743731525316023e-16,-1.366738682603177769e-16,-1.622185073432513784e-11,1.273929128313065718e-04,1.654477581699047772e-04,0.000000000000000000e+00,7.999999999999989541e-04
2.000000000000000000e+00,2.040000000000000227e+03,1.273929128306444496e-04,2.984909661003460341e-05,-1.633087110027432558e-11,-1.601774562762304495e-16,0.000000000000000000e+00,-1.601774562762304495e-16,-1.601771192519805660e-16,-1.622259286179391762e-11,1.273929128306445038e-04,1.654477581805280882e-04,0.000000000000000000e+00,7.999999999999989541e-04
2.000000000000000000e+00,2.045000000000000227e+03,1.273929128299590712e-04,2.984909661003460341e-05,-1.633155647867766229e-11,-1.348951533331749379e-16,0.000000000000000000e+00,-1.348951533331749379e-16,-1.348944900640078426e-16,-1.622333054081720792e-11,1.273929128299592067e-04,1.654477581915254219e-04,0.000000000000000000e+00,7.999999999999989541e-04
2.000000000000000000e+00,2.050000000000000000e+03,1.273929128292720122e-04,2.984909661003460341e-05,-1.633224353759436635e-11,-1.222018461968092851e-16,0.000000000000000000e+00,-1.222018461968092851e-16,-1.222012793037588444e-16,-1.622397328024062888e-11,1.273929128292721478e-04,1.654477582025496709e-04,0.000000000000000000e+00,7.999999999999989541e-04
2.000000000000000000e+00,2.055000000000000000e+03,1.273929128286144978e-04,2.984909661003460341e-05,-1.633290105200187019e-11,-1.254869903554698387e-16,0.000000000000000000e+00,-1.254869903554698387e-16,-1.254865688831015624e-16,-1.622459249986109653e-11,1.273929128286146876e-04,1.654477582131007470e-04,0.000000000000000000e+00,7.999999999999989541e-04
2.000000000000000000e+00,2.060000000000000000e+03,1.273929128279724875e-04,2.984909661003460341e-05,-1.633354306231830748e-11,-1.236339609101388289e-16,0.000000000000000000e+00,-1.236339609101388289e-16,-1.236333554137746648e-16,-1.622521529967183782e-11,1.273929128279726230e-04,1.654477582234015892e-04,0.000000000000000000e+00,7.999999999999989541e-04
2.000000000000000000e+00,2.065000000000000000e+03,1.273929128273512397e-04,2.984909661003460341e-05,-1.633416431016314167e-11,-1.260193947853067075e-16,0.000000000000000000e+00,-1.260193947853067075e-16,-1.260187906106822441e-16,-1.622583943003689978e-11,1.273929128273512126e-04,1.654477582333719937e-04,0.000000000000000000e+00,7.999999999999989541e-04
2.000000000000000000e+00,2.070000000000000000e+03,1.273929128267443575e-04,2.984909661003460341e-05,-1.633477119232919043e-11,-1.270669290310896519e-16,0.000000000000000000e+00,-1.270669290310896519e-16,-1.270665148352693985e-16,-1.622647214330051483e-11,1.273929128267443033e-04,1.654477582431098910e-04,0.000000000000000000e+00,7.999999999999989541e-04
2.000000000000000000e+00,2.075000000000000000e+03,1.273929128261378819e-04,2.984909661003460341e-05,-1.633537766791942451e-11,-1.224040331936476528e-16,0.000000000000000000e+00,-1.224040331936476528e-16,-1.224034041991617016e-16,-1.622709581809810009e-11,1.273929128261378819e-04,1.654477582528407682e-04,0.000000000000000000e+00,7.999999999999989541e-04
2.000000000000000000e+00,2.080000000000000000e+03,1.273929128255402426e-04,2.984909661003460341e-05,-1.633597530726195284e-11,-1.192521524538953420e-16,0.000000000000000000e+00,-1.192521524538953420e-16,-1.192516376948776255e-16,-1.622769995570283556e-11,1.273929128255402968e-04,1.654477582624301569e-04,0.000000000000000000e+00,7.999999999999989541e-04
2.000000000000000000e+00,2.085000000000000000e+03,1.273929128249318696e-04,2.984909661003460341e-05,-1.633658368020598876e-11,-1.199236362366286797e-16,0.000000000000000000e+00,-1.199236362366286797e-16,-1.199230320484535334e-16,-1.622829789237719282e-11,1.273929128249318154e-04,1.654477582721933704e-04,0.000000000000000000e+00,7.999999999999989541e-04
2.000000000000000000e+00,2.090000000000000000e+03,1.273929128242732439e-04,2.984909661003460341e-05,-1.633724230592071940e-11,-1.351459545768914713e-16,0.000000000000000000e+00,-1.351459545768914713e-16,-1.351457633007197879e-16,-1.622893556436556771e-11,1.273929128242731355e-04,1.654477582827618208e-04,0.000000000000000000e+00,7.999999999999989541e-04
2.000000000000000000e+00,2.095000000000000000e+03,1.273929128235670759e-04,2.984909661003460341e-05,-1.633794847390071352e-11,-1.560498475290388765e-16,0.000000000000000000e+00,-1.560498475290388765e-16,-1.560493023829818464e-16,-1.622966355202977497e-11,1.273929128235671573e-04,1.654477582940920316e-04,0.000000000000000000e+00,7.999999999999989541e-04
2.000000000000000000e+00,2.100000000000000000e+03,1.273929128228519904e-04,2.984909661003460341e-05,-1.633866355944357633e-11,-1.481222947769008766e-16,0.000000000000000000e+00,-1.481222947769008766e-16,-1.481217529651461223e-16,-1.623042397966814703e-11,1.273929128228520446e-04,1.654477583055674714e-04,0.000000000000000000e+00,7.999999999999989541e-04
2.000000000000000000e+00,2.105000000000000000e+03,1.273929128221508097e-04,2.984909661003460341e-05,-1.633936474009357702e-11,-1.238809248161132044e-16,0.000000000000000000e+00,-1.238809248161132044e-16,-1.238804632472069727e-16,-1.623110398520867543e-11,1.273929128221508369e-04,1.654477583168189421e-04,0.000000000000000000e+00,7.999999999999989541e-04
2.000000000000000000e+00,2.110000000000000000e+03,1.273929128215116726e-04,2.984909661003460341e-05,-1.634000387727425722e-11,-1.127367716692042086e-16,0.000000000000000000e+00,-1.127367716692042086e-16,-1.127362641193841100e-16,-1.623169552702709397e-11,1.273929128215116726e-04,1.654477583270760367e-04,0.000000000000000000e+00,7.999999999999989541e-04
2.000000000000000000e+00,2.115000000000000000e+03,1.273929128209008060e-04,2.984909661003460341e-05,-1.634061474388328987e-11,-1.131706639811598141e-16,0.000000000000000000e+00,-1.131706639811598141e-16,-1.131701131124605897e-16,-1.623226029297017115e-11,1.273929128209009144e-04,1.654477583368765196e-04,0.000000000000000000e+00,7.999999999999989541e-04
2.000000000000000000e+00,2.120000000000000000e+03,1.273929128202524260e-04,2.984909661003460341e-05,-1.634126312388749051e-11,-1.400287338670885640e-16,0.000000000000000000e+00,-1.400287338670885640e-16,-1.400280994650073298e-16,-1.623289328850161575e-11,1.273929128202525073e-04,1.654477583472811471e-04,0.000000000000000000e+00,7.999999999999989541e-04
2.000000000000000000e+00,2.125000000000000000e+03,1.273929128196026365e-04,2.984909661003460341e-05,-1.634191291335451539e-11,-1.601745645134094560e-16,0.000000000000000000e+00,-1.601745645134094560e-16,-1.601740968046624494e-16,-1.623364379399228905e-11,1.273929128196025281e-04,1.654477583577083531e-04,0.000000000000000000e+00,7.999999999999989541e-04
2.000000000000000000e+00,2.130000000000000000e+03,1.273929128189296722e-04,2.984909661003460341e-05,-1.634258587764297714e-11,-1.350251626994121846e-16,0.000000000000000000e+00,-1.350251626994121846e-16,-1.350247909358003974e-16,-1.623438179121164015e-11,1.273929128189297264e-04,1.654477583685059496e-04,0.000000000000000000e+00,7.999999999999989541e-04
2.000000000000000000e+00,2.135000000000000000e+03,1.273929128182060486e-04,2.984909661003460341e-05,-1.634330950127794828e-11,-1.278026283025770233e-16,0.000000000000000000e+00,-1.278026283025770233e-16,-1.278018505052359391e-16,-1.623503885781524524e-11,1.273929128182060215e-04,1.654477583801182970e-04,0.000000000000000000e+00,7.999999999999989541e-04
2.000000000000000000e+00,2.140000000000000000e+03,1.273929128174270493e-04,2.984909661003460341e-05,-1.634408850053887911e-11,-1.645113577463416250e-16,0.000000000000000000e+00,-1.645113577463416250e-16,-1.645108933265186320e-16,-1.623576963967482402e-11,1.273929128174269409e-04,1.654477583926185788e-04,0.000000000000000000e+00,7.999999999999989541e-04
2.000000000000000000e+00,2.145000000000000000e+03,1.273929128166541216e-04,2.984909661003460341e-05,-1.634486142826764403e-11,-1.694444083166209140e-16,0.000000000000000000e+00,-1.694444083166209140e-16,-1.694437431943595989e-16,-1.623660452626612664e-11,1.273929128166540945e-04,1.654477584050206319e-04,0.000000000000000000e+00,7.999999999999989541e-04
2.000000000000000000e+00,2.150000000000000000e+03,1.273929128159447010e-04,2.984909661003460341e-05,-1.634557084885415561e-11,-1.230260244693970930e-16,0.000000000000000000e+00,-1.230260244693970930e-16,-1.230255210531885888e-16,-1.623733569942674475e-11,1.273929128159447010e-04,1.654477584164049174e-04,0.000000000000000000e+00,7.999999999999989541e-04
2.000000000000000000e+00,2.155000000000000000e+03,1.273929128152601086e-04,2.984909661003460341e-05,-1.634625544121091727e-11,-1.062292626084382372e-16,0.000000000000000000e+00,-1.062292626084382372e-16,-1.062287876159605675e-16,-1.623790883519841716e-11,1.273929128152601628e-04,1.654477584273894575e-04,0.000000000000000000e+00,7.999999999999989541e-04
2.000000000000000000e+00,2.160000000000000000e+03,1.273929128146165804e-04,2.984909661003460341e-05,-1.634689896941039604e-11,-1.408443796464006794e-16,0.000000000000000000e+00,-1.408443796464006794e-16,-1.408439239947470249e-16,-1.623852651697744533e-11,1.273929128146165533e-04,1.654477584377155887e-04,0.000000000000000000e+00,7.999999999999989541e-04
2.000000000000000000e+00,2.165000000000000000e+03,1.273929128140434170e-04,2.984909661003460341e-05,-1.634747213288888050e-11,-1.803331394406367184e-16,0.000000000000000000e+00,-1.803331394406367184e-16,-1.803326676365390792e-16,-1.623932945845652198e-11,1.273929128140433627e-04,1.654477584469120897e-04,0.000000000000000000e+00,7.999999999999989541e-04
2.000000000000000000e+00,2.170000000000000000e+03,1.273929128135331101e-04,2.984909661003460341e-05,-1.634798243974641511e-11,-2.152185908793616236e-16,0.000000000000000000e+00,-2.152185908793616236e-16,-2.152181217976795937e-16,-1.624031833543010680e-11,1.273929128135332185e-04,1.654477584551012584e-04,0.000000000000000000e+00,7.999999999999989541e-04
2.000000000000000000e+00,2.175000000000000000e+03,1.273929128130775826e-04,2.984909661003460341e-05,-1.634843796728918490e-11,-1.895430149249629284e-16,0.000000000000000000e+00,-1.895430149249629284e-16,-1.895424159097677953e-16,-1.624133023677437798e-11,1.273929128130775283e-04,1.654477584624116271e-04,0.000000000000000000e+00,7.999999999999989541e-04
2.000000000000000000e+00,2.180000000000000000e+03,1.273929128126611676e-04,2.984909661003460341e-05,-1.634885438223858227e-11,-1.237822304492021545e-16,0.000000000000000000e+00,-1.237822304492021545e-16,-1.237818909629861893e-16,-1.624211354754155841e-11,1.273929128126612489e-04,1.654477584690925622e-04,0.000000000000000000e+00,7.999999999999989541e-04
2.000000000000000000e+00,2.185000000000000000e+03,1.273929128122596604e-04,2.984909661003460341e-05,-1.634925588940810796e-11,-9.926545273145944563e-17,0.000000000000000000e+00,-9.926545273145944563e-17,-9.926479044441674477e-17,-1.624267116424507701e-11,1.273929128122595791e-04,1.654477584755358944e-04,0.000000000000000000e+00,7.999999999999989541e-04
2.000000000000000000e+00,2.190000000000000000e+03,1.273929128118349784e-04,2.984909661003460341e-05,-1.634968057139907054e-11,-8.322245231861304745e-17,0.000000000000000000e+00,-8.322245231861304745e-17,-8.322169933552197525e-17,-1.624312738046952841e-11,1.273929128118350055e-04,1.654477584823492919e-04,0.000000000000000000e+00,7.999999999999989541e-04
2.000000000000000000e+00,2.195000000000000000e+03,1.273929128113381970e-04,2.984909661003460341e-05,-1.635017735283450339e-11,-1.030409080236323875e-16,0.000000000000000000e+00,-1.030409080236323875e-16,-1.030405132738519148e-16,-1.624359303600104896e-11,1.273929128113382241e-04,1.654477584903201565e-04,0.000000000000000000e+00,7.999999999999989541e-04
2.000000000000000000e+00,2.200000000000000000e+03,1.273929128108142834e-04,2.984909661003460341e-05,-1.635070126642930270e-11,-1.164019760907506940e-16,0.000000000000000000e+00,-1.164019760907506940e-16,-1.164015476332255124e-16,-1.624414164115331792e-11,1.273929128108143105e-04,1.654477584987288220e-04,0.000000000000000000e+00,7.999999999999989541e-04
2.000000000000000000e+00,2.205000000000000000e+03,1.273929128102726431e-04,2.984909661003460341e-05,-1.635124290672962215e-11,-1.152885587923539016e-16,0.000000000000000000e+00,-1.152885587923539016e-16,-1.152878976508178838e-16,-1.624472086476652775e-11,1.273929128102727786e-04,1.654477585074197595e-04,0.000000000000000000e+00,7.999999999999989541e-04
2.000000000000000000e+00,2.210000000000000000e+03,1.273929128097015938e-04,2.984909661003460341e-05,-1.635181395601387026e-11,-1.171484920587559930e-16,0.000000000000000000e+00,-1.171484920587559930e-16,-1.171481808475858289e-16,-1.624530195496277285e-11,1.273929128097015396e-04,1.654477585165836260e-04,0.000000000000000000e+00,7.999999999999989541e-04
2.000000000000000000e+00,2.215000000000000000e+03,1.273929128091235514e-04,2.984909661003460341e-05,-1.635239199840213091e-11,-1.222794074450374429e-16,0.000000000000000000e+00,-1.222794074450374429e-16,-1.222788855770168605e-16,-1.624590052262883505e-11,1.273929128091236328e-04,1.654477585258569698e-04,0.000000000000000000e+00,7.999999999999989541e-04
2.000000000000000000e+00,2.220000000000000000e+03,1.273929128084917868e-04,2.984909661003460341e-05,-1.635302376300803821e-11,-1.269191188636890662e-16,0.000000000000000000e+00,-1.269191188636890662e-16,-1.269186178546503684e-16,-1.624652351638741580e-11,1.273929128084918410e-04,1.654477585359960491e-04,0.000000000000000000e+00,7.999999999999989541e-04
2.000000000000000000e+00,2.225000000000000000e+03,1.273929128078423497e-04,2.984909661003460341e-05,-1.635367320010935703e-11,-1.292224975280302508e-16,0.000000000000000000e+00,-1.292224975280302508e-16,-1.292220513826979984e-16,-1.624716386806050782e-11,1.273929128078422684e-04,1.654477585464166956e-04,0.000000000000000000e+00,7.999999999999989541e-04
2.000000000000000000e+00,2.230000000000000000e+03,1.273929128072037547e-04,2.984909661003460341e-05,-1.635431179518895099e-11,-1.252806077630288321e-16,0.000000000000000000e+00,-1.252806077630288321e-16,-1.252800771204590478e-16,-1.624780012338176771e-11,1.273929128072037004e-04,1.654477585566638427e-04,0.000000000000000000e+00,7.999999999999989541e-04
2.000000000000000000e+00,2.235000000000000000e+03,1.273929128066012635e-04,2.984909661003460341e-05,-1.635491428633620119e-11,-1.115370883101360557e-16,0.000000000000000000e+00,-1.115370883101360557e-16,-1.115364136220151218e-16,-1.624839216460862316e-11,1.273929128066013177e-04,1.654477585663310501e-04,0.000000000000000000e+00,7.999999999999989541e-04
2.000000000000000000e+00,2.240000000000000000e+03,1.273929128059725347e-04,2.984909661003460341e-05,-1.635554301517602553e-11,-1.061827599980292063e-16,0.000000000000000000e+00,-1.061827599980292063e-16,-1.061823568278059170e-16,-1.624893646153474647e-11,1.273929128059725347e-04,1.654477585764208252e-04,0.000000000000000000e+00,7.999999999999989541e-04
2.000000000000000000e+00,2.245000000000000000e+03,1.273929128053597436e-04,2.984909661003460341e-05,-1.635615580624391434e-11,-1.029656397326135953e-16,0.000000000000000000e+00,-1.029656397326135953e-16,-1.029652431408611020e-16,-1.624945933053466803e-11,1.273929128053597978e-04,1.654477585862530753e-04,0.000000000000000000e+00,7.999999999999989541e-04
2.000000000000000000e+00,2.250000000000000000e+03,1.273929128047685010e-04,2.984909661003460341e-05,-1.635674704879362500e-11,-1.052442322388467468e-16,0.000000000000000000e+00,-1.052442322388467468e-16,-1.052437035544775548e-16,-1.624997985290140558e-11,1.273929128047685010e-04,1.654477585957413622e-04,0.000000000000000000e+00,7.999999999999989541e-04
2.000000000000000000e+00,2.255000000000000000e+03,1.273929128041977228e-04,2.984909661003460341e-05,-1.635731782702732999e-11,-1.134482644641366146e-16,0.000000000000000000e+00,-1.134482644641366146e-16,-1.134477044258094893e-16,-1.625052658142135772e-11,1.273929128041976686e-04,1.654477586048990758e-04,0.000000000000000000e+00,7.999999999999989541e-04
2.000000000000000000e+00,2.260000000000000000e+03,1.273929128036326637e-04,2.984909661003460341e-05,-1.635788288609457512e-11,-1.176013688048582038e-16,0.000000000000000000e+00,-1.176013688048582038e-16,-1.176007702686948865e-16,-1.625110420260809370e-11,1.273929128036326909e-04,1.654477586139665025e-04,0.000000000000000000e+00,7.999999999999989541e-04
2.000000000000000000e+00,2.265000000000000000e+03,1.273929128030668999e-04,2.984909661003460341e-05,-1.635844864989323237e-11,-1.219874622134045647e-16,0.000000000000000000e+00,-1.219874622134045647e-16,-1.219870516421669145e-16,-1.625170317216287119e-11,1.273929128030669542e-04,1.654477586230444189e-04,0.000000000000000000e+00,7.999999999999989541e-04
2.000000000000000000e+00,2.270000000000000000e+03,1.273929128024827860e-04,2.984909661003460341e-05,-1.635903276381365894e-11,-1.249566912531930302e-16,0.000000000000000000e+00,-1.249566912531930302e-16,-1.249562205818593943e-16,-1.625232053034343152e-11,1.273929128024828673e-04,1.654477586324170756e-04,0.000000000000000000e+00,7.999999999999989541e-04
2.000000000000000000e+00,2.275000000000000000e+03,1.273929128018759581e-04,2.984909661003460341e-05,-1.635963959176959907e-11,-1.280834844445997840e-16,0.000000000000000000e+00,-1.280834844445997840e-16,-1.280831007474055612e-16,-1.625295312864675489e-11,1.273929128018759039e-04,1.654477586421551627e-04,0.000000000000000000e+00,7.999999999999989541e-04
2.000000000000000000e+00,2.280000000000000000e+03,1.273929128012498313e-04,2.984909661003460341e-05,-1.636026571852420945e-11,-1.352003946794344750e-16,0.000000000000000000e+00,-1.352003946794344750e-16,-1.351998481022323755e-16,-1.625361133601887799e-11,1.273929128012498855e-04,1.654477586522017866e-04,0.000000000000000000e+00,7.999999999999989541e-04
2.000000000000000000e+00,2.285000000000000000e+03,1.273929128005759455e-04,2.984909661003460341e-05,-1.636093960438451782e-11,-1.446918600242447039e-16,0.000000000000000000e+00,-1.446918600242447039e-16,-1.446915425367322319e-16,-1.625431106449547533e-11,1.273929128005759726e-04,1.654477586630153209e-04,0.000000000000000000e+00,7.999999999999989541e-04
2.000000000000000000e+00,2.290000000000000000e+03,1.273929127998345138e-04,2.984909661003460341e-05,-1.636168103604017203e-11,-1.574986868857505325e-16,0.000000000000000000e+00,-1.574986868857505325e-16,-1.574984156920422904e-16,-1.625506653939104771e-11,1.273929127998345680e-04,1.654477586749123798e-04,0.000000000000000000e+00,7.999999999999989541e-04
2.000000000000000000e+00,2.295000000000000000e+03,1.273929127990628871e-04,2.984909661003460341e-05,-1.636245266272632996e-11,-1.677556064017850134e-16,0.000000000000000000e+00,-1.677556064017850134e-16,-1.677551475422446103e-16,-1.625587967329913351e-11,1.273929127990629142e-04,1.654477586872944836e-04,0.000000000000000000e+00,7.999999999999989541e-04
2.000000000000000000e+00,2.300000000000000000e+03,1.273929127982865984e-04,2.984909661003460341e-05,-1.636322895148182958e-11,-1.709469949371305919e-16,0.000000000000000000e+00,-1.709469949371305919e-16,-1.709464892845269854e-16,-1.625672642739120173e-11,1.273929127982865170e-04,1.654477586997512347e-04,0.000000000000000000e+00,7.999999999999989541e-04
2.000000000000000000e+00,2.305000000000000000e+03,1.273929127975115022e-04,2.984909661003460341e-05,-1.636400404761493947e-11,-1.648860600042869882e-16,0.000000000000000000e+00,-1.648860600042869882e-16,-1.648854948255096384e-16,-1.625756600735147508e-11,1.273929127975114480e-04,1.654477587121890394e-04,0.000000000000000000e+00,7.999999999999989541e-04
2.000000000000000000e+00,2.310000000000000000e+03,1.273929127967692303e-04,2.984909661003460341e-05,-1.636474631952727736e-11,-1.443383433584825119e-16,0.000000000000000000e+00,-1.443383433584825119e-16,-1.443379039562676047e-16,-1.625833906584843139e-11,1.273929127967692845e-04,1.654477587240980245e-04,0.000000000000000000e+00,7.999999999999989541e-04
2.000000000000000000e+00,2.315000000000000000e+03,1.273929127960107225e-04,2.984909661003460341e-05,-1.636550482736714822e-11,-1.284232544187828452e-16,0.000000000000000000e+00,-1.284232544187828452e-16,-1.284227911995393679e-16,-1.625902096758631791e-11,1.273929127960107496e-04,1.654477587362691968e-04,0.000000000000000000e+00,7.999999999999989541e-04
2.000000000000000000e+00,2.320000000000000000e+03,1.273929127952614032e-04,2.984909661003460341e-05,-1.636625414659360726e-11,-1.175925249753382781e-16,0.000000000000000000e+00,-1.175925249753382781e-16,-1.175916365871752289e-16,-1.625963600365578660e-11,1.273929127952615388e-04,1.654477587482935138e-04,0.000000000000000000e+00,7.999999999999989541e-04
2.000000000000000000e+00,2.325000000000000000e+03,1.273929127945397583e-04,2.984909661003460341e-05,-1.636697579155961361e-11,-1.165934524948013148e-16,0.000000000000000000e+00,-1.165934524948013148e-16,-1.165930507834014014e-16,-1.626022146537421230e-11,1.273929127945396770e-04,1.654477587598747988e-04,0.000000000000000000e+00,7.999999999999989541e-04
2.000000000000000000e+00,2.330000000000000000e+03,1.273929127938556538e-04,2.984909661003460341e-05,-1.636765989602539766e-11,-1.328946564650067275e-16,0.000000000000000000e+00,-1.328946564650067275e-16,-1.328941168875231661e-16,-1.626084518329338852e-11,1.273929127938557622e-04,1.654477587708508008e-04,0.000000000000000000e+00,7.999999999999989541e-04
2.000000000000000000e+00,2.335000000000000000e+03,1.273929127931997386e-04,2.984909661003460341e-05,-1.636831581123469707e-11,-1.356883904058510739e-16,0.000000000000000000e+00,-1.356883904058510739e-16,-1.356878378886634720e-16,-1.626151663818033105e-11,1.273929127931997657e-04,1.654477587813763710e-04,0.000000000000000000e+00,7.999999999999989541e-04
2.000000000000000000e+00,2.340000000000000000e+03,1.273929127925802255e-04,2.984909661003460341e-05,-1.636893532435605529e-11,-1.355258688295875453e-16,0.000000000000000000e+00,-1.355258688295875453e-16,-1.355253939152781150e-16,-1.626219467125983992e-11,1.273929127925802526e-04,1.654477587913178273e-04,0.000000000000000000e+00,7.999999999999989541e-04
2.000000000000000000e+00,2.345000000000000000e+03,1.273929127919953526e-04,2.984909661003460341e-05,-1.636952019721800260e-11,-1.266995908013937778e-16,0.000000000000000000e+00,-1.266995908013937778e-16,-1.266989687805790651e-16,-1.626285023216658019e-11,1.273929127919953526e-04,1.654477588007023561e-04,0.000000000000000000e+00,7.999999999999989541e-04
2.000000000000000000e+00,2.350000000000000000e+03,1.273929127914399701e-04,2.984909661003460341e-05,-1.637007557978085830e-11,-1.078482412132123970e-16,0.000000000000000000e+00,-1.078482412132123970e-16,-1.078476995773994351e-16,-1.626343659883747568e-11,1.273929127914399701e-04,1.654477588096130343e-04,0.000000000000000000e+00,7.999999999999989541e-04
2.000000000000000000e+00,2.355000000000000000e+03,1.273929127909060547e-04,2.984909661003460341e-05,-1.637060949514069878e-11,-1.011380142610591152e-16,0.000000000000000000e+00,-1.011380142610591152e-16,-1.011374985883890585e-16,-1.626395906183288970e-11,1.273929127909060276e-04,1.654477588181825140e-04,0.000000000000000000e+00,7.999999999999989541e-04
2.000000000000000000e+00,2.360000000000000000e+03,1.273929127903787259e-04,2.984909661003460341e-05,-1.637113682397234142e-11,-9.890898973157168503e-17,0.000000000000000000e+00,-9.890898973157168503e-17,-9.890852635275232089e-17,-1.626445917689524231e-11,1.273929127903786988e-04,1.654477588266431670e-04,0.000000000000000000e+00,7.999999999999989541e-04
2.000000000000000000e+00,2.365000000000000000e+03,1.273929127898389016e-04,2.984909661003460341e-05,-1.637167664823402195e-11,-1.058055378049670709e-16,0.000000000000000000e+00,-1.058055378049670709e-16,-1.058049492335496442e-16,-1.626497096058420816e-11,1.273929127898389558e-04,1.654477588353044245e-04,0.000000000000000000e+00,7.999999999999989541e-04
2.000000000000000000e+00,2.370000000000000000e+03,1.273929127892776644e-04,2.984909661003460341e-05,-1.637223788548860907e-11,-1.195262175383634224e-16,0.000000000000000000e+00,-1.195262175383634224e-16,-1.195256071512596499e-16,-1.626553428697516856e-11,1.273929127892777999e-04,1.654477588443098890e-04,0.000000000000000000e+00,7.999999999999989541e-04
2.000000000000000000e+00,2.375000000000000000e+03,1.273929127886986191e-04,2.984909661003460341e-05,-1.637281693076387927e-11,-1.295280820398756336e-16,0.000000000000000000e+00,-1.295280820398756336e-16,-1.295274318012721974e-16,-1.626615691957255101e-11,1.273929127886986733e-04,1.654477588536017998e-04,0.000000000000000000e+00,7.999999999999989541e-04
2.000000000000000000e+00,2.380000000000000000e+03,1.273929127880743084e-04,2.984909661003460341e-05,-1.637344124147985074e-11,-1.402198805939768226e-16,0.000000000000000000e+00,-1.402198805939768226e-16,-1.402192592264712462e-16,-1.626683128630012040e-11,1.273929127880743355e-04,1.654477588636193942e-04,0.000000000000000000e+00,7.999999999999989541e-04
2.000000000000000000e+00,2.385000000000000000e+03,1.273929127873875205e-04,2.984909661003460341e-05,-1.637412802934601168e-11,-1.489515549455750076e-16,0.000000000000000000e+00,-1.489515549455750076e-16,-1.489512899851526753e-16,-1.626755421267314944e-11,1.273929127873877102e-04,1.654477588746399840e-04,0.000000000000000000e+00,7.999999999999989541e-04
2.000000000000000000e+00,2.390000000000000000e+03,1.273929127866688842e-04,2.984909661003460341e-05,-1.637484666565098938e-11,-1.530932968092216092e-16,0.000000000000000000e+00,-1.530932968092216092e-16,-1.530929752221699985e-16,-1.626830932333616961e-11,1.273929127866689926e-04,1.654477588861719107e-04,0.000000000000000000e+00,7.999999999999989541e-04
2.000000000000000000e+00,2.395000000000000000e+03,1.273929127859508984e-04,2.984909661003460341e-05,-1.637556465143466360e-11,-1.488371618509871104e-16,0.000000000000000000e+00,-1.488371618509871104e-16,-1.488367338310248306e-16,-1.626906414760880192e-11,1.273929127859510068e-04,1.654477588976932122e-04,0.000000000000000000e+00,7.999999999999989541e-04
2.000000000000000000e+00,2.400000000000000000e+03,1.273929127852424807e-04,2.984909661003460341e-05,-1.637627306913416562e-11,-1.304679540530253383e-16,0.000000000000000000e+00,-1.304679540530253383e-16,-1.304673563962692930e-16,-1.626976240783437067e-11,1.273929127852425349e-04,1.654477589090606383e-04,0.000000000000000000e+00,7.999999999999989541e-04
3.000000000000000000e+00,2.400000000000000455e+03,1.273929127852424807e-04,2.984909661003460341e-05,-1.637627306913416562e-11,-2.487424729720859565e-08,-2.487424717502878147e-08,-1.221798141817208733e-16,-1.221792020680675841e-16,-1.626976240783437067e-11,1.273929127852425349e-04,1.654477589090606925e-04,-2.399999999999957723e-03,7.999999999999991710e-04
3.000000000000000000e+00,2.405000000000000455e+03,1.272685416063477578e-04,2.972472537415945916e-05,-1.631929264777633691e-11,-2.487423539430807808e-08,-2.487424717502878147e-08,1.178072070339265817e-14,1.178072137837203801e-14,-1.624061605239361074e-11,1.272685416063477849e-04,1.653233883426396102e-04,-2.399999999999957723e-03,7.966666666666666601e-04
3.000000000000000000e+00,2.410000000000000455e+03,1.271441704300761537e-04,2.960035413828431491e-05,-1.625968910768239677e-11,-2.487423526594771263e-08,-2.487424717502878147e-08,1.190908106883630991e-14,1.190908171403718770e-14,-1.618139154466258768e-11,1.271441704300761808e-04,1.651990178069480430e-04,-2.399999999999957723e-03,7.933333333333340408e-04
3.000000000000000000e+00,2.415000000000000455e+03,1.270197992540044764e-04,2.947598290240917065e-05,-1.619988564070785030e-11,-2.487423528476341797e-08,-2.487424717502878147e-08,1.189026536349613360e-14,1.189026588627428073e-14,-1.612189317566180901e-11,1.270197992540044222e-04,1.650746472733861199e-04,-2.399999999999957723e-03,7.900000000000013132e-04
3.000000000000000000e+00,2.420000000000000455e+03,1.268954280779957099e-04,2.935161166653402640e-05,-1.614001926290224535e-11,-2.487423521322992386e-08,-2.487424717502878147e-08,1.196179885760875576e-14,1.196179945317879680e-14,-1.606226301231317631e-11,1.268954280779958455e-04,1.649502767394911027e-04,-2.399999999999957723e-03,7.866666666666682602e-04
3.000000000000000000e+00,2.425000000000000455e+03,1.267710569019805738e-04,2.922724043065888554e-05,-1.608015925817253555e-11,-2.487423501976113346e-08,-2.487424717502878147e-08,1.215526764800530567e-14,1.215526803181710990e-14,-1.600197034360068655e-11,1.267710569019806280e-04,1.648259062057676064e-04,-2.399999999999957723e-03,7.833333333333350988e-04
3.000000000000000000e+00,2.430000000000000455e+03,1.266466857259740571e-04,2.910286919478374129e-05,-1.602029063064742270e-11,-2.487423491118777200e-08,-2.487424717502878147e-08,1.226384100947246418e-14,1.226384147931105211e-14,-1.594092256982286614e-11,1.266466857259741655e-04,1.647015356718906684e-04,-2.399999999999957723e-03,7.800000000000010701e-04
3.000000000000000000e+00,2.435000000000000455e+03,1.265223145499524699e-04,2.897849795890859704e-05,-1.596043707353250740e-11,-2.487423530531446552e-08,-2.487424717502878147e-08,1.186971431594888229e-14,1.186971457733795586e-14,-1.588058867968124362e-11,1.265223145499525513e-04,1.645771651382332270e-04,-2.399999999999957723e-03,7.766666666666669329e-04
3.000000000000000000e+00,2.440000000000000455e+03,1.263979433738777027e-04,2.885412672303345279e-05,-1.590063669653415251e-11,-2.487423578009413081e-08,-2.487424717502878147e-08,1.139493465065646077e-14,1.139493507748165684e-14,-1.582242705554419459e-11,1.263979433738777569e-04,1.644527946054116243e-04,-2.399999999999957723e-03,7.733333333333331210e-04
3.000000000000000000e+00,2.445000000000000455e+03,1.262735721978431864e-04,2.872975548715830853e-05,-1.584079606853014410e-11,-2.487423551879955767e-08,-2.487424717502878147e-08,1.165622922380131700e-14,1.165622975319690904e-14,-1.576479914346749818e-11,1.262735721978431322e-04,1.643284240719249177e-04,-2.399999999999957723e-03,7.699999999999990923e-04
3.000000000000000000e+00,2.450000000000000455e+03,1.261492010217707502e-04,2.860538425128316428e-05,-1.578099336049711837e-11,-2.487423515336107928e-08,-2.487424717502878147e-08,1.202166770218606134e-14,1.202166805621936352e-14,-1.570560439894395749e-11,1.261492010217709128e-04,1.642040535390285592e-04,-2.399999999999957723e-03,7.666666666666650636e-04
3.000000000000000000e+00,2.455000000000000455e+03,1.260248298456683900e-04,2.848101301540802003e-05,-1.572122057644405324e-11,-2.487423516590371817e-08,-2.487424717502878147e-08,1.200912506329624628e-14,1.200912563239650772e-14,-1.564552741472241782e-11,1.260248298456684171e-04,1.640796830065961308e-04,-2.399999999999957723e-03,7.633333333333313601e-04
3.000000000000000000e+00,2.460000000000000455e+03,1.259004586696611686e-04,2.835664177953287578e-05,-1.566135265365035251e-11,-2.487423519753358940e-08,-2.487424717502878147e-08,1.197749519206710070e-14,1.197749553286551307e-14,-1.558556086180926276e-11,1.259004586696610872e-04,1.639553124726240540e-04,-2.399999999999957723e-03,7.599999999999981987e-04
3.000000000000000000e+00,2.465000000000000455e+03,1.257760874936395272e-04,2.823227054365773153e-05,-1.560149915074554583e-11,-2.487423522845972845e-08,-2.487424717502878147e-08,1.194656905301589073e-14,1.194656936072707860e-14,-1.552575069957528128e-11,1.257760874936395001e-04,1.638309419388695224e-04,-2.399999999999957723e-03,7.566666666666649289e-04
3.000000000000000000e+00,2.470000000000000455e+03,1.256517163176367239e-04,2.810789930778259067e-05,-1.554162681321612401e-11,-2.487423520738535351e-08,-2.487424717502878147e-08,1.196764342795820229e-14,1.196764382831361876e-14,-1.546596516660267954e-11,1.256517163176366697e-04,1.637065714048002740e-04,-2.399999999999957723e-03,7.533333333333316591e-04
3.000000000000000000e+00,2.475000000000000455e+03,1.255273451416022889e-04,2.798352807190744641e-05,-1.548178610389695266e-11,-2.487423518881902989e-08,-2.487424717502878147e-08,1.198620975157858366e-14,1.198621025450439609e-14,-1.540608053139563450e-11,1.255273451416022889e-04,1.635822008712265602e-04,-2.399999999999957723e-03,7.499999999999983893e-04
3.000000000000000000e+00,2.480000000000000455e+03,1.254029739654404332e-04,2.785915683603230216e-05,-1.542207281543810267e-11,-2.487423522601484395e-08,-2.487424717502878147e-08,1.194901393751752391e-14,1.194901446029567105e-14,-1.534624246960863434e-11,1.254029739654404061e-04,1.634578303396868367e-04,-2.399999999999957723e-03,7.466666666666651195e-04
3.000000000000000000e+00,2.485000000000000455e+03,1.252786027892310622e-04,2.773478560015715791e-05,-1.536240704213946186e-11,-2.487423522668671313e-08,-2.487424717502878147e-08,1.194834206833678384e-14,1.194834227016885331e-14,-1.528649907778247303e-11,1.252786027892310622e-04,1.633334598088981673e-04,-2.399999999999957723e-03,7.433333333333318497e-04
3.000000000000000000e+00,2.490000000000000455e+03,1.251542316130967994e-04,2.761041436428201366e-05,-1.530266616073532211e-11,-2.487423512384174946e-08,-2.487424717502878147e-08,1.205118703200844523e-14,1.205118745221619640e-14,-1.522650025347651040e-11,1.251542316130968807e-04,1.632090892768912340e-04,-2.399999999999957723e-03,7.399999999999985799e-04
3.000000000000000000e+00,2.495000000000000455e+03,1.250298604370586781e-04,2.748604312840686941e-05,-1.524282913770353722e-11,-2.487423524641397482e-08,-2.487424717502878147e-08,1.192861480665285165e-14,1.192861517722976607e-14,-1.516655074690289550e-11,1.250298604370587323e-04,1.630847187433364395e-04,-2.399999999999957723e-03,7.366666666666653101e-04
3.000000000000000000e+00,2.500000000000000455e+03,1.249054892609864859e-04,2.736167189253172516e-05,-1.518302618572502267e-11,-2.487423528636655687e-08,-2.487424717502878147e-08,1.188866222460327928e-14,1.188866272091164681e-14,-1.510700755215754196e-11,1.249054892609865672e-04,1.629603482103152623e-04,-2.399999999999957723e-03,7.333333333333320403e-04
3.000000000000000000e+00,2.505000000000000455e+03,1.247811180849142936e-04,2.723730065665658090e-05,-1.512322323374650813e-11,-2.487423509177620220e-08,-2.487424717502878147e-08,1.208325257926622249e-14,1.208325306895714512e-14,-1.504707776268286998e-11,1.247811180849142936e-04,1.628359776772869564e-04,-2.399999999999957723e-03,7.299999999999986621e-04
3.000000000000000000e+00,2.510000000000000455e+03,1.246567469087936104e-04,2.711292942078144004e-05,-1.506346877609828980e-11,-2.487423528561612207e-08,-2.487424717502878147e-08,1.188941265939859963e-14,1.188941326489480802e-14,-1.498714609684824010e-11,1.246567469087937188e-04,1.627116071450278648e-04,-2.399999999999957723e-03,7.266666666666653923e-04
3.000000000000000000e+00,2.515000000000000455e+03,1.245323757327687435e-04,2.698855818490629579e-05,-1.500361849869494626e-11,-2.487423528251374148e-08,-2.487424717502878147e-08,1.189251503999064917e-14,1.189251586386253927e-14,-1.492769127402634673e-11,1.245323757327688248e-04,1.625872366112220504e-04,-2.399999999999957723e-03,7.233333333333321225e-04
3.000000000000000000e+00,2.520000000000000455e+03,1.244080045567192382e-04,2.686418694903115154e-05,-1.494379285978597247e-11,-2.487423502748874077e-08,-2.487424717502878147e-08,1.214754004069605158e-14,1.214754076530626818e-14,-1.486759113245342471e-11,1.244080045567192382e-04,1.624628660778040280e-04,-2.399999999999957723e-03,7.199999999999988527e-04
3.000000000000000000e+00,2.525000000000000455e+03,1.242836333806184772e-04,2.673981571315600729e-05,-1.488401847653470292e-11,-2.487423535001418748e-08,-2.487424717502878147e-08,1.182501459399470485e-14,1.182501510022923973e-14,-1.480765974278958594e-11,1.242836333806186127e-04,1.623384955452013799e-04,-2.399999999999957723e-03,7.166666666666655829e-04
3.000000000000000000e+00,2.530000000000000455e+03,1.241592622045469354e-04,2.661544447728086304e-05,-1.482421487403488489e-11,-2.487423529669112087e-08,-2.487424717502878147e-08,1.187833766059985780e-14,1.187833824624373149e-14,-1.474840135942340352e-11,1.241592622045469896e-04,1.622141250121195686e-04,-2.399999999999957723e-03,7.133333333333323131e-04
3.000000000000000000e+00,2.535000000000000455e+03,1.240348910284784294e-04,2.649107324140571878e-05,-1.476440823576898390e-11,-2.487423495254526407e-08,-2.487424717502878147e-08,1.222248351740075215e-14,1.222248390452127882e-14,-1.468814930404649099e-11,1.240348910284783481e-04,1.620897544789859054e-04,-2.399999999999957723e-03,7.099999999999990433e-04
3.000000000000000000e+00,2.540000000000000455e+03,1.239105198525142779e-04,2.636670200553057453e-05,-1.470449724304398118e-11,-2.487423536315549668e-08,-2.487424717502878147e-08,1.181187328479091575e-14,1.181187391013945884e-14,-1.462806340950983915e-11,1.239105198525142237e-04,1.619653839441676359e-04,-2.399999999999957723e-03,7.066666666666657735e-04
3.000000000000000000e+00,2.545000000000000455e+03,1.237861486765467925e-04,2.624233076965543028e-05,-1.464458958424065885e-11,-2.487423529686860736e-08,-2.487424717502878147e-08,1.187816017411018353e-14,1.187816072666683271e-14,-1.456883832291782342e-11,1.237861486765467383e-04,1.618410134093980471e-04,-2.399999999999957723e-03,7.033333333333323953e-04
3.000000000000000000e+00,2.550000000000000455e+03,1.236617775005083460e-04,2.611795953378028603e-05,-1.458475288646952570e-11,-2.487423492522617512e-08,-2.487424717502878147e-08,1.224980260635074908e-14,1.224980325816907177e-14,-1.450851841295573366e-11,1.236617775005082376e-04,1.617166428757595251e-04,-2.399999999999957723e-03,6.999999999999991255e-04
3.000000000000000000e+00,2.555000000000000455e+03,1.235374063243675237e-04,2.599358829790514178e-05,-1.452501856448852949e-11,-2.487423566059898756e-08,-2.487424717502878147e-08,1.151442979391185913e-14,1.151443052183079818e-14,-1.444910782850573398e-11,1.235374063243675508e-04,1.615922723437559800e-04,-2.399999999999957723e-03,6.966666666666657473e-04
3.000000000000000000e+00,2.560000000000000455e+03,1.234130351482686601e-04,2.586921706202999753e-05,-1.446524228388345809e-11,-2.487423543377948586e-08,-2.487424717502878147e-08,1.174124929561413035e-14,1.174124996066734284e-14,-1.439096862729948863e-11,1.234130351482686330e-04,1.614679018110719083e-04,-2.399999999999957723e-03,6.933333333333323691e-04
3.000000000000000000e+00,2.565000000000000455e+03,1.232886639721901252e-04,2.574484582615485328e-05,-1.440544567448765259e-11,-2.487423493031992355e-08,-2.487424717502878147e-08,1.224470885791714959e-14,1.224470932775573752e-14,-1.433100372907843093e-11,1.232886639721901252e-04,1.613435312780600009e-04,-2.399999999999957723e-03,6.899999999999990993e-04
3.000000000000000000e+00,2.570000000000000455e+03,1.231642927960285947e-04,2.562047459027970902e-05,-1.434573206076815086e-11,-2.487423515822074884e-08,-2.487424717502878147e-08,1.201680803263092456e-14,1.201680835357700223e-14,-1.427034993487509908e-11,1.231642927960285947e-04,1.612191607463709828e-04,-2.399999999999957723e-03,6.866666666666658295e-04
3.000000000000000000e+00,2.575000000000000455e+03,1.230399216199521198e-04,2.549610335440456477e-05,-1.428593339138821763e-11,-2.487423539608037871e-08,-2.487424717502878147e-08,1.177894840275581430e-14,1.177894890568162674e-14,-1.421086054172695251e-11,1.230399216199520656e-04,1.610947902133111538e-04,-2.399999999999957723e-03,6.833333333333325597e-04
3.000000000000000000e+00,2.580000000000000455e+03,1.229155504439521896e-04,2.537173211852942052e-05,-1.422605817733490693e-11,-2.487423591956823358e-08,-2.487424717502878147e-08,1.125546054789162012e-14,1.125546103427382030e-14,-1.415327451687706389e-11,1.229155504439521625e-04,1.609704196790158492e-04,-2.399999999999957723e-03,6.799999999999992899e-04
3.000000000000000000e+00,2.585000000000000455e+03,1.227911792679157218e-04,2.524736088265427627e-05,-1.416621950089480900e-11,-2.487423568728687814e-08,-2.487424717502878147e-08,1.148774190332624427e-14,1.148774224412465664e-14,-1.409641650868106770e-11,1.227911792679157489e-04,1.608460491453044959e-04,-2.399999999999957723e-03,6.766666666666659117e-04
3.000000000000000000e+00,2.590000000000000455e+03,1.226668080918578410e-04,2.512298964677913202e-05,-1.410640223744761765e-11,-2.487423494508722500e-08,-2.487424717502878147e-08,1.222994155647454256e-14,1.222994169874960792e-14,-1.403712229882388203e-11,1.226668080918579765e-04,1.607216786119278088e-04,-2.399999999999957723e-03,6.733333333333326419e-04
3.000000000000000000e+00,2.595000000000000455e+03,1.225424369158397775e-04,2.499861841090398777e-05,-1.404654515667564177e-11,-2.487423475244880482e-08,-2.487424717502878147e-08,1.242257997665009744e-14,1.242258053582419152e-14,-1.397549099323744754e-11,1.225424369158398859e-04,1.605973080779085150e-04,-2.399999999999957723e-03,6.699999999999994805e-04
3.000000000000000000e+00,2.600000000000000455e+03,1.224180657398068605e-04,2.487424717502884352e-05,-1.398670292947342894e-11,-2.487423492920524805e-08,-2.487424717502878147e-08,1.224582353342340155e-14,1.224582409921494053e-14,-1.391381998164984971e-11,1.224180657398068063e-04,1.604729375441221891e-04,-2.399999999999957723e-03,6.666666666666661023e-04
3.000000000000000000e+00,2.605000000000000455e+03,1.222936945637565149e-04,2.474987593915369926e-05,-1.392687813082113882e-11,-2.487423575369947906e-08,-2.487424717502878147e-08,1.142132930240620314e-14,1.142132971930523186e-14,-1.385465209710354927e-11,1.222936945637565420e-04,1.603485670106114945e-04,-2.399999999999957723e-03,6.633333333333328325e-04
3.000000000000000000e+00,2.610000000000000455e+03,1.221693233876971433e-04,2.462550470327855501e-05,-1.386706235815193464e-11,-2.487423587724522321e-08,-2.487424717502878147e-08,1.129778355826152855e-14,1.129778399832161443e-14,-1.379785431280948216e-11,1.221693233876971975e-04,1.602241964772379245e-04,-2.399999999999957723e-03,6.599999999999995627e-04
3.000000000000000000e+00,2.615000000000000455e+03,1.220449522116261301e-04,2.450113346740341076e-05,-1.380725822710355752e-11,-2.487423501502687773e-08,-2.487424717502878147e-08,1.216000190374468962e-14,1.216000242983155920e-14,-1.373920984673909922e-11,1.220449522116261301e-04,1.600998259440470153e-04,-2.399999999999957723e-03,6.566666666666662929e-04
3.000000000000000000e+00,2.620000000000000455e+03,1.219205810355462535e-04,2.437676223152826651e-05,-1.374746295940794047e-11,-2.487423459156056433e-08,-2.487424717502878147e-08,1.258346821713949457e-14,1.258346865058213555e-14,-1.367735116903806499e-11,1.219205810355462942e-04,1.599754554109939083e-04,-2.399999999999957723e-03,6.533333333333329147e-04
3.000000000000000000e+00,2.625000000000000455e+03,1.217962098594582048e-04,2.425239099565312226e-05,-1.368767586388619853e-11,-2.487423461385267487e-08,-2.487424717502878147e-08,1.256117610660405185e-14,1.256117678158343170e-14,-1.361448955545765107e-11,1.217962098594583810e-04,1.598510848780659724e-04,-2.399999999999957723e-03,6.499999999999996449e-04
3.000000000000000000e+00,2.630000000000000455e+03,1.216718386833679064e-04,2.412801975977797801e-05,-1.362789101808396450e-11,-2.487423577560325808e-08,-2.487424717502878147e-08,1.139942552338985201e-14,1.139942590058421133e-14,-1.355458804875223196e-11,1.216718386833679741e-04,1.597267143451709692e-04,-2.399999999999957723e-03,6.466666666666663751e-04
3.000000000000000000e+00,2.635000000000000455e+03,1.215474675073224261e-04,2.400364852390283376e-05,-1.356806135407442535e-11,-2.487423626398100502e-08,-2.487424717502878147e-08,1.091104777645066716e-14,1.091104818673225099e-14,-1.349881186353394081e-11,1.215474675073223990e-04,1.596023438115519628e-04,-2.399999999999957723e-03,6.433333333333331053e-04
3.000000000000000000e+00,2.640000000000000455e+03,1.214230963313355877e-04,2.387927728802768950e-05,-1.350817304827988188e-11,-2.487423524678400248e-08,-2.487424717502878147e-08,1.192824477898635463e-14,1.192824533485172626e-14,-1.344171362972998086e-11,1.214230963313355063e-04,1.594779732769863938e-04,-2.399999999999957723e-03,6.399999999999998355e-04
3.000000000000000000e+00,2.645000000000000455e+03,1.212987251553228097e-04,2.375490605215254525e-05,-1.344831068202231514e-11,-2.487423443616827727e-08,-2.487424717502878147e-08,1.273886050420296688e-14,1.273886118910851408e-14,-1.338004586342008026e-11,1.212987251553227961e-04,1.593536027428336076e-04,-2.399999999999957723e-03,6.366666666666664573e-04
3.000000000000000000e+00,2.650000000000000455e+03,1.211743539792937551e-04,2.363053481627740100e-05,-1.338846459234986283e-11,-2.487423415924588669e-08,-2.487424717502878147e-08,1.301578289478166907e-14,1.301578348373426520e-14,-1.331565925173797331e-11,1.211743539792937415e-04,1.592292322089361239e-04,-2.399999999999957723e-03,6.333333333333331875e-04
3.000000000000000000e+00,2.655000000000000455e+03,1.210499828032748107e-04,2.350616358040225675e-05,-1.332860839249215210e-11,-2.487423563973894173e-08,-2.487424717502878147e-08,1.153528983974001330e-14,1.153528986290107045e-14,-1.325428156837138497e-11,1.210499828032749191e-04,1.591048616748708057e-04,-2.399999999999957723e-03,6.299999999999999177e-04
3.000000000000000000e+00,2.660000000000000455e+03,1.209256116272250750e-04,2.338179234452711250e-05,-1.326878298397613995e-11,-2.487423665215732187e-08,-2.487424717502878147e-08,1.052287145960304468e-14,1.052287184341484890e-14,-1.319913616410559518e-11,1.209256116272250207e-04,1.589804911412982845e-04,-2.399999999999957723e-03,6.266666666666666479e-04
3.000000000000000000e+00,2.665000000000000455e+03,1.208012404511481528e-04,2.325742110865196825e-05,-1.320898476182960288e-11,-2.487423566059631742e-08,-2.487424717502878147e-08,1.151443246405087646e-14,1.151443314564770120e-14,-1.314404290163293880e-11,1.208012404511482342e-04,1.588561206081551887e-04,-2.399999999999957723e-03,6.233333333333333781e-04
3.000000000000000000e+00,2.670000000000000455e+03,1.206768692751044886e-04,2.313304987277682399e-05,-1.314915328178142481e-11,-2.487423447299280966e-08,-2.487424717502878147e-08,1.270203597181421279e-14,1.270203648135747012e-14,-1.308350172756542587e-11,1.206768692751045835e-04,1.587317500744750876e-04,-2.399999999999957723e-03,6.199999999999999999e-04
3.000000000000000000e+00,2.675000000000000455e+03,1.205524980990879566e-04,2.300867863690167974e-05,-1.308929466957388030e-11,-2.487423359393440032e-08,-2.487424717502878147e-08,1.358109438115380607e-14,1.358109475834816539e-14,-1.301779389946616178e-11,1.205524980990881057e-04,1.586073795403545564e-04,-2.399999999999957723e-03,6.166666666666667301e-04
3.000000000000000000e+00,2.680000000000000455e+03,1.204281269230107228e-04,2.288430740102653549e-05,-1.302949675913546781e-11,-2.487423531445688917e-08,-2.487424717502878147e-08,1.186057189230247260e-14,1.186057244485912179e-14,-1.295418973145814357e-11,1.204281269230106550e-04,1.584830090072057143e-04,-2.399999999999957723e-03,6.133333333333334603e-04
3.000000000000000000e+00,2.685000000000000455e+03,1.203037557469180255e-04,2.275993616515139124e-05,-1.296971431213054041e-11,-2.487423698915910758e-08,-2.487424717502878147e-08,1.018586967389391766e-14,1.018587007755805659e-14,-1.289907362515210062e-11,1.203037557469180120e-04,1.583586384743003027e-04,-2.399999999999957723e-03,6.100000000000001905e-04
3.000000000000000000e+00,2.690000000000000455e+03,1.201793845708142830e-04,2.263556492927624699e-05,-1.290994291043524519e-11,-2.487423625620424002e-08,-2.487424717502878147e-08,1.091882454144936405e-14,1.091882497158328258e-14,-1.284631188752924727e-11,1.201793845708144321e-04,1.582342679415655175e-04,-2.399999999999957723e-03,6.066666666666669207e-04
3.000000000000000000e+00,2.695000000000000455e+03,1.200550133947134813e-04,2.251119369340110274e-05,-1.285016856784155712e-11,-2.487423481809273988e-08,-2.487424717502878147e-08,1.235693604158607733e-14,1.235693645186766116e-14,-1.278812248397061991e-11,1.200550133947135762e-04,1.581098974087825123e-04,-2.399999999999957723e-03,6.033333333333336509e-04
3.000000000000000000e+00,2.700000000000000455e+03,1.199306422186303928e-04,2.238682245752595849e-05,-1.279037651209487605e-11,-2.487423299383782844e-08,-2.487424717502878147e-08,1.418119095302722318e-14,1.418119151220131726e-14,-1.272177716406044747e-11,1.199306422186303522e-04,1.579855268757115159e-04,-2.399999999999957723e-03,6.000000000000003811e-04
3.000000000000000000e+00,2.705000000000000455e+03,1.198062710425147376e-04,2.226245122165081423e-05,-1.273061702307095103e-11,-2.487423436394552333e-08,-2.487424717502878147e-08,1.281108325814152743e-14,1.281108381400689907e-14,-1.265429647574492693e-11,1.198062710425148054e-04,1.578611563431557324e-04,-2.399999999999957723e-03,5.966666666666670029e-04
3.000000000000000000e+00,2.710000000000000455e+03,1.196818998664016031e-04,2.213807998577566998e-05,-1.267085501327697497e-11,-2.487423711818659088e-08,-2.487424717502878147e-08,1.005684219059496436e-14,1.005684260418527063e-14,-1.259712665969944650e-11,1.196818998664016302e-04,1.577367858105600503e-04,-2.399999999999957723e-03,5.933333333333337331e-04
3.000000000000000000e+00,2.715000000000000455e+03,1.195575286903374475e-04,2.201370874990052573e-05,-1.261104402464985688e-11,-2.487423697292455647e-08,-2.487424717502878147e-08,1.020210422499834880e-14,1.020210463858865508e-14,-1.254647929159251169e-11,1.195575286903374882e-04,1.576124152771718164e-04,-2.399999999999957723e-03,5.900000000000004633e-04
3.000000000000000000e+00,2.720000000000000455e+03,1.194331575142716520e-04,2.188933751402538148e-05,-1.255123467587852468e-11,-2.487423556302785616e-08,-2.487424717502878147e-08,1.161200092531312333e-14,1.161200161021867053e-14,-1.249194402597049337e-11,1.194331575142717740e-04,1.574880447438054020e-04,-2.399999999999957723e-03,5.866666666666671935e-04
3.000000000000000000e+00,2.725000000000000455e+03,1.193087863381936864e-04,2.176496627815023723e-05,-1.249143749727657862e-11,-2.487423245774699683e-08,-2.487424717502878147e-08,1.471728178464383450e-14,1.471728219161669587e-14,-1.242612081646590496e-11,1.193087863381937270e-04,1.573636742106335749e-04,-2.399999999999957723e-03,5.833333333333339237e-04
3.000000000000000000e+00,2.730000000000000455e+03,1.191844151621382992e-04,2.164059504227509298e-05,-1.243161774016439056e-11,-2.487423296576991274e-08,-2.487424717502878147e-08,1.420925886873342966e-14,1.420925941467263395e-14,-1.235380446245018163e-11,1.191844151621383535e-04,1.572393036770940405e-04,-2.399999999999957723e-03,5.800000000000005455e-04
3.000000000000000000e+00,2.735000000000000455e+03,1.190600439860965731e-04,2.151622380639994873e-05,-1.237178432210482917e-11,-2.487423687765800981e-08,-2.487424717502878147e-08,1.029737077165603616e-14,1.029737106282361178e-14,-1.229253788625644102e-11,1.190600439860965459e-04,1.571149331433315129e-04,-2.399999999999957723e-03,5.766666666666672757e-04
3.000000000000000000e+00,2.740000000000000455e+03,1.189356728100536136e-04,2.139185257052480447e-05,-1.231195213732523899e-11,-2.487423776250377177e-08,-2.487424717502878147e-08,9.412525009704327873e-15,9.412525350502740245e-15,-1.224326314522312514e-11,1.189356728100536271e-04,1.569905626095861157e-04,-2.399999999999957723e-03,5.733333333333340059e-04
3.000000000000000000e+00,2.745000000000000455e+03,1.188113016339987685e-04,2.126748133464966022e-05,-1.225213183811196468e-11,-2.487423685968654486e-08,-2.487424717502878147e-08,1.031534223661070615e-14,1.031534277593246553e-14,-1.219394347490703712e-11,1.188113016339988363e-04,1.568661920760249786e-04,-2.399999999999957723e-03,5.700000000000007361e-04
3.000000000000000000e+00,2.750000000000000455e+03,1.186869304579127934e-04,2.114311009877451597e-05,-1.219234266905356787e-11,-2.487423216809822407e-08,-2.487424717502878147e-08,1.500693055739617937e-14,1.500693124230172657e-14,-1.213063778986145164e-11,1.186869304579126849e-04,1.567418215429628998e-04,-2.399999999999957723e-03,5.666666666666674663e-04
3.000000000000000000e+00,2.755000000000000455e+03,1.185625592817939397e-04,2.101873886289937172e-05,-1.213258637842605167e-11,-2.487423119567206448e-08,-2.487424717502878147e-08,1.597935671698862209e-14,1.597935709749170386e-14,-1.205317206901196807e-11,1.185625592817941024e-04,1.566174510104216717e-04,-2.399999999999957723e-03,5.633333333333340881e-04
3.000000000000000000e+00,2.760000000000000455e+03,1.184381881056440102e-04,2.089436762702422747e-05,-1.207286116374330434e-11,-2.487423614435603411e-08,-2.487424717502878147e-08,1.103067274735756695e-14,1.103067329329677124e-14,-1.198564699303499688e-11,1.184381881056439288e-04,1.564930804783790140e-04,-2.399999999999957723e-03,5.600000000000009267e-04
3.000000000000000000e+00,2.765000000000000455e+03,1.183138169294897167e-04,2.076999639114908322e-05,-1.201314031297430127e-11,-2.487423879877450044e-08,-2.487424717502878147e-08,8.376254281034351657e-15,8.376254578819372176e-15,-1.193712967335470652e-11,1.183138169294897573e-04,1.563687099464001887e-04,-2.399999999999957723e-03,5.566666666666675485e-04
3.000000000000000000e+00,2.770000000000000455e+03,1.181894457533602921e-04,2.064562515527393897e-05,-1.195339459331796680e-11,-2.487423877882920387e-08,-2.487424717502878147e-08,8.396199577601585481e-15,8.396199822447046796e-15,-1.189519853735154047e-11,1.181894457533602650e-04,1.562443394140207507e-04,-2.399999999999957723e-03,5.533333333333342787e-04
3.000000000000000000e+00,2.775000000000000455e+03,1.180650745772952284e-04,2.052125391939879471e-05,-1.189358451271016817e-11,-2.487423229957460205e-08,-2.487424717502878147e-08,1.487545417942398323e-14,1.487545448382644865e-14,-1.183701940158585674e-11,1.180650745772952555e-04,1.561199688806046799e-04,-2.399999999999957723e-03,5.500000000000010089e-04
3.000000000000000000e+00,2.780000000000000455e+03,1.179407034012582185e-04,2.039688268352365046e-05,-1.183374637837115648e-11,-2.487422911262710743e-08,-2.487424717502878147e-08,1.806240167404210346e-14,1.806240212733707914e-14,-1.175467476005794792e-11,1.179407034012582050e-04,1.559955983467342471e-04,-2.399999999999957723e-03,5.466666666666677391e-04
3.000000000000000000e+00,2.785000000000000455e+03,1.178163322252230247e-04,2.027251144764850621e-05,-1.177390642799350587e-11,-2.487423465919708485e-08,-2.487424717502878147e-08,1.251583169662406283e-14,1.251583225248943447e-14,-1.167822917410838163e-11,1.178163322252229840e-04,1.558712278128325892e-04,-2.399999999999957723e-03,5.433333333333344693e-04
3.000000000000000000e+00,2.790000000000000455e+03,1.176919610491858928e-04,2.014814021177336196e-05,-1.171406841562723858e-11,-2.487423940616763580e-08,-2.487424717502878147e-08,7.768861145668881844e-15,7.768861638668526925e-15,-1.162751743938048673e-11,1.176919610491859334e-04,1.557468572789567354e-04,-2.399999999999957723e-03,5.400000000000010911e-04
3.000000000000000000e+00,2.795000000000000455e+03,1.175675898731191486e-04,2.002376897589821771e-05,-1.165426001553280730e-11,-2.487424131770843219e-08,-2.487424717502878147e-08,5.857320349281017405e-15,5.857321004408062547e-15,-1.159345198277279526e-11,1.175675898731191351e-04,1.556224867455547321e-04,-2.399999999999957723e-03,5.366666666666678213e-04
3.000000000000000000e+00,2.800000000000000455e+03,1.174432186970166935e-04,1.989939774002307346e-05,-1.159448732634743226e-11,-2.487423319559057790e-08,-2.487424717502878147e-08,1.397943820356758336e-14,1.397943862046661209e-14,-1.154386008371060857e-11,1.174432186970167206e-04,1.554981162127215284e-04,-2.399999999999957723e-03,5.333333333333345515e-04
3.000000000000000000e+00,2.805000000000000455e+03,1.173188475209151872e-04,1.977502650414792921e-05,-1.153471368848515630e-11,-2.487422709906812432e-08,-2.487424717502878147e-08,2.007596065715321518e-14,2.007596116669647251e-14,-1.145872158424270086e-11,1.173188475209150787e-04,1.553737456798711942e-04,-2.399999999999957723e-03,5.300000000000012817e-04
3.000000000000000000e+00,2.810000000000000455e+03,1.171944763448627409e-04,1.965065526827278495e-05,-1.147489099047457536e-11,-2.487423233311355650e-08,-2.487424717502878147e-08,1.484191522497190201e-14,1.484191542680397148e-14,-1.137142689275894975e-11,1.171944763448627680e-04,1.552493751462273868e-04,-2.399999999999957723e-03,5.266666666666680119e-04
3.000000000000000000e+00,2.815000000000000455e+03,1.170701051688345266e-04,1.952628403239764070e-05,-1.141504406054543938e-11,-2.487423893527416760e-08,-2.487424717502878147e-08,8.239754613873133288e-15,8.239754871953484404e-15,-1.131372271701205611e-11,1.170701051688345808e-04,1.551250046121938357e-04,-2.399999999999957723e-03,5.233333333333346337e-04
3.000000000000000000e+00,2.820000000000000455e+03,1.169457339928103916e-04,1.940191279652249645e-05,-1.135519305130562942e-11,-2.487424429778460688e-08,-2.487424717502878147e-08,2.877244174591957976e-15,2.877244469068256045e-15,-1.128593021865950176e-11,1.169457339928104187e-04,1.550006340780914378e-04,-2.399999999999957723e-03,5.200000000000013639e-04
3.000000000000000000e+00,2.825000000000000455e+03,1.168213628166950752e-04,1.927754156064735220e-05,-1.129543322346852549e-11,-2.487423576730381420e-08,-2.487424717502878147e-08,1.140772496727400891e-14,1.140772558600510710e-14,-1.125021779352181835e-11,1.168213628166950345e-04,1.548762635454498126e-04,-2.399999999999957723e-03,5.166666666666680941e-04
3.000000000000000000e+00,2.830000000000000455e+03,1.166969916405659894e-04,1.915317032477220795e-05,-1.123568716499901213e-11,-2.487422562868727947e-08,-2.487424717502878147e-08,2.154634150199830409e-14,2.154634176669610010e-14,-1.116783262514006533e-11,1.166969916405660300e-04,1.547518930130237268e-04,-2.399999999999957723e-03,5.133333333333348243e-04
3.000000000000000000e+00,2.835000000000000455e+03,1.165726204645065636e-04,1.902879908889706370e-05,-1.117587144653991657e-11,-2.487422914821252988e-08,-2.487424717502878147e-08,1.802681625159350890e-14,1.802681672474081928e-14,-1.106889972891147303e-11,1.165726204645066178e-04,1.546275224794774975e-04,-2.399999999999957723e-03,5.100000000000015545e-04
3.000000000000000000e+00,2.840000000000000455e+03,1.164482492884187453e-04,1.890442785302191945e-05,-1.111608412062521298e-11,-2.487423678420010349e-08,-2.487424717502878147e-08,1.039082867797820897e-14,1.039082931656164186e-14,-1.099785561380821688e-11,1.164482492884186910e-04,1.545031519463844647e-04,-2.399999999999957723e-03,5.066666666666681763e-04
3.000000000000000000e+00,2.845000000000000455e+03,1.163238781123118992e-04,1.878005661714677519e-05,-1.105631582245863651e-11,-2.487424739483787454e-08,-2.487424717502878147e-08,-2.198090930713250972e-16,-2.198084577966146565e-16,-1.097242806166130431e-11,1.163238781123118721e-04,1.543787814135931654e-04,-2.399999999999957723e-03,5.033333333333350149e-04
3.000000000000000000e+00,2.850000000000000455e+03,1.161995069362505218e-04,1.865568538127163094e-05,-1.099650205556345142e-11,-2.487424122604242738e-08,-2.487424717502878147e-08,5.948986354094551294e-15,5.948986830550584125e-15,-1.095810511572941939e-11,1.161995069362504405e-04,1.542544108800698128e-04,-2.399999999999957723e-03,5.000000000000016367e-04
3.000000000000000000e+00,2.855000000000000455e+03,1.160751357601932238e-04,1.853131414539648669e-05,-1.093668420935759236e-11,-2.487422528806266767e-08,-2.487424717502878147e-08,2.188696611379728675e-14,2.188696676230688699e-14,-1.088851523174727571e-11,1.160751357601932915e-04,1.541300403464776134e-04,-2.399999999999957723e-03,4.966666666666683669e-04
3.000000000000000000e+00,2.860000000000000455e+03,1.159507645840743430e-04,1.840694290952134244e-05,-1.087692794583513048e-11,-2.487422495959343196e-08,-2.487424717502878147e-08,2.221543534950819452e-14,2.221543557450132113e-14,-1.077825922590525519e-11,1.159507645840742617e-04,1.540056698138718482e-04,-2.399999999999957723e-03,4.933333333333350971e-04
3.000000000000000000e+00,2.865000000000000455e+03,1.158263934079575223e-04,1.828257167364619819e-05,-1.081716962232854087e-11,-2.487422744287589586e-08,-2.487424717502878147e-08,1.973215288561228351e-14,1.973215330582003469e-14,-1.067339025370445180e-11,1.158263934079575358e-04,1.538812992812275396e-04,-2.399999999999957723e-03,4.900000000000017189e-04
3.000000000000000000e+00,2.870000000000000455e+03,1.157020222318394818e-04,1.815820043777105394e-05,-1.075741251854939531e-11,-2.487423851775307589e-08,-2.487424717502878147e-08,8.657275705581556264e-15,8.657275923957237978e-15,-1.060241668063000862e-11,1.157020222318395767e-04,1.537569287486006595e-04,-2.399999999999957723e-03,4.866666666666683949e-04
3.000000000000000000e+00,2.875000000000000455e+03,1.155776510557192594e-04,1.803382920189590969e-05,-1.069765759672712188e-11,-2.487423933817225787e-08,-2.487424717502878147e-08,7.836856523603818691e-15,7.836856847858618812e-15,-1.056118134870046898e-11,1.155776510557192458e-04,1.536325582160065224e-04,-2.399999999999957723e-03,4.833333333333350709e-04
3.000000000000000000e+00,2.880000000000000455e+03,1.154532798796177937e-04,1.790945796602076543e-05,-1.063788391820726445e-11,-2.487423364413843353e-08,-2.487424717502878147e-08,1.353089034794079456e-14,1.353089058947753343e-14,-1.050776198010712860e-11,1.154532798796178750e-04,1.535081876831085918e-04,-2.399999999999957723e-03,4.800000000000017469e-04
3.000000000000000000e+00,2.885000000000000455e+03,1.153289087035617018e-04,1.778508673014562118e-05,-1.057806486582648850e-11,-2.487423451557622972e-08,-2.487424717502878147e-08,1.265945255175258287e-14,1.265945313408773410e-14,-1.044228612079821543e-11,1.153289087035617018e-04,1.533838171494792042e-04,-2.399999999999957723e-03,4.766666666666684229e-04
3.000000000000000000e+00,2.890000000000000455e+03,1.152045375274794129e-04,1.766071549427047693e-05,-1.051827201048070523e-11,-2.487423480815116712e-08,-2.487424717502878147e-08,1.236687761434844185e-14,1.236687813381786654e-14,-1.037972029262845142e-11,1.152045375274793858e-04,1.532594466162689149e-04,-2.399999999999957723e-03,4.733333333333350989e-04
3.000000000000000000e+00,2.895000000000000455e+03,1.150801663513385771e-04,1.753634425839533268e-05,-1.045853770205223618e-11,-2.487423576359450141e-08,-2.487424717502878147e-08,1.141143428005999065e-14,1.141143467710668468e-14,-1.032027451060114005e-11,1.150801663513386990e-04,1.531350760839935332e-04,-2.399999999999957723e-03,4.700000000000018291e-04
3.000000000000000000e+00,2.900000000000000455e+03,1.149557951752221358e-04,1.741197302252018843e-05,-1.039877899907488620e-11,-2.487423587252535379e-08,-2.487424717502878147e-08,1.130250342767569897e-14,1.130250366259499294e-14,-1.026348966475188585e-11,1.149557951752220951e-04,1.530107055513243693e-04,-2.399999999999957723e-03,4.666666666666685051e-04
3.000000000000000000e+00,2.905000000000000455e+03,1.148314239991195452e-04,1.728760178664504418e-05,-1.033900644541478273e-11,-2.487423477825128459e-08,-2.487424717502878147e-08,1.239677749688343688e-14,1.239677775496378800e-14,-1.020424146120798890e-11,1.148314239991194910e-04,1.528863350184305587e-04,-2.399999999999957723e-03,4.633333333333351811e-04
3.000000000000000000e+00,2.910000000000000455e+03,1.147070528229832901e-04,1.716323055076989992e-05,-1.027926755623213492e-11,-2.487423394915727093e-08,-2.487424717502878147e-08,1.322587151054219772e-14,1.322587180501849579e-14,-1.014018483730803319e-11,1.147070528229833579e-04,1.527619644860736450e-04,-2.399999999999957723e-03,4.600000000000018571e-04
3.000000000000000000e+00,2.915000000000000000e+03,1.145826816467956032e-04,1.703885931489476923e-05,-1.021958011244257156e-11,-2.487423383947789619e-08,-2.487424717502878147e-08,1.333555088528023353e-14,1.333555148085027457e-14,-1.007378127909336773e-11,1.145826816467956303e-04,1.526375939545387733e-04,-2.399999999999957723e-03,4.566666666666688583e-04
3.000000000000000000e+00,2.920000000000000000e+03,1.144583104705356271e-04,1.691448807901962497e-05,-1.015996494428033151e-11,-2.487423526469830264e-08,-2.487424717502878147e-08,1.191033047882945695e-14,1.191033093543315508e-14,-1.001066657305265915e-11,1.144583104705356678e-04,1.525132234241632120e-04,-2.399999999999957723e-03,4.533333333333356427e-04
3.000000000000000000e+00,2.925000000000000000e+03,1.143339392943399984e-04,1.679011684314448072e-05,-1.010028542871915444e-11,-2.487423553648565524e-08,-2.487424717502878147e-08,1.163854312623181046e-14,1.163854370856696170e-14,-9.951794386442658861e-12,1.143339392943401475e-04,1.523888528927500963e-04,-2.399999999999957723e-03,4.500000000000023187e-04
3.000000000000000000e+00,2.930000000000000000e+03,1.142095681181942430e-04,1.666574560726933647e-05,-1.004055603985804304e-11,-2.487423563390862205e-08,-2.487424717502878147e-08,1.154112015942186676e-14,1.154112043735455258e-14,-9.893845226077855076e-12,1.142095681181941888e-04,1.522644823605357280e-04,-2.399999999999957723e-03,4.466666666666689947e-04
3.000000000000000000e+00,2.935000000000000000e+03,1.140851969421349799e-04,1.654137437139419222e-05,-9.980740158768621612e-12,-2.487423529998913960e-08,-2.487424717502878147e-08,1.187503964186677213e-14,1.187504013155769476e-14,-9.835304824655574457e-12,1.140851969421349121e-04,1.521401118269303555e-04,-2.399999999999957723e-03,4.433333333333357791e-04
3.000000000000000000e+00,2.940000000000000000e+03,1.139608257660146897e-04,1.641700313551904797e-05,-9.920985304708983959e-12,-2.487423522380721139e-08,-2.487424717502878147e-08,1.195122157007586464e-14,1.195122211932379137e-14,-9.775739169028370742e-12,1.139608257660145948e-04,1.520157412943010360e-04,-2.399999999999957723e-03,4.400000000000024009e-04
3.000000000000000000e+00,2.945000000000000000e+03,1.138364545898724986e-04,1.629263189964390372e-05,-9.861252351533230515e-12,-2.487423505703604254e-08,-2.487424717502878147e-08,1.211799273893407361e-14,1.211799313267204518e-14,-9.715566130898381151e-12,1.138364545898724580e-04,1.518913707620200978e-04,-2.399999999999957723e-03,4.366666666666690769e-04
3.000000000000000000e+00,2.950000000000000000e+03,1.137120834136805969e-04,1.616826066376875947e-05,-9.801569109027085530e-12,-2.487423477590586028e-08,-2.487424717502878147e-08,1.239912292118821669e-14,1.239912341087913932e-14,-9.654273339539503189e-12,1.137120834136805156e-04,1.517670002305350182e-04,-2.399999999999957723e-03,4.333333333333358613e-04
3.000000000000000000e+00,2.955000000000000000e+03,1.135877122375238775e-04,1.604388942789361521e-05,-9.741850684160443391e-12,-2.487423466119720757e-08,-2.487424717502878147e-08,1.251383157390290961e-14,1.251383202719788529e-14,-9.591990950944310628e-12,1.135877122375237826e-04,1.516426296984835784e-04,-2.399999999999957723e-03,4.300000000000025373e-04
3.000000000000000000e+00,2.960000000000000000e+03,1.134633410613724300e-04,1.591951819201847096e-05,-9.682126987360737541e-12,-2.487423471941989655e-08,-2.487424717502878147e-08,1.245560888491903356e-14,1.245560937460995619e-14,-9.529567347439791024e-12,1.134633410613724300e-04,1.515182591663441014e-04,-2.399999999999957723e-03,4.266666666666692133e-04
3.000000000000000000e+00,2.965000000000000000e+03,1.133389698852345893e-04,1.579514695614332671e-05,-9.622389683823766998e-12,-2.487423507171351878e-08,-2.487424717502878147e-08,1.210331526268854494e-14,1.210331563988290426e-14,-9.468170034903558873e-12,1.133389698852345893e-04,1.513938886339831762e-04,-2.399999999999957723e-03,4.233333333333358893e-04
3.000000000000000000e+00,2.970000000000000000e+03,1.132145987091264964e-04,1.567077572026818246e-05,-9.562622632489688884e-12,-2.487423530904878894e-08,-2.487424717502878147e-08,1.186597999252989940e-14,1.186598052854293633e-14,-9.408246794482494272e-12,1.132145987091264693e-04,1.512695181011428980e-04,-2.399999999999957723e-03,4.200000000000026737e-04
3.000000000000000000e+00,2.975000000000000000e+03,1.130902275330621917e-04,1.554640448439303821e-05,-9.502811792940369512e-12,-2.487423546564721122e-08,-2.487424717502878147e-08,1.170938157025420637e-14,1.170938185149561463e-14,-9.349308388532397894e-12,1.130902275330621104e-04,1.511451475675972380e-04,-2.399999999999957723e-03,4.166666666666693497e-04
3.000000000000000000e+00,2.980000000000000000e+03,1.129658563570594968e-04,1.542203324851789396e-05,-9.442939343602598651e-12,-2.487423545710346781e-08,-2.487424717502878147e-08,1.171792531366047468e-14,1.171792580666011976e-14,-9.290740119387008558e-12,1.129658563570594290e-04,1.510207770330619453e-04,-2.399999999999957723e-03,4.133333333333359715e-04
3.000000000000000000e+00,2.985000000000000000e+03,1.128414851810540101e-04,1.529766201264274971e-05,-9.383069686085421940e-12,-2.487423542896981771e-08,-2.487424717502878147e-08,1.174605896375559953e-14,1.174605923837956289e-14,-9.232080156774409352e-12,1.128414851810539287e-04,1.508964064985666596e-04,-2.399999999999957723e-03,4.100000000000028101e-04
3.000000000000000000e+00,2.990000000000000000e+03,1.127171140050348082e-04,1.517329077676760545e-05,-9.323213743725727171e-12,-2.487423533571480556e-08,-2.487424717502878147e-08,1.183931397590840288e-14,1.183931426707597850e-14,-9.173116723010770498e-12,1.127171140050347811e-04,1.507720359642905183e-04,-2.399999999999957723e-03,4.066666666666694319e-04
3.000000000000000000e+00,2.995000000000000000e+03,1.125927428289849098e-04,1.504891954089246120e-05,-9.263388497840040897e-12,-2.487423513326699278e-08,-2.487424717502878147e-08,1.204176178869315876e-14,1.204176206662584457e-14,-9.113414032176515940e-12,1.125927428289849098e-04,1.506476654305029456e-04,-2.399999999999957723e-03,4.033333333333361079e-04
3.000000000000000000e+00,3.000000000000000000e+03,1.124683716529261210e-04,1.492454830501731695e-05,-9.203572142412169005e-12,-2.487423496518309160e-08,-2.487424717502878147e-08,1.220984568987476693e-14,1.220984606045168136e-14,-9.052785011858822126e-12,1.124683716529260939e-04,1.505232948968575389e-04,-2.399999999999957723e-03,4.000000000000028923e-04
3.000000000000000000e+00,3.005000000000000000e+03,1.123440004768533730e-04,1.480017706914217270e-05,-9.143769746087267863e-12,-2.487423491363076060e-08,-2.487424717502878147e-08,1.226139802086879497e-14,1.226139847416377065e-14,-8.991606900522283496e-12,1.123440004768533866e-04,1.503989243634325777e-04,-2.399999999999957723e-03,3.966666666666695683e-04
3.000000000000000000e+00,3.010000000000000000e+03,1.122196293007515549e-04,1.467580583326702845e-05,-9.083996419933116490e-12,-2.487423504890082378e-08,-2.487424717502878147e-08,1.212612795768813668e-14,1.212612836135227560e-14,-8.930638083433493380e-12,1.122196293007515414e-04,1.502745538304726036e-04,-2.399999999999957723e-03,3.933333333333362443e-04
3.000000000000000000e+00,3.015000000000000000e+03,1.120952581246321457e-04,1.455143459739188420e-05,-9.024240684959213693e-12,-2.487423524939586166e-08,-2.487424717502878147e-08,1.192563291980627149e-14,1.192563331023552061e-14,-8.870508679254523889e-12,1.120952581246322405e-04,1.501501832977918116e-04,-2.399999999999957723e-03,3.900000000000030287e-04
3.000000000000000000e+00,3.020000000000000000e+03,1.119708869485094431e-04,1.442706336151673995e-05,-8.964488243249409821e-12,-2.487423538166868222e-08,-2.487424717502878147e-08,1.179336009925308479e-14,1.179336061210506457e-14,-8.811211194448672426e-12,1.119708869485094025e-04,1.500258127651618145e-04,-2.399999999999957723e-03,3.866666666666697047e-04
3.000000000000000000e+00,3.025000000000000000e+03,1.118465157723959699e-04,1.430269212564159569e-05,-8.904726572268612667e-12,-2.487423535537731555e-08,-2.487424717502878147e-08,1.181965146592282134e-14,1.181965190598290721e-14,-8.752178663153452497e-12,1.118465157723961054e-04,1.499014422323810319e-04,-2.399999999999957723e-03,3.833333333333363807e-04
3.000000000000000000e+00,3.030000000000000000e+03,1.117221445962829845e-04,1.417832088976645144e-05,-8.844964413396837893e-12,-2.487423522864666135e-08,-2.487424717502878147e-08,1.194638212012362110e-14,1.194638267598899273e-14,-8.692763576698522747e-12,1.117221445962830387e-04,1.497770716995911150e-04,-2.399999999999957723e-03,3.800000000000031651e-04
3.000000000000000000e+00,3.035000000000000000e+03,1.115977734201551997e-04,1.405394965389130719e-05,-8.785217053884717547e-12,-2.487423509682876697e-08,-2.487424717502878147e-08,1.207820001450096078e-14,1.207820036522554051e-14,-8.632702119095486414e-12,1.115977734201550913e-04,1.496527011670365512e-04,-2.399999999999957723e-03,3.766666666666698411e-04
3.000000000000000000e+00,3.040000000000000000e+03,1.114734022440170338e-04,1.392957841801616294e-05,-8.725480075608398750e-12,-2.487423487128629317e-08,-2.487424717502878147e-08,1.230374248830379303e-14,1.230374296806854831e-14,-8.571747260762251192e-12,1.114734022440169931e-04,1.495283306346452141e-04,-2.399999999999957723e-03,3.733333333333364629e-04
3.000000000000000000e+00,3.045000000000000000e+03,1.113490310678774312e-04,1.380520718214101869e-05,-8.665744533899958496e-12,-2.487423463403176245e-08,-2.487424717502878147e-08,1.254099701901720849e-14,1.254099735981562086e-14,-8.509635409942540769e-12,1.113490310678773499e-04,1.494039601022758863e-04,-2.399999999999957723e-03,3.700000000000032473e-04
3.000000000000000000e+00,3.050000000000000000e+03,1.112246598917550946e-04,1.368083594626587444e-05,-8.605991726271921410e-12,-2.487423454967012972e-08,-2.487424717502878147e-08,1.262535865175370717e-14,1.262535910835740530e-14,-8.446719518772108204e-12,1.112246598917551353e-04,1.492795895696241509e-04,-2.399999999999957723e-03,3.666666666666699233e-04
3.000000000000000000e+00,3.055000000000000000e+03,1.111002887156514469e-04,1.355646471039073019e-05,-8.546220229708936106e-12,-2.487423476260382327e-08,-2.487424717502878147e-08,1.241242495820246973e-14,1.241242516003453920e-14,-8.384125058101128342e-12,1.111002887156515147e-04,1.491552190366731486e-04,-2.399999999999957723e-03,3.633333333333365993e-04
3.000000000000000000e+00,3.060000000000000000e+03,1.109759175395588581e-04,1.343209347451558593e-05,-8.486437674283791449e-12,-2.487423523290925870e-08,-2.487424717502878147e-08,1.194211952276951489e-14,1.194212007532616407e-14,-8.323238695012726584e-12,1.109759175395588987e-04,1.490308485035419248e-04,-2.399999999999957723e-03,3.600000000000033837e-04
3.000000000000000000e+00,3.065000000000000000e+03,1.108515463634474990e-04,1.330772223864044168e-05,-8.426673889108757948e-12,-2.487423561224592978e-08,-2.487424717502878147e-08,1.156278285168560563e-14,1.156278301381300569e-14,-8.264476437289878660e-12,1.108515463634474312e-04,1.489064779707104829e-04,-2.399999999999957723e-03,3.566666666666700597e-04
3.000000000000000000e+00,3.070000000000000000e+03,1.107271751873077474e-04,1.318335100276529743e-05,-8.366938496478116410e-12,-2.487423590498465226e-08,-2.487424717502878147e-08,1.127004412921145667e-14,1.127004475455999976e-14,-8.207394367868946146e-12,1.107271751873077203e-04,1.487821074383325628e-04,-2.399999999999957723e-03,3.533333333333367357e-04
3.000000000000000000e+00,3.075000000000000000e+03,1.106028040111451598e-04,1.305897976689015318e-05,-8.307225939855732849e-12,-2.487423599933909994e-08,-2.487424717502878147e-08,1.117568968152800703e-14,1.117569016460148476e-14,-8.151280030571042435e-12,1.106028040111452817e-04,1.486577369063175522e-04,-2.399999999999957723e-03,3.500000000000035201e-04
3.000000000000000000e+00,3.080000000000000000e+03,1.104784328350255336e-04,1.293460853101500893e-05,-8.247470421722264550e-12,-2.487423593390475259e-08,-2.487424717502878147e-08,1.124112402887714090e-14,1.124112459466867989e-14,-8.095237993672867023e-12,1.104784328350253981e-04,1.485333663736123928e-04,-2.399999999999957723e-03,3.466666666666701961e-04
3.000000000000000000e+00,3.085000000000000000e+03,1.103540616589554556e-04,1.281023729513986468e-05,-8.187665355549513663e-12,-2.487423546056548337e-08,-2.487424717502878147e-08,1.171446329809914424e-14,1.171446387712557302e-14,-8.037849022493381391e-12,1.103540616589554420e-04,1.484089958401087455e-04,-2.399999999999957723e-03,3.433333333333368179e-04
3.000000000000000000e+00,3.090000000000000000e+03,1.102296904829454152e-04,1.268586605926472042e-05,-8.127800251681461391e-12,-2.487423460092590984e-08,-2.487424717502878147e-08,1.257410287162672429e-14,1.257410337786125918e-14,-7.977127604355914310e-12,1.102296904829455643e-04,1.482846253056394807e-04,-2.399999999999957723e-03,3.400000000000036565e-04
3.000000000000000000e+00,3.095000000000000000e+03,1.101053193069146394e-04,1.256149482338957617e-05,-8.067955883179957904e-12,-2.487423401062314981e-08,-2.487424717502878147e-08,1.316440563166495845e-14,1.316440617760416274e-14,-7.912781330467250756e-12,1.101053193069147750e-04,1.481602547715009247e-04,-2.399999999999957723e-03,3.366666666666702783e-04
3.000000000000000000e+00,3.100000000000000000e+03,1.099809481308744718e-04,1.243712358751443192e-05,-8.008120906579773574e-12,-2.487423385325768956e-08,-2.487424717502878147e-08,1.332177109190522701e-14,1.332177127719368422e-14,-7.846565886830256138e-12,1.099809481308744176e-04,1.480358842375130185e-04,-2.399999999999957723e-03,3.333333333333369543e-04
3.000000000000000000e+00,3.105000000000000000e+03,1.098565769548061826e-04,1.231275235163928767e-05,-7.948314051473438085e-12,-2.487423441904395776e-08,-2.487424717502878147e-08,1.275598482371381926e-14,1.275598519429073369e-14,-7.781371495651545094e-12,1.098565769548061284e-04,1.479115137039738366e-04,-2.399999999999957723e-03,3.300000000000037387e-04
3.000000000000000000e+00,3.110000000000000000e+03,1.097322057787600925e-04,1.218838111576414342e-05,-7.888484997327620957e-12,-2.487423496717052867e-08,-2.487424717502878147e-08,1.220785825279548782e-14,1.220785874579513291e-14,-7.718961885801330427e-12,1.097322057787599570e-04,1.477871431700757024e-04,-2.399999999999957723e-03,3.266666666666704147e-04
3.000000000000000000e+00,3.115000000000000000e+03,1.096078346027106414e-04,1.206400987988899917e-05,-7.828659304208538533e-12,-2.487423582087345672e-08,-2.487424717502878147e-08,1.135415532474569880e-14,1.135415589384596023e-14,-7.660056849202227694e-12,1.096078346027106278e-04,1.476627726362294744e-04,-2.399999999999957723e-03,3.233333333333370907e-04
3.000000000000000000e+00,3.120000000000000000e+03,1.094834634266589812e-04,1.193963864401385492e-05,-7.768835820151382549e-12,-2.487423681176495111e-08,-2.487424717502878147e-08,1.036326383035950008e-14,1.036326425387597371e-14,-7.605763298832922859e-12,1.094834634266590354e-04,1.475384021024158808e-04,-2.399999999999957723e-03,3.200000000000038751e-04
3.000000000000000000e+00,3.125000000000000000e+03,1.093590922505977258e-04,1.181526740813871066e-05,-7.709021931283453061e-12,-2.487423741054245115e-08,-2.487424717502878147e-08,9.764486330321696790e-15,9.764486783616672469e-15,-7.555443921239191244e-12,1.093590922505977800e-04,1.474140315687557561e-04,-2.399999999999957723e-03,3.166666666666705511e-04
3.000000000000000000e+00,3.130000000000000000e+03,1.092347210745329468e-04,1.169089617226356641e-05,-7.649211566072584151e-12,-2.487423711660365504e-08,-2.487424717502878147e-08,1.005842512642853768e-14,1.005842560950201542e-14,-7.505886640256394524e-12,1.092347210745329332e-04,1.472896610351491367e-04,-2.399999999999957723e-03,3.133333333333372271e-04
3.000000000000000000e+00,3.135000000000000000e+03,1.091103498984687640e-04,1.156652493638842216e-05,-7.589400604550520374e-12,-2.487423529633075136e-08,-2.487424717502878147e-08,1.187869803010552266e-14,1.187869863891045349e-14,-7.451043829635363352e-12,1.091103498984686692e-04,1.471652905015325970e-04,-2.399999999999957723e-03,3.100000000000037947e-04
3.000000000000000000e+00,3.140000000000000000e+03,1.089859787223930617e-04,1.144215370051327791e-05,-7.529601162676539255e-12,-2.487423330220678041e-08,-2.487424717502878147e-08,1.387282200106056206e-14,1.387282240803342344e-14,-7.386665027018003660e-12,1.089859787223932785e-04,1.470409199680962516e-04,-2.399999999999957723e-03,3.066666666666704706e-04
3.000000000000000000e+00,3.145000000000000000e+03,1.088616075463104339e-04,1.131778246463813366e-05,-7.469808646143934888e-12,-2.487423073537406524e-08,-2.487424717502878147e-08,1.643965471623011849e-14,1.643965512651170232e-14,-7.310883833181640845e-12,1.088616075463104882e-04,1.469165494347729885e-04,-2.399999999999957723e-03,3.033333333333371466e-04
3.000000000000000000e+00,3.150000000000000000e+03,1.087372363702191326e-04,1.119341122876298941e-05,-7.410024803228710405e-12,-2.487422801637436595e-08,-2.487424717502878147e-08,1.915865441552334986e-14,1.915865492175788475e-14,-7.221888058060966877e-12,1.087372363702191191e-04,1.467921789015850338e-04,-2.399999999999957723e-03,3.000000000000038226e-04
3.000000000000000000e+00,3.155000000000000000e+03,1.086128651941172332e-04,1.106903999288784516e-05,-7.350251558389721968e-12,-2.487422583487623164e-08,-2.487424717502878147e-08,2.134015254982631788e-14,2.134015301966490581e-14,-7.120641038207409901e-12,1.086128651941171112e-04,1.466678083685661875e-04,-2.399999999999957723e-03,2.966666666666704986e-04
3.000000000000000000e+00,3.160000000000000000e+03,1.084884940180015915e-04,1.094466875701270090e-05,-7.290492055813269784e-12,-2.487422519375796001e-08,-2.487424717502878147e-08,2.198127082145614234e-14,2.198127120857666902e-14,-7.012337477636805964e-12,1.084884940180015780e-04,1.465434378357643715e-04,-2.399999999999957723e-03,2.933333333333371204e-04
3.000000000000000000e+00,3.165000000000000000e+03,1.083641228418683722e-04,1.082029752113755665e-05,-7.230750130864539021e-12,-2.487422745318113692e-08,-2.487424717502878147e-08,1.972184764454797128e-14,1.972184804490338775e-14,-6.908079679503105822e-12,1.083641228418682909e-04,1.464190673032445564e-04,-2.399999999999957723e-03,2.900000000000037964e-04
3.000000000000000000e+00,3.170000000000000000e+03,1.082397516657418208e-04,1.069592628526241240e-05,-7.171001538072447473e-12,-2.487422763861848003e-08,-2.487424717502878147e-08,1.953641030144327843e-14,1.953641078120803371e-14,-6.809934032437827268e-12,1.082397516657417666e-04,1.462946967706142069e-04,-2.399999999999957723e-03,2.866666666666704182e-04
3.000000000000000000e+00,3.175000000000000000e+03,1.081153804896129247e-04,1.057155504938726815e-05,-7.111255289867553925e-12,-2.487422850412349533e-08,-2.487424717502878147e-08,1.867090528614503591e-14,1.867090564017833808e-14,-6.714415741384361339e-12,1.081153804896129654e-04,1.461703262380206390e-04,-2.399999999999957723e-03,2.833333333333370400e-04
3.000000000000000000e+00,3.180000000000000000e+03,1.079910093134836628e-04,1.044718381351212390e-05,-7.051509407580893590e-12,-2.487423039439705465e-08,-2.487424717502878147e-08,1.678063172682238344e-14,1.678063211394291012e-14,-6.625786896999058218e-12,1.079910093134836628e-04,1.460459557054314349e-04,-2.399999999999957723e-03,2.800000000000037160e-04
3.000000000000000000e+00,3.185000000000000000e+03,1.078666381373575314e-04,1.032281257763697965e-05,-6.991760394660460204e-12,-2.487423343130245648e-08,-2.487424717502878147e-08,1.374372632499190989e-14,1.374372683784388967e-14,-6.549475999619591219e-12,1.078666381373575314e-04,1.459215851727899995e-04,-2.399999999999957723e-03,2.766666666666703920e-04
3.000000000000000000e+00,3.190000000000000000e+03,1.077422669612389217e-04,1.019844134176183540e-05,-6.932003860087455199e-12,-2.487423769326034372e-08,-2.487424717502878147e-08,9.481768437747484728e-15,9.481768900968627758e-15,-6.491412260272559925e-12,1.077422669612388946e-04,1.457972146400271876e-04,-2.399999999999957723e-03,2.733333333333370680e-04
3.000000000000000000e+00,3.195000000000000000e+03,1.076178957851215724e-04,1.007407010588669114e-05,-6.872246065129424680e-12,-2.487424100735857787e-08,-2.487424717502878147e-08,6.167670203600118456e-15,6.167670521237473676e-15,-6.452288661717044672e-12,1.076178957851216402e-04,1.456728441072398456e-04,-2.399999999999957723e-03,2.700000000000036355e-04
3.000000000000000000e+00,3.200000000000000000e+03,1.074935246090102134e-04,9.949698870011546893e-06,-6.812482279954391179e-12,-2.487424303706423573e-08,-2.487424717502878147e-08,4.137964545744130779e-15,4.137964744267477792e-15,-6.426524573553282293e-12,1.074935246090102405e-04,1.455484735743567686e-04,-2.399999999999957723e-03,2.666666666666703115e-04
3.000000000000000000e+00,3.205000000000000000e+03,1.073691534329086799e-04,9.825327634136402641e-06,-6.752708669197169528e-12,-2.487424309931489394e-08,-2.487424717502878147e-08,4.075713887532537955e-15,4.075714456632799392e-15,-6.405990375551031600e-12,1.073691534329087747e-04,1.454241030413141783e-04,-2.399999999999957723e-03,2.633333333333369875e-04
3.000000000000000000e+00,3.210000000000000000e+03,1.072447822568194792e-04,9.700956398261258390e-06,-6.692922725640235854e-12,-2.487423994064374138e-08,-2.487424717502878147e-08,7.234385040091145488e-15,7.234385476842508916e-15,-6.377715125717343329e-12,1.072447822568195063e-04,1.452997325080724472e-04,-2.399999999999957723e-03,2.600000000000036635e-04
3.000000000000000000e+00,3.215000000000000000e+03,1.071204110807450236e-04,9.576585162386114139e-06,-6.633122036933756377e-12,-2.487423201780619370e-08,-2.487424717502878147e-08,1.515722258776899262e-14,1.515722285908423354e-14,-6.321736104877526473e-12,1.071204110807449694e-04,1.451753619745917579e-04,-2.399999999999957723e-03,2.566666666666703395e-04
3.000000000000000000e+00,3.220000000000000000e+03,1.069960399046806783e-04,9.452213926510969887e-06,-6.573311238042018473e-12,-2.487422540778635762e-08,-2.487424717502878147e-08,2.176724242384736243e-14,2.176724296647784426e-14,-6.229424940313621279e-12,1.069960399046806512e-04,1.450509914409477336e-04,-2.399999999999957723e-03,2.533333333333369071e-04
3.000000000000000000e+00,3.225000000000000000e+03,1.068716687286255486e-04,9.327842690635825636e-06,-6.513491223431814442e-12,-2.487422152982018639e-08,-2.487424717502878147e-08,2.564520859508395246e-14,2.564520931969416906e-14,-6.110893809598191245e-12,1.068716687286255622e-04,1.449266209071537099e-04,-2.399999999999957723e-03,2.500000000000035831e-04
3.000000000000000000e+00,3.230000000000000000e+03,1.067472975525808138e-04,9.203471454760681384e-06,-6.453660814033281706e-12,-2.487421917495351565e-08,-2.487424717502878147e-08,2.800007526581772578e-14,2.800007587793137907e-14,-5.976780596604127375e-12,1.067472975525809493e-04,1.448022503731913639e-04,-2.399999999999957723e-03,2.466666666666702591e-04
3.000000000000000000e+00,3.235000000000000000e+03,1.066229263765449423e-04,9.079100218885537133e-06,-6.393821541281988902e-12,-2.487421979942704724e-08,-2.487424717502878147e-08,2.737560173423193016e-14,2.737560209157395478e-14,-5.838341401680364041e-12,1.066229263765448203e-04,1.446778798390880173e-04,-2.399999999999957723e-03,2.433333333333369080e-04
3.000000000000000000e+00,3.240000000000000000e+03,1.064985552005148713e-04,8.954728983010392881e-06,-6.333976468049073300e-12,-2.487422524373595785e-08,-2.487424717502878147e-08,2.193129282361731708e-14,2.193129330999951726e-14,-5.715074163176430360e-12,1.064985552005148577e-04,1.445535093048848428e-04,-2.399999999999957723e-03,2.400000000000035568e-04
3.000000000000000000e+00,3.245000000000000000e+03,1.063741840244931622e-04,8.830357747135248630e-06,-6.274123032906902403e-12,-2.487423131886044013e-08,-2.487424717502878147e-08,1.585616834133835001e-14,1.585616878801588079e-14,-5.620605507931391865e-12,1.063741840244931351e-04,1.444291387705489891e-04,-2.399999999999957723e-03,2.366666666666701515e-04
3.000000000000000000e+00,3.250000000000000000e+03,1.062498128484803842e-04,8.705986511260104378e-06,-6.214260666649335657e-12,-2.487423465372396491e-08,-2.487424717502878147e-08,1.252130481655635874e-14,1.252130537573045283e-14,-5.549661822522026031e-12,1.062498128484804790e-04,1.443047682360686383e-04,-2.399999999999957723e-03,2.333333333333368275e-04
3.000000000000000000e+00,3.255000000000000000e+03,1.061254416724712789e-04,8.581615275384960127e-06,-6.154394627656909617e-12,-2.487423803175015125e-08,-2.487424717502878147e-08,9.143278630216991173e-15,9.143279017337517848e-15,-5.495500361539356105e-12,1.061254416724713738e-04,1.441803977015274096e-04,-2.399999999999957723e-03,2.300000000000034764e-04
3.000000000000000000e+00,3.260000000000000000e+03,1.060010704964629868e-04,8.457244039509815875e-06,-6.094527775512854212e-12,-2.487424070468869518e-08,-2.487424717502878147e-08,6.470340086287081120e-15,6.470340701709456860e-15,-5.456466312241738668e-12,1.060010704964630546e-04,1.440560271669717339e-04,-2.399999999999957723e-03,2.266666666666701524e-04
3.000000000000000000e+00,3.265000000000000000e+03,1.058766993204521197e-04,8.332872803634671624e-06,-6.034663498348958460e-12,-2.487424167241082091e-08,-2.487424717502878147e-08,5.502617960563162118e-15,5.502618119381839728e-15,-5.426533915189010426e-12,1.058766993204521333e-04,1.439316566324573934e-04,-2.399999999999957723e-03,2.233333333333368284e-04
3.000000000000000000e+00,3.270000000000000000e+03,1.057523281444352895e-04,8.208501567759527372e-06,-5.974805184297011379e-12,-2.487424202590583364e-08,-2.487424717502878147e-08,5.149122947828446381e-15,5.149123794861393635e-15,-5.399904560403402343e-12,1.057523281444353708e-04,1.438072860980334211e-04,-2.399999999999957723e-03,2.200000000000033960e-04
3.000000000000000000e+00,3.275000000000000000e+03,1.056279569684099754e-04,8.084130331884383121e-06,-5.914955354127063997e-12,-2.487424429933473342e-08,-2.487424717502878147e-08,2.875694048050200953e-15,2.875694408700948026e-15,-5.379842514894496489e-12,1.056279569684100838e-04,1.436829155637476575e-04,-2.399999999999957723e-03,2.166666666666700720e-04
3.000000000000000000e+00,3.280000000000000000e+03,1.055035857923704990e-04,7.959759096009238870e-06,-5.855119686347994706e-12,-2.487424639851601223e-08,-2.487424717502878147e-08,7.765127692443903355e-16,7.765135070894967328e-16,-5.370711995105020377e-12,1.055035857923705396e-04,1.435585450296859443e-04,-2.399999999999957723e-03,2.133333333333367480e-04
3.000000000000000000e+00,3.285000000000000000e+03,1.053792146163120354e-04,7.835387860134094618e-06,-5.795303005659471068e-12,-2.487424829782180812e-08,-2.487424717502878147e-08,-1.122793026649634860e-15,-1.122792824817565397e-15,-5.371577693399340549e-12,1.053792146163119947e-04,1.434341744959294882e-04,-2.399999999999957723e-03,2.100000000000033968e-04
3.000000000000000000e+00,3.290000000000000000e+03,1.052548434402288385e-04,7.711016624258950367e-06,-5.735511058333007256e-12,-2.487425000755135022e-08,-2.487424717502878147e-08,-2.832522568747494830e-15,-2.832522347063090666e-15,-5.381465981329042189e-12,1.052548434402288249e-04,1.433098039625677902e-04,-2.399999999999957723e-03,2.066666666666700728e-04
3.000000000000000000e+00,3.295000000000000000e+03,1.051304722641200002e-04,7.586645388383806115e-06,-5.675744752387922726e-12,-2.487425116123819963e-08,-2.487424717502878147e-08,-3.986209418156168435e-15,-3.986208895378021301e-15,-5.398512809435144969e-12,1.051304722641199866e-04,1.431854334296148363e-04,-2.399999999999957723e-03,2.033333333333366675e-04
3.000000000000000000e+00,3.300000000000000000e+03,1.050061010879958068e-04,7.462274152508661864e-06,-5.615993801456106022e-12,-2.487425052105490017e-08,-2.487424717502878147e-08,-3.346026118698880008e-15,-3.346025612464345126e-15,-5.416843395704750885e-12,1.050061010879957662e-04,1.430610628969096769e-04,-2.399999999999957723e-03,2.000000000000033164e-04
3.000000000000000000e+00,3.305000000000000000e+03,1.048817299118468395e-04,7.337902916633517612e-06,-5.556267624543930611e-12,-2.487424839422010329e-08,-2.487424717502878147e-08,-1.219191321821417269e-15,-1.219191192781241711e-15,-5.428256437717864852e-12,1.048817299118467446e-04,1.429366923645982454e-04,-2.399999999999957723e-03,1.966666666666699924e-04
3.000000000000000000e+00,3.310000000000000000e+03,1.047573587356727458e-04,7.213531680758373361e-06,-5.496566574017102552e-12,-2.487424441675669075e-08,-2.487424717502878147e-08,2.758272090725101390e-15,2.758272203221664697e-15,-5.424408735191763794e-12,1.047573587356726645e-04,1.428123218326895409e-04,-2.399999999999957723e-03,1.933333333333366684e-04
3.000000000000000000e+00,3.315000000000000000e+03,1.046329875594736341e-04,7.089160444883229109e-06,-5.436890541455404596e-12,-2.487423818318597058e-08,-2.487424717502878147e-08,8.991842810889086549e-15,8.991843128526441769e-15,-5.395033446862393528e-12,1.046329875594736341e-04,1.426879513011796330e-04,-2.399999999999957723e-03,1.900000000000033173e-04
3.000000000000000000e+00,3.320000000000000000e+03,1.045086163832534889e-04,6.964789209008084858e-06,-5.377235542415852859e-12,-2.487423015409233513e-08,-2.487424717502878147e-08,1.702093644633991879e-14,1.702093677390344136e-14,-5.330001497106318820e-12,1.045086163832534618e-04,1.425635807700085383e-04,-2.399999999999957723e-03,1.866666666666699120e-04
3.000000000000000000e+00,3.325000000000000000e+03,1.043842452070321510e-04,6.840417973132940606e-06,-5.317581735998690856e-12,-2.487422606978872618e-08,-2.487424717502878147e-08,2.110524005528589321e-14,2.110524053835937094e-14,-5.234686053825661790e-12,1.043842452070322459e-04,1.424392102388536525e-04,-2.399999999999957723e-03,1.833333333333365879e-04
3.000000000000000000e+00,3.330000000000000000e+03,1.042598740308101898e-04,6.716046737257796355e-06,-5.257928552997778032e-12,-2.487422443273231802e-08,-2.487424717502878147e-08,2.274229646345399220e-14,2.274229682410473928e-14,-5.125067210419501514e-12,1.042598740308101627e-04,1.423148397077086329e-04,-2.399999999999957723e-03,1.800000000000032368e-04
3.000000000000000000e+00,3.335000000000000000e+03,1.041355028545984607e-04,6.591675501382652104e-06,-5.198265137838862376e-12,-2.487422694219744381e-08,-2.487424717502878147e-08,2.023283133765572391e-14,2.023283173801114039e-14,-5.017629389014211815e-12,1.041355028545984200e-04,1.421904691763985706e-04,-2.399999999999957723e-03,1.766666666666699128e-04
3.000000000000000000e+00,3.340000000000000000e+03,1.040111316784103266e-04,6.467304265507507852e-06,-5.138578127730168005e-12,-2.487423568530836469e-08,-2.487424717502878147e-08,1.148972041678107515e-14,1.148972085022371613e-14,-4.938323007543624674e-12,1.040111316784103943e-04,1.420660986447076822e-04,-2.399999999999957723e-03,1.733333333333365888e-04
3.000000000000000000e+00,3.345000000000000000e+03,1.038867605022598820e-04,6.342933029632363601e-06,-5.078853428043452606e-12,-2.487425257230594615e-08,-2.487424717502878147e-08,-5.397277164681579185e-15,-5.397276757708717809e-15,-4.923091897312337178e-12,1.038867605022598413e-04,1.419417281124103996e-04,-2.399999999999957723e-03,1.700000000000031564e-04
3.000000000000000000e+00,3.350000000000000000e+03,1.037623893260948956e-04,6.218561793757219349e-06,-5.019143270218375669e-12,-2.487426057407458327e-08,-2.487424717502878147e-08,-1.339904580180411842e-14,-1.339904546100570605e-14,-4.970082702859123237e-12,1.037623893260948278e-04,1.418173575803458682e-04,-2.399999999999957723e-03,1.666666666666698324e-04
3.000000000000000000e+00,3.355000000000000000e+03,1.036380181499505225e-04,6.094190557882075098e-06,-4.959412498999494351e-12,-2.487426675849877101e-08,-2.487424717502878147e-08,-1.958346998953740436e-14,-1.958346935095397147e-14,-5.052538989889022431e-12,1.036380181499504548e-04,1.416929870479508176e-04,-2.399999999999957723e-03,1.633333333333365084e-04
3.000000000000000000e+00,3.360000000000000000e+03,1.035136469738291481e-04,5.969819322006930846e-06,-4.899658729142029184e-12,-2.487426868329669181e-08,-2.487424717502878147e-08,-2.150826791034098267e-14,-2.150826759932107235e-14,-5.155268332264710041e-12,1.035136469738291481e-04,1.415686165151828287e-04,-2.399999999999957723e-03,1.600000000000031573e-04
3.000000000000000000e+00,3.365000000000000000e+03,1.033892757977327511e-04,5.845448086131786595e-06,-4.839879981977015383e-12,-2.487426321190977569e-08,-2.487424717502878147e-08,-1.603688099422026247e-14,-1.603688069312651950e-14,-5.249131202995829020e-12,1.033892757977327917e-04,1.414442459820153112e-04,-2.399999999999957723e-03,1.566666666666698333e-04
3.000000000000000000e+00,3.370000000000000000e+03,1.032649046216616701e-04,5.721076850256642343e-06,-4.780075918691274045e-12,-2.487424644528565109e-08,-2.487424717502878147e-08,7.297431303776948965e-16,7.297436167598950776e-16,-5.287399045686745581e-12,1.032649046216617378e-04,1.413198754484390495e-04,-2.399999999999957723e-03,1.533333333333365093e-04
3.000000000000000000e+00,3.375000000000000000e+03,1.031405334456106469e-04,5.596705614381498092e-06,-4.720251797665341725e-12,-2.487423739102610729e-08,-2.487424717502878147e-08,9.784002674184317765e-15,9.784003256519469002e-15,-5.261114678503547171e-12,1.031405334456106604e-04,1.411955049145406172e-04,-2.399999999999957723e-03,1.500000000000030768e-04
3.000000000000000000e+00,3.380000000000000000e+03,1.030161622695776214e-04,5.472334378506353840e-06,-4.660409678883346146e-12,-2.487422946156752474e-08,-2.487424717502878147e-08,1.771346125672644760e-14,1.771346170671270083e-14,-5.192371016095466747e-12,1.030161622695777298e-04,1.410711343803516728e-04,-2.399999999999957723e-03,1.466666666666697528e-04
3.000000000000000000e+00,3.385000000000000000e+03,1.028917910935576606e-04,5.347963142631209589e-06,-4.600554495465172117e-12,-2.487422265420888745e-08,-2.487424717502878147e-08,2.452081989401931096e-14,2.452082032084450704e-14,-5.086785311026573727e-12,1.028917910935576063e-04,1.409467638459531251e-04,-2.399999999999957723e-03,1.433333333333364017e-04
3.000000000000000000e+00,3.390000000000000000e+03,1.027674199175432156e-04,5.223591906756065337e-06,-4.540693796168445567e-12,-2.487421912880284611e-08,-2.487424717502878147e-08,2.804622593535821514e-14,2.804622641181424797e-14,-4.955367694194926839e-12,1.027674199175432156e-04,1.408223933114651849e-04,-2.399999999999957723e-03,1.400000000000030777e-04
3.000000000000000000e+00,3.395000000000000000e+03,1.026430487415245016e-04,5.099220670880921086e-06,-4.480837365917773180e-12,-2.487422168822436048e-08,-2.487424717502878147e-08,2.548680442098744392e-14,2.548680494376559106e-14,-4.821535115805977242e-12,1.026430487415245016e-04,1.406980227770440045e-04,-2.399999999999957723e-03,1.366666666666697537e-04
3.000000000000000000e+00,3.400000000000000000e+03,1.025186775655093384e-04,4.974849435005776835e-06,-4.420977384904985902e-12,-2.487422170019285000e-08,-2.487424717502878147e-08,2.547483593146952436e-14,2.547483618293243058e-14,-4.694131012989232188e-12,1.025186775655093926e-04,1.405736522425631930e-04,-2.399999999999957723e-03,1.333333333333363213e-04
3.000000000000000000e+00,3.405000000000000000e+03,1.023943063894890387e-04,4.850478199130632583e-06,-4.361122540299990774e-12,-2.487422097896058095e-08,-2.487424717502878147e-08,2.619606820052466116e-14,2.619606871006791849e-14,-4.564953750756731315e-12,1.023943063894890387e-04,1.404492817081674371e-04,-2.399999999999957723e-03,1.300000000000029973e-04
3.000000000000000000e+00,3.410000000000000000e+03,1.022699352134512292e-04,4.726106963255488332e-06,-4.301285205560081287e-12,-2.487422239998636444e-08,-2.487424717502878147e-08,2.477504241703397363e-14,2.477504283724172481e-14,-4.437525971888457207e-12,1.022699352134512157e-04,1.403249111740498061e-04,-2.399999999999957723e-03,1.266666666666696733e-04
3.000000000000000000e+00,3.415000000000000000e+03,1.021455640373866941e-04,4.601735727380344080e-06,-4.241474596403723568e-12,-2.487422653742070726e-08,-2.487424717502878147e-08,2.063760807421015464e-14,2.063760838523006496e-14,-4.323994343832277732e-12,1.021455640373867890e-04,1.402005406403592966e-04,-2.399999999999957723e-03,1.233333333333363222e-04
3.000000000000000000e+00,3.420000000000000000e+03,1.020211928612853775e-04,4.477364491505199829e-06,-4.181700768806067420e-12,-2.487423401083508340e-08,-2.487424717502878147e-08,1.316419369806585502e-14,1.316419436311906751e-14,-4.239489836961404901e-12,1.020211928612854588e-04,1.400761701072598400e-04,-2.399999999999957723e-03,1.200000000000029981e-04
3.000000000000000000e+00,3.425000000000000000e+03,1.018968216851733950e-04,4.352993255630055577e-06,-4.121937607047283098e-12,-2.487424053844390436e-08,-2.487424717502878147e-08,6.636584877108130746e-15,6.636585227832710469e-15,-4.189987887984025456e-12,1.018968216851734356e-04,1.399517995743295730e-04,-2.399999999999957723e-03,1.166666666666695793e-04
3.000000000000000000e+00,3.430000000000000000e+03,1.017724505090558559e-04,4.228622019754911326e-06,-4.062180001824632763e-12,-2.487424456149660544e-08,-2.487424717502878147e-08,2.613532176033082867e-15,2.613532348086650278e-15,-4.166862594044227054e-12,1.017724505090559101e-04,1.398274290414880210e-04,-2.399999999999957723e-03,1.133333333333362553e-04
3.000000000000000000e+00,3.435000000000000000e+03,1.016480793329174189e-04,4.104250783879767074e-06,-4.002443294598857088e-12,-2.487424712473484365e-08,-2.487424717502878147e-08,5.029393781942866960e-17,5.029443081907375120e-17,-4.160203027096962744e-12,1.016480793329173511e-04,1.397030585089813518e-04,-2.399999999999957723e-03,1.100000000000029177e-04
3.000000000000000000e+00,3.440000000000000000e+03,1.015237081567573656e-04,3.979879548004622823e-06,-3.942728203653895341e-12,-2.487424724709193918e-08,-2.487424717502878147e-08,-7.206315771117456864e-17,-7.206291617443570316e-17,-4.160257448310351149e-12,1.015237081567573927e-04,1.395786879768192964e-04,-2.399999999999957723e-03,1.066666666666695802e-04
3.000000000000000000e+00,3.445000000000000000e+03,1.013993369805756689e-04,3.855508312129478571e-06,-3.883034756094801837e-12,-2.487424381188339899e-08,-2.487424717502878147e-08,3.363145382481828465e-15,3.363145858937861295e-15,-4.152029740953442585e-12,1.013993369805756011e-04,1.394543174450051614e-04,-2.399999999999957723e-03,1.033333333333362561e-04
3.000000000000000000e+00,3.450000000000000000e+03,1.012749658043845126e-04,3.731137076254334320e-06,-3.823350768199663269e-12,-2.487423970326051460e-08,-2.487424717502878147e-08,7.471768266872984401e-15,7.471768607671396773e-15,-4.124942454786919440e-12,1.012749658043844719e-04,1.393299469133412426e-04,-2.399999999999957723e-03,1.000000000000028373e-04
3.000000000000000000e+00,3.455000000000000000e+03,1.011505946281968121e-04,3.606765840379190069e-06,-3.763663324410099903e-12,-2.487423771376858302e-08,-2.487424717502878147e-08,9.461260198451294266e-15,9.461260724538163850e-15,-4.082609881456395538e-12,1.011505946281968663e-04,1.392055763816204845e-04,-2.399999999999957723e-03,9.666666666666949971e-05
3.000000000000000000e+00,3.460000000000000000e+03,1.010262234520107515e-04,3.482394604504045817e-06,-3.703974240764750653e-12,-2.487423534426200658e-08,-2.487424717502878147e-08,1.183076677488717410e-14,1.183076730097404368e-14,-4.029379811392615020e-12,1.010262234520108057e-04,1.390812058498732177e-04,-2.399999999999957723e-03,9.333333333333617571e-05
3.000000000000000000e+00,3.465000000000000000e+03,1.009018522758333509e-04,3.358023368628901566e-06,-3.644276497054548675e-12,-2.487423286056291497e-08,-2.487424717502878147e-08,1.431446586649657092e-14,1.431446628008687719e-14,-3.964016727439962717e-12,1.009018522758333645e-04,1.389568353179864411e-04,-2.399999999999957723e-03,9.000000000000283815e-05
3.000000000000000000e+00,3.470000000000000000e+03,1.007774810996726200e-04,3.233652132753757314e-06,-3.584562083735944732e-12,-2.487423059104027307e-08,-2.487424717502878147e-08,1.658398850840243063e-14,1.658398863082516129e-14,-3.886770590162682621e-12,1.007774810996725929e-04,1.388324647858311077e-04,-2.399999999999957723e-03,8.666666666666950059e-05
3.000000000000000000e+00,3.475000000000000000e+03,1.006531099235270273e-04,3.109280896878613063e-06,-3.524832532244507460e-12,-2.487422867469417605e-08,-2.487424717502878147e-08,1.850033460541812997e-14,1.850033494290781989e-14,-3.799059781228350168e-12,1.006531099235270273e-04,1.387080942534321540e-04,-2.399999999999957723e-03,8.333333333333608171e-05
3.000000000000000000e+00,3.480000000000000000e+03,1.005287387473861372e-04,2.984909661003468811e-06,-3.465098278026147033e-12,-2.487422707773802153e-08,-2.487424717502878147e-08,2.009729075994498118e-14,2.009729116360912010e-14,-3.702565715962057818e-12,1.005287387473861643e-04,1.385837237209562491e-04,-2.399999999999957723e-03,8.000000000000275771e-05
3.000000000000000000e+00,3.485000000000000000e+03,1.004043675712666466e-04,2.860538425128324560e-06,-3.405342624367407173e-12,-2.487422644963653202e-08,-2.487424717502878147e-08,2.072539224944915273e-14,2.072539250091205895e-14,-3.600509006800754871e-12,1.004043675712666737e-04,1.384593531881376008e-04,-2.399999999999957723e-03,7.666666666666942015e-05
3.000000000000000000e+00,3.490000000000000000e+03,1.002799963951735564e-04,2.736167189253180308e-06,-3.345560570385767291e-12,-2.487422720703043092e-08,-2.487424717502878147e-08,1.996799835054816184e-14,1.996799885347397427e-14,-3.498775528414789788e-12,1.002799963951735970e-04,1.383349826548932134e-04,-2.399999999999957723e-03,7.333333333333609614e-05
3.000000000000000000e+00,3.495000000000000000e+03,1.001556252191125178e-04,2.611795953378036057e-06,-3.285746464677403306e-12,-2.487422981221139480e-08,-2.487424717502878147e-08,1.736281738667069189e-14,1.736281781680461042e-14,-3.405448486739093326e-12,1.001556252191125585e-04,1.382106121211354563e-04,-2.399999999999957723e-03,7.000000000000275858e-05
3.000000000000000000e+00,3.500000000000000000e+03,1.000312540430769580e-04,2.487424717502891805e-06,-3.225906880217985911e-12,-2.487423376813431613e-08,-2.487424717502878147e-08,1.340689446534165842e-14,1.340689485907962999e-14,-3.328524205049382725e-12,1.000312540430770258e-04,1.380862415869671660e-04,-2.399999999999957723e-03,6.666666666666933971e-05
3.000000000000000000e+00,3.505000000000000000e+03,9.990688286702674795e-05,2.363053481627747554e-06,-3.166081946040424228e-12,-2.487423580671333894e-08,-2.487424717502878147e-08,1.136831544253146740e-14,1.136831587597410838e-14,-3.266586178211748379e-12,9.990688286702681571e-05,1.379618710530326297e-04,-2.399999999999957723e-03,6.333333333333600215e-05
3.000000000000000000e+00,3.510000000000000000e+03,9.978251169098201309e-05,2.238682245752603303e-06,-3.106251536641891492e-12,-2.487423765211539405e-08,-2.487424717502878147e-08,9.522913387415162488e-15,9.522913493294280895e-15,-3.214358104788577406e-12,9.978251169098183691e-05,1.378375005190130378e-04,-2.399999999999957723e-03,6.000000000000267137e-05
3.000000000000000000e+00,3.515000000000000000e+03,9.965814051493658706e-05,2.114311009877459051e-06,-3.046421818422243716e-12,-2.487423893989068245e-08,-2.487424717502878147e-08,8.235138099022140139e-15,8.235138575478172969e-15,-3.169962974616646271e-12,9.965814051493668193e-05,1.377131299849989753e-04,-2.399999999999957723e-03,5.666666666666934059e-05
3.000000000000000000e+00,3.520000000000000000e+03,9.953376933888434411e-05,1.989939774002314800e-06,-2.986598917123755442e-12,-2.487423924445232058e-08,-2.487424717502878147e-08,7.930576460891713601e-15,7.930576897643077029e-15,-3.129548685933843146e-12,9.953376933888433056e-05,1.375887594510969108e-04,-2.399999999999957723e-03,5.333333333333600980e-05
3.000000000000000000e+00,3.525000000000000000e+03,9.940939816282074414e-05,1.865568538127170548e-06,-2.926787372843023954e-12,-2.487423835985715796e-08,-2.487424717502878147e-08,8.815171623513765273e-15,8.815171937842398043e-15,-3.087684313845129458e-12,9.940939816282070348e-05,1.374643889173749324e-04,-2.399999999999957723e-03,5.000000000000259093e-05
3.000000000000000000e+00,3.530000000000000000e+03,9.928502698677020880e-05,1.741197302252026297e-06,-2.866962763926114016e-12,-2.487423844034998094e-08,-2.487424717502878147e-08,8.734678800528960808e-15,8.734679190958209933e-15,-3.043809686023127938e-12,9.928502698677023591e-05,1.373400183834435674e-04,-2.399999999999957723e-03,4.666666666666926015e-05
3.000000000000000000e+00,3.535000000000000000e+03,9.916065581071287010e-05,1.616826066376882045e-06,-2.807144958377836425e-12,-2.487423804994815120e-08,-2.487424717502878147e-08,9.125080630271044962e-15,9.125080964452012434e-15,-2.999160285634602383e-12,9.916065581071288365e-05,1.372156478496198637e-04,-2.399999999999957723e-03,4.333333333333592259e-05
3.000000000000000000e+00,3.540000000000000000e+03,9.903628463464550253e-05,1.492454830501737794e-06,-2.747337181699654324e-12,-2.487423711836558283e-08,-2.487424717502878147e-08,1.005666319863657523e-14,1.005666363207921621e-14,-2.951205924143274311e-12,9.903628463464550253e-05,1.370912773159586276e-04,-2.399999999999957723e-03,4.000000000000259180e-05
3.000000000000000000e+00,3.545000000000000000e+03,9.891191345856423006e-05,1.368083594626593542e-06,-2.687543309914334350e-12,-2.487423557853689045e-08,-2.487424717502878147e-08,1.159649189101524000e-14,1.159649217556537072e-14,-2.897073034624162844e-12,9.891191345856424361e-05,1.369669067825177286e-04,-2.399999999999957723e-03,3.666666666666926102e-05
3.000000000000000000e+00,3.550000000000000000e+03,9.878754228246539352e-05,1.243712358751449291e-06,-2.627767002204208641e-12,-2.487423336661725683e-08,-2.487424717502878147e-08,1.380841152463875653e-14,1.380841189852439341e-14,-2.833560774438938433e-12,9.878754228246540707e-05,1.368425362493588847e-04,-2.399999999999957723e-03,3.333333333333593024e-05
3.000000000000000000e+00,3.555000000000000000e+03,9.866317110637692466e-05,1.119341122876305039e-06,-2.567980326810808539e-12,-2.487423265193584133e-08,-2.487424717502878147e-08,1.452309294014150208e-14,1.452309330740969405e-14,-2.762732011424103215e-12,9.866317110637691111e-05,1.367181657160326130e-04,-2.399999999999957723e-03,3.000000000000251137e-05
3.000000000000000000e+00,3.560000000000000000e+03,9.853879993028155757e-05,9.949698870011607879e-07,-2.508200549653730876e-12,-2.487423233450611506e-08,-2.487424717502878147e-08,1.484052266641066899e-14,1.484052316271903652e-14,-2.689322970248781388e-12,9.853879993028154401e-05,1.365937951828168756e-04,-2.399999999999957723e-03,2.666666666666917719e-05
3.000000000000000000e+00,3.565000000000000000e+03,9.841442875417851974e-05,8.705986511260165365e-07,-2.448428443227023549e-12,-2.487423252640195535e-08,-2.487424717502878147e-08,1.464862682612333767e-14,1.464862723640492149e-14,-2.615600094250971493e-12,9.841442875417850619e-05,1.364694246497231652e-04,-2.399999999999957723e-03,2.333333333333584641e-05
3.000000000000000000e+00,3.570000000000000000e+03,9.829005757806732330e-05,7.462274152508722850e-07,-2.388664495421664175e-12,-2.487423335264283778e-08,-2.487424717502878147e-08,1.382238594368572943e-14,1.382238646315515412e-14,-2.544422560002071304e-12,9.829005757806735040e-05,1.363450541167607246e-04,-2.399999999999957723e-03,2.000000000000251224e-05
3.000000000000000000e+00,3.575000000000000000e+03,9.816568640194737192e-05,6.218561793757280336e-07,-2.328909302548847621e-12,-2.487423493825006107e-08,-2.487424717502878147e-08,1.223677872039799556e-14,1.223677886929050582e-14,-2.479274646670957154e-12,9.816568640194734481e-05,1.362206835839382545e-04,-2.399999999999957723e-03,1.666666666666917807e-05
3.000000000000000000e+00,3.580000000000000000e+03,9.804131522584876577e-05,4.974849435005837821e-07,-2.269132764445760259e-12,-2.487423557884873424e-08,-2.487424717502878147e-08,1.159618004723302996e-14,1.159618065603796080e-14,-2.419692247857635988e-12,9.804131522584883353e-05,1.360963130507717941e-04,-2.399999999999957723e-03,1.333333333333585915e-05
3.000000000000000000e+00,3.585000000000000000e+03,9.791694404976334623e-05,3.731137076254395306e-07,-2.209343039733750041e-12,-2.487423585983648922e-08,-2.487424717502878147e-08,1.131519229224547871e-14,1.131519272237939724e-14,-2.362413814411592593e-12,9.791694404976335978e-05,1.359719425173943209e-04,-2.399999999999957723e-03,1.000000000000252667e-05
3.000000000000000000e+00,3.590000000000000000e+03,9.779257287368993423e-05,2.487424717502952792e-07,-2.149541307482679547e-12,-2.487423593841358176e-08,-2.487424717502878147e-08,1.123661519970701236e-14,1.123661546440480837e-14,-2.306034293944632079e-12,9.779257287369004265e-05,1.358475719838234802e-04,-2.399999999999957723e-03,6.666666666669193347e-06
3.000000000000000000e+00,3.595000000000000000e+03,9.766820169763113185e-05,1.243712358751510277e-07,-2.089724965607334811e-12,-2.487423574841653788e-08,-2.487424717502878147e-08,1.142661224358950576e-14,1.142661255130069363e-14,-2.249376223905368324e-12,9.766820169763118606e-05,1.357232014500164732e-04,-2.399999999999957723e-03,3.333333333335860446e-06
3.000000000000000000e+00,3.600000000000000000e+03,9.754383052158978513e-05,6.776263578034402713e-21,-2.029891168077013058e-12,-2.487423522368260491e-08,-2.487424717502878147e-08,1.195134617656333963e-14,1.195134665301937246e-14,-2.190931325894568158e-12,9.754383052158983934e-05,1.355988309159308805e-04,-2.399999999999957723e-03,2.527546314606832212e-18
4.000000000000000000e+00,3.600000000000000455e+03,9.754383052158978513e-05,6.776263578034402713e-21,-2.029891168077013058e-12,-1.636898430658667223e-16,0.000000000000000000e+00,-1.636898430658667223e-16,-1.636894569489009112e-16,-2.190931325894568158e-12,9.754383052158983934e-05,1.355988309159308805e-04,0.000000000000000000e+00,2.527546314606832212e-18
4.000000000000000000e+00,3.605000000000000455e+03,9.754383052091039695e-05,6.776263578034402713e-21,-2.030570556263346788e-12,-1.304454993408659407e-16,0.000000000000000000e+00,-1.304454993408659407e-16,-1.304450717618399043e-16,-2.191666662216345089e-12,9.754383052091047826e-05,1.355988309268335091e-04,0.000000000000000000e+00,2.527546314606832212e-18
4.000000000000000000e+00,3.610000000000000455e+03,9.754383052027273699e-05,6.776263578034402713e-21,-2.031208216218566981e-12,-1.267679695737796931e-16,0.000000000000000000e+00,-1.267679695737796931e-16,-1.267676446230824735e-16,-2.192309694007307293e-12,9.754383052027270989e-05,1.355988309370649353e-04,0.000000000000000000e+00,2.527546314606832212e-18
4.000000000000000000e+00,3.615000000000000455e+03,9.754383051965093349e-05,6.776263578034402713e-21,-2.031830019717014574e-12,-1.301988562360605166e-16,0.000000000000000000e+00,-1.301988562360605166e-16,-1.301985474268313916e-16,-2.192952109487431906e-12,9.754383051965087928e-05,1.355988309470437694e-04,0.000000000000000000e+00,2.527546314606832212e-18
4.000000000000000000e+00,3.620000000000000455e+03,9.754383051892565645e-05,6.776263578034402713e-21,-2.032555296760298752e-12,-2.446482934816612254e-16,0.000000000000000000e+00,-2.446482934816612254e-16,-2.446480331185029915e-16,-2.193889225938795481e-12,9.754383051892558869e-05,1.355988309586808366e-04,0.000000000000000000e+00,2.527546314606832212e-18
4.000000000000000000e+00,3.625000000000000455e+03,9.754383051828281943e-05,6.776263578034402713e-21,-2.033198133780892564e-12,-3.753868613153409988e-17,0.000000000000000000e+00,-3.753868613153409988e-17,-3.753846480505316899e-17,-2.194594692183604188e-12,9.754383051828286009e-05,1.355988309689958547e-04,0.000000000000000000e+00,2.527546314606832212e-18
4.000000000000000000e+00,3.630000000000000455e+03,9.754383051758581296e-05,6.776263578034402713e-21,-2.033895140252529182e-12,-8.980559690401090992e-16,0.000000000000000000e+00,-8.980559690401090992e-16,-8.980556996115016119e-16,-2.196933677594645570e-12,9.754383051758585361e-05,1.355988309801802675e-04,0.000000000000000000e+00,2.527546314606832212e-18
4.000000000000000000e+00,3.635000000000000455e+03,9.754383051696452445e-05,6.776263578034402713e-21,-2.034516428754944845e-12,-1.682313686815757082e-15,0.000000000000000000e+00,-1.682313686815757082e-15,-1.682313257937082507e-15,-2.203384599988517293e-12,9.754383051696455156e-05,1.355988309901496420e-04,0.000000000000000000e+00,2.527546314606832212e-18
4.000000000000000000e+00,3.640000000000000455e+03,9.754383051630340507e-05,6.776263578034402713e-21,-2.035177548134672193e-12,-2.073930744441791001e-15,0.000000000000000000e+00,-2.073930744441791001e-15,-2.073930222464722256e-15,-2.212775208689521676e-12,9.754383051630335086e-05,1.355988310007585603e-04,0.000000000000000000e+00,2.527546314606832212e-18
4.000000000000000000e+00,3.645000000000000455e+03,9.754383051567734608e-05,6.776263578034402713e-21,-2.035803607126646791e-12,-2.419924053481410557e-15,0.000000000000000000e+00,-2.419924053481410557e-15,-2.419923728258117620e-15,-2.224009843566328788e-12,9.754383051567738674e-05,1.355988310108043981e-04,0.000000000000000000e+00,2.527546314606832212e-18
4.000000000000000000e+00,3.650000000000000455e+03,9.754383051502479190e-05,6.776263578034402713e-21,-2.036456161309211504e-12,-2.640698480389424315e-15,0.000000000000000000e+00,-2.640698480389424315e-15,-2.640698157106082339e-15,-2.236661398279739262e-12,9.754383051502475124e-05,1.355988310212758667e-04,0.000000000000000000e+00,2.527546314606832212e-18
4.000000000000000000e+00,3.655000000000000455e+03,9.754383051434143282e-05,6.776263578034402713e-21,-2.037139520386001962e-12,-7.547314573480258213e-16,0.000000000000000000e+00,-7.547314573480258213e-16,-7.547310035545463551e-16,-2.245149971181390946e-12,9.754383051434151414e-05,1.355988310322417856e-04,0.000000000000000000e+00,2.527546314606832212e-18
4.000000000000000000e+00,3.660000000000000455e+03,9.754383051364822106e-05,6.776263578034402713e-21,-2.037832732150034881e-12,-4.451498773507948167e-16,0.000000000000000000e+00,-4.451498773507948167e-16,-4.451494907815154650e-16,-2.248149672417231210e-12,9.754383051364822106e-05,1.355988310433638838e-04,0.000000000000000000e+00,2.527546314606832212e-18
4.000000000000000000e+00,3.665000000000000455e+03,9.754383051301037137e-05,6.776263578034402713e-21,-2.038470581840635260e-12,-6.204822309110591766e-17,0.000000000000000000e+00,-6.204822309110591766e-17,-6.204779998189868101e-17,-2.249417665644139545e-12,9.754383051301042558e-05,1.355988310535995926e-04,0.000000000000000000e+00,2.527546314606832212e-18
4.000000000000000000e+00,3.670000000000000455e+03,9.754383051245109923e-05,6.776263578034402713e-21,-2.039029853978784751e-12,-2.629605181483944025e-16,0.000000000000000000e+00,-2.629605181483944025e-16,-2.629600556179817285e-16,-2.250230185283139300e-12,9.754383051245112634e-05,1.355988310625736966e-04,0.000000000000000000e+00,2.527546314606832212e-18
4.000000000000000000e+00,3.675000000000000455e+03,9.754383051186975003e-05,6.776263578034402713e-21,-2.039611203183671478e-12,-4.608907109282919729e-17,0.000000000000000000e+00,-4.608907109282919729e-17,-4.608868544647265730e-17,-2.251002807135800380e-12,9.754383051186980424e-05,1.355988310719018740e-04,0.000000000000000000e+00,2.527546314606832212e-18
4.000000000000000000e+00,3.680000000000000455e+03,9.754383051121733137e-05,6.776263578034402713e-21,-2.040263621840964631e-12,-1.894449342418394675e-16,0.000000000000000000e+00,-1.894449342418394675e-16,-1.894447371478681831e-16,-2.251591640692286114e-12,9.754383051121742624e-05,1.355988310823709572e-04,0.000000000000000000e+00,2.527546314606832212e-18
4.000000000000000000e+00,3.685000000000000455e+03,9.754383051056083340e-05,6.776263578034402713e-21,-2.040920119808931760e-12,-1.508863832814903638e-16,0.000000000000000000e+00,-1.508863832814903638e-16,-1.508859980097214418e-16,-2.252442467530180070e-12,9.754383051056077919e-05,1.355988310929061498e-04,0.000000000000000000e+00,2.527546314606832212e-18
4.000000000000000000e+00,3.690000000000000455e+03,9.754383050990224834e-05,6.776263578034402713e-21,-2.041578704866080923e-12,-1.505902199063112377e-16,0.000000000000000000e+00,-1.505902199063112377e-16,-1.505896961620460796e-16,-2.253196156765609519e-12,9.754383050990228900e-05,1.355988311034732178e-04,0.000000000000000000e+00,2.527546314606832212e-18
4.000000000000000000e+00,3.695000000000000455e+03,9.754383050913297980e-05,6.776263578034402713e-21,-2.042347973412513701e-12,1.675714571075760282e-16,0.000000000000000000e+00,1.675714571075760282e-16,1.675717029215780096e-16,-2.253153701748710769e-12,9.754383050913314243e-05,1.355988311158166156e-04,0.000000000000000000e+00,2.527546314606832212e-18
4.000000000000000000e+00,3.700000000000000455e+03,9.754383050847446250e-05,6.776263578034402713e-21,-2.043006490707027084e-12,-7.331605746745183183e-16,0.000000000000000000e+00,-7.331605746745183183e-16,-7.331599728752481860e-16,-2.254567672423594951e-12,9.754383050847446250e-05,1.355988311263842529e-04,0.000000000000000000e+00,2.527546314606832212e-18
4.000000000000000000e+00,3.705000000000000455e+03,9.754383050814303545e-05,6.776263578034402713e-21,-2.043337917758628747e-12,2.397421991956079075e-15,0.000000000000000000e+00,2.397421991956079075e-15,2.397422558719217018e-15,-2.250407015958985173e-12,9.754383050814308966e-05,1.355988311317015869e-04,0.000000000000000000e+00,2.527546314606832212e-18
4.000000000000000000e+00,3.710000000000000455e+03,9.754383050787735171e-05,6.776263578034402713e-21,-2.043603601500996320e-12,2.693286877519286267e-15,0.000000000000000000e+00,2.693286877519286267e-15,2.693287318526235184e-15,-2.237680241265871357e-12,9.754383050787737881e-05,1.355988311359662148e-04,0.000000000000000000e+00,2.527546314606832212e-18
4.000000000000000000e+00,3.715000000000000455e+03,9.754383050716348589e-05,6.776263578034402713e-21,-2.044317467316415088e-12,5.677966486617966423e-15,0.000000000000000000e+00,5.677966486617966423e-15,5.677966903295083055e-15,-2.216752105711318038e-12,9.754383050716335037e-05,1.355988311474210276e-04,0.000000000000000000e+00,2.527546314606832212e-18
4.000000000000000000e+00,3.720000000000000455e+03,9.754383050582281570e-05,6.776263578034402713e-21,-2.045658137512802038e-12,1.228273840628100990e-14,0.000000000000000000e+00,1.228273840628100990e-14,1.228273882602005621e-14,-2.171850341388030469e-12,9.754383050582284280e-05,1.355988311689321408e-04,0.000000000000000000e+00,2.527546314606832212e-18
4.000000000000000000e+00,3.725000000000000455e+03,9.754383050464810975e-05,6.776263578034402713e-21,-2.046832843461635770e-12,-2.461211948580684670e-15,0.000000000000000000e+00,-2.461211948580684670e-15,-2.461211383014949623e-15,-2.147296522780517666e-12,9.754383050464815041e-05,1.355988311877823779e-04,0.000000000000000000e+00,2.527546314606832212e-18
4.000000000000000000e+00,3.730000000000000455e+03,9.754383050397014458e-05,6.776263578034402713e-21,-2.047510808632618112e-12,-7.501623602678615807e-15,0.000000000000000000e+00,-7.501623602678615807e-15,-7.501623101717777004e-15,-2.172203608992349133e-12,9.754383050397017168e-05,1.355988311986612354e-04,0.000000000000000000e+00,2.527546314606832212e-18
4.000000000000000000e+00,3.735000000000000455e+03,9.754383050357245922e-05,6.776263578034402713e-21,-2.047908493989485795e-12,5.843035182050381688e-15,0.000000000000000000e+00,5.843035182050381688e-15,5.843035723358234875e-15,-2.176350077438248297e-12,9.754383050357245922e-05,1.355988312050428494e-04,0.000000000000000000e+00,2.527546314606832212e-18
4.000000000000000000e+00,3.740000000000000455e+03,9.754383050313494299e-05,6.776263578034402713e-21,-2.048346010223665165e-12,7.659224142589997479e-15,0.000000000000000000e+00,7.659224142589997479e-15,7.659224609075841365e-15,-2.142594426607162848e-12,9.754383050313497009e-05,1.355988312120640885e-04,0.000000000000000000e+00,2.527546314606832212e-18
4.000000000000000000e+00,3.745000000000000455e+03,9.754383050242414004e-05,6.776263578034402713e-21,-2.049056813167946661e-12,-1.621698108501576311e-15,0.000000000000000000e+00,-1.621698108501576311e-15,-1.621697659249402528e-15,-2.127500609232596920e-12,9.754383050242411294e-05,1.355988312234694616e-04,0.000000000000000000e+00,2.527546314606832212e-18
4.000000000000000000e+00,3.750000000000000455e+03,9.754383050167712474e-05,6.776263578034402713e-21,-2.049803828464789174e-12,3.866306912575567027e-15,0.000000000000000000e+00,3.866306912575567027e-15,3.866307464355166922e-15,-2.121889084719832468e-12,9.754383050167716540e-05,1.355988312354564551e-04,0.000000000000000000e+00,2.527546314606832212e-18
4.000000000000000000e+00,3.755000000000000455e+03,9.754383050116112583e-05,6.776263578034402713e-21,-2.050319827383729337e-12,5.016428000633981982e-15,0.000000000000000000e+00,5.016428000633981982e-15,5.016428322500281676e-15,-2.099682245252694023e-12,9.754383050116108517e-05,1.355988312437362631e-04,0.000000000000000000e+00,2.527546314606832212e-18
4.000000000000000000e+00,3.760000000000000455e+03,9.754383050086425772e-05,6.776263578034402713e-21,-2.050616695491083025e-12,1.977918930130681314e-15,0.000000000000000000e+00,1.977918930130681314e-15,1.977919415487060579e-15,-2.082196375907725387e-12,9.754383050086428482e-05,1.355988312485002204e-04,0.000000000000000000e+00,2.527546314606832212e-18
4.000000000000000000e+00,3.765000000000000455e+03,9.754383050047618110e-05,6.776263578034402713e-21,-2.051004772106197055e-12,6.933968541532037700e-15,0.000000000000000000e+00,6.933968541532037700e-15,6.933968995329295317e-15,-2.059916654880684749e-12,9.754383050047611334e-05,1.355988312547272271e-04,0.000000000000000000e+00,2.527546314606832212e-18
4.000000000000000000e+00,3.770000000000000455e+03,9.754383049984254625e-05,6.776263578034402713e-21,-2.051638406960851896e-12,-8.011771435305906218e-16,0.000000000000000000e+00,-8.011771435305906218e-16,-8.011765124463879985e-16,-2.044584673673477382e-12,9.754383049984260046e-05,1.355988312648940890e-04,0.000000000000000000e+00,2.527546314606832212e-18
4.000000000000000000e+00,3.775000000000000455e+03,9.754383049913755734e-05,6.776263578034402713e-21,-2.052343395870983439e-12,-3.685992120571130739e-15,0.000000000000000000e+00,-3.685992120571130739e-15,-3.685991820006469679e-15,-2.055802594504609516e-12,9.754383049913761155e-05,1.355988312762063022e-04,0.000000000000000000e+00,2.527546314606832212e-18
4.000000000000000000e+00,3.780000000000000455e+03,9.754383049859084839e-05,6.776263578034402713e-21,-2.052890104816459255e-12,-9.503689302246160479e-15,0.000000000000000000e+00,-9.503689302246160479e-15,-9.503688975966117756e-15,-2.088776796494541125e-12,9.754383049859080774e-05,1.355988312849796661e-04,0.000000000000000000e+00,2.527546314606832212e-18
4.000000000000000000e+00,3.785000000000000455e+03,9.754383049814235461e-05,6.776263578034402713e-21,-2.053338598597635040e-12,1.159017724024906294e-14,0.000000000000000000e+00,1.159017724024906294e-14,1.159017771848163419e-14,-2.083560574638252257e-12,9.754383049814228685e-05,1.355988312921755160e-04,0.000000000000000000e+00,2.527546314606832212e-18
4.000000000000000000e+00,3.790000000000000455e+03,9.754383049764401464e-05,6.776263578034402713e-21,-2.053836938573690846e-12,4.851651506612295597e-15,0.000000000000000000e+00,4.851651506612295597e-15,4.851651693092775279e-15,-2.042456001109316123e-12,9.754383049764394687e-05,1.355988313001725370e-04,0.000000000000000000e+00,2.527546314606832212e-18
4.000000000000000000e+00,3.795000000000000455e+03,9.754383049705404602e-05,6.776263578034402713e-21,-2.054426907185848833e-12,-8.096887715120816543e-15,0.000000000000000000e+00,-8.096887715120816543e-15,-8.096887322331219859e-15,-2.050569090182412324e-12,9.754383049705412734e-05,1.355988313096393024e-04,0.000000000000000000e+00,2.527546314606832212e-18
4.000000000000000000e+00,3.800000000000000455e+03,9.754383049641297083e-05,6.776263578034402713e-21,-2.055067982377912356e-12,-2.606128218125804868e-16,0.000000000000000000e+00,-2.606128218125804868e-16,-2.606124097214895202e-16,-2.071462839512543923e-12,9.754383049641301149e-05,1.355988313199254537e-04,0.000000000000000000e+00,2.527546314606832212e-18
4.000000000000000000e+00,3.805000000000000455e+03,9.754383049575435867e-05,6.776263578034402713e-21,-2.055726594540115831e-12,2.750736662613400741e-15,0.000000000000000000e+00,2.750736662613400741e-15,2.750737119645012130e-15,-2.065237527737735161e-12,9.754383049575450775e-05,1.355988313304943107e-04,0.000000000000000000e+00,2.527546314606832212e-18
4.000000000000000000e+00,3.810000000000000455e+03,9.754383049507726086e-05,6.776263578034402713e-21,-2.056403692349360185e-12,-3.002193039850391961e-15,0.000000000000000000e+00,-3.002193039850391961e-15,-3.002192568129780309e-15,-2.065866166358947168e-12,9.754383049507727441e-05,1.355988313413591820e-04,0.000000000000000000e+00,2.527546314606832212e-18
4.000000000000000000e+00,3.815000000000000455e+03,9.754383049444324653e-05,6.776263578034402713e-21,-2.057037706674775396e-12,-2.367802972196480438e-15,0.000000000000000000e+00,-2.367802972196480438e-15,-2.367802750103875465e-15,-2.079291154654531146e-12,9.754383049444320588e-05,1.355988313515338502e-04,0.000000000000000000e+00,2.527546314606832212e-18
4.000000000000000000e+00,3.820000000000000455e+03,9.754383049386864649e-05,6.776263578034402713e-21,-2.057612306721138401e-12,-5.444634864274267881e-15,0.000000000000000000e+00,-5.444634864274267881e-15,-5.444634569536198153e-15,-2.098822247953631323e-12,9.754383049386868715e-05,1.355988313607527128e-04,0.000000000000000000e+00,2.527546314606832212e-18
4.000000000000000000e+00,3.825000000000000455e+03,9.754383049330833081e-05,6.776263578034402713e-21,-2.058172622403878910e-12,8.712020873105094330e-15,0.000000000000000000e+00,8.712020873105094330e-15,8.712021184333153488e-15,-2.090653781416639073e-12,9.754383049330829015e-05,1.355988313697443809e-04,0.000000000000000000e+00,2.527546314606832212e-18
4.000000000000000000e+00,3.830000000000000455e+03,9.754383049271727799e-05,6.776263578034402713e-21,-2.058763675218209382e-12,2.494866707472983537e-15,0.000000000000000000e+00,2.494866707472983537e-15,2.494867223924977393e-15,-2.062636560395993631e-12,9.754383049271729154e-05,1.355988313792290086e-04,0.000000000000000000e+00,2.527546314606832212e-18
4.000000000000000000e+00,3.835000000000000455e+03,9.754383049212081772e-05,6.776263578034402713e-21,-2.059360135490875127e-12,-3.821637117571221950e-15,0.000000000000000000e+00,-3.821637117571221950e-15,-3.821636721051591139e-15,-2.065953484138810237e-12,9.754383049212084482e-05,1.355988313887989088e-04,0.000000000000000000e+00,2.527546314606832212e-18
4.000000000000000000e+00,3.840000000000000455e+03,9.754383049151638856e-05,6.776263578034402713e-21,-2.059964564649508639e-12,-8.289781776198522737e-16,0.000000000000000000e+00,-8.289781776198522737e-16,-8.289779265093591160e-16,-2.077580020757712678e-12,9.754383049151630724e-05,1.355988313984986423e-04,0.000000000000000000e+00,2.527546314606832212e-18
4.000000000000000000e+00,3.845000000000000455e+03,9.754383049089863727e-05,6.776263578034402713e-21,-2.060582315942336568e-12,-5.192353427616621082e-15,0.000000000000000000e+00,-5.192353427616621082e-15,-5.192353023178040051e-15,-2.092633348131930984e-12,9.754383049089865082e-05,1.355988314084114214e-04,0.000000000000000000e+00,2.527546314606832212e-18
4.000000000000000000e+00,3.850000000000000455e+03,9.754383049028743184e-05,6.776263578034402713e-21,-2.061193521364548115e-12,9.859009923781789766e-15,0.000000000000000000e+00,9.859009923781789766e-15,9.859010408617279836e-15,-2.080966704668333011e-12,9.754383049028735053e-05,1.355988314182184095e-04,0.000000000000000000e+00,2.527546314606832212e-18
4.000000000000000000e+00,3.855000000000000455e+03,9.754383048964149130e-05,6.776263578034402713e-21,-2.061839461913860666e-12,1.910595670635091321e-15,0.000000000000000000e+00,1.910595670635091321e-15,1.910595980930265661e-15,-2.051542688694464049e-12,9.754383048964151840e-05,1.355988314285841141e-04,0.000000000000000000e+00,2.527546314606832212e-18
4.000000000000000000e+00,3.860000000000000455e+03,9.754383048897168475e-05,6.776263578034402713e-21,-2.062509268463495055e-12,-4.200620298955918092e-15,0.000000000000000000e+00,-4.200620298955918092e-15,-4.200619913713895636e-15,-2.057267748526423067e-12,9.754383048897171185e-05,1.355988314393309158e-04,0.000000000000000000e+00,2.527546314606832212e-18
4.000000000000000000e+00,3.865000000000000455e+03,9.754383048828388044e-05,6.776263578034402713e-21,-2.063197072769192703e-12,-3.722413325173810382e-16,0.000000000000000000e+00,-3.722413325173810382e-16,-3.722409599703084931e-16,-2.068699900710633573e-12,9.754383048828382623e-05,1.355988314503688800e-04,0.000000000000000000e+00,2.527546314606832212e-18
4.000000000000000000e+00,3.870000000000000455e+03,9.754383048756495953e-05,6.776263578034402713e-21,-2.063915993677240684e-12,-8.578293569634955557e-15,0.000000000000000000e+00,-8.578293569634955557e-15,-8.578293122291056617e-15,-2.091076235916287048e-12,9.754383048756509506e-05,1.355988314619032461e-04,0.000000000000000000e+00,2.527546314606832212e-18
4.000000000000000000e+00,3.875000000000000455e+03,9.754383048684273181e-05,6.776263578034402713e-21,-2.064638221401914747e-12,-2.148542037459203298e-15,0.000000000000000000e+00,-2.148542037459203298e-15,-2.148541591440622628e-15,-2.117893322700616295e-12,9.754383048684279957e-05,1.355988314734928523e-04,0.000000000000000000e+00,2.527546314606832212e-18
4.000000000000000000e+00,3.880000000000000455e+03,9.754383048619256287e-05,6.776263578034402713e-21,-2.065288390339699992e-12,-1.586113759516224270e-14,0.000000000000000000e+00,-1.586113759516224270e-14,-1.586113716726251079e-14,-2.162917519597374056e-12,9.754383048619254932e-05,1.355988314839264009e-04,0.000000000000000000e+00,2.527546314606832212e-18
4.000000000000000000e+00,3.885000000000000455e+03,9.754383048557395777e-05,6.776263578034402713e-21,-2.065906995441738753e-12,2.249394426643036383e-15,0.000000000000000000e+00,2.249394426643036383e-15,2.249394927444961129e-15,-2.196946875196917915e-12,9.754383048557382224e-05,1.355988314938541962e-04,0.000000000000000000e+00,2.527546314606832212e-18
4.000000000000000000e+00,3.890000000000000455e+03,9.754383048490182018e-05,6.776263578034402713e-21,-2.066579133026043985e-12,6.412227783310889523e-15,0.000000000000000000e+00,6.412227783310889523e-15,6.412228129432082477e-15,-2.175292817554725555e-12,9.754383048490192860e-05,1.355988315046369663e-04,0.000000000000000000e+00,2.527546314606832212e-18
4.000000000000000000e+00,3.895000000000000455e+03,9.754383048423841043e-05,6.776263578034402713e-21,-2.067242542782860709e-12,9.879175924107353865e-15,0.000000000000000000e+00,9.879175924107353865e-15,9.879176397959401024e-15,-2.134564306236246917e-12,9.754383048423854595e-05,1.355988315152826932e-04,0.000000000000000000e+00,2.527546314606832212e-18
4.000000000000000000e+00,3.900000000000000455e+03,9.754383048359204975e-05,6.776263578034402713e-21,-2.067888903460515099e-12,-1.379424493205442867e-14,0.000000000000000000e+00,-1.379424493205442867e-14,-1.379424446539045841e-14,-2.144351976404824276e-12,9.754383048359209041e-05,1.355988315256540086e-04,0.000000000000000000e+00,2.527546314606832212e-18
4.000000000000000000e+00,3.905000000000000455e+03,9.754383048289883798e-05,6.776263578034402713e-21,-2.068582115224548018e-12,-6.048180360289041725e-16,0.000000000000000000e+00,-6.048180360289041725e-16,-6.048176932820998309e-16,-2.180349631801505794e-12,9.754383048289882443e-05,1.355988315367778686e-04,0.000000000000000000e+00,2.527546314606832212e-18
4.000000000000000000e+00,3.910000000000000455e+03,9.754383048223171484e-05,6.776263578034402713e-21,-2.069249238373805505e-12,5.140643201621120267e-15,0.000000000000000000e+00,5.140643201621120267e-15,5.140643744552151007e-15,-2.169010066673330461e-12,9.754383048223161997e-05,1.355988315474835519e-04,0.000000000000000000e+00,2.527546314606832212e-18
4.000000000000000000e+00,3.915000000000000455e+03,9.754383048163766691e-05,6.776263578034402713e-21,-2.069843286296637469e-12,8.927718633322770186e-16,0.000000000000000000e+00,8.927718633322770186e-16,8.927721141012313683e-16,-2.153926527026697014e-12,9.754383048163765336e-05,1.355988315570151798e-04,0.000000000000000000e+00,2.527546314606832212e-18
4.000000000000000000e+00,3.920000000000000455e+03,9.754383048103377985e-05,6.776263578034402713e-21,-2.070447173354184739e-12,1.220897259716025338e-14,0.000000000000000000e+00,1.220897259716025338e-14,1.220897276997931406e-14,-2.121172164816495853e-12,9.754383048103375275e-05,1.355988315667053723e-04,0.000000000000000000e+00,2.527546314606832212e-18
4.000000000000000000e+00,3.925000000000000455e+03,9.754383048040921164e-05,6.776263578034402713e-21,-2.071071741568172170e-12,-1.104828265906106703e-15,0.000000000000000000e+00,-1.104828265906106703e-15,-1.104827819884285392e-15,-2.093411802441258275e-12,9.754383048040921164e-05,1.355988315767275203e-04,0.000000000000000000e+00,2.527546314606832212e-18
4.000000000000000000e+00,3.930000000000000455e+03,9.754383047975282209e-05,6.776263578034402713e-21,-2.071728131115922050e-12,-4.233319004588829238e-15,0.000000000000000000e+00,-4.233319004588829238e-15,-4.233318697275413436e-15,-2.106757168734157535e-12,9.754383047975276788e-05,1.355988315872605715e-04,0.000000000000000000e+00,2.527546314606832212e-18
4.000000000000000000e+00,3.935000000000000455e+03,9.754383047907949189e-05,6.776263578034402713e-21,-2.072401461322617017e-12,-2.234030908088170717e-15,0.000000000000000000e+00,-2.234030908088170717e-15,-2.234030551017683062e-15,-2.122925541854890215e-12,9.754383047907950544e-05,1.355988315980644293e-04,0.000000000000000000e+00,2.527546314606832212e-18
4.000000000000000000e+00,3.940000000000000455e+03,9.754383047836671027e-05,6.776263578034402713e-21,-2.073114242935863299e-12,-7.234518747469859689e-15,0.000000000000000000e+00,-7.234518747469859689e-15,-7.234518466250694143e-15,-2.146596914398061232e-12,9.754383047836671027e-05,1.355988316095018407e-04,0.000000000000000000e+00,2.527546314606832212e-18
4.000000000000000000e+00,3.945000000000000455e+03,9.754383047761381318e-05,6.776263578034402713e-21,-2.073867140029491546e-12,-4.255519151829069785e-15,0.000000000000000000e+00,-4.255519151829069785e-15,-4.255518749522578621e-15,-2.175322007437494319e-12,9.754383047761389449e-05,1.355988316215820213e-04,0.000000000000000000e+00,2.527546314606832212e-18
4.000000000000000000e+00,3.950000000000000455e+03,9.754383047688513445e-05,6.776263578034402713e-21,-2.074595818757091897e-12,-1.142469395981713016e-14,0.000000000000000000e+00,-1.142469395981713016e-14,-1.142469366217951619e-14,-2.214522538466749559e-12,9.754383047688514800e-05,1.355988316332757651e-04,0.000000000000000000e+00,2.527546314606832212e-18
4.000000000000000000e+00,3.955000000000000455e+03,9.754383047622787754e-05,6.776263578034402713e-21,-2.075253075666579766e-12,4.633326376606011699e-15,0.000000000000000000e+00,4.633326376606011699e-15,4.633326810783349604e-15,-2.231500955595239976e-12,9.754383047622785044e-05,1.355988316438227483e-04,0.000000000000000000e+00,2.527546314606832212e-18
4.000000000000000000e+00,3.960000000000000455e+03,9.754383047550695086e-05,6.776263578034402713e-21,-2.075974002348646846e-12,7.841983012973687632e-15,0.000000000000000000e+00,7.841983012973687632e-15,7.841983329056440977e-15,-2.200312680245640445e-12,9.754383047550707283e-05,1.355988316553906705e-04,0.000000000000000000e+00,2.527546314606832212e-18
4.000000000000000000e+00,3.965000000000000455e+03,9.754383047471934574e-05,6.776263578034402713e-21,-2.076761607464321785e-12,1.171815497857099188e-15,0.000000000000000000e+00,1.171815497857099188e-15,1.171815740869504929e-15,-2.177778182570825681e-12,9.754383047471922377e-05,1.355988316680298116e-04,0.000000000000000000e+00,2.527546314606832212e-18
4.000000000000000000e+00,3.970000000000000455e+03,9.754383047398177656e-05,6.776263578034402713e-21,-2.077499176649736518e-12,-9.475552436913970094e-15,0.000000000000000000e+00,-9.475552436913970094e-15,-9.475551981470678468e-15,-2.198537523172328508e-12,9.754383047398168169e-05,1.355988316798637698e-04,0.000000000000000000e+00,2.527546314606832212e-18
4.000000000000000000e+00,3.975000000000000455e+03,9.754383047327307426e-05,6.776263578034402713e-21,-2.078207878952308824e-12,2.521636257086169853e-15,0.000000000000000000e+00,2.521636257086169853e-15,2.521636582244315107e-15,-2.215922311670394628e-12,9.754383047327303360e-05,1.355988316912350449e-04,0.000000000000000000e+00,2.527546314606832212e-18
4.000000000000000000e+00,3.980000000000000455e+03,9.754383047258913242e-05,6.776263578034402713e-21,-2.078891820787766992e-12,1.505546856150170987e-15,0.000000000000000000e+00,1.505546856150170987e-15,1.505547164590138932e-15,-2.205854352303308269e-12,9.754383047258895624e-05,1.355988317022112366e-04,0.000000000000000000e+00,2.527546314606832212e-18
4.000000000000000000e+00,3.985000000000000455e+03,9.754383047194502146e-05,6.776263578034402713e-21,-2.079535931745913474e-12,6.119889965582715912e-15,0.000000000000000000e+00,6.119889965582715912e-15,6.119890433430992001e-15,-2.186790758308255633e-12,9.754383047194502146e-05,1.355988317125456891e-04,0.000000000000000000e+00,2.527546314606832212e-18
4.000000000000000000e+00,3.990000000000000455e+03,9.754383047129536752e-05,6.776263578034402713e-21,-2.080185585687666788e-12,6.101060432969765193e-15,0.000000000000000000e+00,6.101060432969765193e-15,6.101060845745388780e-15,-2.156238380110314534e-12,9.754383047129531331e-05,1.355988317229708893e-04,0.000000000000000000e+00,2.527546314606832212e-18
4.000000000000000000e+00,3.995000000000000455e+03,9.754383047065159538e-05,6.776263578034402713e-21,-2.080829357832634369e-12,1.002420306617827352e-14,0.000000000000000000e+00,1.002420306617827352e-14,1.002420353575358701e-14,-2.115925219156567065e-12,9.754383047065155472e-05,1.355988317333012218e-04,0.000000000000000000e+00,2.527546314606832212e-18
4.000000000000000000e+00,4.000000000000000455e+03,9.754383047000387945e-05,6.776263578034402713e-21,-2.081477073763004365e-12,5.308599737409690382e-15,0.000000000000000000e+00,5.308599737409690382e-15,5.308600149820317495e-15,-2.077593209942632269e-12,9.754383047000392010e-05,1.355988317436948717e-04,0.000000000000000000e+00,2.527546314606832212e-18
4.000000000000000000e+00,4.005000000000000455e+03,9.754383046932743216e-05,6.776263578034402713e-21,-2.082153521050945227e-12,1.150874430530859385e-14,0.000000000000000000e+00,1.150874430530859385e-14,1.150874473183052970e-14,-2.035549847738505229e-12,9.754383046932736440e-05,1.355988317545493618e-04,0.000000000000000000e+00,2.527546314606832212e-18
4.000000000000000000e+00,4.010000000000000455e+03,9.754383046863870628e-05,6.776263578034402713e-21,-2.082842246928489488e-12,4.529487886658291875e-15,0.000000000000000000e+00,4.529487886658291875e-15,4.529488254226888392e-15,-1.995454265273361688e-12,9.754383046863869273e-05,1.355988317656005532e-04,0.000000000000000000e+00,2.527546314606832212e-18
4.000000000000000000e+00,4.015000000000000455e+03,9.754383046793993798e-05,6.776263578034402713e-21,-2.083541015228656396e-12,1.344067617070334248e-14,0.000000000000000000e+00,1.344067617070334248e-14,1.344067664049534187e-14,-1.950528853036556110e-12,9.754383046793985667e-05,1.355988317768129655e-04,0.000000000000000000e+00,2.527546314606832212e-18
4.000000000000000000e+00,4.020000000000000455e+03,9.754383046735335750e-05,6.776263578034402713e-21,-2.084127595709025366e-12,4.277742315461277289e-15,0.000000000000000000e+00,4.277742315461277289e-15,4.277742741651398528e-15,-1.906232804581189217e-12,9.754383046735352013e-05,1.355988317862249245e-04,0.000000000000000000e+00,2.527546314606832212e-18
4.000000000000000000e+00,4.025000000000000455e+03,9.754383046676029891e-05,6.776263578034402713e-21,-2.084720654297374937e-12,1.446069453200868153e-14,0.000000000000000000e+00,1.446069453200868153e-14,1.446069499209981697e-14,-1.859386710246811243e-12,9.754383046676040733e-05,1.355988317957419157e-04,0.000000000000000000e+00,2.527546314606832212e-18
4.000000000000000000e+00,4.030000000000000455e+03,9.754383046613997264e-05,6.776263578034402713e-21,-2.085340980570362518e-12,3.639111978723476052e-15,0.000000000000000000e+00,3.639111978723476052e-15,3.639112431549183622e-15,-1.814137191687688865e-12,9.754383046613998619e-05,1.355988318056951356e-04,0.000000000000000000e+00,2.527546314606832212e-18
4.000000000000000000e+00,4.035000000000000455e+03,9.754383046551949729e-05,6.776263578034402713e-21,-2.085961455921148816e-12,-4.346549083285032724e-15,0.000000000000000000e+00,-4.346549083285032724e-15,-4.346548590669233949e-15,-1.815905782085489044e-12,9.754383046551956505e-05,1.355988318156510931e-04,0.000000000000000000e+00,2.527546314606832212e-18
4.000000000000000000e+00,4.040000000000000455e+03,9.754383046487619948e-05,6.776263578034402713e-21,-2.086604753727665934e-12,-2.009549859757928279e-15,0.000000000000000000e+00,-2.009549859757928279e-15,-2.009549505475546431e-15,-1.831796027325850995e-12,9.754383046487629435e-05,1.355988318259737820e-04,0.000000000000000000e+00,2.527546314606832212e-18
4.000000000000000000e+00,4.045000000000000455e+03,9.754383046422086703e-05,6.776263578034402713e-21,-2.087260086178297641e-12,-5.334894152887070223e-15,0.000000000000000000e+00,-5.334894152887070223e-15,-5.334893725922637040e-15,-1.850157135404346226e-12,9.754383046422097545e-05,1.355988318364895401e-04,0.000000000000000000e+00,2.527546314606832212e-18
4.000000000000000000e+00,4.050000000000000455e+03,9.754383046355702359e-05,6.776263578034402713e-21,-2.087923929615983359e-12,-1.452025006425325482e-15,0.000000000000000000e+00,-1.452025006425325482e-15,-1.452024886020262783e-15,-1.867124431934203734e-12,9.754383046355694228e-05,1.355988318471435883e-04,0.000000000000000000e+00,2.527546314606832212e-18
4.000000000000000000e+00,4.055000000000000455e+03,9.754383046286144014e-05,6.776263578034402713e-21,-2.088619513072268591e-12,-7.881375170757721774e-15,0.000000000000000000e+00,-7.881375170757721774e-15,-7.881374743205211720e-15,-1.890457931007267143e-12,9.754383046286135882e-05,1.355988318583038234e-04,0.000000000000000000e+00,2.527546314606832212e-18
4.000000000000000000e+00,4.060000000000000455e+03,9.754383046218300063e-05,6.776263578034402713e-21,-2.089297952581701395e-12,1.567367623793873032e-14,0.000000000000000000e+00,1.567367623793873032e-14,1.567367670607358695e-14,-1.870977176100096250e-12,9.754383046218295997e-05,1.355988318691912190e-04,0.000000000000000000e+00,2.527546314606832212e-18
4.000000000000000000e+00,4.065000000000000455e+03,9.754383046152894211e-05,6.776263578034402713e-21,-2.089952011094780432e-12,-2.154535652970605913e-16,0.000000000000000000e+00,-2.154535652970605913e-16,-2.154531278877899047e-16,-1.832331617154631590e-12,9.754383046152888790e-05,1.355988318796862960e-04,0.000000000000000000e+00,2.527546314606832212e-18
4.000000000000000000e+00,4.070000000000000455e+03,9.754383046080755465e-05,6.776263578034402713e-21,-2.090673398562770818e-12,-8.247871013390156037e-15,0.000000000000000000e+00,-8.247871013390156037e-15,-8.247870589597882438e-15,-1.853489926448345965e-12,9.754383046080750044e-05,1.355988318912617263e-04,0.000000000000000000e+00,2.527546314606832212e-18
4.000000000000000000e+00,4.075000000000000455e+03,9.754383046002654961e-05,6.776263578034402713e-21,-2.091454403597720751e-12,-1.319820798612313274e-14,0.000000000000000000e+00,-1.319820798612313274e-14,-1.319820759197145253e-14,-1.907105121902269142e-12,9.754383046002664448e-05,1.355988319037939921e-04,0.000000000000000000e+00,2.527546314606832212e-18
4.000000000000000000e+00,4.080000000000000455e+03,9.754383045922772300e-05,6.776263578034402713e-21,-2.092253230205880915e-12,2.468039690147482894e-17,0.000000000000000000e+00,2.468039690147482894e-17,2.468081965974678402e-17,-1.940038938833048484e-12,9.754383045922773656e-05,1.355988319166117554e-04,0.000000000000000000e+00,2.527546314606832212e-18
4.000000000000000000e+00,4.085000000000000455e+03,9.754383045852061990e-05,6.776263578034402713e-21,-2.092960333310248805e-12,-1.503264157586833881e-14,0.000000000000000000e+00,-1.503264157586833881e-14,-1.503264122161265359e-14,-1.977558839837930724e-12,9.754383045852064700e-05,1.355988319279574704e-04,0.000000000000000000e+00,2.527546314606832212e-18
4.000000000000000000e+00,4.090000000000000455e+03,9.754383045792062242e-05,6.776263578034402713e-21,-2.093560330792502283e-12,-5.849616353424050413e-15,0.000000000000000000e+00,-5.849616353424050413e-15,-5.849615987699768883e-15,-2.029764482861211708e-12,9.754383045792069018e-05,1.355988319375858904e-04,0.000000000000000000e+00,2.527546314606832212e-18
4.000000000000000000e+00,4.095000000000000455e+03,9.754383045731494643e-05,6.776263578034402713e-21,-2.094166006783634154e-12,-1.629655260226151871e-14,0.000000000000000000e+00,-1.629655260226151871e-14,-1.629655206824639193e-14,-2.085129903001077466e-12,9.754383045731493287e-05,1.355988319473045703e-04,0.000000000000000000e+00,2.527546314606832212e-18
4.000000000000000000e+00,4.100000000000000000e+03,9.754383045674518463e-05,6.776263578034402713e-21,-2.094735768577802443e-12,5.253340275664465069e-16,0.000000000000000000e+00,5.253340275664465069e-16,5.253342930749959955e-16,-2.124557947439002390e-12,9.754383045674511687e-05,1.355988319564479995e-04,0.000000000000000000e+00,2.527546314606832212e-18
4.000000000000000000e+00,4.105000000000000000e+03,9.754383045621567384e-05,6.776263578034402713e-21,-2.095265279366317207e-12,5.201620343720701353e-15,0.000000000000000000e+00,5.201620343720701353e-15,5.201620653019143628e-15,-2.110240560073767005e-12,9.754383045621570095e-05,1.355988319649437264e-04,0.000000000000000000e+00,2.527546314606832212e-18
4.000000000000000000e+00,4.110000000000000000e+03,9.754383045563067901e-05,6.776263578034402713e-21,-2.095850274201008917e-12,2.419036269337559813e-15,0.000000000000000000e+00,2.419036269337559813e-15,2.419036643830427497e-15,-2.091188916831643032e-12,9.754383045563073322e-05,1.355988319743301525e-04,0.000000000000000000e+00,2.527546314606832212e-18
4.000000000000000000e+00,4.115000000000000000e+03,9.754383045494326773e-05,6.776263578034402713e-21,-2.096537685483419039e-12,4.513736474567138315e-15,0.000000000000000000e+00,4.513736474567138315e-15,4.513736855423281099e-15,-2.073856983083508719e-12,9.754383045494311865e-05,1.355988319853618012e-04,0.000000000000000000e+00,2.527546314606832212e-18
4.000000000000000000e+00,4.120000000000000000e+03,9.754383045423662541e-05,6.776263578034402713e-21,-2.097244327801863623e-12,1.526270810578801743e-15,0.000000000000000000e+00,1.526270810578801743e-15,1.526271220569141870e-15,-2.058756962893527812e-12,9.754383045423672027e-05,1.355988319967001978e-04,0.000000000000000000e+00,2.527546314606832212e-18
4.000000000000000000e+00,4.125000000000000000e+03,9.754383045351584780e-05,6.776263578034402713e-21,-2.097965105406131986e-12,-5.776556550162693849e-15,0.000000000000000000e+00,-5.776556550162693849e-15,-5.776556241862399644e-15,-2.069382675446760878e-12,9.754383045351576649e-05,1.355988320082667105e-04,0.000000000000000000e+00,2.527546314606832212e-18
4.000000000000000000e+00,4.130000000000000000e+03,9.754383045278279161e-05,6.776263578034402713e-21,-2.098698161600003748e-12,-1.114999651761925957e-14,0.000000000000000000e+00,-1.114999651761925957e-14,-1.114999609092260365e-14,-2.111699056278723159e-12,9.754383045278283227e-05,1.355988320200282441e-04,0.000000000000000000e+00,2.527546314606832212e-18
4.000000000000000000e+00,4.135000000000000000e+03,9.754383045201891697e-05,6.776263578034402713e-21,-2.099462036240628410e-12,-2.068603188691750655e-15,0.000000000000000000e+00,-2.068603188691750655e-15,-2.068602744594657655e-15,-2.144745553367516473e-12,9.754383045201906605e-05,1.355988320322855563e-04,0.000000000000000000e+00,2.527546314606832212e-18
4.000000000000000000e+00,4.140000000000000000e+03,9.754383045130926599e-05,6.776263578034402713e-21,-2.100171687220101641e-12,1.151858547021954009e-14,0.000000000000000000e+00,1.151858547021954009e-14,1.151858581531489990e-14,-2.121120595690715858e-12,9.754383045130919823e-05,1.355988320436751272e-04,0.000000000000000000e+00,2.527546314606832212e-18
4.000000000000000000e+00,4.145000000000000000e+03,9.754383045065482801e-05,6.776263578034402713e-21,-2.100826125203941047e-12,1.073735455341221784e-14,0.000000000000000000e+00,1.073735455341221784e-14,1.073735478776028658e-14,-2.065480744183027864e-12,9.754383045065474669e-05,1.355988320541759776e-04,0.000000000000000000e+00,2.527546314606832212e-18
4.000000000000000000e+00,4.150000000000000000e+03,9.754383045003855394e-05,6.776263578034402713e-21,-2.101442399271308964e-12,-7.880629424332411994e-15,0.000000000000000000e+00,-7.880629424332411994e-15,-7.880629178793819621e-15,-2.058338930160611495e-12,9.754383045003858104e-05,1.355988320640639827e-04,0.000000000000000000e+00,2.527546314606832212e-18
4.000000000000000000e+00,4.155000000000000000e+03,9.754383044939723480e-05,6.776263578034402713e-21,-2.102083718408861296e-12,-2.028291743153723107e-14,0.000000000000000000e+00,-2.028291743153723107e-14,-2.028291694894943607e-14,-2.128747795479969825e-12,9.754383044939718059e-05,1.355988320743555008e-04,0.000000000000000000e+00,2.527546314606832212e-18
4.000000000000000000e+00,4.160000000000000000e+03,9.754383044873306610e-05,6.776263578034402713e-21,-2.102747887107198760e-12,-1.992394125667945948e-16,0.000000000000000000e+00,-1.992394125667945948e-16,-1.992389535908982188e-16,-2.179953185236320530e-12,9.754383044873314742e-05,1.355988320850118529e-04,0.000000000000000000e+00,2.527546314606832212e-18
4.000000000000000000e+00,4.165000000000000000e+03,9.754383044803333557e-05,6.776263578034402713e-21,-2.103447617636793748e-12,1.301414039534584571e-14,0.000000000000000000e+00,1.301414039534584571e-14,1.301414080415008239e-14,-2.147915930609922829e-12,9.754383044803334912e-05,1.355988320962402301e-04,0.000000000000000000e+00,2.527546314606832212e-18
4.000000000000000000e+00,4.170000000000000000e+03,9.754383044731686767e-05,6.776263578034402713e-21,-2.104164085537426482e-12,1.119947758119027273e-14,0.000000000000000000e+00,1.119947758119027273e-14,1.119947802190182361e-14,-2.087381883544792903e-12,9.754383044731690833e-05,1.355988321077369473e-04,0.000000000000000000e+00,2.527546314606832212e-18
4.000000000000000000e+00,4.175000000000000000e+03,9.754383044662803337e-05,6.776263578034402713e-21,-2.104852919835187991e-12,-6.535996042687057092e-15,0.000000000000000000e+00,-6.535996042687057092e-15,-6.535995800751672101e-15,-2.075723177991917708e-12,9.754383044662808758e-05,1.355988321187900361e-04,0.000000000000000000e+00,2.527546314606832212e-18
4.000000000000000000e+00,4.180000000000000000e+03,9.754383044599385642e-05,6.776263578034402713e-21,-2.105487096790929075e-12,-9.457877369151261640e-15,0.000000000000000000e+00,-9.457877369151261640e-15,-9.457876956948124667e-15,-2.115707859886167079e-12,9.754383044599372089e-05,1.355988321289675503e-04,0.000000000000000000e+00,2.527546314606832212e-18
4.000000000000000000e+00,4.185000000000000000e+03,9.754383044537805669e-05,6.776263578034402713e-21,-2.106102896519846529e-12,-2.307857548144465875e-15,0.000000000000000000e+00,-2.307857548144465875e-15,-2.307857307129780563e-15,-2.145122195546361950e-12,9.754383044537811090e-05,1.355988321388478576e-04,0.000000000000000000e+00,2.527546314606832212e-18
4.000000000000000000e+00,4.190000000000000000e+03,9.754383044474490973e-05,6.776263578034402713e-21,-2.106736043483523751e-12,8.048138713454893737e-15,0.000000000000000000e+00,8.048138713454893737e-15,8.048139127751946809e-15,-2.130771490994806451e-12,9.754383044474495038e-05,1.355988321490074282e-04,0.000000000000000000e+00,2.527546314606832212e-18
4.000000000000000000e+00,4.195000000000000000e+03,9.754383044403917543e-05,6.776263578034402713e-21,-2.107441777782648878e-12,4.086647201588888101e-15,0.000000000000000000e+00,4.086647201588888101e-15,4.086647347802335219e-15,-2.100434524805920683e-12,9.754383044403921608e-05,1.355988321603313236e-04,0.000000000000000000e+00,2.527546314606832212e-18
4.000000000000000000e+00,4.200000000000000000e+03,9.754383044328776911e-05,6.776263578034402713e-21,-2.108193184098289957e-12,-2.498566581998244741e-15,0.000000000000000000e+00,-2.498566581998244741e-15,-2.498566206839622629e-15,-2.096464321953513805e-12,9.754383044328779622e-05,1.355988321723893052e-04,0.000000000000000000e+00,2.527546314606832212e-18
4.000000000000000000e+00,4.205000000000000000e+03,9.754383044258409480e-05,6.776263578034402713e-21,-2.108896858413287362e-12,-3.067813578818586717e-15,0.000000000000000000e+00,-3.067813578818586717e-15,-3.067813278333163185e-15,-2.110380270666445904e-12,9.754383044258418966e-05,1.355988321836805119e-04,0.000000000000000000e+00,2.527546314606832212e-18
4.000000000000000000e+00,4.210000000000000000e+03,9.754383044198499178e-05,6.776263578034402713e-21,-2.109495961428748539e-12,7.473661170258399897e-15,0.000000000000000000e+00,7.473661170258399897e-15,7.473661516296625194e-15,-2.099365650071537070e-12,9.754383044198508665e-05,1.355988321932925062e-04,0.000000000000000000e+00,2.527546314606832212e-18
4.000000000000000000e+00,4.215000000000000000e+03,9.754383044137129269e-05,6.776263578034402713e-21,-2.110109660515956803e-12,1.241151391253850991e-14,0.000000000000000000e+00,1.241151391253850991e-14,1.241151421163666198e-14,-2.049652710751703901e-12,9.754383044137129269e-05,1.355988322031413717e-04,0.000000000000000000e+00,2.527546314606832212e-18
4.000000000000000000e+00,4.220000000000000000e+03,9.754383044075280956e-05,6.776263578034402713e-21,-2.110728143645251159e-12,6.340639984015741034e-16,0.000000000000000000e+00,6.340639984015741034e-16,6.340642722380548044e-16,-2.017038764542017065e-12,9.754383044075278246e-05,1.355988322130664023e-04,0.000000000000000000e+00,2.527546314606832212e-18
4.000000000000000000e+00,4.225000000000000000e+03,9.754383044014584608e-05,6.776263578034402713e-21,-2.111335107126462857e-12,-1.578527902889319124e-14,0.000000000000000000e+00,-1.578527902889319124e-14,-1.578527859328846238e-14,-2.054916800344643169e-12,9.754383044014576477e-05,1.355988322228051941e-04,0.000000000000000000e+00,2.527546314606832212e-18
4.000000000000000000e+00,4.230000000000000000e+03,9.754383043955956376e-05,6.776263578034402713e-21,-2.111921389451234393e-12,-1.422964508613549871e-14,0.000000000000000000e+00,-1.422964508613549871e-14,-1.422964466603589721e-14,-2.129954108492954327e-12,9.754383043955948244e-05,1.355988322322133313e-04,0.000000000000000000e+00,2.527546314606832212e-18
4.000000000000000000e+00,4.235000000000000000e+03,9.754383043888912024e-05,6.776263578034402713e-21,-2.112591832969645117e-12,1.119278362903236561e-14,0.000000000000000000e+00,1.119278362903236561e-14,1.119278393058479965e-14,-2.137546260331581747e-12,9.754383043888913379e-05,1.355988322429708124e-04,0.000000000000000000e+00,2.527546314606832212e-18
4.000000000000000000e+00,4.240000000000000000e+03,9.754383043822482957e-05,6.776263578034402713e-21,-2.113256123640726986e-12,6.360987439041417756e-15,0.000000000000000000e+00,6.360987439041417756e-15,6.360987616168996097e-15,-2.093661831464697226e-12,9.754383043822482957e-05,1.355988322536307153e-04,0.000000000000000000e+00,2.527546314606832212e-18
4.000000000000000000e+00,4.245000000000000000e+03,9.754383043758174860e-05,6.776263578034402713e-21,-2.113899204606809606e-12,-8.399990651542836142e-15,0.000000000000000000e+00,-8.399990651542836142e-15,-8.399990371922507057e-15,-2.098759338354081205e-12,9.754383043758180281e-05,1.355988322639491487e-04,0.000000000000000000e+00,2.527546314606832212e-18
4.000000000000000000e+00,4.250000000000000000e+03,9.754383043697944719e-05,6.776263578034402713e-21,-2.114501506018679616e-12,-1.392395728025012694e-14,0.000000000000000000e+00,-1.392395728025012694e-14,-1.392395678132210380e-14,-2.154569206237192759e-12,9.754383043697950140e-05,1.355988322736135913e-04,0.000000000000000000e+00,2.527546314606832212e-18
4.000000000000000000e+00,4.255000000000000000e+03,9.754383043640645989e-05,6.776263578034402713e-21,-2.115074493314311049e-12,1.763522186069813085e-16,0.000000000000000000e+00,1.763522186069813085e-16,1.763525955301234742e-16,-2.188938216701672746e-12,9.754383043640654121e-05,1.355988322828085202e-04,0.000000000000000000e+00,2.527546314606832212e-18
4.000000000000000000e+00,4.260000000000000000e+03,9.754383043580606939e-05,6.776263578034402713e-21,-2.115674883819852053e-12,8.233178420400367906e-15,0.000000000000000000e+00,8.233178420400367906e-15,8.233178918515899021e-15,-2.167914387916557642e-12,9.754383043580623202e-05,1.355988322924423341e-04,0.000000000000000000e+00,2.527546314606832212e-18
4.000000000000000000e+00,4.265000000000000000e+03,9.754383043520637006e-05,6.776263578034402713e-21,-2.116274583146508098e-12,6.177539720948377894e-15,0.000000000000000000e+00,6.177539720948377894e-15,6.177540198482184048e-15,-2.131887590124062409e-12,9.754383043520638362e-05,1.355988323020650350e-04,0.000000000000000000e+00,2.527546314606832212e-18
4.000000000000000000e+00,4.270000000000000000e+03,9.754383043462872070e-05,6.776263578034402713e-21,-2.116852232511481219e-12,-4.890354752649862085e-15,0.000000000000000000e+00,-4.890354752649862085e-15,-4.890354394995768032e-15,-2.128669625615346283e-12,9.754383043462865293e-05,1.355988323113351533e-04,0.000000000000000000e+00,2.527546314606832212e-18
4.000000000000000000e+00,4.275000000000000000e+03,9.754383043402551127e-05,6.776263578034402713e-21,-2.117455441942670685e-12,-5.883916001429158297e-15,0.000000000000000000e+00,-5.883916001429158297e-15,-5.883915710956114752e-15,-2.155605300880226047e-12,9.754383043402544350e-05,1.355988323210143953e-04,0.000000000000000000e+00,2.527546314606832212e-18
4.000000000000000000e+00,4.280000000000000000e+03,9.754383043337280801e-05,6.776263578034402713e-21,-2.118108145203034115e-12,-2.343475513837408144e-16,0.000000000000000000e+00,-2.343475513837408144e-16,-2.343471685641324084e-16,-2.170900958079026708e-12,9.754383043337279445e-05,1.355988323314874088e-04,0.000000000000000000e+00,2.527546314606832212e-18
4.000000000000000000e+00,4.285000000000000000e+03,9.754383043269680795e-05,6.776263578034402713e-21,-2.118784145257578827e-12,5.416605771516336841e-15,0.000000000000000000e+00,5.416605771516336841e-15,5.416606096554810318e-15,-2.157945310759049998e-12,9.754383043269678085e-05,1.355988323423349057e-04,0.000000000000000000e+00,2.527546314606832212e-18
4.000000000000000000e+00,4.290000000000000000e+03,9.754383043205406580e-05,6.776263578034402713e-21,-2.119426887410482546e-12,-5.987730067367679194e-16,0.000000000000000000e+00,-5.987730067367679194e-16,-5.987726990554582550e-16,-2.145900727265301547e-12,9.754383043205402514e-05,1.355988323526486228e-04,0.000000000000000000e+00,2.527546314606832212e-18
4.000000000000000000e+00,4.295000000000000000e+03,9.754383043129141089e-05,6.776263578034402713e-21,-2.120189542323663162e-12,-1.043046118559320848e-14,0.000000000000000000e+00,-1.043046118559320848e-14,-1.043046097414708764e-14,-2.173473811448307915e-12,9.754383043129145154e-05,1.355988323648865278e-04,0.000000000000000000e+00,2.527546314606832212e-18
4.000000000000000000e+00,4.300000000000000000e+03,9.754383043060813312e-05,6.776263578034402713e-21,-2.120872820085290683e-12,-9.732932909148319377e-15,0.000000000000000000e+00,-9.732932909148319377e-15,-9.732932436678375457e-15,-2.223882294975371468e-12,9.754383043060807891e-05,1.355988323758499801e-04,0.000000000000000000e+00,2.527546314606832212e-18
4.000000000000000000e+00,4.305000000000000000e+03,9.754383042996701727e-05,6.776263578034402713e-21,-2.121513935934935674e-12,6.012553315366569112e-15,0.000000000000000000e+00,6.012553315366569112e-15,6.012553640799340513e-15,-2.233183241965069079e-12,9.754383042996705793e-05,1.355988323861372427e-04,0.000000000000000000e+00,2.527546314606832212e-18
4.000000000000000000e+00,4.310000000000000000e+03,9.754383042913021648e-05,6.776263578034402713e-21,-2.122350736724187142e-12,1.761659627528399922e-14,0.000000000000000000e+00,1.761659627528399922e-14,1.761659671975509235e-14,-2.174110366063683223e-12,9.754383042913021648e-05,1.355988323995653035e-04,0.000000000000000000e+00,2.527546314606832212e-18
4.000000000000000000e+00,4.315000000000000000e+03,9.754383042850852141e-05,6.776263578034402713e-21,-2.122972431802417487e-12,1.517323743469392008e-15,0.000000000000000000e+00,1.517323743469392008e-15,1.517324104551808304e-15,-2.126275564002915649e-12,9.754383042850861627e-05,1.355988324095404784e-04,0.000000000000000000e+00,2.527546314606832212e-18
4.000000000000000000e+00,4.320000000000000000e+03,9.754383042791123443e-05,6.776263578034402713e-21,-2.123569718779239751e-12,-5.720490315560478510e-15,0.000000000000000000e+00,-5.720490315560478510e-15,-5.720489887654593479e-15,-2.136783478460672960e-12,9.754383042791122088e-05,1.355988324191251780e-04,0.000000000000000000e+00,2.527546314606832212e-18
4.000000000000000000e+00,4.325000000000000000e+03,9.754383042732370527e-05,6.776263578034402713e-21,-2.124157247936509646e-12,5.568976418369336823e-16,0.000000000000000000e+00,5.568976418369336823e-16,5.568982551102543118e-16,-2.149692457542033807e-12,9.754383042732373238e-05,1.355988324285525327e-04,0.000000000000000000e+00,2.527546314606832212e-18
4.000000000000000000e+00,4.330000000000000000e+03,9.754383042667395646e-05,6.776263578034402713e-21,-2.124806996745953053e-12,2.607472484839704344e-15,0.000000000000000000e+00,2.607472484839704344e-15,2.607472773318331999e-15,-2.141781529970962348e-12,9.754383042667394291e-05,1.355988324389788714e-04,0.000000000000000000e+00,2.527546314606832212e-18
4.000000000000000000e+00,4.335000000000000000e+03,9.754383042601145473e-05,6.776263578034402713e-21,-2.125469498483450320e-12,2.739051972723061313e-15,0.000000000000000000e+00,2.739051972723061313e-15,2.739052341796963787e-15,-2.128415217183173910e-12,9.754383042601138696e-05,1.355988324496108831e-04,0.000000000000000000e+00,2.527546314606832212e-18
4.000000000000000000e+00,4.340000000000000000e+03,9.754383042537269702e-05,6.776263578034402713e-21,-2.126108256193370155e-12,-5.829472761196458962e-16,0.000000000000000000e+00,-5.829472761196458962e-16,-5.829469537488880932e-16,-2.123024953713053832e-12,9.754383042537273767e-05,1.355988324598579489e-04,0.000000000000000000e+00,2.527546314606832212e-18
4.000000000000000000e+00,4.345000000000000000e+03,9.754383042471283802e-05,6.776263578034402713e-21,-2.126768115188071989e-12,-1.374797734573519893e-15,0.000000000000000000e+00,-1.374797734573519893e-15,-1.374797475185044519e-15,-2.127919314785388649e-12,9.754383042471286513e-05,1.355988324704473515e-04,0.000000000000000000e+00,2.527546314606832212e-18
4.000000000000000000e+00,4.350000000000000000e+03,9.754383042403328720e-05,6.776263578034402713e-21,-2.127447666004731591e-12,-6.204180438298512510e-16,0.000000000000000000e+00,-6.204180438298512510e-16,-6.204176991171749651e-16,-2.132907352721144044e-12,9.754383042403323299e-05,1.355988324813525822e-04,0.000000000000000000e+00,2.527546314606832212e-18
4.000000000000000000e+00,4.355000000000000000e+03,9.754383042332972131e-05,6.776263578034402713e-21,-2.128151231899511747e-12,1.998704493320123557e-16,0.000000000000000000e+00,1.998704493320123557e-16,1.998709361228033386e-16,-2.133958719628629989e-12,9.754383042332966710e-05,1.355988324926418102e-04,0.000000000000000000e+00,2.527546314606832212e-18
4.000000000000000000e+00,4.360000000000000000e+03,9.754383042263547955e-05,6.776263578034402713e-21,-2.128845473655608528e-12,3.861688357706005841e-16,0.000000000000000000e+00,3.861688357706005841e-16,3.861690193213367515e-16,-2.132493619740019884e-12,9.754383042263546600e-05,1.355988325037814997e-04,0.000000000000000000e+00,2.527546314606832212e-18
4.000000000000000000e+00,4.365000000000000000e+03,9.754383042195271679e-05,6.776263578034402713e-21,-2.129528236421204118e-12,-3.883506666968434242e-16,0.000000000000000000e+00,-3.883506666968434242e-16,-3.883503305740082571e-16,-2.132499073018151510e-12,9.754383042195278455e-05,1.355988325147374439e-04,0.000000000000000000e+00,2.527546314606832212e-18
4.000000000000000000e+00,4.370000000000000000e+03,9.754383042125230863e-05,6.776263578034402713e-21,-2.130228644577156910e-12,-1.460717925973381957e-15,0.000000000000000000e+00,-1.460717925973381957e-15,-1.460717433457151627e-15,-2.137121742428229280e-12,9.754383042125237639e-05,1.355988325259765547e-04,0.000000000000000000e+00,2.527546314606832212e-18
4.000000000000000000e+00,4.375000000000000000e+03,9.754383042050643175e-05,6.776263578034402713e-21,-2.130974521461718313e-12,-2.206615156460835536e-15,0.000000000000000000e+00,-2.206615156460835536e-15,-2.206614764433701710e-15,-2.146290072922956529e-12,9.754383042050636398e-05,1.355988325379457943e-04,0.000000000000000000e+00,2.527546314606832212e-18
4.000000000000000000e+00,4.380000000000000000e+03,9.754383041968692398e-05,6.776263578034402713e-21,-2.131794029226318637e-12,-1.959105320928288177e-15,0.000000000000000000e+00,-1.959105320928288177e-15,-1.959104988761860043e-15,-2.156704372305945436e-12,9.754383041968711372e-05,1.355988325510947543e-04,0.000000000000000000e+00,2.527546314606832212e-18
4.000000000000000000e+00,4.385000000000000000e+03,9.754383041886881213e-05,6.776263578034402713e-21,-2.132612141080621887e-12,-2.989405721164388059e-15,0.000000000000000000e+00,-2.989405721164388059e-15,-2.989405477369616499e-15,-2.169075648471273894e-12,9.754383041886879858e-05,1.355988325642224640e-04,0.000000000000000000e+00,2.527546314606832212e-18
4.000000000000000000e+00,4.390000000000000000e+03,9.754383041802431350e-05,6.776263578034402713e-21,-2.133456639705298002e-12,-4.579462361522800562e-15,0.000000000000000000e+00,-4.579462361522800562e-15,-4.579462123671758685e-15,-2.187997817473877328e-12,9.754383041802436771e-05,1.355988325777736359e-04,0.000000000000000000e+00,2.527546314606832212e-18
4.000000000000000000e+00,4.395000000000000000e+03,9.754383041716380934e-05,6.776263578034402713e-21,-2.134317143864545435e-12,-7.047941633809700007e-15,0.000000000000000000e+00,-7.047941633809700007e-15,-7.047941206985653300e-15,-2.217066325800520862e-12,9.754383041716380934e-05,1.355988325915820347e-04,0.000000000000000000e+00,2.527546314606832212e-18
4.000000000000000000e+00,4.400000000000000000e+03,9.754383041631864665e-05,6.776263578034402713e-21,-2.135162306563052198e-12,-6.643041630396227939e-15,0.000000000000000000e+00,-6.643041630396227939e-15,-6.643041293865500211e-15,-2.251293782052648886e-12,9.754383041631859244e-05,1.355988326051431813e-04,0.000000000000000000e+00,2.527546314606832212e-18
4.000000000000000000e+00,4.405000000000000000e+03,9.754383041551006222e-05,6.776263578034402713e-21,-2.135970890990764731e-12,-3.371889854483565185e-15,0.000000000000000000e+00,-3.371889854483565185e-15,-3.371889389923390722e-15,-2.276331108762121153e-12,9.754383041551006222e-05,1.355988326181191298e-04,0.000000000000000000e+00,2.527546314606832212e-18
4.000000000000000000e+00,4.410000000000000000e+03,9.754383041476972832e-05,6.776263578034402713e-21,-2.136711224891719302e-12,4.270161353702788158e-15,0.000000000000000000e+00,4.270161353702788158e-15,4.270161712401445278e-15,-2.274085427955926123e-12,9.754383041476976897e-05,1.355988326299975945e-04,0.000000000000000000e+00,2.527546314606832212e-18
4.000000000000000000e+00,4.415000000000000000e+03,9.754383041403865079e-05,6.776263578034402713e-21,-2.137442302416626277e-12,9.920050196716909913e-15,0.000000000000000000e+00,9.920050196716909913e-15,9.920050568556154824e-15,-2.238609897253531996e-12,9.754383041403873211e-05,1.355988326417275778e-04,0.000000000000000000e+00,2.527546314606832212e-18
4.000000000000000000e+00,4.420000000000000000e+03,9.754383041331466124e-05,6.776263578034402713e-21,-2.138166291969830629e-12,1.176473126504377028e-14,0.000000000000000000e+00,1.176473126504377028e-14,1.176473161569672775e-14,-2.184397941792899644e-12,9.754383041331460703e-05,1.355988326533461052e-04,0.000000000000000000e+00,2.527546314606832212e-18
4.000000000000000000e+00,4.425000000000000000e+03,9.754383041260177121e-05,6.776263578034402713e-21,-2.138879182003294160e-12,8.321137988025709653e-15,0.000000000000000000e+00,8.321137988025709653e-15,8.321138514508779893e-15,-2.134183266467385980e-12,9.754383041260183897e-05,1.355988326647847905e-04,0.000000000000000000e+00,2.527546314606832212e-18
4.000000000000000000e+00,4.430000000000000000e+03,9.754383041190587604e-05,6.776263578034402713e-21,-2.139575077167703981e-12,2.811634480181379511e-15,0.000000000000000000e+00,2.811634480181379511e-15,2.811634848314793730e-15,-2.106351333060327147e-12,9.754383041190582183e-05,1.355988326759527776e-04,0.000000000000000000e+00,2.527546314606832212e-18
4.000000000000000000e+00,4.435000000000000000e+03,9.754383041123120413e-05,6.776263578034402713e-21,-2.140249749074587399e-12,-1.166596495171204416e-15,0.000000000000000000e+00,-1.166596495171204416e-15,-1.166596226978663869e-15,-2.102238736506986855e-12,9.754383041123121769e-05,1.355988326867770726e-04,0.000000000000000000e+00,2.527546314606832212e-18
4.000000000000000000e+00,4.440000000000000000e+03,9.754383041056725228e-05,6.776263578034402713e-21,-2.140913700932490366e-12,-4.683058680935664228e-15,0.000000000000000000e+00,-4.683058680935664228e-15,-4.683058470011400908e-15,-2.116862873249462037e-12,9.754383041056733359e-05,1.355988326974320694e-04,0.000000000000000000e+00,2.527546314606832212e-18
4.000000000000000000e+00,4.445000000000000000e+03,9.754383040991303113e-05,6.776263578034402713e-21,-2.141567922075895275e-12,-7.101190204851182660e-15,0.000000000000000000e+00,-7.101190204851182660e-15,-7.101189837607644956e-15,-2.146323494018509657e-12,9.754383040991294982e-05,1.355988327079304533e-04,0.000000000000000000e+00,2.527546314606832212e-18
4.000000000000000000e+00,4.450000000000000000e+03,9.754383040927340606e-05,6.776263578034402713e-21,-2.142207547147553098e-12,-8.673391803262303493e-15,0.000000000000000000e+00,-8.673391803262303493e-15,-8.673391558324297749e-15,-2.185759947508339477e-12,9.754383040927339251e-05,1.355988327181929689e-04,0.000000000000000000e+00,2.527546314606832212e-18
4.000000000000000000e+00,4.455000000000000000e+03,9.754383040864338973e-05,6.776263578034402713e-21,-2.142837563477457269e-12,-7.635874694654685517e-15,0.000000000000000000e+00,-7.635874694654685517e-15,-7.635874438742335583e-15,-2.226533112501006091e-12,9.754383040864341684e-05,1.355988327283032626e-04,0.000000000000000000e+00,2.527546314606832212e-18
4.000000000000000000e+00,4.460000000000000000e+03,9.754383040802070532e-05,6.776263578034402713e-21,-2.143460247890170006e-12,-3.964132935598671521e-15,0.000000000000000000e+00,-3.964132935598671521e-15,-3.964132649181899475e-15,-2.255533130220816644e-12,9.754383040802073242e-05,1.355988327382945651e-04,0.000000000000000000e+00,2.527546314606832212e-18
4.000000000000000000e+00,4.465000000000000000e+03,9.754383040740074496e-05,6.776263578034402713e-21,-2.144080208244924374e-12,-3.485591136549326858e-15,0.000000000000000000e+00,-3.485591136549326858e-15,-3.485590888507279275e-15,-2.274157439065039664e-12,9.754383040740071786e-05,1.355988327482438819e-04,0.000000000000000000e+00,2.527546314606832212e-18
4.000000000000000000e+00,4.470000000000000000e+03,9.754383040678127250e-05,6.776263578034402713e-21,-2.144699680708701123e-12,-5.587812496561587158e-15,0.000000000000000000e+00,-5.587812496561587158e-15,-5.587812234225938881e-15,-2.296840946871872604e-12,9.754383040678121829e-05,1.355988327581826277e-04,0.000000000000000000e+00,2.527546314606832212e-18
4.000000000000000000e+00,4.475000000000000000e+03,9.754383040615925216e-05,6.776263578034402713e-21,-2.145321701047583213e-12,-1.218477318681149877e-14,0.000000000000000000e+00,-1.218477318681149877e-14,-1.218477291920122830e-14,-2.341272409755440535e-12,9.754383040615929282e-05,1.355988327681630068e-04,0.000000000000000000e+00,2.527546314606832212e-18
4.000000000000000000e+00,4.480000000000000000e+03,9.754383040553269173e-05,6.776263578034402713e-21,-2.145948261483062586e-12,-1.571595835660219009e-14,0.000000000000000000e+00,-1.571595835660219009e-14,-1.571595809779557892e-14,-2.411024237297932441e-12,9.754383040553271883e-05,1.355988327782168407e-04,0.000000000000000000e+00,2.527546314606832212e-18
4.000000000000000000e+00,4.485000000000000000e+03,9.754383040489827082e-05,6.776263578034402713e-21,-2.146582682384292479e-12,-1.600742714706344042e-14,0.000000000000000000e+00,-1.600742714706344042e-14,-1.600742667562118977e-14,-2.490332699231474385e-12,9.754383040489829793e-05,1.355988327883974178e-04,0.000000000000000000e+00,2.527546314606832212e-18
4.000000000000000000e+00,4.490000000000000000e+03,9.754383040425306211e-05,6.776263578034402713e-21,-2.147227891097138602e-12,-8.658258871867436311e-15,0.000000000000000000e+00,-8.658258871867436311e-15,-8.658258328690123985e-15,-2.551996911742252744e-12,9.754383040425311632e-05,1.355988327987510877e-04,0.000000000000000000e+00,2.527546314606832212e-18
4.000000000000000000e+00,4.495000000000000000e+03,9.754383040359946438e-05,6.776263578034402713e-21,-2.147881488824294333e-12,-2.873804346621280228e-15,0.000000000000000000e+00,-2.873804346621280228e-15,-2.873803923873243897e-15,-2.580827067373661272e-12,9.754383040359950504e-05,1.355988328092382230e-04,0.000000000000000000e+00,2.527546314606832212e-18
4.000000000000000000e+00,4.500000000000000000e+03,9.754383040293681357e-05,6.776263578034402713e-21,-2.148544139639590317e-12,1.186046429104367034e-15,0.000000000000000000e+00,1.186046429104367034e-15,1.186046737765996216e-15,-2.585046460338929009e-12,9.754383040293682712e-05,1.355988328198710208e-04,0.000000000000000000e+00,2.527546314606832212e-18
4.000000000000000000e+00,4.505000000000000000e+03,9.754383040226471664e-05,6.776263578034402713e-21,-2.149216236566314081e-12,4.114027669789424568e-15,0.000000000000000000e+00,4.114027669789424568e-15,4.114028064323728350e-15,-2.571796273333704713e-12,9.754383040226455401e-05,1.355988328306580463e-04,0.000000000000000000e+00,2.527546314606832212e-18
4.000000000000000000e+00,4.510000000000000000e+03,9.754383040158612806e-05,6.776263578034402713e-21,-2.149894825153545602e-12,6.132168773742498754e-15,0.000000000000000000e+00,6.132168773742498754e-15,6.132169199841597277e-15,-2.546180780173291761e-12,9.754383040158618227e-05,1.355988328415462551e-04,0.000000000000000000e+00,2.527546314606832212e-18
4.000000000000000000e+00,4.515000000000000000e+03,9.754383040090522199e-05,6.776263578034402713e-21,-2.150575731222920811e-12,7.261897729022550400e-15,0.000000000000000000e+00,7.261897729022550400e-15,7.261898192311219923e-15,-2.512695611692909494e-12,9.754383040090522199e-05,1.355988328524717875e-04,0.000000000000000000e+00,2.527546314606832212e-18
4.000000000000000000e+00,4.520000000000000000e+03,9.754383040022481736e-05,6.776263578034402713e-21,-2.151256135848791246e-12,6.262349704728561383e-15,0.000000000000000000e+00,6.262349704728561383e-15,6.262350118785673734e-15,-2.478884990915167516e-12,9.754383040022481736e-05,1.355988328633892697e-04,0.000000000000000000e+00,2.527546314606832212e-18
4.000000000000000000e+00,4.525000000000000000e+03,9.754383039955028098e-05,6.776263578034402713e-21,-2.151930672230403102e-12,4.023850879265408719e-15,0.000000000000000000e+00,4.023850879265408719e-15,4.023851192019425424e-15,-2.453169487638154353e-12,9.754383039955026743e-05,1.355988328742135918e-04,0.000000000000000000e+00,2.527546314606832212e-18
4.000000000000000000e+00,4.530000000000000000e+03,9.754383039888857884e-05,6.776263578034402713e-21,-2.152592374368798162e-12,3.438763896665045143e-15,0.000000000000000000e+00,3.438763896665045143e-15,3.438764306993561065e-15,-2.434512948890621935e-12,9.754383039888864660e-05,1.355988328848313463e-04,0.000000000000000000e+00,2.527546314606832212e-18
4.000000000000000000e+00,4.535000000000000000e+03,9.754383039824646010e-05,6.776263578034402713e-21,-2.153234493105452702e-12,4.493379231529113580e-15,0.000000000000000000e+00,4.493379231529113580e-15,4.493379746168454959e-15,-2.414682588757717060e-12,9.754383039824648721e-05,1.355988328951351972e-04,0.000000000000000000e+00,2.527546314606832212e-18
4.000000000000000000e+00,4.540000000000000000e+03,9.754383039762414161e-05,6.776263578034402713e-21,-2.153856811599932225e-12,7.077426205595755844e-15,0.000000000000000000e+00,7.077426205595755844e-15,7.077426653613853968e-15,-2.385755572758261371e-12,9.754383039762415516e-05,1.355988329051200216e-04,0.000000000000000000e+00,2.527546314606832212e-18
4.000000000000000000e+00,4.545000000000000000e+03,9.754383039698930058e-05,6.776263578034402713e-21,-2.154491652629503956e-12,4.655950816705099285e-15,0.000000000000000000e+00,4.655950816705099285e-15,4.655951414316168032e-15,-2.356422127588436135e-12,9.754383039698927347e-05,1.355988329153085133e-04,0.000000000000000000e+00,2.527546314606832212e-18
4.000000000000000000e+00,4.550000000000000000e+03,9.754383039634592146e-05,6.776263578034402713e-21,-2.155135031751184010e-12,-1.911053311201262356e-15,0.000000000000000000e+00,-1.911053311201262356e-15,-1.911052940385883564e-15,-2.349559881403610498e-12,9.754383039634594856e-05,1.355988329256310938e-04,0.000000000000000000e+00,2.527546314606832212e-18
4.000000000000000000e+00,4.555000000000000000e+03,9.754383039568436840e-05,6.776263578034402713e-21,-2.155796584811780353e-12,-1.428101965092356792e-14,0.000000000000000000e+00,-1.428101965092356792e-14,-1.428101935324881754e-14,-2.390040062137697131e-12,9.754383039568431419e-05,1.355988329362473304e-04,0.000000000000000000e+00,2.527546314606832212e-18
4.000000000000000000e+00,4.560000000000000000e+03,9.754383039503176000e-05,6.776263578034402713e-21,-2.156449193204453690e-12,-1.961608321517980196e-14,0.000000000000000000e+00,-1.961608321517980196e-14,-1.961608298416709551e-14,-2.474782817981237296e-12,9.754383039503181421e-05,1.355988329467185550e-04,0.000000000000000000e+00,2.527546314606832212e-18
4.000000000000000000e+00,4.565000000000000000e+03,9.754383039437576348e-05,6.776263578034402713e-21,-2.157105189728916045e-12,-1.949781734554354711e-14,0.000000000000000000e+00,-1.949781734554354711e-14,-1.949781699274008224e-14,-2.572567567923505025e-12,9.754383039437579059e-05,1.355988329572453449e-04,0.000000000000000000e+00,2.527546314606832212e-18
4.000000000000000000e+00,4.570000000000000000e+03,9.754383039371708356e-05,6.776263578034402713e-21,-2.157763869653755301e-12,-9.984667171080402902e-15,0.000000000000000000e+00,-9.984667171080402902e-15,-9.984666762980204072e-15,-2.646273777312805828e-12,9.754383039371709711e-05,1.355988329678140393e-04,0.000000000000000000e+00,2.527546314606832212e-18
4.000000000000000000e+00,4.575000000000000000e+03,9.754383039307083130e-05,6.776263578034402713e-21,-2.158410121911192442e-12,-1.754643571547321674e-15,0.000000000000000000e+00,-1.754643571547321674e-15,-1.754643236019516793e-15,-2.675622052310305187e-12,9.754383039307084485e-05,1.355988329781853004e-04,0.000000000000000000e+00,2.527546314606832212e-18
4.000000000000000000e+00,4.580000000000000000e+03,9.754383039244395915e-05,6.776263578034402713e-21,-2.159036994054796404e-12,4.818774396772440295e-15,0.000000000000000000e+00,4.818774396772440295e-15,4.818774876479999216e-15,-2.667961723209153630e-12,9.754383039244397271e-05,1.355988329882438235e-04,0.000000000000000000e+00,2.527546314606832212e-18
4.000000000000000000e+00,4.585000000000000000e+03,9.754383039184554732e-05,6.776263578034402713e-21,-2.159635405891372623e-12,8.805977082025483300e-15,0.000000000000000000e+00,8.805977082025483300e-15,8.805977361892814201e-15,-2.633899842613221624e-12,9.754383039184554732e-05,1.355988329978459516e-04,0.000000000000000000e+00,2.527546314606832212e-18
4.000000000000000000e+00,4.590000000000000000e+03,9.754383039123832634e-05,6.776263578034402713e-21,-2.160242626870600285e-12,1.042159035609935156e-14,0.000000000000000000e+00,1.042159035609935156e-14,1.042159090243996299e-14,-2.585830921952389780e-12,9.754383039123835344e-05,1.355988330075903812e-04,0.000000000000000000e+00,2.527546314606832212e-18
4.000000000000000000e+00,4.595000000000000000e+03,9.754383039060007007e-05,6.776263578034402713e-21,-2.160880883137015346e-12,9.753409710171469283e-15,0.000000000000000000e+00,9.753409710171469283e-15,9.753410100695886587e-15,-2.535393419444550116e-12,9.754383039060008362e-05,1.355988330178314297e-04,0.000000000000000000e+00,2.527546314606832212e-18
4.000000000000000000e+00,4.600000000000000000e+03,9.754383038993991292e-05,6.776263578034402713e-21,-2.161541040287314613e-12,4.749349629832109713e-15,0.000000000000000000e+00,4.749349629832109713e-15,4.749349945098143530e-15,-2.499136519330065253e-12,9.754383038993981805e-05,1.355988330284259010e-04,0.000000000000000000e+00,2.527546314606832212e-18
4.000000000000000000e+00,4.605000000000000000e+03,9.754383038927432121e-05,6.776263578034402713e-21,-2.162206632001003465e-12,-1.522357904533737188e-15,0.000000000000000000e+00,-1.522357904533737188e-15,-1.522357541490147995e-15,-2.491069038321045074e-12,9.754383038927438897e-05,1.355988330391049671e-04,0.000000000000000000e+00,2.527546314606832212e-18
4.000000000000000000e+00,4.610000000000000000e+03,9.754383038863526534e-05,6.776263578034402713e-21,-2.162845687866520733e-12,-3.372732377220157359e-15,0.000000000000000000e+00,-3.372732377220157359e-15,-3.372731907323788129e-15,-2.503306761943079965e-12,9.754383038863523824e-05,1.355988330493588091e-04,0.000000000000000000e+00,2.527546314606832212e-18
4.000000000000000000e+00,4.615000000000000000e+03,9.754383038801077844e-05,6.776263578034402713e-21,-2.163470174765345228e-12,-2.762650997583727579e-15,0.000000000000000000e+00,-2.762650997583727579e-15,-2.762650647919052692e-15,-2.518645218331187150e-12,9.754383038801076489e-05,1.355988330593802253e-04,0.000000000000000000e+00,2.527546314606832212e-18
4.000000000000000000e+00,4.620000000000000000e+03,9.754383038739454503e-05,6.776263578034402713e-21,-2.164086408175131676e-12,6.067720631486294608e-18,0.000000000000000000e+00,6.067720631486294608e-18,6.068075481695725029e-18,-2.525536674762280348e-12,9.754383038739468056e-05,1.355988330692674173e-04,0.000000000000000000e+00,2.527546314606832212e-18
4.000000000000000000e+00,4.625000000000000000e+03,9.754383038674520280e-05,6.776263578034402713e-21,-2.164735750408760401e-12,3.893932778596587500e-16,0.000000000000000000e+00,3.893932778596587500e-16,3.893936926767944066e-16,-2.524548020341884097e-12,9.754383038674531122e-05,1.355988330796874947e-04,0.000000000000000000e+00,2.527546314606832212e-18
4.000000000000000000e+00,4.630000000000000000e+03,9.754383038607595190e-05,6.776263578034402713e-21,-2.165405001304781391e-12,4.115672507657200179e-16,0.000000000000000000e+00,4.115672507657200179e-16,4.115678229397570668e-16,-2.522545616552842782e-12,9.754383038607591125e-05,1.355988330904268153e-04,0.000000000000000000e+00,2.527546314606832212e-18
4.000000000000000000e+00,4.635000000000000000e+03,9.754383038538272659e-05,6.776263578034402713e-21,-2.166098226621341466e-12,-1.420007351538254170e-16,0.000000000000000000e+00,-1.420007351538254170e-16,-1.420001075424713051e-16,-2.521871697264349539e-12,9.754383038538271304e-05,1.355988331015508652e-04,0.000000000000000000e+00,2.527546314606832212e-18
4.000000000000000000e+00,4.640000000000000000e+03,9.754383038469868988e-05,6.776263578034402713e-21,-2.166782263324489727e-12,-1.464336798145469591e-16,0.000000000000000000e+00,-1.464336798145469591e-16,-1.464333277656597443e-16,-2.522592780852619938e-12,9.754383038469863567e-05,1.355988331125264606e-04,0.000000000000000000e+00,2.527546314606832212e-18
4.000000000000000000e+00,4.645000000000000000e+03,9.754383038401065519e-05,6.776263578034402713e-21,-2.167470298023149028e-12,-1.462742731646359988e-16,0.000000000000000000e+00,-1.462742731646359988e-16,-1.462739498407470158e-16,-2.523324549046635971e-12,9.754383038401068229e-05,1.355988331235664576e-04,0.000000000000000000e+00,2.527546314606832212e-18
4.000000000000000000e+00,4.650000000000000000e+03,9.754383038332060116e-05,6.776263578034402713e-21,-2.168160352048354583e-12,-1.395304673976718584e-16,0.000000000000000000e+00,-1.395304673976718584e-16,-1.395299153313023880e-16,-2.524039058709566094e-12,9.754383038332065537e-05,1.355988331346395770e-04,0.000000000000000000e+00,2.527546314606832212e-18
4.000000000000000000e+00,4.655000000000000000e+03,9.754383038263259357e-05,6.776263578034402713e-21,-2.168848359641959572e-12,-1.360120167066961778e-16,0.000000000000000000e+00,-1.360120167066961778e-16,-1.360114624613338331e-16,-2.524727912154047757e-12,9.754383038263255291e-05,1.355988331456796012e-04,0.000000000000000000e+00,2.527546314606832212e-18
4.000000000000000000e+00,4.660000000000000000e+03,9.754383038194874660e-05,6.776263578034402713e-21,-2.169532206609727648e-12,-1.342353838204280530e-16,0.000000000000000000e+00,-1.342353838204280530e-16,-1.342350771302967493e-16,-2.525403528503026831e-12,9.754383038194862463e-05,1.355988331566539769e-04,0.000000000000000000e+00,2.527546314606832212e-18
4.000000000000000000e+00,4.665000000000000000e+03,9.754383038127116090e-05,6.776263578034402713e-21,-2.170209792309949620e-12,-1.338290814178813991e-16,0.000000000000000000e+00,-1.338290814178813991e-16,-1.338286399737611755e-16,-2.526073687795787011e-12,9.754383038127113379e-05,1.355988331675264918e-04,0.000000000000000000e+00,2.527546314606832212e-18
4.000000000000000000e+00,4.670000000000000000e+03,9.754383038060585379e-05,6.776263578034402713e-21,-2.170875099420568194e-12,-1.328718044259283651e-16,0.000000000000000000e+00,-1.328718044259283651e-16,-1.328713604510942123e-16,-2.526740437796849238e-12,9.754383038060598931e-05,1.355988331782004351e-04,0.000000000000000000e+00,2.527546314606832212e-18
4.000000000000000000e+00,4.675000000000000000e+03,9.754383037995881548e-05,6.776263578034402713e-21,-2.171522137724580387e-12,-1.296855328825212747e-16,0.000000000000000000e+00,-1.296855328825212747e-16,-1.296851308416840494e-16,-2.527396829025081156e-12,9.754383037995881548e-05,1.355988331885845440e-04,0.000000000000000000e+00,2.527546314606832212e-18
4.000000000000000000e+00,4.680000000000000000e+03,9.754383037933389490e-05,6.776263578034402713e-21,-2.172147058304273876e-12,-1.237445717040986396e-16,0.000000000000000000e+00,-1.237445717040986396e-16,-1.237440291794569906e-16,-2.528030401925133943e-12,9.754383037933394911e-05,1.355988331986117336e-04,0.000000000000000000e+00,2.527546314606832212e-18
4.000000000000000000e+00,4.685000000000000000e+03,9.754383037872224225e-05,6.776263578034402713e-21,-2.172758710959881573e-12,-1.164851619138137600e-16,0.000000000000000000e+00,-1.164851619138137600e-16,-1.164847918036137792e-16,-2.528630973977591493e-12,9.754383037872221514e-05,1.355988332084260130e-04,0.000000000000000000e+00,2.527546314606832212e-18
4.000000000000000000e+00,4.690000000000000000e+03,9.754383037810168558e-05,6.776263578034402713e-21,-2.173379267625830807e-12,-1.118741583129641285e-16,0.000000000000000000e+00,-1.118741583129641285e-16,-1.118738853045238245e-16,-2.529201870670361826e-12,9.754383037810169914e-05,1.355988332183843828e-04,0.000000000000000000e+00,2.527546314606832212e-18
4.000000000000000000e+00,4.695000000000000000e+03,9.754383037747081544e-05,6.776263578034402713e-21,-2.174010137764945810e-12,-1.092371738417616733e-16,0.000000000000000000e+00,-1.092371738417616733e-16,-1.092366440512784427e-16,-2.529754646993751467e-12,9.754383037747077479e-05,1.355988332285057354e-04,0.000000000000000000e+00,2.527546314606832212e-18
4.000000000000000000e+00,4.700000000000000000e+03,9.754383037681751587e-05,6.776263578034402713e-21,-2.174663437336504107e-12,-1.100082921345278410e-16,0.000000000000000000e+00,-1.100082921345278410e-16,-1.100079538880221095e-16,-2.530302758488599546e-12,9.754383037681755653e-05,1.355988332389905938e-04,0.000000000000000000e+00,2.527546314606832212e-18
4.000000000000000000e+00,4.705000000000000000e+03,9.754383037612662159e-05,6.776263578034402713e-21,-2.175354331618393339e-12,-1.158830300390439490e-16,0.000000000000000000e+00,-1.158830300390439490e-16,-1.158826030307741604e-16,-2.530867484880896838e-12,9.754383037612658093e-05,1.355988332500772386e-04,0.000000000000000000e+00,2.527546314606832212e-18
4.000000000000000000e+00,4.710000000000000000e+03,9.754383037538083957e-05,6.776263578034402713e-21,-2.176100113635264649e-12,-1.288157677061326220e-16,0.000000000000000000e+00,-1.288157677061326220e-16,-1.288152820701728923e-16,-2.531479229593648971e-12,9.754383037538079892e-05,1.355988332620434154e-04,0.000000000000000000e+00,2.527546314606832212e-18
4.000000000000000000e+00,4.715000000000000000e+03,9.754383037457274304e-05,6.776263578034402713e-21,-2.176908210171999564e-12,-1.494525208724800948e-16,0.000000000000000000e+00,-1.494525208724800948e-16,-1.494521632164798336e-16,-2.532174898206865600e-12,9.754383037457281080e-05,1.355988332750104192e-04,0.000000000000000000e+00,2.527546314606832212e-18
4.000000000000000000e+00,4.720000000000000000e+03,9.754383037385223648e-05,6.776263578034402713e-21,-2.177628716725724806e-12,-1.580742947181413678e-16,0.000000000000000000e+00,-1.580742947181413678e-16,-1.580739629057373432e-16,-2.532943713522171106e-12,9.754383037385222293e-05,1.355988332865723240e-04,0.000000000000000000e+00,2.527546314606832212e-18
4.000000000000000000e+00,4.725000000000000000e+03,9.754383037313780146e-05,6.776263578034402713e-21,-2.178343151747284129e-12,-1.647563106127557573e-16,0.000000000000000000e+00,-1.647563106127557573e-16,-1.647559492530077675e-16,-2.533750788302568186e-12,9.754383037313774725e-05,1.355988332980362712e-04,0.000000000000000000e+00,2.527546314606832212e-18
4.000000000000000000e+00,4.730000000000000000e+03,9.754383037243901961e-05,6.776263578034402713e-21,-2.179041933599978192e-12,-1.677857649951793048e-16,0.000000000000000000e+00,-1.677857649951793048e-16,-1.677853882201269646e-16,-2.534582141646250810e-12,9.754383037243907382e-05,1.355988333092494425e-04,0.000000000000000000e+00,2.527546314606832212e-18
4.000000000000000000e+00,4.735000000000000000e+03,9.754383037176711242e-05,6.776263578034402713e-21,-2.179713840791321772e-12,-1.651734628806536355e-16,0.000000000000000000e+00,-1.651734628806536355e-16,-1.651732442720612076e-16,-2.535414538227481309e-12,9.754383037176709887e-05,1.355988333200306133e-04,0.000000000000000000e+00,2.527546314606832212e-18
4.000000000000000000e+00,4.740000000000000000e+03,9.754383037113517163e-05,6.776263578034402713e-21,-2.180345781580082104e-12,-1.546545590072912994e-16,0.000000000000000000e+00,-1.546545590072912994e-16,-1.546541803742773691e-16,-2.536214106789097094e-12,9.754383037113513097e-05,1.355988333301713460e-04,0.000000000000000000e+00,2.527546314606832212e-18
4.000000000000000000e+00,4.745000000000000000e+03,9.754383037055782042e-05,6.776263578034402713e-21,-2.180923132789457791e-12,-1.336869751036578133e-16,0.000000000000000000e+00,-1.336869751036578133e-16,-1.336865579902245811e-16,-2.536934958635008496e-12,9.754383037055786108e-05,1.355988333394346067e-04,0.000000000000000000e+00,2.527546314606832212e-18
4.000000000000000000e+00,4.750000000000000000e+03,9.754383036995425862e-05,6.776263578034402713e-21,-2.181526694586353315e-12,-1.195211248449864282e-16,0.000000000000000000e+00,-1.195211248449864282e-16,-1.195207983263767356e-16,-2.537567977025800159e-12,9.754383036995427218e-05,1.355988333491204895e-04,0.000000000000000000e+00,2.527546314606832212e-18
4.000000000000000000e+00,4.755000000000000000e+03,9.754383036932594991e-05,6.776263578034402713e-21,-2.182155003297835821e-12,-1.124705704713101023e-16,0.000000000000000000e+00,-1.124705704713101023e-16,-1.124701463566229869e-16,-2.538147954387507406e-12,9.754383036932594991e-05,1.355988333592018349e-04,0.000000000000000000e+00,2.527546314606832212e-18
4.000000000000000000e+00,4.760000000000000000e+03,9.754383036870392957e-05,6.776263578034402713e-21,-2.182777023636717911e-12,-1.069146285100264918e-16,0.000000000000000000e+00,-1.069146285100264918e-16,-1.069143849717507629e-16,-2.538696415715828640e-12,9.754383036870402444e-05,1.355988333691828375e-04,0.000000000000000000e+00,2.527546314606832212e-18
4.000000000000000000e+00,4.765000000000000000e+03,9.754383036808665262e-05,6.776263578034402713e-21,-2.183394300591095377e-12,-1.039884752013909807e-16,0.000000000000000000e+00,-1.039884752013909807e-16,-1.039879296406913162e-16,-2.539223671502359534e-12,9.754383036808666617e-05,1.355988333790877562e-04,0.000000000000000000e+00,2.527546314606832212e-18
4.000000000000000000e+00,4.770000000000000000e+03,9.754383036747226235e-05,6.776263578034402713e-21,-2.184008690857188600e-12,-1.049846013299248151e-16,0.000000000000000000e+00,-1.049846013299248151e-16,-1.049841818076983870e-16,-2.539746101780980572e-12,9.754383036747238432e-05,1.355988333889468131e-04,0.000000000000000000e+00,2.527546314606832212e-18
4.000000000000000000e+00,4.775000000000000000e+03,9.754383036685848195e-05,6.776263578034402713e-21,-2.184622471259559801e-12,-1.113558509059442884e-16,0.000000000000000000e+00,-1.113558509059442884e-16,-1.113555288936951706e-16,-2.540286951057733913e-12,9.754383036685848195e-05,1.355988333987959767e-04,0.000000000000000000e+00,2.527546314606832212e-18
4.000000000000000000e+00,4.780000000000000000e+03,9.754383036624863178e-05,6.776263578034402713e-21,-2.185232321429055741e-12,-1.203083633141234613e-16,0.000000000000000000e+00,-1.203083633141234613e-16,-1.203080941271586139e-16,-2.540866110115285988e-12,9.754383036624859112e-05,1.355988334085823379e-04,0.000000000000000000e+00,2.527546314606832212e-18
4.000000000000000000e+00,4.785000000000000000e+03,9.754383036565513951e-05,6.776263578034402713e-21,-2.185825813698274306e-12,-1.221374528345700738e-16,0.000000000000000000e+00,-1.221374528345700738e-16,-1.221372231428803762e-16,-2.541472223408461028e-12,9.754383036565516662e-05,1.355988334181052108e-04,0.000000000000000000e+00,2.527546314606832212e-18
4.000000000000000000e+00,4.790000000000000000e+03,9.754383036506739351e-05,6.776263578034402713e-21,-2.186413559695978698e-12,-1.242236827579055524e-16,0.000000000000000000e+00,-1.242236827579055524e-16,-1.242233298181908988e-16,-2.542088124790864117e-12,9.754383036506735286e-05,1.355988334275370108e-04,0.000000000000000000e+00,2.527546314606832212e-18
4.000000000000000000e+00,4.795000000000000000e+03,9.754383036448464840e-05,6.776263578034402713e-21,-2.186996304811162500e-12,-1.263201772332270789e-16,0.000000000000000000e+00,-1.263201772332270789e-16,-1.263196717025222778e-16,-2.542714482294665842e-12,9.754383036448464840e-05,1.355988334368873058e-04,0.000000000000000000e+00,2.527546314606832212e-18
4.000000000000000000e+00,4.800000000000000000e+03,9.754383036390633496e-05,6.776263578034402713e-21,-2.187574618249966268e-12,-1.281337210804720106e-16,0.000000000000000000e+00,-1.281337210804720106e-16,-1.281334957792053565e-16,-2.543350615213370122e-12,9.754383036390637562e-05,1.355988334461674259e-04,0.000000000000000000e+00,2.527546314606832212e-18
