step,time_s,inventory_mol,input_mol,residual_mol,inventory_rate_mol_s,input_rate_mol_s,balance_rate_mol_s,predicted_rate_mol_s,predicted_integral_mol,loop_inventory_mol,supplied_inventory,current_A,capacity_Ah
0.000000000000000000e+00,0.000000000000000000e+00,2.669565878850000962e-01,0.000000000000000000e+00,0.000000000000000000e+00,1.490468974241151721e-18,0.000000000000000000e+00,1.490468974241151721e-18,-1.063047146315901676e-20,0.000000000000000000e+00,2.669565878849998186e-01,2.766810063355792908e-06,0.000000000000000000e+00,0.000000000000000000e+00
0.000000000000000000e+00,5.000000000000000000e+00,2.669565878850000962e-01,0.000000000000000000e+00,0.000000000000000000e+00,1.535052436497313141e-18,0.000000000000000000e+00,1.535052436497313141e-18,8.239699903238263740e-19,2.033348797151668343e-18,2.669565878849998186e-01,2.766810063355792908e-06,0.000000000000000000e+00,0.000000000000000000e+00
0.000000000000000000e+00,1.000000000000000000e+01,2.669565878850003182e-01,0.000000000000000000e+00,2.220446049250313081e-16,1.914989872231346621e-18,0.000000000000000000e+00,1.914989872231346621e-18,8.316168577644811402e-19,6.172315917372436743e-18,2.669565878850001517e-01,2.766810063355792061e-06,0.000000000000000000e+00,0.000000000000000000e+00
0.000000000000000000e+00,1.500000000000000000e+01,2.669565878850001517e-01,0.000000000000000000e+00,5.551115123125782702e-17,1.188542564313057348e-18,0.000000000000000000e+00,1.188542564313057348e-18,-4.586753338968971098e-19,7.104669727041396819e-18,2.669565878850002072e-01,2.766810063355791638e-06,0.000000000000000000e+00,0.000000000000000000e+00
0.000000000000000000e+00,2.000000000000000000e+01,2.669565878850001517e-01,0.000000000000000000e+00,5.551115123125782702e-17,8.263861972975324497e-19,0.000000000000000000e+00,8.263861972975324497e-19,-9.281543426939452956e-19,3.637595535564290613e-18,2.669565878850000407e-01,2.766810063355792061e-06,0.000000000000000000e+00,0.000000000000000000e+00
0.000000000000000000e+00,2.500000000000000000e+01,2.669565878849999296e-01,0.000000000000000000e+00,-1.665334536937734811e-16,1.780982879681314467e-18,0.000000000000000000e+00,1.780982879681314467e-18,4.942302882268492953e-19,2.552785399396550419e-18,2.669565878850001517e-01,2.766810063355793332e-06,0.000000000000000000e+00,0.000000000000000000e+00
0.000000000000000000e+00,3.000000000000000000e+01,2.669565878850002072e-01,0.000000000000000000e+00,1.110223024625156540e-16,1.629213738625298662e-18,0.000000000000000000e+00,1.629213738625298662e-18,7.106856160711174995e-19,5.565075160141467406e-18,2.669565878850000407e-01,2.766810063355792061e-06,0.000000000000000000e+00,0.000000000000000000e+00
0.000000000000000000e+00,3.500000000000000000e+01,2.669565878849999851e-01,0.000000000000000000e+00,-1.110223024625156540e-16,1.267182757239069179e-18,0.000000000000000000e+00,1.267182757239069179e-18,-5.433684921052007227e-20,7.205947077292960974e-18,2.669565878850000962e-01,2.766810063355792908e-06,0.000000000000000000e+00,0.000000000000000000e+00
0.000000000000000000e+00,4.000000000000000000e+01,2.669565878849999851e-01,0.000000000000000000e+00,-1.110223024625156540e-16,1.633256119647336524e-18,0.000000000000000000e+00,1.633256119647336524e-18,2.262365149484129247e-19,7.635696241637693106e-18,2.669565878850000407e-01,2.766810063355793332e-06,0.000000000000000000e+00,0.000000000000000000e+00
0.000000000000000000e+00,4.500000000000000000e+01,2.669565878849999851e-01,0.000000000000000000e+00,-1.110223024625156540e-16,2.108019636699155165e-18,0.000000000000000000e+00,2.108019636699155165e-18,9.565301314803347976e-19,1.059261285770956241e-17,2.669565878850001517e-01,2.766810063355791214e-06,0.000000000000000000e+00,0.000000000000000000e+00
0.000000000000000000e+00,5.000000000000000000e+01,2.669565878850000962e-01,0.000000000000000000e+00,0.000000000000000000e+00,1.489238527624610266e-18,0.000000000000000000e+00,1.489238527624610266e-18,8.143554597861072836e-20,1.318752705135692574e-17,2.669565878850000962e-01,2.766810063355790791e-06,0.000000000000000000e+00,0.000000000000000000e+00
0.000000000000000000e+00,5.500000000000000000e+01,2.669565878850000962e-01,0.000000000000000000e+00,0.000000000000000000e+00,1.733644721564889945e-18,0.000000000000000000e+00,1.733644721564889945e-18,2.673495945197465538e-19,1.405948990260282001e-17,2.669565878850001517e-01,2.766810063355792908e-06,0.000000000000000000e+00,0.000000000000000000e+00
0.000000000000000000e+00,6.000000000000000000e+01,2.669565878850002072e-01,0.000000000000000000e+00,1.110223024625156540e-16,2.383241592841349933e-18,0.000000000000000000e+00,2.383241592841349933e-18,1.258349600167245266e-18,1.787373788932029802e-17,2.669565878849999851e-01,2.766810063355791214e-06,0.000000000000000000e+00,0.000000000000000000e+00
0.000000000000000000e+00,6.500000000000000000e+01,2.669565878850003182e-01,0.000000000000000000e+00,2.220446049250313081e-16,1.625515893022994255e-18,0.000000000000000000e+00,1.625515893022994255e-18,1.764550588187334645e-19,2.146074953678524484e-17,2.669565878850002627e-01,2.766810063355792061e-06,0.000000000000000000e+00,0.000000000000000000e+00
0.000000000000000000e+00,7.000000000000000000e+01,2.669565878850003182e-01,0.000000000000000000e+00,2.220446049250313081e-16,1.969442548908993776e-18,0.000000000000000000e+00,1.969442548908993776e-18,9.360937480779746281e-19,2.424212155402701507e-17,2.669565878850004292e-01,2.766810063355792061e-06,0.000000000000000000e+00,0.000000000000000000e+00
0.000000000000000000e+00,7.500000000000000000e+01,2.669565878850002072e-01,0.000000000000000000e+00,1.110223024625156540e-16,2.054907602278289197e-18,0.000000000000000000e+00,2.054907602278289197e-18,1.080647805473163818e-18,2.928397543790486427e-17,2.669565878850003182e-01,2.766810063355791214e-06,0.000000000000000000e+00,0.000000000000000000e+00
0.000000000000000000e+00,8.000000000000000000e+01,2.669565878850002072e-01,0.000000000000000000e+00,1.110223024625156540e-16,3.284840001313593771e-18,0.000000000000000000e+00,3.284840001313593771e-18,1.326211114715820752e-18,3.530112273837732570e-17,2.669565878850003737e-01,2.766810063355790367e-06,0.000000000000000000e+00,0.000000000000000000e+00
0.000000000000000000e+00,8.500000000000000000e+01,2.669565878850000962e-01,0.000000000000000000e+00,0.000000000000000000e+00,3.145995758773250508e-18,0.000000000000000000e+00,3.145995758773250508e-18,1.189978128666630027e-18,4.159159584683345265e-17,2.669565878850003737e-01,2.766810063355791214e-06,0.000000000000000000e+00,0.000000000000000000e+00
0.000000000000000000e+00,9.000000000000000000e+01,2.669565878850002072e-01,0.000000000000000000e+00,1.110223024625156540e-16,2.478909166889512019e-18,0.000000000000000000e+00,2.478909166889512019e-18,7.836814529089287111e-19,4.652574480077234949e-17,2.669565878850003737e-01,2.766810063355792908e-06,0.000000000000000000e+00,0.000000000000000000e+00
0.000000000000000000e+00,9.500000000000000000e+01,2.669565878850001517e-01,0.000000000000000000e+00,5.551115123125782702e-17,2.142397799482053124e-18,0.000000000000000000e+00,2.142397799482053124e-18,7.950267537716314691e-19,5.047251531747374994e-17,2.669565878850002627e-01,2.766810063355791638e-06,0.000000000000000000e+00,0.000000000000000000e+00
0.000000000000000000e+00,1.000000000000000000e+02,2.669565878850000407e-01,0.000000000000000000e+00,-5.551115123125782702e-17,1.315148532925225561e-18,0.000000000000000000e+00,1.315148532925225561e-18,3.457755161245778102e-19,5.332452099221427314e-17,2.669565878850003182e-01,2.766810063355792061e-06,0.000000000000000000e+00,0.000000000000000000e+00
0.000000000000000000e+00,1.050000000000000000e+02,2.669565878850002627e-01,0.000000000000000000e+00,1.665334536937734811e-16,1.502658142076708070e-18,0.000000000000000000e+00,1.502658142076708070e-18,2.623859161630370639e-19,5.484492457293330725e-17,2.669565878850002627e-01,2.766810063355792908e-06,0.000000000000000000e+00,0.000000000000000000e+00
0.000000000000000000e+00,1.100000000000000000e+02,2.669565878850000962e-01,0.000000000000000000e+00,0.000000000000000000e+00,1.551606960165918489e-18,0.000000000000000000e+00,1.551606960165918489e-18,4.135467740440582798e-19,5.653475629845104560e-17,2.669565878850002072e-01,2.766810063355792061e-06,0.000000000000000000e+00,0.000000000000000000e+00
0.000000000000000000e+00,1.150000000000000000e+02,2.669565878850002072e-01,0.000000000000000000e+00,1.110223024625156540e-16,2.895885058086031464e-18,0.000000000000000000e+00,2.895885058086031464e-18,1.907263350579825971e-18,6.233678161001075623e-17,2.669565878850001517e-01,2.766810063355792061e-06,0.000000000000000000e+00,0.000000000000000000e+00
0.000000000000000000e+00,1.200000000000000000e+02,2.669565878850002627e-01,0.000000000000000000e+00,1.665334536937734811e-16,2.504968554031910016e-18,0.000000000000000000e+00,2.504968554031910016e-18,9.974155744283622764e-19,6.959847892253122839e-17,2.669565878850001517e-01,2.766810063355791214e-06,0.000000000000000000e+00,0.000000000000000000e+00
0.000000000000000000e+00,1.250000000000000000e+02,2.669565878850000962e-01,0.000000000000000000e+00,0.000000000000000000e+00,1.248242205976340496e-18,0.000000000000000000e+00,1.248242205976340496e-18,2.095216775063006265e-19,7.261582205236789027e-17,2.669565878850002072e-01,2.766810063355792908e-06,0.000000000000000000e+00,0.000000000000000000e+00
0.000000000000000000e+00,1.300000000000000000e+02,2.669565878850001517e-01,0.000000000000000000e+00,5.551115123125782702e-17,1.589479929591805365e-18,0.000000000000000000e+00,1.589479929591805365e-18,1.658974980071154494e-19,7.355436999115143018e-17,2.669565878850003182e-01,2.766810063355792485e-06,0.000000000000000000e+00,0.000000000000000000e+00
0.000000000000000000e+00,1.350000000000000000e+02,2.669565878850000407e-01,0.000000000000000000e+00,-5.551115123125782702e-17,1.894338590183300992e-18,0.000000000000000000e+00,1.894338590183300992e-18,3.368360042725482393e-19,7.481120374685059067e-17,2.669565878850003182e-01,2.766810063355794179e-06,0.000000000000000000e+00,0.000000000000000000e+00
0.000000000000000000e+00,1.400000000000000000e+02,2.669565878850000407e-01,0.000000000000000000e+00,-5.551115123125782702e-17,1.241807128127460242e-18,0.000000000000000000e+00,1.241807128127460242e-18,1.781677519999467957e-19,7.609871313753182363e-17,2.669565878850002627e-01,2.766810063355793755e-06,0.000000000000000000e+00,0.000000000000000000e+00
0.000000000000000000e+00,1.450000000000000000e+02,2.669565878850002072e-01,0.000000000000000000e+00,1.110223024625156540e-16,2.315462485427973712e-18,0.000000000000000000e+00,2.315462485427973712e-18,1.021286464806095989e-18,7.909734867954693367e-17,2.669565878850004292e-01,2.766810063355792061e-06,0.000000000000000000e+00,0.000000000000000000e+00
0.000000000000000000e+00,1.500000000000000000e+02,2.669565878850003182e-01,0.000000000000000000e+00,2.220446049250313081e-16,2.181723278382395237e-18,0.000000000000000000e+00,2.181723278382395237e-18,1.155648692061467482e-18,8.453968657171583927e-17,2.669565878850002627e-01,2.766810063355791638e-06,0.000000000000000000e+00,0.000000000000000000e+00
0.000000000000000000e+00,1.550000000000000000e+02,2.669565878850003737e-01,0.000000000000000000e+00,2.775557561562891351e-16,1.574860288661862408e-18,0.000000000000000000e+00,1.574860288661862408e-18,3.450330887118216405e-19,8.829139102364905591e-17,2.669565878850002627e-01,2.766810063355792908e-06,0.000000000000000000e+00,0.000000000000000000e+00
0.000000000000000000e+00,1.600000000000000000e+02,2.669565878850003182e-01,0.000000000000000000e+00,2.220446049250313081e-16,1.824907581006994305e-18,0.000000000000000000e+00,1.824907581006994305e-18,2.303624565875319977e-19,8.972987988689744001e-17,2.669565878850003182e-01,2.766810063355791638e-06,0.000000000000000000e+00,0.000000000000000000e+00
0.000000000000000000e+00,1.650000000000000000e+02,2.669565878850003182e-01,0.000000000000000000e+00,2.220446049250313081e-16,1.902446676726363506e-18,0.000000000000000000e+00,1.902446676726363506e-18,4.716646379590180050e-19,9.148494762326381194e-17,2.669565878850001517e-01,2.766810063355792485e-06,0.000000000000000000e+00,0.000000000000000000e+00
0.000000000000000000e+00,1.700000000000000000e+02,2.669565878850002627e-01,0.000000000000000000e+00,1.665334536937734811e-16,2.226992877588358928e-18,0.000000000000000000e+00,2.226992877588358928e-18,6.302468369835626565e-19,9.423972631062026667e-17,2.669565878850003737e-01,2.766810063355792061e-06,0.000000000000000000e+00,0.000000000000000000e+00
0.000000000000000000e+00,1.750000000000000000e+02,2.669565878850003182e-01,0.000000000000000000e+00,2.220446049250313081e-16,1.541489451165407317e-18,0.000000000000000000e+00,1.541489451165407317e-18,4.632643423521316374e-19,9.697350425895950857e-17,2.669565878850000407e-01,2.766810063355795450e-06,0.000000000000000000e+00,0.000000000000000000e+00
0.000000000000000000e+00,1.800000000000000000e+02,2.669565878850002072e-01,0.000000000000000000e+00,1.110223024625156540e-16,1.568765113216744564e-18,0.000000000000000000e+00,1.568765113216744564e-18,3.823307649198818100e-20,9.822724780606980811e-17,2.669565878850002072e-01,2.766810063355794602e-06,0.000000000000000000e+00,0.000000000000000000e+00
0.000000000000000000e+00,1.850000000000000000e+02,2.669565878850002072e-01,0.000000000000000000e+00,1.110223024625156540e-16,8.951398054549812685e-19,0.000000000000000000e+00,8.951398054549812685e-19,-4.428307168879568515e-19,9.721575370507988644e-17,2.669565878849999296e-01,2.766810063355794602e-06,0.000000000000000000e+00,0.000000000000000000e+00
0.000000000000000000e+00,1.900000000000000000e+02,2.669565878850000962e-01,0.000000000000000000e+00,0.000000000000000000e+00,1.008702615495673181e-18,0.000000000000000000e+00,1.008702615495673181e-18,-2.957319127697891734e-19,9.536934713093552138e-17,2.669565878850000407e-01,2.766810063355794602e-06,0.000000000000000000e+00,0.000000000000000000e+00
0.000000000000000000e+00,1.950000000000000000e+02,2.669565878850003182e-01,0.000000000000000000e+00,2.220446049250313081e-16,5.450860973256612084e-19,0.000000000000000000e+00,5.450860973256612084e-19,-9.526560186047723932e-19,9.224837730249912362e-17,2.669565878850000407e-01,2.766810063355797567e-06,0.000000000000000000e+00,0.000000000000000000e+00
0.000000000000000000e+00,2.000000000000000000e+02,2.669565878850003182e-01,0.000000000000000000e+00,2.220446049250313081e-16,4.700106259386792040e-19,0.000000000000000000e+00,4.700106259386792040e-19,-8.191667036859699932e-19,8.781882049677226766e-17,2.669565878850002627e-01,2.766810063355797144e-06,0.000000000000000000e+00,0.000000000000000000e+00
0.000000000000000000e+00,2.050000000000000000e+02,2.669565878850003182e-01,0.000000000000000000e+00,2.220446049250313081e-16,1.036773080345889790e-18,0.000000000000000000e+00,1.036773080345889790e-18,-4.249709996723291679e-19,8.470847623837651975e-17,2.669565878850001517e-01,2.766810063355798838e-06,0.000000000000000000e+00,0.000000000000000000e+00
0.000000000000000000e+00,2.100000000000000000e+02,2.669565878850004292e-01,0.000000000000000000e+00,3.330669073875469621e-16,8.349029506501638537e-19,0.000000000000000000e+00,8.349029506501638537e-19,5.269459783442479613e-21,8.365922238865430920e-17,2.669565878849999851e-01,2.766810063355797144e-06,0.000000000000000000e+00,0.000000000000000000e+00
0.000000000000000000e+00,2.150000000000000000e+02,2.669565878850004848e-01,0.000000000000000000e+00,3.885780586188047891e-16,9.692014684548524088e-19,0.000000000000000000e+00,9.692014684548524088e-19,-2.585740299665762032e-19,8.302596096319648105e-17,2.669565878850000962e-01,2.766810063355798838e-06,0.000000000000000000e+00,0.000000000000000000e+00
0.000000000000000000e+00,2.200000000000000000e+02,2.669565878850003182e-01,0.000000000000000000e+00,2.220446049250313081e-16,1.370842650843227939e-18,0.000000000000000000e+00,1.370842650843227939e-18,-4.951985413159414813e-19,8.114152953499018068e-17,2.669565878850005958e-01,2.766810063355795450e-06,0.000000000000000000e+00,0.000000000000000000e+00
0.000000000000000000e+00,2.250000000000000000e+02,2.669565878850003182e-01,0.000000000000000000e+00,2.220446049250313081e-16,8.435957025289276538e-19,0.000000000000000000e+00,8.435957025289276538e-19,-5.517105516247850007e-19,7.852425680263837063e-17,2.669565878850006513e-01,2.766810063355795026e-06,0.000000000000000000e+00,0.000000000000000000e+00
0.000000000000000000e+00,2.300000000000000000e+02,2.669565878850004848e-01,0.000000000000000000e+00,3.885780586188047891e-16,7.999804126258122303e-19,0.000000000000000000e+00,7.999804126258122303e-19,-1.486890705683232291e-19,7.677325774715560006e-17,2.669565878850008178e-01,2.766810063355794602e-06,0.000000000000000000e+00,0.000000000000000000e+00
0.000000000000000000e+00,2.350000000000000000e+02,2.669565878850003182e-01,0.000000000000000000e+00,2.220446049250313081e-16,1.244160817220984174e-18,0.000000000000000000e+00,1.244160817220984174e-18,1.873480116342471856e-19,7.686990509982040995e-17,2.669565878850005403e-01,2.766810063355794179e-06,0.000000000000000000e+00,0.000000000000000000e+00
0.000000000000000000e+00,2.400000000000000000e+02,2.669565878850003182e-01,0.000000000000000000e+00,2.220446049250313081e-16,1.799963628327529982e-18,0.000000000000000000e+00,1.799963628327529982e-18,4.443857765018585170e-19,7.844923957016067421e-17,2.669565878850003737e-01,2.766810063355795450e-06,0.000000000000000000e+00,0.000000000000000000e+00
0.000000000000000000e+00,2.450000000000000000e+02,2.669565878850003737e-01,0.000000000000000000e+00,2.775557561562891351e-16,2.135644294586000812e-18,0.000000000000000000e+00,2.135644294586000812e-18,6.835618635845593691e-19,8.126910867037671892e-17,2.669565878850005403e-01,2.766810063355796297e-06,0.000000000000000000e+00,0.000000000000000000e+00
0.000000000000000000e+00,2.500000000000000000e+02,2.669565878850004292e-01,0.000000000000000000e+00,3.330669073875469621e-16,2.259292075924736770e-18,0.000000000000000000e+00,2.259292075924736770e-18,7.636762688512885548e-19,8.488720400146634490e-17,2.669565878850005403e-01,2.766810063355795450e-06,0.000000000000000000e+00,0.000000000000000000e+00
0.000000000000000000e+00,2.550000000000000000e+02,2.669565878850002072e-01,0.000000000000000000e+00,1.110223024625156540e-16,2.031395403281472705e-18,0.000000000000000000e+00,2.031395403281472705e-18,9.516035405731973530e-19,8.917540352502755966e-17,2.669565878850003182e-01,2.766810063355795873e-06,0.000000000000000000e+00,0.000000000000000000e+00
0.000000000000000000e+00,2.600000000000000000e+02,2.669565878850004292e-01,0.000000000000000000e+00,3.330669073875469621e-16,1.624882304365476642e-18,0.000000000000000000e+00,1.624882304365476642e-18,5.511336352511558392e-19,9.293224646458843648e-17,2.669565878850002627e-01,2.766810063355796720e-06,0.000000000000000000e+00,0.000000000000000000e+00
0.000000000000000000e+00,2.650000000000000000e+02,2.669565878850004848e-01,0.000000000000000000e+00,3.885780586188047891e-16,1.700943306674603181e-18,0.000000000000000000e+00,1.700943306674603181e-18,6.040290621182176963e-19,9.582015320801187648e-17,2.669565878850004292e-01,2.766810063355796297e-06,0.000000000000000000e+00,0.000000000000000000e+00
0.000000000000000000e+00,2.700000000000000000e+02,2.669565878850004292e-01,0.000000000000000000e+00,3.330669073875469621e-16,1.863473493417528111e-18,0.000000000000000000e+00,1.863473493417528111e-18,4.730913229329480856e-19,9.851295417063979710e-17,2.669565878850001517e-01,2.766810063355794179e-06,0.000000000000000000e+00,0.000000000000000000e+00
0.000000000000000000e+00,2.750000000000000000e+02,2.669565878850004292e-01,0.000000000000000000e+00,3.330669073875469621e-16,1.172766673583075781e-18,0.000000000000000000e+00,1.172766673583075781e-18,-1.110016247391117991e-19,9.941817841612438782e-17,2.669565878850000962e-01,2.766810063355794602e-06,0.000000000000000000e+00,0.000000000000000000e+00
0.000000000000000000e+00,2.800000000000000000e+02,2.669565878850004848e-01,0.000000000000000000e+00,3.885780586188047891e-16,2.367552930845774704e-18,0.000000000000000000e+00,2.367552930845774704e-18,5.249757434414479828e-19,1.004531137128802283e-16,2.669565878849999851e-01,2.766810063355795450e-06,0.000000000000000000e+00,0.000000000000000000e+00
0.000000000000000000e+00,2.850000000000000000e+02,2.669565878850003182e-01,0.000000000000000000e+00,2.220446049250313081e-16,1.842119241790047848e-18,0.000000000000000000e+00,1.842119241790047848e-18,3.977586692691836985e-19,1.027599497446568075e-16,2.669565878850003737e-01,2.766810063355797144e-06,0.000000000000000000e+00,0.000000000000000000e+00
0.000000000000000000e+00,2.900000000000000000e+02,2.669565878850005403e-01,0.000000000000000000e+00,4.440892098500626162e-16,1.457255317094404003e-18,0.000000000000000000e+00,1.457255317094404003e-18,2.313076982164062262e-19,1.043326156633707823e-16,2.669565878850001517e-01,2.766810063355797567e-06,0.000000000000000000e+00,0.000000000000000000e+00
0.000000000000000000e+00,2.950000000000000000e+02,2.669565878850003737e-01,0.000000000000000000e+00,2.775557561562891351e-16,1.605199342024053248e-18,0.000000000000000000e+00,1.605199342024053248e-18,1.046221476175816111e-19,1.051724402779557519e-16,2.669565878850003737e-01,2.766810063355797144e-06,0.000000000000000000e+00,0.000000000000000000e+00
0.000000000000000000e+00,3.000000000000000000e+02,2.669565878850005403e-01,0.000000000000000000e+00,4.440892098500626162e-16,1.513418681359018297e-18,0.000000000000000000e+00,1.513418681359018297e-18,-1.560322006890010656e-19,1.050439151452772032e-16,2.669565878850003737e-01,2.766810063355797144e-06,0.000000000000000000e+00,0.000000000000000000e+00
0.000000000000000000e+00,3.050000000000000000e+02,2.669565878850004292e-01,0.000000000000000000e+00,3.330669073875469621e-16,1.085747123479609116e-18,0.000000000000000000e+00,1.085747123479609116e-18,-1.581062541938383922e-19,1.042585690080701046e-16,2.669565878850007623e-01,2.766810063355797567e-06,0.000000000000000000e+00,0.000000000000000000e+00
0.000000000000000000e+00,3.100000000000000000e+02,2.669565878850005403e-01,0.000000000000000000e+00,4.440892098500626162e-16,1.199308113000070861e-18,0.000000000000000000e+00,1.199308113000070861e-18,-2.557586111342536857e-19,1.032239068447498744e-16,2.669565878850005403e-01,2.766810063355795450e-06,0.000000000000000000e+00,0.000000000000000000e+00
0.000000000000000000e+00,3.150000000000000000e+02,2.669565878850005958e-01,0.000000000000000000e+00,4.996003610813204432e-16,9.788835953253522563e-19,0.000000000000000000e+00,9.788835953253522563e-19,-1.897655954066245949e-19,1.021100963283976787e-16,2.669565878850005403e-01,2.766810063355794602e-06,0.000000000000000000e+00,0.000000000000000000e+00
0.000000000000000000e+00,3.200000000000000000e+02,2.669565878850004848e-01,0.000000000000000000e+00,3.885780586188047891e-16,1.311534260571520513e-18,0.000000000000000000e+00,1.311534260571520513e-18,-2.886810207998329772e-19,1.009139797878815348e-16,2.669565878850007068e-01,2.766810063355794602e-06,0.000000000000000000e+00,0.000000000000000000e+00
0.000000000000000000e+00,3.250000000000000000e+02,2.669565878850003737e-01,0.000000000000000000e+00,2.775557561562891351e-16,1.247013166104402058e-18,0.000000000000000000e+00,1.247013166104402058e-18,-1.263585335244427901e-19,9.987638090207084536e-17,2.669565878850007623e-01,2.766810063355795450e-06,0.000000000000000000e+00,0.000000000000000000e+00
0.000000000000000000e+00,3.300000000000000000e+02,2.669565878850004848e-01,0.000000000000000000e+00,3.885780586188047891e-16,1.095471609894205998e-18,0.000000000000000000e+00,1.095471609894205998e-18,7.626089777806875250e-20,9.975113681270491027e-17,2.669565878850007068e-01,2.766810063355794602e-06,0.000000000000000000e+00,0.000000000000000000e+00
0.000000000000000000e+00,3.350000000000000000e+02,2.669565878850004848e-01,0.000000000000000000e+00,3.885780586188047891e-16,1.809707089360602704e-18,0.000000000000000000e+00,1.809707089360602704e-18,7.753592224327549158e-21,9.996117303771090102e-17,2.669565878850006513e-01,2.766810063355796720e-06,0.000000000000000000e+00,0.000000000000000000e+00
0.000000000000000000e+00,3.400000000000000000e+02,2.669565878850005958e-01,0.000000000000000000e+00,4.996003610813204432e-16,1.268146670612013787e-18,0.000000000000000000e+00,1.268146670612013787e-18,-1.309272536216750509e-19,9.965323888421753227e-17,2.669565878850005958e-01,2.766810063355797991e-06,0.000000000000000000e+00,0.000000000000000000e+00
0.000000000000000000e+00,3.450000000000000000e+02,2.669565878850006513e-01,0.000000000000000000e+00,5.551115123125782702e-16,1.260102252499945661e-18,0.000000000000000000e+00,1.260102252499945661e-18,1.528175893080628117e-19,9.970796472343349550e-17,2.669565878850004848e-01,2.766810063355797991e-06,0.000000000000000000e+00,0.000000000000000000e+00
0.000000000000000000e+00,3.500000000000000000e+02,2.669565878850005403e-01,0.000000000000000000e+00,4.440892098500626162e-16,1.203705941363715612e-18,0.000000000000000000e+00,1.203705941363715612e-18,1.115292621556036366e-19,1.003688318520926678e-16,2.669565878850005403e-01,2.766810063355798838e-06,0.000000000000000000e+00,0.000000000000000000e+00
0.000000000000000000e+00,3.550000000000000000e+02,2.669565878850005403e-01,0.000000000000000000e+00,4.440892098500626162e-16,1.622319936357553013e-18,0.000000000000000000e+00,1.622319936357553013e-18,3.005392042584664041e-19,1.013990030181278491e-16,2.669565878850001517e-01,2.766810063355798838e-06,0.000000000000000000e+00,0.000000000000000000e+00
0.000000000000000000e+00,3.600000000000000000e+02,2.669565878850005403e-01,0.000000000000000000e+00,4.440892098500626162e-16,1.705441682152414921e-18,0.000000000000000000e+00,1.705441682152414921e-18,3.529227307874944258e-19,1.030326578557427511e-16,2.669565878850003182e-01,2.766810063355799685e-06,0.000000000000000000e+00,0.000000000000000000e+00
0.000000000000000000e+00,3.650000000000000000e+02,2.669565878850004848e-01,0.000000000000000000e+00,3.885780586188047891e-16,2.294354037883436454e-18,0.000000000000000000e+00,2.294354037883436454e-18,4.466662484900794071e-19,1.050316303039366857e-16,2.669565878850004292e-01,2.766810063355799685e-06,0.000000000000000000e+00,0.000000000000000000e+00
0.000000000000000000e+00,3.700000000000000000e+02,2.669565878850004292e-01,0.000000000000000000e+00,3.330669073875469621e-16,1.845194580689217396e-18,0.000000000000000000e+00,1.845194580689217396e-18,3.101114969369356893e-19,1.069235746675042173e-16,2.669565878850003182e-01,2.766810063355799261e-06,0.000000000000000000e+00,0.000000000000000000e+00
0.000000000000000000e+00,3.750000000000000000e+02,2.669565878850005958e-01,0.000000000000000000e+00,4.996003610813204432e-16,1.228404363625477326e-18,0.000000000000000000e+00,1.228404363625477326e-18,5.666373614679306696e-19,1.091154468135163832e-16,2.669565878850003182e-01,2.766810063355798838e-06,0.000000000000000000e+00,0.000000000000000000e+00
0.000000000000000000e+00,3.800000000000000000e+02,2.669565878850004848e-01,0.000000000000000000e+00,3.885780586188047891e-16,1.806376406245227821e-18,0.000000000000000000e+00,1.806376406245227821e-18,4.426290519690231767e-19,1.116386128471087616e-16,2.669565878850000962e-01,2.766810063355797991e-06,0.000000000000000000e+00,0.000000000000000000e+00
0.000000000000000000e+00,3.850000000000000000e+02,2.669565878850007068e-01,0.000000000000000000e+00,6.106226635438360972e-16,1.808230941212326989e-18,0.000000000000000000e+00,1.808230941212326989e-18,6.174979812996726427e-19,1.142889304302805073e-16,2.669565878850002072e-01,2.766810063355797567e-06,0.000000000000000000e+00,0.000000000000000000e+00
0.000000000000000000e+00,3.900000000000000000e+02,2.669565878850004848e-01,0.000000000000000000e+00,3.885780586188047891e-16,1.549409046266971594e-18,0.000000000000000000e+00,1.549409046266971594e-18,2.904103809454063585e-19,1.165587013358931987e-16,2.669565878850002627e-01,2.766810063355796720e-06,0.000000000000000000e+00,0.000000000000000000e+00
0.000000000000000000e+00,3.950000000000000000e+02,2.669565878850005403e-01,0.000000000000000000e+00,4.440892098500626162e-16,1.712426253951344307e-18,0.000000000000000000e+00,1.712426253951344307e-18,3.024969634480032779e-19,1.180409696968767105e-16,2.669565878850005403e-01,2.766810063355796297e-06,0.000000000000000000e+00,0.000000000000000000e+00
0.000000000000000000e+00,4.000000000000000000e+02,2.669565878850006513e-01,0.000000000000000000e+00,5.551115123125782702e-16,1.250731127286461177e-18,0.000000000000000000e+00,1.250731127286461177e-18,2.825274917537807103e-20,1.188678439784351762e-16,2.669565878850003737e-01,2.766810063355797144e-06,0.000000000000000000e+00,0.000000000000000000e+00
0.000000000000000000e+00,4.050000000000000000e+02,2.669565878850005403e-01,0.000000000000000000e+00,4.440892098500626162e-16,1.386831277077983340e-18,0.000000000000000000e+00,1.386831277077983340e-18,2.863731844265318216e-19,1.196544088124399447e-16,2.669565878850004292e-01,2.766810063355797144e-06,0.000000000000000000e+00,0.000000000000000000e+00
0.000000000000000000e+00,4.100000000000000000e+02,2.669565878850007068e-01,0.000000000000000000e+00,6.106226635438360972e-16,1.631488228190320281e-18,0.000000000000000000e+00,1.631488228190320281e-18,5.565085381586177133e-19,1.217616131189028309e-16,2.669565878850005403e-01,2.766810063355797567e-06,0.000000000000000000e+00,0.000000000000000000e+00
0.000000000000000000e+00,4.150000000000000000e+02,2.669565878850004292e-01,0.000000000000000000e+00,3.330669073875469621e-16,2.104982479882533175e-18,0.000000000000000000e+00,2.104982479882533175e-18,3.911402374870777071e-19,1.241307350580170694e-16,2.669565878850003737e-01,2.766810063355798838e-06,0.000000000000000000e+00,0.000000000000000000e+00
0.000000000000000000e+00,4.200000000000000000e+02,2.669565878850006513e-01,0.000000000000000000e+00,5.551115123125782702e-16,2.211275078160000881e-18,0.000000000000000000e+00,2.211275078160000881e-18,5.513366304720495504e-19,1.264869272279148937e-16,2.669565878850005403e-01,2.766810063355800108e-06,0.000000000000000000e+00,0.000000000000000000e+00
0.000000000000000000e+00,4.250000000000000000e+02,2.669565878850006513e-01,0.000000000000000000e+00,5.551115123125782702e-16,1.385342050193443850e-18,0.000000000000000000e+00,1.385342050193443850e-18,4.305174624135335535e-19,1.289415624601288453e-16,2.669565878850005403e-01,2.766810063355798838e-06,0.000000000000000000e+00,0.000000000000000000e+00
0.000000000000000000e+00,4.300000000000000000e+02,2.669565878850005958e-01,0.000000000000000000e+00,4.996003610813204432e-16,1.893076351740579634e-18,0.000000000000000000e+00,1.893076351740579634e-18,7.550907729466674096e-19,1.319055830485293416e-16,2.669565878850005403e-01,2.766810063355797144e-06,0.000000000000000000e+00,0.000000000000000000e+00
0.000000000000000000e+00,4.350000000000000000e+02,2.669565878850008178e-01,0.000000000000000000e+00,7.216449660063517513e-16,1.903132630349225708e-18,0.000000000000000000e+00,1.903132630349225708e-18,8.200207415311026216e-19,1.358433618347237605e-16,2.669565878850008178e-01,2.766810063355797991e-06,0.000000000000000000e+00,0.000000000000000000e+00
0.000000000000000000e+00,4.400000000000000000e+02,2.669565878850005958e-01,0.000000000000000000e+00,4.996003610813204432e-16,1.597931151763342856e-18,0.000000000000000000e+00,1.597931151763342856e-18,6.954809084609371530e-19,1.396321159597038476e-16,2.669565878850009288e-01,2.766810063355797991e-06,0.000000000000000000e+00,0.000000000000000000e+00
0.000000000000000000e+00,4.450000000000000000e+02,2.669565878850006513e-01,0.000000000000000000e+00,5.551115123125782702e-16,1.858344802404736824e-18,0.000000000000000000e+00,1.858344802404736824e-18,7.353179929381448363e-19,1.432091132132015526e-16,2.669565878850007623e-01,2.766810063355797144e-06,0.000000000000000000e+00,0.000000000000000000e+00
0.000000000000000000e+00,4.500000000000000000e+02,2.669565878850005958e-01,0.000000000000000000e+00,4.996003610813204432e-16,1.907587976766977303e-18,0.000000000000000000e+00,1.907587976766977303e-18,5.045598641329461992e-19,1.463088078558792863e-16,2.669565878850008733e-01,2.766810063355798414e-06,0.000000000000000000e+00,0.000000000000000000e+00
0.000000000000000000e+00,4.550000000000000000e+02,2.669565878850006513e-01,0.000000000000000000e+00,5.551115123125782702e-16,1.783736797485264329e-18,0.000000000000000000e+00,1.783736797485264329e-18,5.422708543179482757e-19,1.489258846520065225e-16,2.669565878850008733e-01,2.766810063355799261e-06,0.000000000000000000e+00,0.000000000000000000e+00
0.000000000000000000e+00,4.600000000000000000e+02,2.669565878850006513e-01,0.000000000000000000e+00,5.551115123125782702e-16,2.376066608041501531e-18,0.000000000000000000e+00,2.376066608041501531e-18,8.286733151173558374e-19,1.523532450755947736e-16,2.669565878850009844e-01,2.766810063355798838e-06,0.000000000000000000e+00,0.000000000000000000e+00
0.000000000000000000e+00,4.650000000000000000e+02,2.669565878850007068e-01,0.000000000000000000e+00,6.106226635438360972e-16,1.903986795026724425e-18,0.000000000000000000e+00,1.903986795026724425e-18,7.449619496479116309e-19,1.562873332375079422e-16,2.669565878850013174e-01,2.766810063355797991e-06,0.000000000000000000e+00,0.000000000000000000e+00
0.000000000000000000e+00,4.700000000000000000e+02,2.669565878850005958e-01,0.000000000000000000e+00,4.996003610813204432e-16,2.067486026289954347e-18,0.000000000000000000e+00,2.067486026289954347e-18,7.429075193794908660e-19,1.600070069100764608e-16,2.669565878850011509e-01,2.766810063355799261e-06,0.000000000000000000e+00,0.000000000000000000e+00
0.000000000000000000e+00,4.750000000000000000e+02,2.669565878850007623e-01,0.000000000000000000e+00,6.661338147750939243e-16,1.515954975136348299e-18,0.000000000000000000e+00,1.515954975136348299e-18,3.886009406275417315e-19,1.628357780600940485e-16,2.669565878850008178e-01,2.766810063355798838e-06,0.000000000000000000e+00,0.000000000000000000e+00
0.000000000000000000e+00,4.800000000000000000e+02,2.669565878850006513e-01,0.000000000000000000e+00,5.551115123125782702e-16,6.081384804921688741e-19,0.000000000000000000e+00,6.081384804921688741e-19,1.698577303036819920e-19,1.642319247374221078e-16,2.669565878850010399e-01,2.766810063355797991e-06,0.000000000000000000e+00,0.000000000000000000e+00
0.000000000000000000e+00,4.850000000000000000e+02,2.669565878850006513e-01,0.000000000000000000e+00,5.551115123125782702e-16,1.414311229569705639e-18,0.000000000000000000e+00,1.414311229569705639e-18,2.315985574507763810e-19,1.652355654568082568e-16,2.669565878850008733e-01,2.766810063355798414e-06,0.000000000000000000e+00,0.000000000000000000e+00
0.000000000000000000e+00,4.900000000000000000e+02,2.669565878850007623e-01,0.000000000000000000e+00,6.661338147750939243e-16,1.886423741443467457e-18,0.000000000000000000e+00,1.886423741443467457e-18,5.305474603047221535e-19,1.671409305011970031e-16,2.669565878850007068e-01,2.766810063355798414e-06,0.000000000000000000e+00,0.000000000000000000e+00
0.000000000000000000e+00,4.950000000000000000e+02,2.669565878850006513e-01,0.000000000000000000e+00,5.551115123125782702e-16,1.944745755408638895e-18,0.000000000000000000e+00,1.944745755408638895e-18,4.500252362752626865e-19,1.695923622426469775e-16,2.669565878850006513e-01,2.766810063355797991e-06,0.000000000000000000e+00,0.000000000000000000e+00
0.000000000000000000e+00,5.000000000000000000e+02,2.669565878850006513e-01,0.000000000000000000e+00,5.551115123125782702e-16,2.161869963855629037e-18,0.000000000000000000e+00,2.161869963855629037e-18,6.662541567824335034e-19,1.723830607252912088e-16,2.669565878850007068e-01,2.766810063355798838e-06,0.000000000000000000e+00,0.000000000000000000e+00
0.000000000000000000e+00,5.050000000000000000e+02,2.669565878850007623e-01,0.000000000000000000e+00,6.661338147750939243e-16,2.341097077618631913e-18,0.000000000000000000e+00,2.341097077618631913e-18,5.160899160331107660e-19,1.753389209073300664e-16,2.669565878850005958e-01,2.766810063355799685e-06,0.000000000000000000e+00,0.000000000000000000e+00
0.000000000000000000e+00,5.100000000000000000e+02,2.669565878850007623e-01,0.000000000000000000e+00,6.661338147750939243e-16,1.760411177851869167e-18,0.000000000000000000e+00,1.760411177851869167e-18,4.035650014452024783e-19,1.776380582010258464e-16,2.669565878850004848e-01,2.766810063355797144e-06,0.000000000000000000e+00,0.000000000000000000e+00
0.000000000000000000e+00,5.150000000000000000e+02,2.669565878850007068e-01,0.000000000000000000e+00,6.106226635438360972e-16,1.716440696582390993e-18,0.000000000000000000e+00,1.716440696582390993e-18,2.947607518696339157e-19,1.793838725843129466e-16,2.669565878850004848e-01,2.766810063355797144e-06,0.000000000000000000e+00,0.000000000000000000e+00
0.000000000000000000e+00,5.200000000000000000e+02,2.669565878850008178e-01,0.000000000000000000e+00,7.216449660063517513e-16,1.322491881054714303e-18,0.000000000000000000e+00,1.322491881054714303e-18,-2.663457827485284580e-19,1.794549100071157133e-16,2.669565878850002072e-01,2.766810063355797567e-06,0.000000000000000000e+00,0.000000000000000000e+00
0.000000000000000000e+00,5.250000000000000000e+02,2.669565878850007068e-01,0.000000000000000000e+00,6.106226635438360972e-16,8.334952491662331901e-19,0.000000000000000000e+00,8.334952491662331901e-19,-3.908856158165892704e-19,1.778118315107029144e-16,2.669565878850003182e-01,2.766810063355798838e-06,0.000000000000000000e+00,0.000000000000000000e+00
0.000000000000000000e+00,5.300000000000000000e+02,2.669565878850009844e-01,0.000000000000000000e+00,8.881784197001252323e-16,6.509479327951350852e-19,0.000000000000000000e+00,6.509479327951350852e-19,-4.756600284304876844e-19,1.756454674000852266e-16,2.669565878850002627e-01,2.766810063355797991e-06,0.000000000000000000e+00,0.000000000000000000e+00
0.000000000000000000e+00,5.350000000000000000e+02,2.669565878850008178e-01,0.000000000000000000e+00,7.216449660063517513e-16,4.456408898894175938e-19,0.000000000000000000e+00,4.456408898894175938e-19,-7.499042426994952245e-19,1.725815567222602601e-16,2.669565878850003737e-01,2.766810063355798838e-06,0.000000000000000000e+00,0.000000000000000000e+00
0.000000000000000000e+00,5.400000000000000000e+02,2.669565878850008178e-01,0.000000000000000000e+00,7.216449660063517513e-16,2.723348282542461307e-19,0.000000000000000000e+00,2.723348282542461307e-19,-1.092195902968948363e-18,1.679763063580891488e-16,2.669565878850005958e-01,2.766810063355799261e-06,0.000000000000000000e+00,0.000000000000000000e+00
0.000000000000000000e+00,5.450000000000000000e+02,2.669565878850008733e-01,0.000000000000000000e+00,7.771561172376095783e-16,2.358352089383308551e-21,0.000000000000000000e+00,2.358352089383308551e-21,-1.337626568118006545e-18,1.619017501803717724e-16,2.669565878850005403e-01,2.766810063355798838e-06,0.000000000000000000e+00,0.000000000000000000e+00
0.000000000000000000e+00,5.500000000000000000e+02,2.669565878850007623e-01,0.000000000000000000e+00,6.661338147750939243e-16,-3.963226137390505334e-19,0.000000000000000000e+00,-3.963226137390505334e-19,-1.527556229320114255e-18,1.547387931867764827e-16,2.669565878850004292e-01,2.766810063355799685e-06,0.000000000000000000e+00,0.000000000000000000e+00
0.000000000000000000e+00,5.550000000000000000e+02,2.669565878850008733e-01,0.000000000000000000e+00,7.771561172376095783e-16,-1.180484944949147982e-19,0.000000000000000000e+00,-1.180484944949147982e-19,-1.611799118360170096e-18,1.468904048175757753e-16,2.669565878850004848e-01,2.766810063355800955e-06,0.000000000000000000e+00,0.000000000000000000e+00
0.000000000000000000e+00,5.600000000000000000e+02,2.669565878850008178e-01,0.000000000000000000e+00,7.216449660063517513e-16,-5.128822240788214225e-20,0.000000000000000000e+00,-5.128822240788214225e-20,-1.490836622252075862e-18,1.391338154660451518e-16,2.669565878850005958e-01,2.766810063355801379e-06,0.000000000000000000e+00,0.000000000000000000e+00
0.000000000000000000e+00,5.650000000000000000e+02,2.669565878850007068e-01,0.000000000000000000e+00,6.106226635438360972e-16,3.919531733227754933e-19,0.000000000000000000e+00,3.919531733227754933e-19,-7.553210178461052951e-19,1.335184213657996893e-16,2.669565878850005403e-01,2.766810063355802649e-06,0.000000000000000000e+00,0.000000000000000000e+00
0.000000000000000000e+00,5.700000000000000000e+02,2.669565878850009844e-01,0.000000000000000000e+00,8.881784197001252323e-16,1.018010773319559633e-18,0.000000000000000000e+00,1.018010773319559633e-18,-3.611056905891602047e-19,1.307273545947115320e-16,2.669565878850004848e-01,2.766810063355803920e-06,0.000000000000000000e+00,0.000000000000000000e+00
0.000000000000000000e+00,5.750000000000000000e+02,2.669565878850007068e-01,0.000000000000000000e+00,6.106226635438360972e-16,1.331870012745040765e-18,0.000000000000000000e+00,1.331870012745040765e-18,1.403909795493574658e-19,1.301755678171120373e-16,2.669565878850004292e-01,2.766810063355803920e-06,0.000000000000000000e+00,0.000000000000000000e+00
0.000000000000000000e+00,5.800000000000000000e+02,2.669565878850009288e-01,0.000000000000000000e+00,8.326672684688674053e-16,1.631272622250742338e-18,0.000000000000000000e+00,1.631272622250742338e-18,4.654958136596803915e-19,1.316902848001346439e-16,2.669565878850004292e-01,2.766810063355803073e-06,0.000000000000000000e+00,0.000000000000000000e+00
0.000000000000000000e+00,5.850000000000000000e+02,2.669565878850009844e-01,0.000000000000000000e+00,8.881784197001252323e-16,1.950614937111429163e-18,0.000000000000000000e+00,1.950614937111429163e-18,3.692380061398471976e-19,1.337771193496334651e-16,2.669565878850005958e-01,2.766810063355803920e-06,0.000000000000000000e+00,0.000000000000000000e+00
0.000000000000000000e+00,5.900000000000000000e+02,2.669565878850007068e-01,0.000000000000000000e+00,6.106226635438360972e-16,1.633945469550095747e-18,0.000000000000000000e+00,1.633945469550095747e-18,2.222629068317664469e-19,1.352558716320625008e-16,2.669565878850006513e-01,2.766810063355802226e-06,0.000000000000000000e+00,0.000000000000000000e+00
0.000000000000000000e+00,5.950000000000000000e+02,2.669565878850007068e-01,0.000000000000000000e+00,6.106226635438360972e-16,1.632641251394835860e-18,0.000000000000000000e+00,1.632641251394835860e-18,1.484403655539654030e-19,1.361826298130268219e-16,2.669565878850004292e-01,2.766810063355803073e-06,0.000000000000000000e+00,0.000000000000000000e+00
0.000000000000000000e+00,6.000000000000000000e+02,2.669565878850007623e-01,0.000000000000000000e+00,6.661338147750939243e-16,1.470424713589749887e-18,0.000000000000000000e+00,1.470424713589749887e-18,3.625431917713649886e-19,1.374600887063401510e-16,2.669565878850005403e-01,2.766810063355801379e-06,0.000000000000000000e+00,0.000000000000000000e+00
1.000000000000000000e+00,6.000000000000001137e+02,2.669565878850007623e-01,0.000000000000000000e+00,6.661338147750939243e-16,-4.796916986890553680e-17,0.000000000000000000e+00,-4.796916986890553680e-17,-4.914993379737803147e-17,1.374600887063401510e-16,2.669565878850005403e-01,2.766810063355801379e-06,5.000000000000000000e+00,4.596005101511749329e-17
1.000000000000000000e+00,6.050000000000001137e+02,2.669592493956899903e-01,0.000000000000000000e+00,2.661510689894175385e-06,9.741891584228064283e-07,0.000000000000000000e+00,9.741891584228064283e-07,9.741891584216815685e-07,2.435472896068788982e-06,2.669592493956895463e-01,2.766837647970277306e-06,5.000000000000000000e+00,6.944444444446040005e-03
1.000000000000000000e+00,6.100000000000001137e+02,2.669657928384251977e-01,0.000000000000000000e+00,9.204953425101525255e-06,1.604469125131746839e-06,0.000000000000000000e+00,1.604469125131746839e-06,1.604469125130403444e-06,8.882118604949001514e-06,2.669657928384248646e-01,2.766905465975264371e-06,5.000000000000000000e+00,1.388888888888969303e-02
1.000000000000000000e+00,6.150000000000001137e+02,2.669749842515819482e-01,0.000000000000000000e+00,1.839636658185206386e-05,2.047075435300864615e-06,0.000000000000000000e+00,2.047075435300864615e-06,2.047075435299863423e-06,1.801098000602467037e-05,2.669749842515817262e-01,2.767000728259743535e-06,5.000000000000000000e+00,2.083333333333368606e-02
1.000000000000000000e+00,6.200000000000001137e+02,2.669860569516911974e-01,0.000000000000000000e+00,2.946906669110127552e-05,2.364972606535558773e-06,0.000000000000000000e+00,2.364972606535558773e-06,2.364972606534557580e-06,2.904110011061072458e-05,2.669860569516909754e-01,2.767115488709500640e-06,5.000000000000000000e+00,2.777777777777832094e-02
1.000000000000000000e+00,6.250000000000001137e+02,2.669984917672930114e-01,0.000000000000000000e+00,4.190388229291519551e-05,2.597117595413532141e-06,0.000000000000000000e+00,2.597117595413532141e-06,2.597117595412434387e-06,4.144632561547820703e-05,2.669984917672930669e-01,2.767244366491520677e-06,5.000000000000000000e+00,3.472222222222294541e-02
1.000000000000000000e+00,6.300000000000001137e+02,2.670119285477101645e-01,0.000000000000000000e+00,5.534066271006832238e-05,2.769243765554128887e-06,0.000000000000000000e+00,2.769243765554128887e-06,2.769243765553244585e-06,5.486222901789240277e-05,2.670119285477101645e-01,2.767383628907076016e-06,5.000000000000000000e+00,4.166666666666759417e-02
1.000000000000000000e+00,6.350000000000001137e+02,2.670261134995907670e-01,0.000000000000000000e+00,6.952561459067085892e-05,2.898766847875413428e-06,0.000000000000000000e+00,2.898766847875413428e-06,2.898766847874003965e-06,6.903225555146052584e-05,2.670261134995907115e-01,2.767530645573428035e-06,5.000000000000000000e+00,4.861111111111200700e-02
1.000000000000000000e+00,6.400000000000001137e+02,2.670408654129836634e-01,0.000000000000000000e+00,8.427752798356724639e-05,2.997683871411606078e-06,0.000000000000000000e+00,2.997683871411606078e-06,2.997683871410382963e-06,8.377338234967149485e-05,2.670408654129836634e-01,2.767683538381777642e-06,5.000000000000000000e+00,5.555555555555641983e-02
1.000000000000000000e+00,6.450000000000001137e+02,2.670560534583072410e-01,0.000000000000000000e+00,9.946557330714478340e-05,3.074387454593722840e-06,0.000000000000000000e+00,3.074387454593722840e-06,3.074387454592191404e-06,9.895356066467793246e-05,2.670560534583072410e-01,2.767840951379062910e-06,5.000000000000000000e+00,6.250000000000083267e-02
1.000000000000000000e+00,6.500000000000001137e+02,2.670715822826922325e-01,0.000000000000000000e+00,1.149943976921363742e-04,3.134829339591556645e-06,0.000000000000000000e+00,3.134829339591556645e-06,3.134829339590335223e-06,1.144766026501342567e-04,2.670715822826921215e-01,2.768001896302434073e-06,5.000000000000000000e+00,6.944444444444523856e-02
1.000000000000000000e+00,6.550000000000001137e+02,2.670873818351712226e-01,0.000000000000000000e+00,1.307939501711263830e-04,3.183280397539510454e-06,0.000000000000000000e+00,3.183280397539510454e-06,3.183280397538172142e-06,1.302718769929554971e-04,2.670873818351715001e-01,2.768165647124774759e-06,5.000000000000000000e+00,7.638888888888964446e-02
1.000000000000000000e+00,6.600000000000001137e+02,2.671034003097045861e-01,0.000000000000000000e+00,1.468124247044899633e-04,3.222836483648403906e-06,0.000000000000000000e+00,3.222836483648403906e-06,3.222836483647390854e-06,1.462871691959193911e-04,2.671034003097049192e-01,2.768331666914321796e-06,5.000000000000000000e+00,8.333333333333406423e-02
1.000000000000000000e+00,6.650000000000001137e+02,2.671195991814042658e-01,0.000000000000000000e+00,1.630112964041696699e-04,3.255761110455973064e-06,0.000000000000000000e+00,3.255761110455973064e-06,3.255761110454944766e-06,1.624836631811752276e-04,2.671195991814041548e-01,2.768499556388741879e-06,5.000000000000000000e+00,9.027777777777848400e-02
1.000000000000000000e+00,6.700000000000001137e+02,2.671359496707502723e-01,0.000000000000000000e+00,1.793617857501761392e-04,3.283721621540878794e-06,0.000000000000000000e+00,3.283721621540878794e-06,3.283721621539350746e-06,1.788323700111609774e-04,2.671359496707506609e-01,2.768669017269335311e-06,5.000000000000000000e+00,9.722222222222287602e-02
1.000000000000000000e+00,6.750000000000001137e+02,2.671524301990827466e-01,0.000000000000000000e+00,1.958423140826504039e-04,3.307954169368591899e-06,0.000000000000000000e+00,3.307954169368591899e-06,3.307954169367360314e-06,1.953115594884277694e-04,2.671524301990826356e-01,2.768839825909054828e-06,5.000000000000000000e+00,1.041666666666672958e-01
1.000000000000000000e+00,6.800000000000001137e+02,2.671690245415117015e-01,0.000000000000000000e+00,2.124366565116053707e-04,3.329380577276142906e-06,0.000000000000000000e+00,3.329380577276142906e-06,3.329380577274970612e-06,2.119048963550335823e-04,2.671690245415114240e-01,2.769011814148751645e-06,5.000000000000000000e+00,1.111111111111117156e-01
1.000000000000000000e+00,6.850000000000001137e+02,2.671857204763501414e-01,0.000000000000000000e+00,2.291325913500452671e-04,3.348692171309224086e-06,0.000000000000000000e+00,3.348692171309224086e-06,3.348692171308166989e-06,2.286000782264914195e-04,2.671857204763500304e-01,2.769184855319583315e-06,5.000000000000000000e+00,1.180555555555561215e-01
1.000000000000000000e+00,6.900000000000001137e+02,2.672025087914564612e-01,0.000000000000000000e+00,2.459209064563649960e-04,3.366412119076198333e-06,0.000000000000000000e+00,3.366412119076198333e-06,3.366412119074836304e-06,2.453878389524489752e-04,2.672025087914561836e-01,2.769358853944416999e-06,5.000000000000000000e+00,1.250000000000005551e-01
1.000000000000000000e+00,6.950000000000001137e+02,2.672193825494227903e-01,0.000000000000000000e+00,2.627946644226941686e-04,3.382936828271909029e-06,0.000000000000000000e+00,3.382936828271909029e-06,3.382936828270575799e-06,2.622612113208124809e-04,2.672193825494228459e-01,2.769533738122097793e-06,5.000000000000000000e+00,1.319444444444449749e-01
1.000000000000000000e+00,7.000000000000001137e+02,2.672363365416062231e-01,0.000000000000000000e+00,2.797486566061269109e-04,3.398567400685386308e-06,0.000000000000000000e+00,3.398567400685386308e-06,3.398567400684085265e-06,2.792149718931991259e-04,2.672363365416063341e-01,2.769709453868835805e-06,5.000000000000000000e+00,1.388888888888893947e-01
1.000000000000000000e+00,7.050000000000001137e+02,2.672533668802357654e-01,0.000000000000000000e+00,2.967789952356691963e-04,3.413502864034432551e-06,0.000000000000000000e+00,3.413502864034432551e-06,3.413502864033133202e-06,2.962451475549921984e-04,2.672533668802357099e-01,2.769885960890729940e-06,5.000000000000000000e+00,1.458333333333337867e-01
1.000000000000000000e+00,7.100000000000001137e+02,2.672704706945734920e-01,0.000000000000000000e+00,3.138828095733958712e-04,3.427964695878708151e-06,0.000000000000000000e+00,3.427964695878708151e-06,3.427964695877483341e-06,3.133488164547687245e-04,2.672704706945736031e-01,2.770063229434676851e-06,5.000000000000000000e+00,1.527777777777782064e-01
1.000000000000000000e+00,7.150000000000001137e+02,2.672876459011199746e-01,0.000000000000000000e+00,3.310580161198783955e-04,3.442072655688098286e-06,0.000000000000000000e+00,3.442072655688098286e-06,3.442072655686793855e-06,3.305239098336794183e-04,2.672876459011198080e-01,2.770241237906725208e-06,5.000000000000000000e+00,1.597222222222226262e-01
1.000000000000000000e+00,7.200000000000001137e+02,2.673048910235488740e-01,0.000000000000000000e+00,3.483031385487778131e-04,3.455942787349640497e-06,0.000000000000000000e+00,3.455942787349640497e-06,3.455942787348520719e-06,3.477689484412677242e-04,2.673048910235488740e-01,2.770419971005833836e-06,5.000000000000000000e+00,1.666666666666670460e-01
1.000000000000000000e+00,7.250000000000001137e+02,2.673222050672545702e-01,0.000000000000000000e+00,3.656171822544740380e-04,3.469655006916229237e-06,0.000000000000000000e+00,3.469655006916229237e-06,3.469655006915256843e-06,3.650829429269271571e-04,2.673222050672545147e-01,2.770599418423642258e-06,5.000000000000000000e+00,1.736111111111114380e-01
1.000000000000000000e+00,7.300000000000001137e+02,2.673395874199159250e-01,0.000000000000000000e+00,3.829995349158288320e-04,3.483276816548518139e-06,0.000000000000000000e+00,3.483276816548518139e-06,3.483276816547350928e-06,3.824652724855837028e-04,2.673395874199156474e-01,2.770779573813882750e-06,5.000000000000000000e+00,1.805555555555558578e-01
1.000000000000000000e+00,7.350000000000001137e+02,2.673570377706294687e-01,0.000000000000000000e+00,4.004498856293725595e-04,3.496861871597516309e-06,0.000000000000000000e+00,3.496861871597516309e-06,3.496861871595883229e-06,3.999156192059417653e-04,2.673570377706291357e-01,2.770960433954276809e-06,5.000000000000000000e+00,1.875000000000002498e-01
1.000000000000000000e+00,7.400000000000001137e+02,2.673745560466600502e-01,0.000000000000000000e+00,4.179681616599539851e-04,3.510453193458839898e-06,0.000000000000000000e+00,3.510453193458839898e-06,3.510453193457869199e-06,4.174339068685761506e-04,2.673745560466598281e-01,2.771141998090968499e-06,5.000000000000000000e+00,1.944444444444446973e-01
1.000000000000000000e+00,7.450000000000001137e+02,2.673921423695709287e-01,0.000000000000000000e+00,4.355544845708325674e-04,3.524085455334298629e-06,0.000000000000000000e+00,3.524085455334298629e-06,3.524085455333212733e-06,4.350202534905538436e-04,2.673921423695710953e-01,2.771324267483879519e-06,5.000000000000000000e+00,2.013888888888890893e-01
1.000000000000000000e+00,7.500000000000001137e+02,2.674097970163962223e-01,0.000000000000000000e+00,4.532091313961261747e-04,3.537786700303903421e-06,0.000000000000000000e+00,3.537786700303903421e-06,3.537786700302688776e-06,4.526749338796436160e-04,2.674097970163959448e-01,2.771507245004263096e-06,5.000000000000000000e+00,2.083333333333335091e-01
1.000000000000000000e+00,7.550000000000001137e+02,2.674275203898890396e-01,0.000000000000000000e+00,4.709325048889434484e-04,3.551579549201706756e-06,0.000000000000000000e+00,3.551579549201706756e-06,3.551579549200351504e-06,4.703983495034012277e-04,2.674275203898886510e-01,2.771690934826360697e-06,5.000000000000000000e+00,2.152777777777779289e-01
1.000000000000000000e+00,7.600000000000001137e+02,2.674453129954206254e-01,0.000000000000000000e+00,4.887251104205292407e-04,3.565482238184142574e-06,0.000000000000000000e+00,3.565482238184142574e-06,3.565482238183077007e-06,4.881910039718598032e-04,2.674453129954204034e-01,2.771875342187976735e-06,5.000000000000000000e+00,2.222222222222223209e-01
1.000000000000000000e+00,7.650000000000001137e+02,2.674631754203456446e-01,0.000000000000000000e+00,5.065875353455484564e-04,3.579509224665019748e-06,0.000000000000000000e+00,3.579509224665019748e-06,3.579509224663595038e-06,5.060534826289765122e-04,2.674631754203457001e-01,2.772060473176614605e-06,5.000000000000000000e+00,2.291666666666667407e-01
1.000000000000000000e+00,7.700000000000001137e+02,2.674811083164613801e-01,0.000000000000000000e+00,5.245204314612839092e-04,3.593672124876572474e-06,0.000000000000000000e+00,3.593672124876572474e-06,3.593672124875425591e-06,5.239864360028240620e-04,2.674811083164616576e-01,2.772246334547675888e-06,5.000000000000000000e+00,2.361111111111111327e-01
1.000000000000000000e+00,7.750000000000001137e+02,2.674991123858227460e-01,0.000000000000000000e+00,5.425245008226498022e-04,3.607979785840135405e-06,0.000000000000000000e+00,3.607979785840135405e-06,3.607979785838976664e-06,5.419905657796100177e-04,2.674991123858227460e-01,2.772432933577445921e-06,5.000000000000000000e+00,2.430555555555555525e-01
1.000000000000000000e+00,7.800000000000001137e+02,2.675171883694085762e-01,0.000000000000000000e+00,5.606004844084799821e-04,3.622438845184895880e-06,0.000000000000000000e+00,3.622438845184895880e-06,3.622438845183369527e-06,5.600666123571658569e-04,2.675171883694084651e-01,2.772620277945632354e-06,5.000000000000000000e+00,2.499999999999999445e-01
1.000000000000000000e+00,7.850000000000001137e+02,2.675353370365581851e-01,0.000000000000000000e+00,5.787491515580889256e-04,3.637053947884726123e-06,0.000000000000000000e+00,3.637053947884726123e-06,3.637053947883558911e-06,5.782153443398332102e-04,2.675353370365580741e-01,2.772808375625874703e-06,5.000000000000000000e+00,2.569444444444444198e-01
1.000000000000000000e+00,7.900000000000001137e+02,2.675535591753516185e-01,0.000000000000000000e+00,5.969712903515222990e-04,3.651827975214956491e-06,0.000000000000000000e+00,3.651827975214956491e-06,3.651827975213182804e-06,5.964375491475750780e-04,2.675535591753511189e-01,2.772997234786041798e-06,5.000000000000000000e+00,2.638888888888887840e-01
1.000000000000000000e+00,7.950000000000001137e+02,2.675718555844028845e-01,0.000000000000000000e+00,6.152676994027883595e-04,3.666762175499351222e-06,0.000000000000000000e+00,3.666762175499351222e-06,3.666762175498673596e-06,6.147340245243546877e-04,2.675718555844031066e-01,2.773186863703191792e-06,5.000000000000000000e+00,2.708333333333332038e-01
1.000000000000000000e+00,8.000000000000001137e+02,2.675902270649500592e-01,0.000000000000000000e+00,6.336391799499629940e-04,3.681856423698771116e-06,0.000000000000000000e+00,3.681856423698771116e-06,3.681856423697598823e-06,6.331055710223454196e-04,2.675902270649501147e-01,2.773377270681569633e-06,5.000000000000000000e+00,2.777777777777776236e-01
1.000000000000000000e+00,8.050000000000001137e+02,2.676086744141685236e-01,0.000000000000000000e+00,6.520865291684274645e-04,3.697109307399451127e-06,0.000000000000000000e+00,3.697109307399451127e-06,3.697109307398007783e-06,6.515529853500844158e-04,2.676086744141685791e-01,2.773568463983311717e-06,5.000000000000000000e+00,2.847222222222219878e-01
1.000000000000000000e+00,8.100000000000001137e+02,2.676271984191210263e-01,0.000000000000000000e+00,6.706105341209300796e-04,3.712518214310900724e-06,0.000000000000000000e+00,3.712518214310900724e-06,3.712518214309755535e-06,6.700770541543537868e-04,2.676271984191211373e-01,2.773760451765751902e-06,5.000000000000000000e+00,2.916666666666664631e-01
1.000000000000000000e+00,8.150000000000001137e+02,2.676457998510873848e-01,0.000000000000000000e+00,6.892119660872886300e-04,3.728079448972014271e-06,0.000000000000000000e+00,3.728079448972014271e-06,3.728079448970835201e-06,6.886785483125552670e-04,2.676457998510873848e-01,2.773953242022643773e-06,5.000000000000000000e+00,2.986111111111108829e-01
1.000000000000000000e+00,8.200000000000001137e+02,2.676644794603789124e-01,0.000000000000000000e+00,7.078915753788161958e-04,3.743788309759633860e-06,0.000000000000000000e+00,3.743788309759633860e-06,3.743788309758346370e-06,7.073582177093782480e-04,2.676644794603790234e-01,2.774146842530415977e-06,5.000000000000000000e+00,3.055555555555552472e-01
1.000000000000000000e+00,8.250000000000001137e+02,2.676832379714624288e-01,0.000000000000000000e+00,7.266500864623326450e-04,3.759639164747220861e-06,0.000000000000000000e+00,3.759639164747220861e-06,3.759639164746394157e-06,7.261167863956400790e-04,2.676832379714624843e-01,2.774341260797634003e-06,5.000000000000000000e+00,3.124999999999996669e-01
1.000000000000000000e+00,8.300000000000001137e+02,2.677020760784412645e-01,0.000000000000000000e+00,7.454881934411683453e-04,3.775625521817967481e-06,0.000000000000000000e+00,3.775625521817967481e-06,3.775625521816793493e-06,7.449549481120480016e-04,2.677020760784414311e-01,2.774536504018178318e-06,5.000000000000000000e+00,3.194444444444440867e-01
1.000000000000000000e+00,8.350000000000001137e+02,2.677209944409698061e-01,0.000000000000000000e+00,7.644065559697099665e-04,3.791740106793408196e-06,0.000000000000000000e+00,3.791740106793408196e-06,3.791740106792246067e-06,7.638733621835705522e-04,2.677209944409697506e-01,2.774732579028876203e-06,5.000000000000000000e+00,3.263888888888885065e-01
1.000000000000000000e+00,8.400000000000001137e+02,2.677399936804511493e-01,0.000000000000000000e+00,7.834057954510531552e-04,3.807974907058753948e-06,0.000000000000000000e+00,3.807974907058753948e-06,3.807974907057820518e-06,7.828726497181956890e-04,2.677399936804510383e-01,2.774929492270124885e-06,5.000000000000000000e+00,3.333333333333329263e-01
1.000000000000000000e+00,8.450000000000001137e+02,2.677590743764453607e-01,0.000000000000000000e+00,8.024864914452645159e-04,3.824321227360232087e-06,0.000000000000000000e+00,3.824321227360232087e-06,3.824321227359205483e-06,8.019533900542382548e-04,2.677590743764451942e-01,2.775127249748639875e-06,5.000000000000000000e+00,3.402777777777773460e-01
1.000000000000000000e+00,8.500000000000001137e+02,2.677782370634766984e-01,0.000000000000000000e+00,8.216491784766022377e-04,3.840769728221337352e-06,0.000000000000000000e+00,3.840769728221337352e-06,3.840769728220519118e-06,8.211161174431875435e-04,2.677782370634763098e-01,2.775325857004370283e-06,5.000000000000000000e+00,3.472222222222217103e-01
1.000000000000000000e+00,8.550000000000001137e+02,2.677974822279255984e-01,0.000000000000000000e+00,8.408943429255022473e-04,3.857310494358360642e-06,0.000000000000000000e+00,3.857310494358360642e-06,3.857310494357539020e-06,8.403613179996326753e-04,2.677974822279254874e-01,2.775525319078300558e-06,5.000000000000000000e+00,3.541666666666661301e-01
1.000000000000000000e+00,8.600000000000001137e+02,2.678168103051783988e-01,0.000000000000000000e+00,8.602224201783026380e-04,3.873933066784685994e-06,0.000000000000000000e+00,3.873933066784685994e-06,3.873933066783378175e-06,8.596894269024850030e-04,2.678168103051785653e-01,2.775725640482881414e-06,5.000000000000000000e+00,3.611111111111105498e-01
1.000000000000000000e+00,8.650000000000001137e+02,2.678362216770440729e-01,0.000000000000000000e+00,8.796337920439767366e-04,3.890626475764783583e-06,0.000000000000000000e+00,3.890626475764783583e-06,3.890626475763826436e-06,8.791008257588530696e-04,2.678362216770440729e-01,2.775926825175296618e-06,5.000000000000000000e+00,3.680555555555549696e-01
1.000000000000000000e+00,8.700000000000001137e+02,2.678557166693217306e-01,0.000000000000000000e+00,8.991287843216344555e-04,3.907379289789492094e-06,0.000000000000000000e+00,3.907379289789492094e-06,3.907379289788511230e-06,8.985958401727338731e-04,2.678557166693215086e-01,2.776128876532208711e-06,5.000000000000000000e+00,3.749999999999993894e-01
1.000000000000000000e+00,8.750000000000001137e+02,2.678752955495532495e-01,0.000000000000000000e+00,9.187076645531533359e-04,3.924179649388916688e-06,0.000000000000000000e+00,3.924179649388916688e-06,3.924179649387739312e-06,9.181747375206745316e-04,2.678752955495534160e-01,2.776331797326498207e-06,5.000000000000000000e+00,3.819444444444438092e-01
1.000000000000000000e+00,8.800000000000001137e+02,2.678949585249665311e-01,0.000000000000000000e+00,9.383706399664348830e-04,3.941015295966731561e-06,0.000000000000000000e+00,3.941015295966731561e-06,3.941015295965559267e-06,9.378377248840577942e-04,2.678949585249665866e-01,2.776535589705924292e-06,5.000000000000000000e+00,3.888888888888882289e-01
1.000000000000000000e+00,8.850000000000001137e+02,2.679147057405512067e-01,0.000000000000000000e+00,9.581178555511105088e-04,3.957873592468481817e-06,0.000000000000000000e+00,3.957873592468481817e-06,3.957873592467475542e-06,9.575849471051403388e-04,2.679147057405514842e-01,2.776740255173204308e-06,5.000000000000000000e+00,3.958333333333325932e-01
1.000000000000000000e+00,8.900000000000001137e+02,2.679345372773067613e-01,0.000000000000000000e+00,9.779493923066651107e-04,3.974741572938004987e-06,0.000000000000000000e+00,3.974741572938004987e-06,3.974741572936700556e-06,9.774164850186507249e-04,2.679345372773069278e-01,2.776945794567838537e-06,5.000000000000000000e+00,4.027777777777770130e-01
1.000000000000000000e+00,8.950000000000001137e+02,2.679544531506011795e-01,0.000000000000000000e+00,9.978652656010833510e-04,3.991605964151560522e-06,0.000000000000000000e+00,3.991605964151560522e-06,3.991605964150445827e-06,9.973323538613686721e-04,2.679544531506010685e-01,2.777152208049100513e-06,5.000000000000000000e+00,4.097222222222214327e-01
1.000000000000000000e+00,9.000000000000001137e+02,2.679744533086559910e-01,0.000000000000000000e+00,1.017865423655894830e-03,4.008453204830115905e-06,0.000000000000000000e+00,4.008453204830115905e-06,4.008453204828974105e-06,1.017332501783817320e-03,2.679744533086556579e-01,2.777359495080347855e-06,5.000000000000000000e+00,4.166666666666658525e-01
1.000000000000000000e+00,9.050000000000001137e+02,2.679945376312352634e-01,0.000000000000000000e+00,1.037949746235167225e-03,4.025269461857113799e-06,0.000000000000000000e+00,4.025269461857113799e-06,4.025269461856317588e-06,1.037416808450530468e-03,2.679945376312352634e-01,2.777567654415423996e-06,5.000000000000000000e+00,4.236111111111102723e-01
1.000000000000000000e+00,9.100000000000001137e+02,2.680147059284103683e-01,0.000000000000000000e+00,1.058118043410272158e-03,4.042040672801179406e-06,0.000000000000000000e+00,4.042040672801179406e-06,4.042040672800113838e-06,1.057585083787171637e-03,2.680147059284105904e-01,2.777776684085854437e-06,5.000000000000000000e+00,4.305555555555546920e-01
1.000000000000000000e+00,9.150000000000001137e+02,2.680349579393714876e-01,0.000000000000000000e+00,1.078370054371391440e-03,4.058752575002669445e-06,0.000000000000000000e+00,4.058752575002669445e-06,4.058752575001337910e-06,1.077837066906675188e-03,2.680349579393715986e-01,2.777986581388537660e-06,5.000000000000000000e+00,4.374999999999990563e-01
1.000000000000000000e+00,9.200000000000001137e+02,2.680552933314242492e-01,0.000000000000000000e+00,1.098705446424153021e-03,4.075390696467071864e-06,0.000000000000000000e+00,4.075390696467071864e-06,4.075390696465938534e-06,1.098172425085343351e-03,2.680552933314241937e-01,2.778197342875338488e-06,5.000000000000000000e+00,4.444444444444435316e-01
1.000000000000000000e+00,9.250000000000001137e+02,2.680757116991150935e-01,0.000000000000000000e+00,1.119123814114997284e-03,4.091940387485558904e-06,0.000000000000000000e+00,4.091940387485558904e-06,4.091940387484908383e-06,1.118590752795220510e-03,2.680757116991150935e-01,2.778408964344025247e-06,5.000000000000000000e+00,4.513888888888879514e-01
1.000000000000000000e+00,9.300000000000001137e+02,2.680962125634184234e-01,0.000000000000000000e+00,1.139624678418327264e-03,4.108386850858206866e-06,0.000000000000000000e+00,4.108386850858206866e-06,4.108386850857187038e-06,1.139091570891075794e-03,2.680962125634183124e-01,2.778621440829854078e-06,5.000000000000000000e+00,4.583333333333323156e-01
1.000000000000000000e+00,9.350000000000001137e+02,2.681167953710082430e-01,0.000000000000000000e+00,1.160207486008146827e-03,4.124715187562448310e-06,0.000000000000000000e+00,4.124715187562448310e-06,4.124715187561630076e-06,1.159674325987122790e-03,2.681167953710083540e-01,2.778834766597996459e-06,5.000000000000000000e+00,4.652777777777767354e-01
1.000000000000000000e+00,9.400000000000001137e+02,2.681374594935872491e-01,0.000000000000000000e+00,1.180871608587152899e-03,4.140910365524308988e-06,0.000000000000000000e+00,4.140910365524308988e-06,4.140910365522921548e-06,1.180338389869834076e-03,2.681374594935874156e-01,2.779048935136613439e-06,5.000000000000000000e+00,4.722222222222211552e-01
1.000000000000000000e+00,9.450000000000001137e+02,2.681582042275273969e-01,0.000000000000000000e+00,1.201616342527300763e-03,4.156957226045172079e-06,0.000000000000000000e+00,4.156957226045172079e-06,4.156957226044062466e-06,1.201083058848751535e-03,2.681582042275275080e-01,2.779263939153116837e-06,5.000000000000000000e+00,4.791666666666655749e-01
1.000000000000000000e+00,9.500000000000001137e+02,2.681790287934352479e-01,0.000000000000000000e+00,1.222440908435151741e-03,4.172840575858132047e-06,0.000000000000000000e+00,4.172840575858132047e-06,4.172840575857202005e-06,1.221907553353504669e-03,2.681790287934354700e-01,2.779479770569659638e-06,5.000000000000000000e+00,4.861111111111099947e-01
1.000000000000000000e+00,9.550000000000001137e+02,2.681999323357303622e-01,0.000000000000000000e+00,1.243344450730266004e-03,4.188545193497878914e-06,0.000000000000000000e+00,4.188545193497878914e-06,4.188545193497062374e-06,1.242811017776890336e-03,2.681999323357303067e-01,2.779696420518779701e-06,5.000000000000000000e+00,4.930555555555544145e-01
1.000000000000000000e+00,9.600000000000001137e+02,2.682209139223767913e-01,0.000000000000000000e+00,1.264326037376695133e-03,4.204055826383903038e-06,0.000000000000000000e+00,4.204055826383903038e-06,4.204055826382605384e-06,1.263792520326589451e-03,2.682209139223766803e-01,2.779913879340599047e-06,5.000000000000000000e+00,4.999999999999988343e-01
1.000000000000000000e+00,9.650000000000001137e+02,2.682419725449650683e-01,0.000000000000000000e+00,1.285384659964972087e-03,4.219357103923920382e-06,0.000000000000000000e+00,4.219357103923920382e-06,4.219357103922741312e-06,1.284851052652352795e-03,2.682419725449652348e-01,2.780132136583693335e-06,5.000000000000000000e+00,5.069444444444431985e-01
1.000000000000000000e+00,9.700000000000001137e+02,2.682631071188726346e-01,0.000000000000000000e+00,1.306519233872538432e-03,4.234433712858894755e-06,0.000000000000000000e+00,4.234433712858894755e-06,4.234433712857857987e-06,1.305985529694304219e-03,2.682631071188728011e-01,2.780351181006741040e-06,5.000000000000000000e+00,5.138888888888876183e-01
1.000000000000000000e+00,9.750000000000001137e+02,2.682843164829002980e-01,0.000000000000000000e+00,1.327728597900201812e-03,4.249270498395641088e-06,0.000000000000000000e+00,4.249270498395641088e-06,4.249270498394367998e-06,1.327194790222434870e-03,2.682843164829003535e-01,2.780571000574763468e-06,5.000000000000000000e+00,5.208333333333320381e-01
1.000000000000000000e+00,9.800000000000001137e+02,2.683055993994710176e-01,0.000000000000000000e+00,1.349011514470921380e-03,4.263852293971431178e-06,0.000000000000000000e+00,4.263852293971431178e-06,4.263852293970019174e-06,1.348477597203345856e-03,2.683055993994709065e-01,2.780791582461172887e-06,5.000000000000000000e+00,5.277777777777764578e-01
1.000000000000000000e+00,9.850000000000001137e+02,2.683269545551287827e-01,0.000000000000000000e+00,1.370366670128686515e-03,4.278163871768777150e-06,0.000000000000000000e+00,4.278163871768777150e-06,4.278163871768242672e-06,1.369832637617691582e-03,2.683269545551288382e-01,2.781012913052961871e-06,5.000000000000000000e+00,5.347222222222208776e-01
1.000000000000000000e+00,9.900000000000001137e+02,2.683483805616087015e-01,0.000000000000000000e+00,1.391792676608605284e-03,4.292189996105761263e-06,0.000000000000000000e+00,4.292189996105761263e-06,4.292189996104437350e-06,1.391258522287373324e-03,2.683483805616084794e-01,2.781234977961775291e-06,5.000000000000000000e+00,5.416666666666652974e-01
1.000000000000000000e+00,9.950000000000001137e+02,2.683698759556845670e-01,0.000000000000000000e+00,1.413288070684470821e-03,4.305915975258837775e-06,0.000000000000000000e+00,4.305915975258837775e-06,4.305915975257994977e-06,1.412753787215779424e-03,2.683698759556842894e-01,2.781457762022345425e-06,5.000000000000000000e+00,5.486111111111097172e-01
1.000000000000000000e+00,1.000000000000000114e+03,2.683914391986901848e-01,0.000000000000000000e+00,1.434851313690088670e-03,4.319327302107553305e-06,0.000000000000000000e+00,4.319327302107553305e-06,4.319327302106534324e-06,1.434316895409190737e-03,2.683914391986901848e-01,2.781681249287518600e-06,5.000000000000000000e+00,5.555555555555540259e-01
1.000000000000000000e+00,1.005000000000000114e+03,2.684130686787594700e-01,0.000000000000000000e+00,1.456480793759373782e-03,4.332409073978885907e-06,0.000000000000000000e+00,4.332409073978885907e-06,4.332409073977921984e-06,1.455946236349401918e-03,2.684130686787595810e-01,2.781905423051482107e-06,5.000000000000000000e+00,5.624999999999985567e-01
1.000000000000000000e+00,1.010000000000000114e+03,2.684347627122861679e-01,0.000000000000000000e+00,1.478174827286071746e-03,4.345146484800092683e-06,0.000000000000000000e+00,4.345146484800092683e-06,4.345146484799128760e-06,1.477640125246344445e-03,2.684347627122861679e-01,2.782130265864885014e-06,5.000000000000000000e+00,5.694444444444429765e-01
1.000000000000000000e+00,1.015000000000000114e+03,2.684565195444177377e-01,0.000000000000000000e+00,1.499931659417641505e-03,4.357525626431844282e-06,0.000000000000000000e+00,4.357525626431844282e-06,4.357525626430806667e-06,1.499396805524419365e-03,2.684565195444179597e-01,2.782355759539963978e-06,5.000000000000000000e+00,5.763888888888873963e-01
1.000000000000000000e+00,1.020000000000000114e+03,2.684783373486924751e-01,0.000000000000000000e+00,1.521749463692378956e-03,4.369532889246149074e-06,0.000000000000000000e+00,4.369532889246149074e-06,4.369532889244981016e-06,1.521214451813608778e-03,2.684783373486924751e-01,2.782581885146773109e-06,5.000000000000000000e+00,5.833333333333319271e-01
1.000000000000000000e+00,1.025000000000000000e+03,2.685002142295288552e-01,0.000000000000000000e+00,1.543626344528759020e-03,4.381154014277620053e-06,0.000000000000000000e+00,4.381154014277620053e-06,4.381154014276567191e-06,1.543091169072412228e-03,2.685002142295289107e-01,2.782808623038999835e-06,5.000000000000000000e+00,5.902777777777763468e-01
1.000000000000000000e+00,1.030000000000000000e+03,2.685221482238634438e-01,0.000000000000000000e+00,1.565560338863347667e-03,4.392376014930456476e-06,0.000000000000000000e+00,4.392376014930456476e-06,4.392376014929709393e-06,1.565024994145428018e-03,2.685221482238633328e-01,2.783035952870919963e-06,5.000000000000000000e+00,5.972222222222207666e-01
1.000000000000000000e+00,1.035000000000000000e+03,2.685441373022344758e-01,0.000000000000000000e+00,1.587549417234379590e-03,4.403185579945431845e-06,0.000000000000000000e+00,4.403185579945431845e-06,4.403185579944151979e-06,1.587013898132612734e-03,2.685441373022343647e-01,2.783263853608653051e-06,5.000000000000000000e+00,6.041666666666650753e-01
1.000000000000000000e+00,1.040000000000000000e+03,2.685661793709755996e-01,0.000000000000000000e+00,1.609591485975503389e-03,4.413569939903946664e-06,0.000000000000000000e+00,4.413569939903946664e-06,4.413569939903284284e-06,1.609055786932231261e-03,2.685661793709758771e-01,2.783492303552867128e-06,5.000000000000000000e+00,6.111111111111093841e-01
1.000000000000000000e+00,1.045000000000000000e+03,2.685882722734980188e-01,0.000000000000000000e+00,1.631684388497922633e-03,4.423517096112878418e-06,0.000000000000000000e+00,4.423517096112878418e-06,4.423517096111839109e-06,1.631148504522269031e-03,2.685882722734979078e-01,2.783721280352097017e-06,5.000000000000000000e+00,6.180555555555536928e-01
1.000000000000000000e+00,1.050000000000000000e+03,2.686104137925475199e-01,0.000000000000000000e+00,1.653825907547423757e-03,4.433014683053163767e-06,0.000000000000000000e+00,4.433014683053163767e-06,4.433014683052342145e-06,1.653289833970179434e-03,2.686104137925475199e-01,2.783950761026127947e-06,5.000000000000000000e+00,6.249999999999984457e-01
1.000000000000000000e+00,1.055000000000000000e+03,2.686326016524386295e-01,0.000000000000000000e+00,1.676013767438533364e-03,4.442051500502392219e-06,0.000000000000000000e+00,4.442051500502392219e-06,4.442051500501391873e-06,1.675477499429063729e-03,2.686326016524386850e-01,2.784180721989133956e-06,5.000000000000000000e+00,6.319444444444429765e-01
1.000000000000000000e+00,1.060000000000000000e+03,2.686548335212174954e-01,0.000000000000000000e+00,1.698245636217399213e-03,4.450616446541469991e-06,0.000000000000000000e+00,4.450616446541469991e-06,4.450616446540345131e-06,1.697709169296667984e-03,2.686548335212174954e-01,2.784411139072121294e-06,5.000000000000000000e+00,6.388888888888876183e-01
1.000000000000000000e+00,1.065000000000000000e+03,2.686771070131692696e-01,0.000000000000000000e+00,1.720519128169173406e-03,4.458699057135396995e-06,0.000000000000000000e+00,4.458699057135396995e-06,4.458699057134296699e-06,1.719982458055854639e-03,2.686771070131691586e-01,2.784641987548894648e-06,5.000000000000000000e+00,6.458333333333321491e-01
1.000000000000000000e+00,1.070000000000000000e+03,2.686994196914974653e-01,0.000000000000000000e+00,1.742831806497369129e-03,4.466289367523494300e-06,0.000000000000000000e+00,4.466289367523494300e-06,4.466289367522953893e-06,1.742294929117497700e-03,2.686994196914976318e-01,2.784873242163846172e-06,5.000000000000000000e+00,6.527777777777765689e-01
1.000000000000000000e+00,1.075000000000000000e+03,2.687217690715943408e-01,0.000000000000000000e+00,1.765181186594244611e-03,4.473378004074313229e-06,0.000000000000000000e+00,4.473378004074313229e-06,4.473378004073069785e-06,1.764644097546487706e-03,2.687217690715943408e-01,2.785104877165815204e-06,5.000000000000000000e+00,6.597222222222209886e-01
1.000000000000000000e+00,1.080000000000000000e+03,2.687441526230853750e-01,0.000000000000000000e+00,1.787564738085278826e-03,4.479956193687402921e-06,0.000000000000000000e+00,4.479956193687402921e-06,4.479956193686289919e-06,1.787027433040886196e-03,2.687441526230852085e-01,2.785336866329333126e-06,5.000000000000000000e+00,6.666666666666652974e-01
1.000000000000000000e+00,1.085000000000000000e+03,2.687665677725193381e-01,0.000000000000000000e+00,1.809979887519241881e-03,4.486015803171973688e-06,0.000000000000000000e+00,4.486015803171973688e-06,4.486015803171085998e-06,1.809442363033029718e-03,2.687665677725196711e-01,2.785569182982453477e-06,5.000000000000000000e+00,6.736111111111097172e-01
1.000000000000000000e+00,1.090000000000000000e+03,2.687890119079767715e-01,0.000000000000000000e+00,1.832424022976675282e-03,4.491549374544501433e-06,0.000000000000000000e+00,4.491549374544501433e-06,4.491549374543598496e-06,1.831886275977316538e-03,2.687890119079766049e-01,2.785801800054537741e-06,5.000000000000000000e+00,6.805555555555540259e-01
1.000000000000000000e+00,1.095000000000000000e+03,2.688114823819596211e-01,0.000000000000000000e+00,1.854894496959524908e-03,4.496550147064601473e-06,0.000000000000000000e+00,4.496550147064601473e-06,4.496550147063742582e-06,1.854356524781334854e-03,2.688114823819596211e-01,2.786034690106198383e-06,5.000000000000000000e+00,6.874999999999983347e-01
1.000000000000000000e+00,1.100000000000000000e+03,2.688339765157153338e-01,0.000000000000000000e+00,1.877388630715237650e-03,4.501012099942504287e-06,0.000000000000000000e+00,4.501012099942504287e-06,4.501012099941570009e-06,1.876850430398848074e-03,2.688339765157155004e-01,2.786267825374126802e-06,5.000000000000000000e+00,6.944444444444427544e-01
1.000000000000000000e+00,1.105000000000000000e+03,2.688564916008130412e-01,0.000000000000000000e+00,1.899903715812945038e-03,4.504929986311697102e-06,0.000000000000000000e+00,4.504929986311697102e-06,4.504929986310922067e-06,1.899365285614479197e-03,2.688564916008130967e-01,2.786501177787414380e-06,5.000000000000000000e+00,7.013888888888870632e-01
1.000000000000000000e+00,1.110000000000000000e+03,2.688790249051962733e-01,0.000000000000000000e+00,1.922437020196177127e-03,4.508299354913807607e-06,0.000000000000000000e+00,4.508299354913807607e-06,4.508299354913150310e-06,1.921898358967539296e-03,2.688790249051966064e-01,2.786734719030286707e-06,5.000000000000000000e+00,7.083333333333314830e-01
1.000000000000000000e+00,1.115000000000000000e+03,2.689015736767121356e-01,0.000000000000000000e+00,1.944985791712039447e-03,4.511116570269351888e-06,0.000000000000000000e+00,4.511116570269351888e-06,4.511116570268205852e-06,1.944446898780492587e-03,2.689015736767121911e-01,2.786968420578694988e-06,5.000000000000000000e+00,7.152777777777757917e-01
1.000000000000000000e+00,1.120000000000000000e+03,2.689241351474392916e-01,0.000000000000000000e+00,1.967547262439195421e-03,4.513378903721667072e-06,0.000000000000000000e+00,4.513378903721667072e-06,4.513378903720993681e-06,1.967008137465465784e-03,2.689241351474391251e-01,2.787202253745155838e-06,5.000000000000000000e+00,7.222222222222202115e-01
1.000000000000000000e+00,1.125000000000000000e+03,2.689467065382021294e-01,0.000000000000000000e+00,1.990118653202033183e-03,4.515084497471350293e-06,0.000000000000000000e+00,4.515084497471350293e-06,4.515084497470646408e-06,1.989579295968445065e-03,2.689467065382020738e-01,2.787436189725535465e-06,5.000000000000000000e+00,7.291666666666645202e-01
1.000000000000000000e+00,1.130000000000000000e+03,2.689692850626413945e-01,0.000000000000000000e+00,2.012697177641298296e-03,4.516232370155569839e-06,0.000000000000000000e+00,4.516232370155569839e-06,4.516232370154675373e-06,2.012157588137508408e-03,2.689692850626415055e-01,2.787670199641265359e-06,5.000000000000000000e+00,7.361111111111088290e-01
1.000000000000000000e+00,1.135000000000000000e+03,2.689918679321871009e-01,0.000000000000000000e+00,2.035280047187004726e-03,4.516822529216696000e-06,0.000000000000000000e+00,4.516822529216696000e-06,4.516822529215793063e-06,2.034740225385934468e-03,2.689918679321869899e-01,2.787904254590848675e-06,5.000000000000000000e+00,7.430555555555532488e-01
1.000000000000000000e+00,1.140000000000000000e+03,2.690144523603548721e-01,0.000000000000000000e+00,2.057864475354775902e-03,4.516855979199740944e-06,0.000000000000000000e+00,4.516855979199740944e-06,4.516855979198789726e-06,2.057324421656970756e-03,2.690144523603547055e-01,2.788138325694412476e-06,5.000000000000000000e+00,7.499999999999976685e-01
1.000000000000000000e+00,1.145000000000000000e+03,2.690370355681570569e-01,0.000000000000000000e+00,2.080447683156960714e-03,4.516334702434823681e-06,0.000000000000000000e+00,4.516334702434823681e-06,4.516334702433807242e-06,2.079907398361052241e-03,2.690370355681572234e-01,2.788372384149777493e-06,5.000000000000000000e+00,7.569444444444421993e-01
1.000000000000000000e+00,1.150000000000000000e+03,2.690596147894105949e-01,0.000000000000000000e+00,2.103026904410498776e-03,4.515261654016934536e-06,0.000000000000000000e+00,4.515261654016934536e-06,4.515261654016052775e-06,2.102486389252176697e-03,2.690596147894105949e-01,2.788606401287477161e-06,5.000000000000000000e+00,7.638888888888866191e-01
1.000000000000000000e+00,1.155000000000000000e+03,2.690821872753476063e-01,0.000000000000000000e+00,2.125599390347510109e-03,4.513640829084461102e-06,0.000000000000000000e+00,4.513640829084461102e-06,4.513640829083370124e-06,2.125058645459925073e-03,2.690821872753476063e-01,2.788840348618540855e-06,5.000000000000000000e+00,7.708333333333311499e-01
1.000000000000000000e+00,1.160000000000000000e+03,2.691047502986324003e-01,0.000000000000000000e+00,2.148162413632304091e-03,4.511477386318360559e-06,0.000000000000000000e+00,4.511477386318360559e-06,4.511477386317408494e-06,2.147621440998427177e-03,2.691047502986323448e-01,2.789074197876124722e-06,5.000000000000000000e+00,7.777777777777755697e-01
1.000000000000000000e+00,1.165000000000000000e+03,2.691273011598152021e-01,0.000000000000000000e+00,2.170713274815105898e-03,4.508777563687473922e-06,0.000000000000000000e+00,4.508777563687473922e-06,4.508777563686416825e-06,2.170172078373436807e-03,2.691273011598150910e-01,2.789307921082406098e-06,5.000000000000000000e+00,7.847222222222199894e-01
1.000000000000000000e+00,1.170000000000000000e+03,2.691498371957709024e-01,0.000000000000000000e+00,2.193249310770806204e-03,4.505548569011896365e-06,0.000000000000000000e+00,4.505548569011896365e-06,4.505548569010840115e-06,2.192707893705180076e-03,2.691498371957707914e-01,2.789541490636035010e-06,5.000000000000000000e+00,7.916666666666644092e-01
1.000000000000000000e+00,1.175000000000000000e+03,2.691723557813435752e-01,0.000000000000000000e+00,2.215767896343479038e-03,4.501798843118177160e-06,0.000000000000000000e+00,4.501798843118177160e-06,4.501798843117408054e-06,2.215226262235500503e-03,2.691723557813437417e-01,2.789774879329187063e-06,5.000000000000000000e+00,7.986111111111089400e-01
1.000000000000000000e+00,1.180000000000000000e+03,2.691948543355957013e-01,0.000000000000000000e+00,2.238266450595605139e-03,4.497537911436728193e-06,0.000000000000000000e+00,4.497537911436728193e-06,4.497537911435735470e-06,2.237724604121883558e-03,2.691948543355954793e-01,2.790008060412331388e-06,5.000000000000000000e+00,8.055555555555533598e-01
1.000000000000000000e+00,1.185000000000000000e+03,2.692173303279849494e-01,0.000000000000000000e+00,2.260742442984853273e-03,4.492776256043158709e-06,0.000000000000000000e+00,4.492776256043158709e-06,4.492776256042370121e-06,2.260200389540579016e-03,2.692173303279848384e-01,2.790241007658246856e-06,5.000000000000000000e+00,8.124999999999977796e-01
1.000000000000000000e+00,1.190000000000000000e+03,2.692397812837489246e-01,0.000000000000000000e+00,2.283193398748828429e-03,4.487525735865621605e-06,0.000000000000000000e+00,4.487525735865621605e-06,4.487525735864617024e-06,2.282651144520346335e-03,2.692397812837491466e-01,2.790473695417823336e-06,5.000000000000000000e+00,8.194444444444423103e-01
1.000000000000000000e+00,1.195000000000000000e+03,2.692622047917845873e-01,0.000000000000000000e+00,2.305616906784491160e-03,4.481799220183835101e-06,0.000000000000000000e+00,4.481799220183835101e-06,4.481799220183065148e-06,2.305074456910465464e-03,2.692622047917846428e-01,2.790706098701745317e-06,5.000000000000000000e+00,8.263888888888867301e-01
1.000000000000000000e+00,1.200000000000000000e+03,2.692845985067817693e-01,0.000000000000000000e+00,2.328010621781673173e-03,4.475610934641004927e-06,0.000000000000000000e+00,4.475610934641004927e-06,4.475610934640154506e-06,2.327467982297523434e-03,2.692845985067818249e-01,2.790938193202580832e-06,5.000000000000000000e+00,8.333333333333311499e-01
1.000000000000000000e+00,1.205000000000000000e+03,2.693069601569182958e-01,0.000000000000000000e+00,2.350372271918199640e-03,4.468976000949457952e-06,0.000000000000000000e+00,4.468976000949457952e-06,4.468976000948555862e-06,2.349829449636495031e-03,2.693069601569184068e-01,2.791169955374554602e-06,5.000000000000000000e+00,8.402777777777756807e-01
1.000000000000000000e+00,1.210000000000000000e+03,2.693292875490864158e-01,0.000000000000000000e+00,2.372699664086319604e-03,4.461910780359297122e-06,0.000000000000000000e+00,4.461910780359297122e-06,4.461910780358422137e-06,2.372156666589762385e-03,2.693292875490861937e-01,2.791401362487705198e-06,5.000000000000000000e+00,8.472222222222201005e-01
1.000000000000000000e+00,1.215000000000000000e+03,2.693515785746462554e-01,0.000000000000000000e+00,2.394990689646159243e-03,4.454432799047240027e-06,0.000000000000000000e+00,4.454432799047240027e-06,4.454432799046523437e-06,2.394447525538274859e-03,2.693515785746461444e-01,2.791632392687524638e-06,5.000000000000000000e+00,8.541666666666646313e-01
1.000000000000000000e+00,1.220000000000000000e+03,2.693738312152310632e-01,0.000000000000000000e+00,2.417243330230967047e-03,4.446560339331003680e-06,0.000000000000000000e+00,4.446560339331003680e-06,4.446560339330251515e-06,2.416700008384216856e-03,2.693738312152310632e-01,2.791863025055107886e-06,5.000000000000000000e+00,8.611111111111090510e-01
1.000000000000000000e+00,1.225000000000000000e+03,2.693960435480088345e-01,0.000000000000000000e+00,2.439455663008738284e-03,4.438313069771801392e-06,0.000000000000000000e+00,4.438313069771801392e-06,4.438313069771015345e-06,2.438912191906970027e-03,2.693960435480088345e-01,2.792093239661713633e-06,5.000000000000000000e+00,8.680555555555534708e-01
1.000000000000000000e+00,1.230000000000000000e+03,2.694182137497647123e-01,0.000000000000000000e+00,2.461625864764616090e-03,4.429711652832306898e-06,0.000000000000000000e+00,4.429711652832306898e-06,4.429711652831394644e-06,2.461082253713475863e-03,2.694182137497647678e-01,2.792323017611042677e-06,5.000000000000000000e+00,8.749999999999978906e-01
1.000000000000000000e+00,1.235000000000000000e+03,2.694403401048647839e-01,0.000000000000000000e+00,2.483752219864687749e-03,4.420777796075845464e-06,0.000000000000000000e+00,4.420777796075845464e-06,4.420777796075037395e-06,2.483208477335741883e-03,2.694403401048647839e-01,2.792552341121810085e-06,5.000000000000000000e+00,8.819444444444424214e-01
1.000000000000000000e+00,1.240000000000000000e+03,2.694624210066713377e-01,0.000000000000000000e+00,2.505833121671241503e-03,4.411534166994676384e-06,0.000000000000000000e+00,4.411534166994676384e-06,4.411534166993930148e-06,2.505289257243414457e-03,2.694624210066710601e-01,2.792781193542384456e-06,5.000000000000000000e+00,8.888888888888868411e-01
1.000000000000000000e+00,1.245000000000000000e+03,2.694844549641733922e-01,0.000000000000000000e+00,2.527867079173296005e-03,4.402004344815810505e-06,0.000000000000000000e+00,4.402004344815810505e-06,4.402004344815054104e-06,2.527323103522936907e-03,2.694844549641734477e-01,2.793009559419534395e-06,5.000000000000000000e+00,8.958333333333312609e-01
1.000000000000000000e+00,1.250000000000000000e+03,2.695064406073239827e-01,0.000000000000000000e+00,2.549852722323886489e-03,4.392212707280677595e-06,0.000000000000000000e+00,4.392212707280677595e-06,4.392212707279902560e-06,2.549308646153174499e-03,2.695064406073240937e-01,2.793237424553712653e-06,5.000000000000000000e+00,9.027777777777757917e-01
1.000000000000000000e+00,1.255000000000000000e+03,2.695283766861265584e-01,0.000000000000000000e+00,2.571788801126462243e-03,4.382184123065480997e-06,0.000000000000000000e+00,4.382184123065480997e-06,4.382184123064622106e-06,2.571244638229035900e-03,2.695283766861266694e-01,2.793464775989623570e-06,5.000000000000000000e+00,9.097222222222202115e-01
1.000000000000000000e+00,1.260000000000000000e+03,2.695502620832339047e-01,0.000000000000000000e+00,2.593674198233808514e-03,4.371943966014901902e-06,0.000000000000000000e+00,4.371943966014901902e-06,4.371943966014003200e-06,2.593129958451732484e-03,2.695502620832338492e-01,2.793691602146777110e-06,5.000000000000000000e+00,9.166666666666646313e-01
1.000000000000000000e+00,1.265000000000000000e+03,2.695720958045935145e-01,0.000000000000000000e+00,2.615507919593418329e-03,4.361518921035218788e-06,0.000000000000000000e+00,4.361518921035218788e-06,4.361518921034520833e-06,2.614963615669353703e-03,2.695720958045934035e-01,2.793917892722548482e-06,5.000000000000000000e+00,9.236111111111092731e-01
1.000000000000000000e+00,1.270000000000000000e+03,2.695938769964523196e-01,0.000000000000000000e+00,2.637289111452223445e-03,4.350935182433883378e-06,0.000000000000000000e+00,4.350935182433883378e-06,4.350935182433092249e-06,2.636744750928022782e-03,2.695938769964522641e-01,2.794143638868407579e-06,5.000000000000000000e+00,9.305555555555536928e-01
1.000000000000000000e+00,1.275000000000000000e+03,2.696156049294230472e-01,0.000000000000000000e+00,2.659017044422951059e-03,4.340219848320222044e-06,0.000000000000000000e+00,4.340219848320222044e-06,4.340219848319408045e-06,2.658472638504904163e-03,2.696156049294229917e-01,2.794368833024792869e-06,5.000000000000000000e+00,9.374999999999982236e-01
1.000000000000000000e+00,1.280000000000000000e+03,2.696372790137847586e-01,0.000000000000000000e+00,2.680691128784662425e-03,4.329399699845180773e-06,0.000000000000000000e+00,4.329399699845180773e-06,4.329399699844216003e-06,2.680146687375313357e-03,2.696372790137847031e-01,2.794593469079666224e-06,5.000000000000000000e+00,9.444444444444426434e-01
1.000000000000000000e+00,1.285000000000000000e+03,2.696588987914722013e-01,0.000000000000000000e+00,2.702310906472105145e-03,4.318501442231760252e-06,0.000000000000000000e+00,4.318501442231760252e-06,4.318501442230816657e-06,2.701766440230500901e-03,2.696588987914723123e-01,2.794817542285526560e-06,5.000000000000000000e+00,9.513888888888869522e-01
1.000000000000000000e+00,1.290000000000000000e+03,2.696804639382943680e-01,0.000000000000000000e+00,2.723876053294271848e-03,4.307551254172190414e-06,0.000000000000000000e+00,4.307551254172190414e-06,4.307551254171431473e-06,2.723331571971506458e-03,2.696804639382944790e-01,2.795041049282367393e-06,5.000000000000000000e+00,9.583333333333313719e-01
1.000000000000000000e+00,1.295000000000000000e+03,2.697019742586704849e-01,0.000000000000000000e+00,2.745386373670388735e-03,4.296575105028318305e-06,0.000000000000000000e+00,4.296575105028318305e-06,4.296575105027580539e-06,2.744841887869504081e-03,2.697019742586704294e-01,2.795263988043142318e-06,5.000000000000000000e+00,9.652777777777756807e-01
1.000000000000000000e+00,1.300000000000000000e+03,2.697234296869470138e-01,0.000000000000000000e+00,2.766841801946917645e-03,4.285598046757302512e-06,0.000000000000000000e+00,4.285598046757302512e-06,4.285598046756367388e-06,2.766297320748963874e-03,2.697234296869467918e-01,2.795486357887390382e-06,5.000000000000000000e+00,9.722222222222201005e-01
1.000000000000000000e+00,1.305000000000000000e+03,2.697448302779125173e-01,0.000000000000000000e+00,2.788242392912421153e-03,4.274644338398310699e-06,0.000000000000000000e+00,4.274644338398310699e-06,4.274644338397616979e-06,2.787697926711848757e-03,2.697448302779127949e-01,2.795708159382959084e-06,5.000000000000000000e+00,9.791666666666645202e-01
1.000000000000000000e+00,1.310000000000000000e+03,2.697661762088717219e-01,0.000000000000000000e+00,2.809588323871625715e-03,4.263736865577638928e-06,0.000000000000000000e+00,4.263736865577638928e-06,4.263736865576951984e-06,2.809043879721785219e-03,2.697661762088719994e-01,2.795929394367486404e-06,5.000000000000000000e+00,9.861111111111088290e-01
1.000000000000000000e+00,1.315000000000000000e+03,2.697874677619014339e-01,0.000000000000000000e+00,2.830879876901337688e-03,4.252897191897224785e-06,0.000000000000000000e+00,4.252897191897224785e-06,4.252897191896251544e-06,2.830335464865468397e-03,2.697874677619014894e-01,2.796150065764484112e-06,5.000000000000000000e+00,9.930555555555533598e-01
1.000000000000000000e+00,1.320000000000000000e+03,2.698087053286783998e-01,0.000000000000000000e+00,2.852117443678303665e-03,4.242145160896843492e-06,0.000000000000000000e+00,4.242145160896843492e-06,4.242145160896085397e-06,2.851573070747449173e-03,2.698087053286783998e-01,2.796370177633402502e-06,5.000000000000000000e+00,9.999999999999977796e-01
1.000000000000000000e+00,1.325000000000000000e+03,2.698298893919636732e-01,0.000000000000000000e+00,2.873301506963577001e-03,4.231499047727947411e-06,0.000000000000000000e+00,4.231499047727947411e-06,4.231499047727394298e-06,2.872757181269007705e-03,2.698298893919635622e-01,2.796589734977707544e-06,5.000000000000000000e+00,1.006944444444442199e+00
1.000000000000000000e+00,1.330000000000000000e+03,2.698510205237124593e-01,0.000000000000000000e+00,2.894432638712363115e-03,4.220975189906207099e-06,0.000000000000000000e+00,4.220975189906207099e-06,4.220975189905375313e-06,2.893888366863089662e-03,2.698510205237123483e-01,2.796808743725293251e-06,5.000000000000000000e+00,1.013888888888886619e+00
1.000000000000000000e+00,1.335000000000000000e+03,2.698720993724561534e-01,0.000000000000000000e+00,2.915511487456057260e-03,4.210588120149154107e-06,0.000000000000000000e+00,4.210588120149154107e-06,4.210588120148645040e-06,2.914967275138224782e-03,2.698720993724562645e-01,2.797027210597716307e-06,5.000000000000000000e+00,1.020833333333331039e+00
1.000000000000000000e+00,1.340000000000000000e+03,2.698931266520198657e-01,0.000000000000000000e+00,2.936538767019769569e-03,4.200349900801143670e-06,0.000000000000000000e+00,4.200349900801143670e-06,4.200349900800643920e-06,2.935994620190598026e-03,2.698931266520200878e-01,2.797245142993254277e-06,5.000000000000000000e+00,1.027777777777775459e+00
1.000000000000000000e+00,1.345000000000000000e+03,2.699141031347030983e-01,0.000000000000000000e+00,2.957515249703002169e-03,4.190270688367451265e-06,0.000000000000000000e+00,4.190270688367451265e-06,4.190270688366833778e-06,2.956971171663516813e-03,2.699141031347032649e-01,2.797462548916222823e-06,5.000000000000000000e+00,1.034722222222220100e+00
1.000000000000000000e+00,1.350000000000000000e+03,2.699350296351969436e-01,0.000000000000000000e+00,2.978441750196847426e-03,4.180358164710947042e-06,0.000000000000000000e+00,4.180358164710947042e-06,4.180358164710251628e-06,2.977897743796209702e-03,2.699350296351969436e-01,2.797679436810304183e-06,5.000000000000000000e+00,1.041666666666664520e+00
1.000000000000000000e+00,1.355000000000000000e+03,2.699559070036030017e-01,0.000000000000000000e+00,2.999319118602905565e-03,4.170618166136953763e-06,0.000000000000000000e+00,4.170618166136953763e-06,4.170618166136438767e-06,2.998775184623326574e-03,2.699559070036029462e-01,2.797895815486177105e-06,5.000000000000000000e+00,1.048611111111109162e+00
1.000000000000000000e+00,1.360000000000000000e+03,2.699767361121857556e-01,0.000000000000000000e+00,3.020148227185659451e-03,4.161054589197301268e-06,0.000000000000000000e+00,4.161054589197301268e-06,4.161054589196416119e-06,3.019604366511658648e-03,2.699767361121856446e-01,2.798111693984228892e-06,5.000000000000000000e+00,1.055555555555553804e+00
1.000000000000000000e+00,1.365000000000000000e+03,2.699975178460558012e-01,0.000000000000000000e+00,3.040929961055705011e-03,4.151668474288613118e-06,0.000000000000000000e+00,4.151668474288613118e-06,4.151668474288089652e-06,3.040386174170369923e-03,2.699975178460558012e-01,2.798327081477980947e-06,5.000000000000000000e+00,1.062499999999998224e+00
1.000000000000000000e+00,1.370000000000000000e+03,2.700182530922050628e-01,0.000000000000000000e+00,3.061665207204966599e-03,4.142459201761409203e-06,0.000000000000000000e+00,4.142459201761409203e-06,4.142459201760712095e-06,3.061121493360491764e-03,2.700182530922045632e-01,2.798541987160459300e-06,5.000000000000000000e+00,1.069444444444442865e+00
1.000000000000000000e+00,1.375000000000000000e+03,2.700389427294876410e-01,0.000000000000000000e+00,3.082354844487544820e-03,4.133424177873323184e-06,0.000000000000000000e+00,4.133424177873323184e-06,4.133424177872784471e-06,3.081811201809575400e-03,2.700389427294878630e-01,2.798756420140350487e-06,5.000000000000000000e+00,1.076388888888887507e+00
1.000000000000000000e+00,1.380000000000000000e+03,2.700595876185128419e-01,0.000000000000000000e+00,3.102999733512745717e-03,4.124558988504223637e-06,0.000000000000000000e+00,4.124558988504223637e-06,4.124558988503517211e-06,3.102456159725516197e-03,2.700595876185128974e-01,2.798970389337229503e-06,5.000000000000000000e+00,1.083333333333332149e+00
1.000000000000000000e+00,1.385000000000000000e+03,2.700801885926415458e-01,0.000000000000000000e+00,3.123600707641449592e-03,4.115857060021786045e-06,0.000000000000000000e+00,4.115857060021786045e-06,4.115857060021166864e-06,3.123057199846827718e-03,2.700801885926415458e-01,2.799183903388280299e-06,5.000000000000000000e+00,1.090277777777776569e+00
1.000000000000000000e+00,1.390000000000000000e+03,2.701007464484464493e-01,0.000000000000000000e+00,3.144158563446353138e-03,4.107310139196354180e-06,0.000000000000000000e+00,4.107310139196354180e-06,4.107310139195624885e-06,3.143615117844869491e-03,2.701007464484462828e-01,2.799396970549397912e-06,5.000000000000000000e+00,1.097222222222221211e+00
1.000000000000000000e+00,1.395000000000000000e+03,2.701212619377794111e-01,0.000000000000000000e+00,3.164674052779314906e-03,4.098908478437829947e-06,0.000000000000000000e+00,4.098908478437829947e-06,4.098908478437385254e-06,3.164130664388952081e-03,2.701212619377793556e-01,2.799609598612973323e-06,5.000000000000000000e+00,1.104166666666665630e+00
1.000000000000000000e+00,1.400000000000000000e+03,2.701417357596239688e-01,0.000000000000000000e+00,3.185147874623872610e-03,4.090640975117204310e-06,0.000000000000000000e+00,4.090640975117204310e-06,4.090640975116729125e-06,3.184604538022837387e-03,2.701417357596240243e-01,2.799821794823464609e-06,5.000000000000000000e+00,1.111111111111110272e+00
1.000000000000000000e+00,1.405000000000000000e+03,2.701621685523895033e-01,0.000000000000000000e+00,3.205580667389407168e-03,4.082494799680123161e-06,0.000000000000000000e+00,4.082494799680123161e-06,4.082494799679546332e-06,3.205037377459828141e-03,2.701621685523893923e-01,2.800033565797518764e-06,5.000000000000000000e+00,1.118055555555554692e+00
1.000000000000000000e+00,1.410000000000000000e+03,2.701825608869512507e-01,0.000000000000000000e+00,3.225973001951154551e-03,4.074455453593956225e-06,0.000000000000000000e+00,4.074455453593956225e-06,4.074455453593348056e-06,3.225429753093010405e-03,2.701825608869511397e-01,2.800244917451836261e-06,5.000000000000000000e+00,1.124999999999999334e+00
1.000000000000000000e+00,1.415000000000000000e+03,2.702029132601437844e-01,0.000000000000000000e+00,3.246325375143688241e-03,4.066507321116964800e-06,0.000000000000000000e+00,4.066507321116964800e-06,4.066507321116174518e-06,3.245782160029784136e-03,2.702029132601437844e-01,2.800455854935751886e-06,5.000000000000000000e+00,1.131944444444443976e+00
1.000000000000000000e+00,1.420000000000000000e+03,2.702232260881970993e-01,0.000000000000000000e+00,3.266638203197003154e-03,4.058634104097884430e-06,0.000000000000000000e+00,4.058634104097884430e-06,4.058634104097307600e-06,3.266095013592817953e-03,2.702232260881970993e-01,2.800666382563174368e-06,5.000000000000000000e+00,1.138888888888888395e+00
1.000000000000000000e+00,1.425000000000000000e+03,2.702434997006616380e-01,0.000000000000000000e+00,3.286911815661541780e-03,4.050818250742001031e-06,0.000000000000000000e+00,4.050818250742001031e-06,4.050818250741197196e-06,3.286368644479914329e-03,2.702434997006616935e-01,2.800876503749665390e-06,5.000000000000000000e+00,1.145833333333332815e+00
1.000000000000000000e+00,1.430000000000000000e+03,2.702637343355091537e-01,0.000000000000000000e+00,3.307146450509057534e-03,4.043040402328585998e-06,0.000000000000000000e+00,4.043040402328585998e-06,4.043040402327867714e-06,3.306603291112587134e-03,2.702637343355089317e-01,2.801086220961617179e-06,5.000000000000000000e+00,1.152777777777777457e+00
1.000000000000000000e+00,1.435000000000000000e+03,2.702839301340613787e-01,0.000000000000000000e+00,3.327342249061282509e-03,4.035280408975008837e-06,0.000000000000000000e+00,4.035280408975008837e-06,4.035280408974408290e-06,3.326799093140842770e-03,2.702839301340613787e-01,2.801295535663739862e-06,5.000000000000000000e+00,1.159722222222221655e+00
1.000000000000000000e+00,1.440000000000000000e+03,2.703040871356930386e-01,0.000000000000000000e+00,3.347499250692942407e-03,4.027517943851721650e-06,0.000000000000000000e+00,4.027517943851721650e-06,4.027517943850800078e-06,3.346956089022905690e-03,2.703040871356932051e-01,2.801504448264112735e-06,5.000000000000000000e+00,1.166666666666665853e+00
1.000000000000000000e+00,1.445000000000000000e+03,2.703242052736088419e-01,0.000000000000000000e+00,3.367617388608745710e-03,4.019731479265217214e-06,0.000000000000000000e+00,4.019731479265217214e-06,4.019731479264517565e-06,3.367074212580693782e-03,2.703242052736088419e-01,2.801712958070451961e-06,5.000000000000000000e+00,1.173611111111110272e+00
1.000000000000000000e+00,1.450000000000000000e+03,2.703442843702522635e-01,0.000000000000000000e+00,3.387696485252167378e-03,4.011897882139210095e-06,0.000000000000000000e+00,4.011897882139210095e-06,4.011897882138660370e-06,3.387153285984201550e-03,2.703442843702524301e-01,2.801921063242517898e-06,5.000000000000000000e+00,1.180555555555554470e+00
1.000000000000000000e+00,1.455000000000000000e+03,2.703643241334666159e-01,0.000000000000000000e+00,3.407736248466519680e-03,4.003993760657682474e-06,0.000000000000000000e+00,4.003993760657682474e-06,4.003993760656990448e-06,3.407193015091190651e-03,2.703643241334662828e-01,2.802128760752321072e-06,5.000000000000000000e+00,1.187499999999999112e+00
1.000000000000000000e+00,1.460000000000000000e+03,2.703843241532750130e-01,0.000000000000000000e+00,3.427736268274916842e-03,3.995996466152150874e-06,0.000000000000000000e+00,3.995996466152150874e-06,3.995996466151412261e-06,3.427192990658211626e-03,2.703843241532749020e-01,2.802336046350744845e-06,5.000000000000000000e+00,1.194444444444443754e+00
1.000000000000000000e+00,1.465000000000000000e+03,2.704042838984234143e-01,0.000000000000000000e+00,3.447696013423318107e-03,3.987880151862566755e-06,0.000000000000000000e+00,3.987880151862566755e-06,3.987880151861845083e-06,3.447152682203244618e-03,2.704042838984237473e-01,2.802542914531732857e-06,5.000000000000000000e+00,1.201388888888888173e+00
1.000000000000000000e+00,1.470000000000000000e+03,2.704242027129180603e-01,0.000000000000000000e+00,3.467614827917964160e-03,3.979619327142681321e-06,0.000000000000000000e+00,3.979619327142681321e-06,3.979619327142045199e-06,3.467071430900754269e-03,2.704242027129179493e-01,2.802749358496385422e-06,5.000000000000000000e+00,1.208333333333332815e+00
1.000000000000000000e+00,1.475000000000000000e+03,2.704440798129897350e-01,0.000000000000000000e+00,3.487491927989638807e-03,3.971189798665641511e-06,0.000000000000000000e+00,3.971189798665641511e-06,3.971189798665090940e-06,3.486948453715272081e-03,2.704440798129899570e-01,2.802955370121515545e-06,5.000000000000000000e+00,1.215277777777777235e+00
1.000000000000000000e+00,1.480000000000000000e+03,2.704639142847506950e-01,0.000000000000000000e+00,3.507326399750598789e-03,3.962563973477023168e-06,0.000000000000000000e+00,3.962563973477023168e-06,3.962563973476238816e-06,3.506782838145625341e-03,2.704639142847506394e-01,2.803160939935336536e-06,5.000000000000000000e+00,1.222222222222221877e+00
1.000000000000000000e+00,1.485000000000000000e+03,2.704837050816309429e-01,0.000000000000000000e+00,3.527117196630846774e-03,3.953715418492853497e-06,0.000000000000000000e+00,3.953715418492853497e-06,3.953715418492356288e-06,3.526573536625546811e-03,2.704837050816309429e-01,2.803366057090913878e-06,5.000000000000000000e+00,1.229166666666666519e+00
1.000000000000000000e+00,1.490000000000000000e+03,2.705034510220882260e-01,0.000000000000000000e+00,3.546863137088129836e-03,3.944616968602002443e-06,0.000000000000000000e+00,3.944616968602002443e-06,3.944616968601408673e-06,3.546319367593281369e-03,2.705034510220885591e-01,2.803570709342432215e-06,5.000000000000000000e+00,1.236111111111111160e+00
1.000000000000000000e+00,1.495000000000000000e+03,2.705231507873845365e-01,0.000000000000000000e+00,3.566562902384440292e-03,3.935240692863198407e-06,0.000000000000000000e+00,3.935240692863198407e-06,3.935240692862372549e-06,3.566019011746940793e-03,2.705231507873846475e-01,2.803774883022125557e-06,5.000000000000000000e+00,1.243055555555555580e+00
1.000000000000000000e+00,1.500000000000000000e+03,2.705428029200798168e-01,0.000000000000000000e+00,3.586215035079720614e-03,3.925559140424879096e-06,0.000000000000000000e+00,3.925559140424879096e-06,3.925559140424151495e-06,3.585671011330157209e-03,2.705428029200799278e-01,2.803978563024701195e-06,5.000000000000000000e+00,1.250000000000000000e+00
1.000000000000000000e+00,1.505000000000000000e+03,2.705624058224264106e-01,0.000000000000000000e+00,3.605817937426314401e-03,3.915543650671395352e-06,0.000000000000000000e+00,3.915543650671395352e-06,3.915543650670660127e-06,3.605273768307894287e-03,2.705624058224266326e-01,2.804181732790668401e-06,5.000000000000000000e+00,1.256944444444444198e+00
1.000000000000000000e+00,1.510000000000000000e+03,2.705819577550468424e-01,0.000000000000000000e+00,3.625369870046746268e-03,3.905166655171878401e-06,0.000000000000000000e+00,3.905166655171878401e-06,3.905166655171314277e-06,3.624825544072499215e-03,2.705819577550470090e-01,2.804384374292646979e-06,5.000000000000000000e+00,1.263888888888888395e+00
1.000000000000000000e+00,1.515000000000000000e+03,2.706014568359452199e-01,0.000000000000000000e+00,3.644868950945123753e-03,3.894398313896697513e-06,0.000000000000000000e+00,3.894398313896697513e-06,3.894398313895934336e-06,3.644324456495167189e-03,2.706014568359454975e-01,2.804586468025125798e-06,5.000000000000000000e+00,1.270833333333333037e+00
1.000000000000000000e+00,1.520000000000000000e+03,2.706209010392909287e-01,0.000000000000000000e+00,3.664313154290832486e-03,3.883210901298734109e-06,0.000000000000000000e+00,3.883210901298734109e-06,3.883210901298154739e-06,3.663768479533152309e-03,2.706209010392909842e-01,2.804787992991852161e-06,5.000000000000000000e+00,1.277777777777777457e+00
1.000000000000000000e+00,1.525000000000000000e+03,2.706402881953378636e-01,0.000000000000000000e+00,3.683700310337767458e-03,3.871574482139570586e-06,0.000000000000000000e+00,3.871574482139570586e-06,3.871574482138988675e-06,3.683155442991745306e-03,2.706402881953376416e-01,2.804988926704988163e-06,5.000000000000000000e+00,1.284722222222221877e+00
1.000000000000000000e+00,1.530000000000000000e+03,2.706596159895963138e-01,0.000000000000000000e+00,3.703028104596217673e-03,3.859461203595332065e-06,0.000000000000000000e+00,3.859461203595332065e-06,3.859461203594762012e-06,3.702483032206079720e-03,2.706596159895960918e-01,2.805189245176545915e-06,5.000000000000000000e+00,1.291666666666666519e+00
1.000000000000000000e+00,1.535000000000000000e+03,2.706788819636211652e-01,0.000000000000000000e+00,3.722294078621068980e-03,3.846841689164136443e-06,0.000000000000000000e+00,3.846841689164136443e-06,3.846841689163771372e-06,3.721748789437975911e-03,2.706788819636211096e-01,2.805388922926529646e-06,5.000000000000000000e+00,1.298611111111111160e+00
1.000000000000000000e+00,1.540000000000000000e+03,2.706980835149080944e-01,0.000000000000000000e+00,3.741495629907998222e-03,3.833687303518076297e-06,0.000000000000000000e+00,3.833687303518076297e-06,3.833687303517535890e-06,3.740950111919679084e-03,2.706980835149082609e-01,2.805587932981887085e-06,5.000000000000000000e+00,1.305555555555555580e+00
1.000000000000000000e+00,1.545000000000000000e+03,2.707172178967678922e-01,0.000000000000000000e+00,3.760630011767795988e-03,3.819969175161591385e-06,0.000000000000000000e+00,3.819969175161591385e-06,3.819969175161146693e-06,3.760084253116375858e-03,2.707172178967679477e-01,2.805786246875184267e-06,5.000000000000000000e+00,1.312500000000000222e+00
1.000000000000000000e+00,1.550000000000000000e+03,2.707362822213000841e-01,0.000000000000000000e+00,3.779694336299987967e-03,3.805659467806041924e-06,0.000000000000000000e+00,3.805659467806041924e-06,3.805659467805332957e-06,3.779148324723792095e-03,2.707362822213003062e-01,2.805983834675454904e-06,5.000000000000000000e+00,1.319444444444444864e+00
1.000000000000000000e+00,1.555000000000000000e+03,2.707552734589334653e-01,0.000000000000000000e+00,3.798685573933369142e-03,3.790729844157043535e-06,0.000000000000000000e+00,3.790729844157043535e-06,3.790729844156622560e-06,3.798139298003697095e-03,2.707552734589336318e-01,2.806180664983391354e-06,5.000000000000000000e+00,1.326388888888889728e+00
1.000000000000000000e+00,1.560000000000000000e+03,2.707741884404673560e-01,0.000000000000000000e+00,3.817600555467259849e-03,3.775152557660308382e-06,0.000000000000000000e+00,3.775152557660308382e-06,3.775152557659659555e-06,3.817054004008237598e-03,2.707741884404670230e-01,2.806376704952552204e-06,5.000000000000000000e+00,1.333333333333334370e+00
1.000000000000000000e+00,1.565000000000000000e+03,2.707930238598150741e-01,0.000000000000000000e+00,3.836435974814977889e-03,3.758900473291994324e-06,0.000000000000000000e+00,3.758900473291994324e-06,3.758900473291409024e-06,3.835889136585615092e-03,2.707930238598151296e-01,2.806571920317760328e-06,5.000000000000000000e+00,1.340277777777779011e+00
1.000000000000000000e+00,1.570000000000000000e+03,2.708117762761497183e-01,0.000000000000000000e+00,3.855188391149622085e-03,3.741946953894669317e-06,0.000000000000000000e+00,3.741946953894669317e-06,3.741946953894053524e-06,3.854641255153578618e-03,2.708117762761497183e-01,2.806766275417360787e-06,5.000000000000000000e+00,1.347222222222223653e+00
1.000000000000000000e+00,1.575000000000000000e+03,2.708304421170897869e-01,0.000000000000000000e+00,3.873854232089690708e-03,3.724266038144639251e-06,0.000000000000000000e+00,3.724266038144639251e-06,3.724266038144023458e-06,3.873306787633673965e-03,2.708304421170898979e-01,2.806959733226225474e-06,5.000000000000000000e+00,1.354166666666668295e+00
1.000000000000000000e+00,1.580000000000000000e+03,2.708490176820613771e-01,0.000000000000000000e+00,3.892429797061280894e-03,3.705832438191761788e-06,0.000000000000000000e+00,3.705832438191761788e-06,3.705832438191238322e-06,3.891882033824511922e-03,2.708490176820616546e-01,2.807152255390604705e-06,5.000000000000000000e+00,1.361111111111112715e+00
1.000000000000000000e+00,1.585000000000000000e+03,2.708674991465276349e-01,0.000000000000000000e+00,3.910911261527538763e-03,3.686621823234476146e-06,0.000000000000000000e+00,3.686621823234476146e-06,3.686621823234072958e-06,3.910363169478074837e-03,2.708674991465276904e-01,2.807343802271976845e-06,5.000000000000000000e+00,1.368055555555557357e+00
1.000000000000000000e+00,1.590000000000000000e+03,2.708858825663519876e-01,0.000000000000000000e+00,3.929294681351891416e-03,3.666610757094633619e-06,0.000000000000000000e+00,3.666610757094633619e-06,3.666610757093981404e-06,3.928746250928895171e-03,2.708858825663519876e-01,2.807534332992238362e-06,5.000000000000000000e+00,1.375000000000001776e+00
1.000000000000000000e+00,1.595000000000000000e+03,2.709041638831072296e-01,0.000000000000000000e+00,3.947575998107133444e-03,3.645776973642288253e-06,0.000000000000000000e+00,3.645776973642288253e-06,3.645776973641827467e-06,3.947027220255734312e-03,2.709041638831071186e-01,2.807723805488762664e-06,5.000000000000000000e+00,1.381944444444446196e+00
1.000000000000000000e+00,1.600000000000000000e+03,2.709223389298575091e-01,0.000000000000000000e+00,3.965751044857412921e-03,3.624099341768980342e-06,0.000000000000000000e+00,3.624099341768980342e-06,3.624099341768650846e-06,3.965201911044260660e-03,2.709223389298572315e-01,2.807912176574297610e-06,5.000000000000000000e+00,1.388888888888890838e+00
1.000000000000000000e+00,1.605000000000000000e+03,2.709404034375834658e-01,0.000000000000000000e+00,3.983815552583369612e-03,3.601558189104985723e-06,0.000000000000000000e+00,3.601558189104985723e-06,3.601558189104447010e-06,3.983266054871443390e-03,2.709404034375834658e-01,2.808099402003580838e-06,5.000000000000000000e+00,1.395833333333335258e+00
1.000000000000000000e+00,1.610000000000000000e+03,2.709583530424015674e-01,0.000000000000000000e+00,4.001765157401471207e-03,3.578135271320212582e-06,0.000000000000000000e+00,3.578135271320212582e-06,3.578135271319712833e-06,4.001215288522503438e-03,2.709583530424017339e-01,2.808285436548140401e-06,5.000000000000000000e+00,1.402777777777779900e+00
1.000000000000000000e+00,1.615000000000000000e+03,2.709761832934304282e-01,0.000000000000000000e+00,4.019595408430332029e-03,3.553814043693067747e-06,0.000000000000000000e+00,3.553814043693067747e-06,3.553814043692349464e-06,4.019045161810033857e-03,2.709761832934303727e-01,2.808470234077839472e-06,5.000000000000000000e+00,1.409722222222224319e+00
1.000000000000000000e+00,1.620000000000000000e+03,2.709938896615599058e-01,0.000000000000000000e+00,4.037301776559809596e-03,3.528579817303189865e-06,0.000000000000000000e+00,3.528579817303189865e-06,3.528579817302756184e-06,4.036751146462521679e-03,2.709938896615601278e-01,2.808653747651765946e-06,5.000000000000000000e+00,1.416666666666668739e+00
1.000000000000000000e+00,1.625000000000000000e+03,2.710114675490660208e-01,0.000000000000000000e+00,4.054879664065924594e-03,3.502419850257243407e-06,0.000000000000000000e+00,3.502419850257243407e-06,3.502419850256897817e-06,4.054328645631420994e-03,2.710114675490657987e-01,2.808835929617866383e-06,5.000000000000000000e+00,1.423611111111113381e+00
1.000000000000000000e+00,1.630000000000000000e+03,2.710289123001117795e-01,0.000000000000000000e+00,4.072324415111683305e-03,3.475323652945979346e-06,0.000000000000000000e+00,3.475323652945979346e-06,3.475323652945538042e-06,4.071773004389427075e-03,2.710289123001117795e-01,2.809016731721791016e-06,5.000000000000000000e+00,1.430555555555557801e+00
1.000000000000000000e+00,1.635000000000000000e+03,2.710462192122917169e-01,0.000000000000000000e+00,4.089631327291620710e-03,3.447283166006202967e-06,0.000000000000000000e+00,3.447283166006202967e-06,3.447283166005659172e-06,4.089079521436804997e-03,2.710462192122916059e-01,2.809196105226539267e-06,5.000000000000000000e+00,1.437500000000002442e+00
1.000000000000000000e+00,1.640000000000000000e+03,2.710633835492249344e-01,0.000000000000000000e+00,4.106795664224838216e-03,3.418292872961681749e-06,0.000000000000000000e+00,3.418292872961681749e-06,3.418292872961087979e-06,4.106243461534222171e-03,2.710633835492250454e-01,2.809374001042985411e-06,5.000000000000000000e+00,1.444444444444446862e+00
1.000000000000000000e+00,1.645000000000000000e+03,2.710804005542702955e-01,0.000000000000000000e+00,4.123812669270199294e-03,3.388350196397815588e-06,0.000000000000000000e+00,3.388350196397815588e-06,3.388350196397348873e-06,4.123260069207618055e-03,2.710804005542700734e-01,2.809550369872020019e-06,5.000000000000000000e+00,1.451388888888891282e+00
1.000000000000000000e+00,1.650000000000000000e+03,2.710972654655404157e-01,0.000000000000000000e+00,4.140677580540319536e-03,3.357455730541901787e-06,0.000000000000000000e+00,3.357455730541901787e-06,3.357455730541401190e-06,4.140124584024964909e-03,2.710972654655403602e-01,2.809725162360153724e-06,5.000000000000000000e+00,1.458333333333335924e+00
1.000000000000000000e+00,1.655000000000000000e+03,2.711139735322198319e-01,0.000000000000000000e+00,4.157385647219735691e-03,3.325613328773998419e-06,0.000000000000000000e+00,3.325613328773998419e-06,3.325613328773508834e-06,4.156832256673252159e-03,2.711139735322197764e-01,2.809898329268655725e-06,5.000000000000000000e+00,1.465277777777780344e+00
1.000000000000000000e+00,1.660000000000000000e+03,2.711305200322863262e-01,0.000000000000000000e+00,4.173932147286230077e-03,3.292830623270361762e-06,0.000000000000000000e+00,3.292830623270361762e-06,3.292830623269726487e-06,4.173378366553359871e-03,2.711305200322862707e-01,2.810069821657208736e-06,5.000000000000000000e+00,1.472222222222224985e+00
1.000000000000000000e+00,1.665000000000000000e+03,2.711469002919053572e-01,0.000000000000000000e+00,4.190312406905261078e-03,3.259119451950457573e-06,0.000000000000000000e+00,3.259119451950457573e-06,3.259119451949937495e-06,4.189758241741409032e-03,2.711469002919052462e-01,2.810239591084940406e-06,5.000000000000000000e+00,1.479166666666669405e+00
1.000000000000000000e+00,1.670000000000000000e+03,2.711631097065345664e-01,0.000000000000000000e+00,4.206521821534470185e-03,3.224495758308864072e-06,0.000000000000000000e+00,3.224495758308864072e-06,3.224495758308269455e-06,4.205967279767054701e-03,2.711631097065343443e-01,2.810407589829124679e-06,5.000000000000000000e+00,1.486111111111113825e+00
1.000000000000000000e+00,1.675000000000000000e+03,2.711791437636743574e-01,0.000000000000000000e+00,4.222555878674261187e-03,3.188980233993811962e-06,0.000000000000000000e+00,3.188980233993811962e-06,3.188980233993357952e-06,4.222000969747809022e-03,2.711791437636744129e-01,2.810573771121009319e-06,5.000000000000000000e+00,1.493055555555558467e+00
1.000000000000000000e+00,1.680000000000000000e+03,2.711949980679021488e-01,0.000000000000000000e+00,4.238410182902052625e-03,3.152599344598080067e-06,0.000000000000000000e+00,3.152599344598080067e-06,3.152599344597591329e-06,4.237854918694286543e-03,2.711949980679022598e-01,2.810738089405238810e-06,5.000000000000000000e+00,1.500000000000002887e+00
1.000000000000000000e+00,1.685000000000000000e+03,2.712106683684004649e-01,0.000000000000000000e+00,4.254080483400368706e-03,3.115384764318130393e-06,0.000000000000000000e+00,3.115384764318130393e-06,3.115384764317567116e-06,4.253524878966574718e-03,2.712106683684003539e-01,2.810900500625196042e-06,5.000000000000000000e+00,1.506944444444447528e+00
1.000000000000000000e+00,1.690000000000000000e+03,2.712261505880066426e-01,0.000000000000000000e+00,4.269562703006546389e-03,3.077373645157983895e-06,0.000000000000000000e+00,3.077373645157983895e-06,3.077373645157473134e-06,4.269006774990262605e-03,2.712261505880068091e-01,2.811060962524073389e-06,5.000000000000000000e+00,1.513888888888891948e+00
1.000000000000000000e+00,1.695000000000000000e+03,2.712414408552796252e-01,0.000000000000000000e+00,4.284852970279529050e-03,3.038611545113608151e-06,0.000000000000000000e+00,3.038611545113608151e-06,3.038611545113152447e-06,4.284296737965939163e-03,2.712414408552799028e-01,2.811219434977206514e-06,5.000000000000000000e+00,1.520833333333336368e+00
1.000000000000000000e+00,1.700000000000000000e+03,2.712565355411381551e-01,0.000000000000000000e+00,4.299947656138058960e-03,2.999150944294311704e-06,0.000000000000000000e+00,2.999150944294311704e-06,2.999150944293945786e-06,4.299391144189456879e-03,2.712565355411380996e-01,2.811375880371822108e-06,5.000000000000000000e+00,1.527777777777780788e+00
1.000000000000000000e+00,1.705000000000000000e+03,2.712714312962187235e-01,0.000000000000000000e+00,4.314843411218627356e-03,2.959050030632025036e-06,0.000000000000000000e+00,2.959050030632025036e-06,2.959050030631581190e-06,4.314286646626770867e-03,2.712714312962188346e-01,2.811530263994206912e-06,5.000000000000000000e+00,1.534722222222224985e+00
1.000000000000000000e+00,1.710000000000000000e+03,2.712861250926523193e-01,0.000000000000000000e+00,4.329537207652223163e-03,2.918379577469920974e-06,0.000000000000000000e+00,2.918379577469920974e-06,2.918379577469571996e-06,4.328980220647023723e-03,2.712861250926520973e-01,2.811682554462720271e-06,5.000000000000000000e+00,1.541666666666669405e+00
1.000000000000000000e+00,1.715000000000000000e+03,2.713006142703788814e-01,0.000000000000000000e+00,4.344026385378785271e-03,2.877216644221449121e-06,0.000000000000000000e+00,2.877216644221449121e-06,2.877216644221067957e-06,4.343469211201250041e-03,2.713006142703789925e-01,2.811832724207778487e-06,5.000000000000000000e+00,1.548611111111113825e+00
1.000000000000000000e+00,1.720000000000000000e+03,2.713148965865131435e-01,0.000000000000000000e+00,4.358308701513047279e-03,2.835650552584230812e-06,0.000000000000000000e+00,2.835650552584230812e-06,2.835650552583726828e-06,4.357751379193261845e-03,2.713148965865131435e-01,2.811980749983507612e-06,5.000000000000000000e+00,1.555555555555558023e+00
1.000000000000000000e+00,1.725000000000000000e+03,2.713289702701328077e-01,0.000000000000000000e+00,4.372382385132711491e-03,2.793781530655870275e-06,0.000000000000000000e+00,2.793781530655870275e-06,2.793781530655408642e-06,4.371824959401359421e-03,2.713289702701324746e-01,2.812126613435595605e-06,5.000000000000000000e+00,1.562500000000002665e+00
1.000000000000000000e+00,1.730000000000000000e+03,2.713428340794903915e-01,0.000000000000000000e+00,4.386246194490295292e-03,2.751720708263401412e-06,0.000000000000000000e+00,2.751720708263401412e-06,2.751720708263083775e-06,4.385688714998655334e-03,2.713428340794905580e-01,2.812270301694243347e-06,5.000000000000000000e+00,1.569444444444447084e+00
1.000000000000000000e+00,1.735000000000000000e+03,2.713564873667607680e-01,0.000000000000000000e+00,4.399899481760671804e-03,2.709594363885654529e-06,0.000000000000000000e+00,2.709594363885654529e-06,2.709594363885139533e-06,4.399342002679025934e-03,2.713564873667605459e-01,2.812411808045209976e-06,5.000000000000000000e+00,1.576388888888891726e+00
1.000000000000000000e+00,1.740000000000000000e+03,2.713699301452332513e-01,0.000000000000000000e+00,4.413342260233155123e-03,2.667541612431221132e-06,0.000000000000000000e+00,2.667541612431221132e-06,2.667541612430595175e-06,4.412784842619815392e-03,2.713699301452331403e-01,2.812551132626230251e-06,5.000000000000000000e+00,1.583333333333336146e+00
1.000000000000000000e+00,1.745000000000000000e+03,2.713831631604687877e-01,0.000000000000000000e+00,4.426575275468691562e-03,2.625716043427441600e-06,0.000000000000000000e+00,2.625716043427441600e-06,2.625716043427012154e-06,4.426017986759459705e-03,2.713831631604690098e-01,2.812688283164492251e-06,5.000000000000000000e+00,1.590277777777780344e+00
1.000000000000000000e+00,1.750000000000000000e+03,2.713961879659598786e-01,0.000000000000000000e+00,4.439600080959782424e-03,2.584287065234973672e-06,0.000000000000000000e+00,2.584287065234973672e-06,2.584287065234536603e-06,4.439042994531113527e-03,2.713961879659598786e-01,2.812823275760823448e-06,5.000000000000000000e+00,1.597222222222224541e+00
1.000000000000000000e+00,1.755000000000000000e+03,2.714090069994892773e-01,0.000000000000000000e+00,4.452419114489181151e-03,2.543439493730294103e-06,0.000000000000000000e+00,2.543439493730294103e-06,2.543439493729899385e-06,4.451862310928524254e-03,2.714090069994891663e-01,2.812956135681054531e-06,5.000000000000000000e+00,1.604166666666668739e+00
1.000000000000000000e+00,1.760000000000000000e+03,2.714216236599558130e-01,0.000000000000000000e+00,4.465035774955716796e-03,2.503372266471825744e-06,0.000000000000000000e+00,2.503372266471825744e-06,2.503372266471359029e-06,4.464479340329027476e-03,2.714216236599562015e-01,2.813086898152293900e-06,5.000000000000000000e+00,1.611111111111112937e+00
1.000000000000000000e+00,1.765000000000000000e+03,2.714340423803268121e-01,0.000000000000000000e+00,4.477454495326715911e-03,2.464299858866668413e-06,0.000000000000000000e+00,2.464299858866668413e-06,2.464299858866252520e-06,4.476898520642371218e-03,2.714340423803268121e-01,2.813215609119001135e-06,5.000000000000000000e+00,1.618055555555557135e+00
1.000000000000000000e+00,1.770000000000000000e+03,2.714462686921480516e-01,0.000000000000000000e+00,4.489680807147955477e-03,2.426448191783870734e-06,0.000000000000000000e+00,2.426448191783870734e-06,2.426448191783331174e-06,4.489125390768995347e-03,2.714462686921480516e-01,2.813342325911617444e-06,5.000000000000000000e+00,1.625000000000001332e+00
1.000000000000000000e+00,1.775000000000000000e+03,2.714583092793194097e-01,0.000000000000000000e+00,4.501721394319313507e-03,2.390048137948585854e-06,0.000000000000000000e+00,2.390048137948585854e-06,2.390048137948221630e-06,4.501166631593324537e-03,2.714583092793194652e-01,2.813467117803882843e-06,5.000000000000000000e+00,1.631944444444445752e+00
1.000000000000000000e+00,1.780000000000000000e+03,2.714701720060703760e-01,0.000000000000000000e+00,4.513584121070279842e-03,2.355343358021878939e-06,0.000000000000000000e+00,2.355343358021878939e-06,2.355343358021477445e-06,4.513030110333248954e-03,2.714701720060704870e-01,2.813590066302787820e-06,5.000000000000000000e+00,1.638888888888890394e+00
1.000000000000000000e+00,1.785000000000000000e+03,2.714818659241831078e-01,0.000000000000000000e+00,4.525278039183011636e-03,2.322565137979784675e-06,0.000000000000000000e+00,2.322565137979784675e-06,2.322565137979417063e-06,4.524724881573250965e-03,2.714818659241831633e-01,2.813711265223445541e-06,5.000000000000000000e+00,1.645833333333334814e+00
1.000000000000000000e+00,1.790000000000000000e+03,2.714934012333033997e-01,0.000000000000000000e+00,4.536813348303303517e-03,2.291935142515529478e-06,0.000000000000000000e+00,2.291935142515529478e-06,2.291935142515253346e-06,4.536261132274488003e-03,2.714934012333032332e-01,2.813830820277736228e-06,5.000000000000000000e+00,1.652777777777779233e+00
1.000000000000000000e+00,1.795000000000000000e+03,2.715047892109060390e-01,0.000000000000000000e+00,4.548201325905942838e-03,2.263661601633993963e-06,0.000000000000000000e+00,2.263661601633993963e-06,2.263661601633420522e-06,4.547650124134859813e-03,2.715047892109062055e-01,2.813948848348448627e-06,5.000000000000000000e+00,1.659722222222223431e+00
1.000000000000000000e+00,1.800000000000000000e+03,2.715160420764317628e-01,0.000000000000000000e+00,4.559454191431666636e-03,2.237912481596249421e-06,0.000000000000000000e+00,2.237912481596249421e-06,2.237912481595689532e-06,4.558904059342932386e-03,2.715160420764319293e-01,2.814065476081166084e-06,5.000000000000000000e+00,1.666666666666667851e+00
2.000000000000000000e+00,1.800000000000000227e+03,2.715160420764317628e-01,0.000000000000000000e+00,4.559454191431666636e-03,-2.804760233008984559e-07,0.000000000000000000e+00,-2.804760233008984559e-07,-2.804760233014787264e-07,4.558904059342932386e-03,2.715160420764318738e-01,2.814065476081165661e-06,0.000000000000000000e+00,1.666666666666667851e+00
2.000000000000000000e+00,1.805000000000000227e+03,2.715151327950754978e-01,0.000000000000000000e+00,4.558544910075401635e-03,-1.083873841742969008e-07,0.000000000000000000e+00,-1.083873841742969008e-07,-1.083873841747330301e-07,4.557931900824241898e-03,2.715151327950754423e-01,2.814056052043995433e-06,0.000000000000000000e+00,1.666666666666667851e+00
2.000000000000000000e+00,1.810000000000000227e+03,2.715148445934398302e-01,0.000000000000000000e+00,4.558256708439734073e-03,-1.314626396196344338e-08,0.000000000000000000e+00,-1.314626396196344338e-08,-1.314626396237668627e-08,4.557628066703898681e-03,2.715148445934399413e-01,2.814053065044529134e-06,0.000000000000000000e+00,1.666666666666667851e+00
2.000000000000000000e+00,1.815000000000000227e+03,2.715149551448685639e-01,0.000000000000000000e+00,4.558367259868467691e-03,5.364947615009779086e-08,0.000000000000000000e+00,5.364947615009779086e-08,5.364947614956178444e-08,4.557729324734366948e-03,2.715149551448685639e-01,2.814054210829345206e-06,0.000000000000000000e+00,1.666666666666667851e+00
2.000000000000000000e+00,1.820000000000000227e+03,2.715153482673636764e-01,0.000000000000000000e+00,4.558760382363580277e-03,1.006402569173859508e-07,0.000000000000000000e+00,1.006402569173859508e-07,1.006402569170663812e-07,4.558115049067034026e-03,2.715153482673639540e-01,2.814058285256893300e-06,0.000000000000000000e+00,1.666666666666667851e+00
2.000000000000000000e+00,1.825000000000000227e+03,2.715159348843562137e-01,0.000000000000000000e+00,4.559346999356117536e-03,1.316164385035871924e-07,0.000000000000000000e+00,1.316164385035871924e-07,1.316164385031191273e-07,4.558695690805584372e-03,2.715159348843561027e-01,2.814064365113591452e-06,0.000000000000000000e+00,1.666666666666667851e+00
2.000000000000000000e+00,1.830000000000000227e+03,2.715166434099616222e-01,0.000000000000000000e+00,4.560055524961525997e-03,1.499710628256070370e-07,0.000000000000000000e+00,1.499710628256070370e-07,1.499710628251791266e-07,4.559399659558904458e-03,2.715166434099616777e-01,2.814071708464022595e-06,0.000000000000000000e+00,1.666666666666667851e+00
2.000000000000000000e+00,1.835000000000000227e+03,2.715174189955890105e-01,0.000000000000000000e+00,4.560831110588914328e-03,1.589495391639664401e-07,0.000000000000000000e+00,1.589495391639664401e-07,1.589495391635929780e-07,4.560171961063876934e-03,2.715174189955888440e-01,2.814079746842605812e-06,0.000000000000000000e+00,1.666666666666667851e+00
2.000000000000000000e+00,1.840000000000000227e+03,2.715182219410151032e-01,0.000000000000000000e+00,4.561634056015007044e-03,1.613295277830071900e-07,0.000000000000000000e+00,1.613295277830071900e-07,1.613295277826464069e-07,4.560972658731242239e-03,2.715182219410149367e-01,2.814088068785520780e-06,0.000000000000000000e+00,1.666666666666667851e+00
2.000000000000000000e+00,1.845000000000000227e+03,2.715190249576298065e-01,0.000000000000000000e+00,4.562437072629710322e-03,1.592993404120179932e-07,0.000000000000000000e+00,1.592993404120179932e-07,1.592993404116395812e-07,4.561774230901727636e-03,2.715190249576295844e-01,2.814096391466251420e-06,0.000000000000000000e+00,1.666666666666667851e+00
2.000000000000000000e+00,1.850000000000000227e+03,2.715198102250782064e-01,0.000000000000000000e+00,4.563222340078110228e-03,1.544547281050434757e-07,0.000000000000000000e+00,1.544547281050434757e-07,1.544547281045436998e-07,4.562558616073018533e-03,2.715198102250779288e-01,2.814104530189842531e-06,0.000000000000000000e+00,1.666666666666667851e+00
2.000000000000000000e+00,1.855000000000000227e+03,2.715205667733031070e-01,0.000000000000000000e+00,4.563978888303010795e-03,1.479642678064750276e-07,0.000000000000000000e+00,1.479642678064750276e-07,1.479642678061362144e-07,4.563314663562795595e-03,2.715205667733030515e-01,2.814112371259655372e-06,0.000000000000000000e+00,1.666666666666667851e+00
2.000000000000000000e+00,1.860000000000000227e+03,2.715212884516658431e-01,0.000000000000000000e+00,4.564700566665746972e-03,1.406141647508973584e-07,0.000000000000000000e+00,1.406141647508973584e-07,1.406141647505569570e-07,4.564036109644186573e-03,2.715212884516656766e-01,2.814119850928807719e-06,0.000000000000000000e+00,1.666666666666667851e+00
2.000000000000000000e+00,1.865000000000000227e+03,2.715219723724675571e-01,0.000000000000000000e+00,4.565384487467460950e-03,1.329320021686602701e-07,0.000000000000000000e+00,1.329320021686602701e-07,1.329320021682726467e-07,4.564719975061483880e-03,2.715219723724676126e-01,2.814126939268422915e-06,0.000000000000000000e+00,1.666666666666667851e+00
2.000000000000000000e+00,1.870000000000000227e+03,2.715226177960478049e-01,0.000000000000000000e+00,4.566029911047708723e-03,1.252595055026305708e-07,0.000000000000000000e+00,1.252595055026305708e-07,1.252595055021642527e-07,4.565365453830659732e-03,2.715226177960475273e-01,2.814133628612448329e-06,0.000000000000000000e+00,1.666666666666667851e+00
2.000000000000000000e+00,1.875000000000000227e+03,2.715232253444771482e-01,0.000000000000000000e+00,4.566637459477052019e-03,1.178087990876230885e-07,0.000000000000000000e+00,1.178087990876230885e-07,1.178087990872079100e-07,4.565973124592133565e-03,2.715232253444771482e-01,2.814139925408199753e-06,0.000000000000000000e+00,1.666666666666667851e+00
2.000000000000000000e+00,1.880000000000000227e+03,2.715237964696954331e-01,0.000000000000000000e+00,4.567208584695336970e-03,1.107055231098531213e-07,0.000000000000000000e+00,1.107055231098531213e-07,1.107055231094165685e-07,4.566544410397625244e-03,2.715237964696955997e-01,2.814145844703972625e-06,0.000000000000000000e+00,1.666666666666667851e+00
2.000000000000000000e+00,1.885000000000000227e+03,2.715243330822895707e-01,0.000000000000000000e+00,4.567745197289474479e-03,1.040114432542674155e-07,0.000000000000000000e+00,1.040114432542674155e-07,1.040114432538994855e-07,4.567081202813533074e-03,2.715243330822894596e-01,2.814151406301596882e-06,0.000000000000000000e+00,1.666666666666667851e+00
2.000000000000000000e+00,1.890000000000000227e+03,2.715248373130727533e-01,0.000000000000000000e+00,4.568249428072657103e-03,9.775429376908142541e-08,0.000000000000000000e+00,9.775429376908142541e-08,9.775429376861688078e-08,4.567585617156089996e-03,2.715248373130728088e-01,2.814156632285403840e-06,0.000000000000000000e+00,1.666666666666667851e+00
2.000000000000000000e+00,1.895000000000000227e+03,2.715253113552479336e-01,0.000000000000000000e+00,4.568723470247837426e-03,9.193472581116936452e-08,0.000000000000000000e+00,9.193472581116936452e-08,9.193472581081382244e-08,4.568059839705038323e-03,2.715253113552478226e-01,2.814161545386335368e-06,0.000000000000000000e+00,1.666666666666667851e+00
2.000000000000000000e+00,1.900000000000000227e+03,2.715257573667837487e-01,0.000000000000000000e+00,4.569169481783652564e-03,8.653875707989827220e-08,0.000000000000000000e+00,8.653875707989827220e-08,8.653875707953481566e-08,4.568506023412264271e-03,2.715257573667835267e-01,2.814166167970162181e-06,0.000000000000000000e+00,1.666666666666667851e+00
2.000000000000000000e+00,1.905000000000000227e+03,2.715261774114607340e-01,0.000000000000000000e+00,4.569589526460637874e-03,8.154368887095893996e-08,0.000000000000000000e+00,8.154368887095893996e-08,8.154368887049927900e-08,4.568926229527139546e-03,2.715261774114607340e-01,2.814170521426460962e-06,0.000000000000000000e+00,1.666666666666667851e+00
2.000000000000000000e+00,1.910000000000000227e+03,2.715265734269730613e-01,0.000000000000000000e+00,4.569985541972965137e-03,7.692238238860361671e-08,0.000000000000000000e+00,7.692238238860361671e-08,7.692238238819186605e-08,4.569322394705285610e-03,2.715265734269729503e-01,2.814174625838022900e-06,0.000000000000000000e+00,1.666666666666667851e+00
2.000000000000000000e+00,1.915000000000000227e+03,2.715269472103669646e-01,0.000000000000000000e+00,4.570359325366868397e-03,7.264602142895807555e-08,0.000000000000000000e+00,7.264602142895807555e-08,7.264602142846978753e-08,4.569696315714827373e-03,2.715269472103670201e-01,2.814178499829908613e-06,0.000000000000000000e+00,1.666666666666667851e+00
2.000000000000000000e+00,1.920000000000000227e+03,2.715273004142206847e-01,0.000000000000000000e+00,4.570712529220588571e-03,6.868585073007643346e-08,0.000000000000000000e+00,6.868585073007643346e-08,6.868585072959079241e-08,4.570049645395223015e-03,2.715273004142205737e-01,2.814182160529890012e-06,0.000000000000000000e+00,1.666666666666667851e+00
2.000000000000000000e+00,1.925000000000000227e+03,2.715276345497644184e-01,0.000000000000000000e+00,4.571046664764322198e-03,6.501422840021354731e-08,0.000000000000000000e+00,6.501422840021354731e-08,6.501422839962654024e-08,4.570383895593045816e-03,2.715276345497643629e-01,2.814185623600767998e-06,0.000000000000000000e+00,1.666666666666667851e+00
2.000000000000000000e+00,1.930000000000000227e+03,2.715279509941191383e-01,0.000000000000000000e+00,4.571363109119042090e-03,6.160521741035361580e-08,0.000000000000000000e+00,6.160521741035361580e-08,6.160521740995063988e-08,4.570700444207569622e-03,2.715279509941188052e-01,2.814188903315389509e-06,0.000000000000000000e+00,1.666666666666667851e+00
2.000000000000000000e+00,1.935000000000000227e+03,2.715282509996344018e-01,0.000000000000000000e+00,4.571663114634305636e-03,5.843487669376766943e-08,0.000000000000000000e+00,5.843487669376766943e-08,5.843487669337182711e-08,4.571000544442828037e-03,2.715282509996344573e-01,2.814192012653454071e-06,0.000000000000000000e+00,1.666666666666667851e+00
2.000000000000000000e+00,1.940000000000000227e+03,2.715285357041757885e-01,0.000000000000000000e+00,4.571947819175692374e-03,5.548135700980598490e-08,0.000000000000000000e+00,5.548135700980598490e-08,5.548135700949827371e-08,4.571285335027085520e-03,2.715285357041758441e-01,2.814194963408090025e-06,0.000000000000000000e+00,1.666666666666667851e+00
2.000000000000000000e+00,1.945000000000000227e+03,2.715288061415641607e-01,0.000000000000000000e+00,4.572218256564064554e-03,5.272487151763034332e-08,0.000000000000000000e+00,5.272487151763034332e-08,5.272487151722556083e-08,4.571555850598402193e-03,2.715288061415642162e-01,2.814197766294109992e-06,0.000000000000000000e+00,1.666666666666667851e+00
2.000000000000000000e+00,1.950000000000000227e+03,2.715290632516833003e-01,0.000000000000000000e+00,4.572475366683204090e-03,5.014765046640506152e-08,0.000000000000000000e+00,5.014765046640506152e-08,5.014765046597511289e-08,4.571813031903360254e-03,2.715290632516835223e-01,2.814200431052715164e-06,0.000000000000000000e+00,1.666666666666667851e+00
2.000000000000000000e+00,1.955000000000000227e+03,2.715293078900131718e-01,0.000000000000000000e+00,4.572720005013075628e-03,4.773368231726791024e-08,0.000000000000000000e+00,4.773368231726791024e-08,4.773368231678584923e-08,4.572057735235317104e-03,2.715293078900133938e-01,2.814202966550337264e-06,0.000000000000000000e+00,1.666666666666667851e+00
2.000000000000000000e+00,1.960000000000000227e+03,2.715295408364468699e-01,0.000000000000000000e+00,4.572952951446773717e-03,4.546859675405094967e-08,0.000000000000000000e+00,4.546859675405094967e-08,4.546859675368904823e-08,4.572290740932993466e-03,2.715295408364467589e-01,2.814205380869988514e-06,0.000000000000000000e+00,1.666666666666667851e+00
2.000000000000000000e+00,1.965000000000000227e+03,2.715297628032629085e-01,0.000000000000000000e+00,4.573174918262812305e-03,4.333984929145943586e-08,0.000000000000000000e+00,4.333984929145943586e-08,4.333984929105174831e-08,4.572512762048105105e-03,2.715297628032627419e-01,2.814207681393924852e-06,0.000000000000000000e+00,1.666666666666667851e+00
2.000000000000000000e+00,1.970000000000000227e+03,2.715299744423515516e-01,0.000000000000000000e+00,4.573386557351455384e-03,4.133582398238474930e-08,0.000000000000000000e+00,4.133582398238474930e-08,4.133582398176754683e-08,4.572724451231286943e-03,2.715299744423516071e-01,2.814209874878509239e-06,0.000000000000000000e+00,1.666666666666667851e+00
2.000000000000000000e+00,1.975000000000000227e+03,2.715301763516770883e-01,0.000000000000000000e+00,4.573588466676992148e-03,3.944627726975005003e-08,0.000000000000000000e+00,3.944627726975005003e-08,3.944627726938697068e-08,4.572926406484415299e-03,2.715301763516771993e-01,2.814211967521208582e-06,0.000000000000000000e+00,1.666666666666667851e+00
2.000000000000000000e+00,1.980000000000000227e+03,2.715303690809529602e-01,0.000000000000000000e+00,4.573781195952864032e-03,3.766234788847880351e-08,0.000000000000000000e+00,3.766234788847880351e-08,3.766234788805171362e-08,4.573119178047308289e-03,2.715303690809532378e-01,2.814213965019390948e-06,0.000000000000000000e+00,1.666666666666667851e+00
2.000000000000000000e+00,1.985000000000000227e+03,2.715305531367618319e-01,0.000000000000000000e+00,4.573965251761735740e-03,3.597566629721305829e-08,0.000000000000000000e+00,3.597566629721305829e-08,3.597566629674679974e-08,4.573303273082770723e-03,2.715305531367618874e-01,2.814215872623423096e-06,0.000000000000000000e+00,1.666666666666667851e+00
2.000000000000000000e+00,1.990000000000000227e+03,2.715307289871090601e-01,0.000000000000000000e+00,4.574141102108963963e-03,3.437894144502707125e-08,0.000000000000000000e+00,3.437894144502707125e-08,3.437894144458667368e-08,4.573479159602124137e-03,2.715307289871092267e-01,2.814217695183842585e-06,0.000000000000000000e+00,1.666666666666667851e+00
2.000000000000000000e+00,1.995000000000000227e+03,2.715308970652940412e-01,0.000000000000000000e+00,4.574309180293945065e-03,3.286576426075633549e-08,0.000000000000000000e+00,3.286576426075633549e-08,3.286576426037889628e-08,4.573647271366386088e-03,2.715308970652939302e-01,2.814219437191475377e-06,0.000000000000000000e+00,1.666666666666667851e+00
2.000000000000000000e+00,2.000000000000000227e+03,2.715310577735018382e-01,0.000000000000000000e+00,4.574469888501742076e-03,3.143004980740055683e-08,0.000000000000000000e+00,3.143004980740055683e-08,3.143004980704674852e-08,4.573808010901555220e-03,2.715310577735016717e-01,2.814221102814676061e-06,0.000000000000000000e+00,1.666666666666667851e+00
2.000000000000000000e+00,2.005000000000000227e+03,2.715312114858936532e-01,0.000000000000000000e+00,4.574623600893557018e-03,3.006654826303670023e-08,0.000000000000000000e+00,3.006654826303670023e-08,3.006654826258376922e-08,4.573961752396728773e-03,2.715312114858934311e-01,2.814222695931353746e-06,0.000000000000000000e+00,1.666666666666667851e+00
2.000000000000000000e+00,2.010000000000000227e+03,2.715313585512506567e-01,0.000000000000000000e+00,4.574770666250560502e-03,2.877048159339660744e-08,0.000000000000000000e+00,2.877048159339660744e-08,2.877048159298669313e-08,4.574108844971367521e-03,2.715313585512507122e-01,2.814224220156371459e-06,0.000000000000000000e+00,1.666666666666667851e+00
2.000000000000000000e+00,2.015000000000000227e+03,2.715314992954778739e-01,0.000000000000000000e+00,4.574911410477777718e-03,2.753741051413734105e-08,0.000000000000000000e+00,2.753741051413734105e-08,2.753741051382404804e-08,4.574249614701634929e-03,2.715314992954780959e-01,2.814225678867497541e-06,0.000000000000000000e+00,1.666666666666667851e+00
2.000000000000000000e+00,2.020000000000000227e+03,2.715316340236613168e-01,0.000000000000000000e+00,4.575046138661220674e-03,2.636341322495423442e-08,0.000000000000000000e+00,2.636341322495423442e-08,2.636341322452435197e-08,4.574384366760980876e-03,2.715316340236613724e-01,2.814227075226719537e-06,0.000000000000000000e+00,1.666666666666667851e+00
2.000000000000000000e+00,2.025000000000000227e+03,2.715317630219524214e-01,0.000000000000000000e+00,4.575175136952325250e-03,2.524487935472381588e-08,0.000000000000000000e+00,2.524487935472381588e-08,2.524487935439268225e-08,4.574513387492428439e-03,2.715317630219521439e-01,2.814228412199793292e-06,0.000000000000000000e+00,1.666666666666667851e+00
2.000000000000000000e+00,2.030000000000000227e+03,2.715318865592704078e-01,0.000000000000000000e+00,4.575298674270311672e-03,2.417850550320427983e-08,0.000000000000000000e+00,2.417850550320427983e-08,2.417850550282010407e-08,4.574636945954570731e-03,2.715318865592702968e-01,2.814229692573868861e-06,0.000000000000000000e+00,1.666666666666667851e+00
2.000000000000000000e+00,2.035000000000000227e+03,2.715320048887062132e-01,0.000000000000000000e+00,4.575417003706117036e-03,2.316123381073204954e-08,0.000000000000000000e+00,2.316123381073204954e-08,2.316123381025319468e-08,4.574755295302854012e-03,2.715320048887060467e-01,2.814230918972052273e-06,0.000000000000000000e+00,1.666666666666667851e+00
2.000000000000000000e+00,2.040000000000000227e+03,2.715321182488877327e-01,0.000000000000000000e+00,4.575530363887636565e-03,2.219034545969752201e-08,0.000000000000000000e+00,2.219034545969752201e-08,2.219034545925594322e-08,4.574868674251027570e-03,2.715321182488879548e-01,2.814232093867540823e-06,0.000000000000000000e+00,1.666666666666667851e+00
2.000000000000000000e+00,2.045000000000000227e+03,2.715322268651300663e-01,0.000000000000000000e+00,4.575638980129970168e-03,2.126327470236879689e-08,0.000000000000000000e+00,2.126327470236879689e-08,2.126327470195730762e-08,4.574977308301430429e-03,2.715322268651303439e-01,2.814233219595567498e-06,0.000000000000000000e+00,1.666666666666667851e+00
2.000000000000000000e+00,2.050000000000000000e+03,2.715323309504394933e-01,0.000000000000000000e+00,4.575743065439397128e-03,2.037758194422623348e-08,0.000000000000000000e+00,2.037758194422623348e-08,2.037758194381821175e-08,4.575081410443044942e-03,2.715323309504391602e-01,2.814234298363779682e-06,0.000000000000000000e+00,1.666666666666667851e+00
2.000000000000000000e+00,2.055000000000000000e+03,2.715324307064714282e-01,0.000000000000000000e+00,4.575842821471332034e-03,1.953118000967308231e-08,0.000000000000000000e+00,1.953118000967308231e-08,1.953118000925542558e-08,4.575181182347927769e-03,2.715324307064712617e-01,2.814235332262190936e-06,0.000000000000000000e+00,1.666666666666667851e+00
2.000000000000000000e+00,2.060000000000000000e+03,2.715325263243966170e-01,0.000000000000000000e+00,4.575938439396520785e-03,1.872206206577240323e-08,0.000000000000000000e+00,1.872206206577240323e-08,1.872206206534374500e-08,4.575276815453114404e-03,2.715325263243960618e-01,2.814236323272152780e-06,0.000000000000000000e+00,1.666666666666667851e+00
2.000000000000000000e+00,2.065000000000000000e+03,2.715326179855552802e-01,0.000000000000000000e+00,4.576030100555183999e-03,1.794816709335526638e-08,0.000000000000000000e+00,1.794816709335526638e-08,1.794816709293263996e-08,4.575368491026009579e-03,2.715326179855552802e-01,2.814237273273119091e-06,0.000000000000000000e+00,1.666666666666667851e+00
2.000000000000000000e+00,2.070000000000000000e+03,2.715327058621788137e-01,0.000000000000000000e+00,4.576117977178717489e-03,1.720788909733739529e-08,0.000000000000000000e+00,1.720788909733739529e-08,1.720788909689899950e-08,4.575456381166484107e-03,2.715327058621789247e-01,2.814238184050143195e-06,0.000000000000000000e+00,1.666666666666667851e+00
2.000000000000000000e+00,2.075000000000000000e+03,2.715327901180848991e-01,0.000000000000000000e+00,4.576202233084802895e-03,1.649969509391385909e-08,0.000000000000000000e+00,1.649969509391385909e-08,1.649969509358295376e-08,4.575540650126960415e-03,2.715327901180850656e-01,2.814239057301072567e-06,0.000000000000000000e+00,1.666666666666667851e+00
2.000000000000000000e+00,2.080000000000000000e+03,2.715328709090679138e-01,0.000000000000000000e+00,4.576283024067817617e-03,1.582170477812314028e-08,0.000000000000000000e+00,1.582170477812314028e-08,1.582170477772773141e-08,4.575621453626639058e-03,2.715328709090680248e-01,2.814239894640607807e-06,0.000000000000000000e+00,1.666666666666667851e+00
2.000000000000000000e+00,2.085000000000000000e+03,2.715329483834145186e-01,0.000000000000000000e+00,4.576360498414422384e-03,1.517264870727894963e-08,0.000000000000000000e+00,1.517264870727894963e-08,1.517264870674481595e-08,4.575698939510350165e-03,2.715329483834144630e-01,2.814240697605627942e-06,0.000000000000000000e+00,1.666666666666667851e+00
2.000000000000000000e+00,2.090000000000000000e+03,2.715330226826042082e-01,0.000000000000000000e+00,4.576434797604111981e-03,1.455153010516151534e-08,0.000000000000000000e+00,1.455153010516151534e-08,1.455153010477118535e-08,4.575773249957378573e-03,2.715330226826039861e-01,2.814241467662460928e-06,0.000000000000000000e+00,1.666666666666667851e+00
2.000000000000000000e+00,2.095000000000000000e+03,2.715330939414440370e-01,0.000000000000000000e+00,4.576506056443940818e-03,1.395643951681320415e-08,0.000000000000000000e+00,1.395643951681320415e-08,1.395643951647387812e-08,4.575844519881432093e-03,2.715330939414442590e-01,2.814242206208295236e-06,0.000000000000000000e+00,1.666666666666667851e+00
2.000000000000000000e+00,2.100000000000000000e+03,2.715331622883470075e-01,0.000000000000000000e+00,4.576574403346911346e-03,1.338625496830949985e-08,0.000000000000000000e+00,1.338625496830949985e-08,1.338625496788113445e-08,4.575912876617642747e-03,2.715331622883470630e-01,2.814242914574027150e-06,0.000000000000000000e+00,1.666666666666667851e+00
2.000000000000000000e+00,2.105000000000000000e+03,2.715332278462261884e-01,0.000000000000000000e+00,4.576639961226092179e-03,1.284073636935006250e-08,0.000000000000000000e+00,1.284073636935006250e-08,1.284073636890181498e-08,4.575978444095984456e-03,2.715332278462262994e-01,2.814243594033563304e-06,0.000000000000000000e+00,1.666666666666667851e+00
2.000000000000000000e+00,2.110000000000000000e+03,2.715332907324440326e-01,0.000000000000000000e+00,4.576702847443936406e-03,1.231780262989917426e-08,0.000000000000000000e+00,1.231780262989917426e-08,1.231780262942542477e-08,4.576041340443481008e-03,2.715332907324442546e-01,2.814244245803287057e-06,0.000000000000000000e+00,1.666666666666667851e+00
2.000000000000000000e+00,2.115000000000000000e+03,2.715333510585895560e-01,0.000000000000000000e+00,4.576763173589459832e-03,1.181601413338274727e-08,0.000000000000000000e+00,1.181601413338274727e-08,1.181601413297678026e-08,4.576101674985386981e-03,2.715333510585896670e-01,2.814244871039721948e-06,0.000000000000000000e+00,1.666666666666667851e+00
2.000000000000000000e+00,2.120000000000000000e+03,2.715334089319008104e-01,0.000000000000000000e+00,4.576821046900714229e-03,1.133643232901104410e-08,0.000000000000000000e+00,1.133643232901104410e-08,1.133643232860651804e-08,4.576159556101540467e-03,2.715334089319006994e-01,2.814245470854326400e-06,0.000000000000000000e+00,1.666666666666667851e+00
2.000000000000000000e+00,2.125000000000000000e+03,2.715334644551758436e-01,0.000000000000000000e+00,4.576876570175747450e-03,1.087675923158412290e-08,0.000000000000000000e+00,1.087675923158412290e-08,1.087675923117121089e-08,4.576215089080439870e-03,2.715334644551757881e-01,2.814246046312524288e-06,0.000000000000000000e+00,1.666666666666667851e+00
2.000000000000000000e+00,2.130000000000000000e+03,2.715335177255386867e-01,0.000000000000000000e+00,4.576929840538590533e-03,1.043435075275288798e-08,0.000000000000000000e+00,1.043435075275288798e-08,1.043435075241740834e-08,4.576268366855399013e-03,2.715335177255385757e-01,2.814246598420923638e-06,0.000000000000000000e+00,1.666666666666667851e+00
2.000000000000000000e+00,2.135000000000000000e+03,2.715335688366403155e-01,0.000000000000000000e+00,4.576980951640219342e-03,1.001225435336675225e-08,0.000000000000000000e+00,1.001225435336675225e-08,1.001225435295880828e-08,4.576319483368162036e-03,2.715335688366403155e-01,2.814247128150169150e-06,0.000000000000000000e+00,1.666666666666667851e+00
2.000000000000000000e+00,2.140000000000000000e+03,2.715336178793467115e-01,0.000000000000000000e+00,4.577029994346615283e-03,9.608756851597584836e-09,0.000000000000000000e+00,9.608756851597584836e-09,9.608756851249037396e-09,4.576368535896172852e-03,2.715336178793468780e-01,2.814247636442004759e-06,0.000000000000000000e+00,1.666666666666667851e+00
2.000000000000000000e+00,2.145000000000000000e+03,2.715336649381088208e-01,0.000000000000000000e+00,4.577077053108724591e-03,9.217719127715918937e-09,0.000000000000000000e+00,9.217719127715918937e-09,9.217719127351124015e-09,4.576415602086119153e-03,2.715336649381089873e-01,2.814248124171702223e-06,0.000000000000000000e+00,1.666666666666667851e+00
2.000000000000000000e+00,2.150000000000000000e+03,2.715337100943586712e-01,0.000000000000000000e+00,4.577122209358575056e-03,8.845134972418507005e-09,0.000000000000000000e+00,8.845134972418507005e-09,8.845134972060973074e-09,4.576460759221368142e-03,2.715337100943585047e-01,2.814248592183251520e-06,0.000000000000000000e+00,1.666666666666667851e+00
2.000000000000000000e+00,2.155000000000000000e+03,2.715337534286258458e-01,0.000000000000000000e+00,4.577165543625749677e-03,8.490739824870254995e-09,0.000000000000000000e+00,8.490739824870254995e-09,8.490739824385781928e-09,4.576504098908359269e-03,2.715337534286257348e-01,2.814249041311283344e-06,0.000000000000000000e+00,1.666666666666667851e+00
2.000000000000000000e+00,2.160000000000000000e+03,2.715337950161922920e-01,0.000000000000000000e+00,4.577207131192195799e-03,8.147441852248984467e-09,0.000000000000000000e+00,8.147441852248984467e-09,8.147441851943389207e-09,4.576545694362549668e-03,2.715337950161920699e-01,2.814249472336033198e-06,0.000000000000000000e+00,1.666666666666667851e+00
2.000000000000000000e+00,2.165000000000000000e+03,2.715338349271338436e-01,0.000000000000000000e+00,4.577247042133747446e-03,7.818616874460805906e-09,0.000000000000000000e+00,7.818616874460805906e-09,7.818616874099996340e-09,4.576585609509365056e-03,2.715338349271336771e-01,2.814249885983796261e-06,0.000000000000000000e+00,1.666666666666667851e+00
2.000000000000000000e+00,2.170000000000000000e+03,2.715338732323585025e-01,0.000000000000000000e+00,4.577285347358406309e-03,7.505620163749563258e-09,0.000000000000000000e+00,7.505620163749563258e-09,7.505620163361426954e-09,4.576623920101958315e-03,2.715338732323585580e-01,2.814250282989476527e-06,0.000000000000000000e+00,1.666666666666667851e+00
2.000000000000000000e+00,2.175000000000000000e+03,2.715339099978946180e-01,0.000000000000000000e+00,4.577322112894521844e-03,7.203123247538564898e-09,0.000000000000000000e+00,7.203123247538564898e-09,7.203123247134478897e-09,4.576660691960485194e-03,2.715339099978950621e-01,2.814250664037402081e-06,0.000000000000000000e+00,1.666666666666667851e+00
2.000000000000000000e+00,2.180000000000000000e+03,2.715339452860413005e-01,0.000000000000000000e+00,4.577357401041204366e-03,6.914245395744124693e-09,0.000000000000000000e+00,6.914245395744124693e-09,6.914245395391831779e-09,4.576695985382091443e-03,2.715339452860409675e-01,2.814251029773270795e-06,0.000000000000000000e+00,1.666666666666667851e+00
2.000000000000000000e+00,2.185000000000000000e+03,2.715339791583118445e-01,0.000000000000000000e+00,4.577391273311748332e-03,6.637160742059218417e-09,0.000000000000000000e+00,6.637160742059218417e-09,6.637160741677176779e-09,4.576729863897434358e-03,2.715339791583119000e-01,2.814251380834617265e-06,0.000000000000000000e+00,1.666666666666667851e+00
2.000000000000000000e+00,2.190000000000000000e+03,2.715340116730356468e-01,0.000000000000000000e+00,4.577423788035550611e-03,6.370942239737199317e-09,0.000000000000000000e+00,6.370942239737199317e-09,6.370942239263434930e-09,4.576762384154886565e-03,2.715340116730359799e-01,2.814251717825985845e-06,0.000000000000000000e+00,1.666666666666667851e+00
2.000000000000000000e+00,2.195000000000000000e+03,2.715340428857292987e-01,0.000000000000000000e+00,4.577455000729202528e-03,6.116006372124256080e-09,0.000000000000000000e+00,6.116006372124256080e-09,6.116006371730238521e-09,4.576793601526413756e-03,2.715340428857289656e-01,2.814252041322755429e-06,0.000000000000000000e+00,1.666666666666667851e+00
2.000000000000000000e+00,2.200000000000000000e+03,2.715340728500754697e-01,0.000000000000000000e+00,4.577484965075373502e-03,5.871340525874329778e-09,0.000000000000000000e+00,5.871340525874329778e-09,5.871340525428774731e-09,4.576823569893656400e-03,2.715340728500755807e-01,2.814252351881320784e-06,0.000000000000000000e+00,1.666666666666667851e+00
2.000000000000000000e+00,2.205000000000000000e+03,2.715341016167135968e-01,0.000000000000000000e+00,4.577513731713500622e-03,5.634212254929902173e-09,0.000000000000000000e+00,5.634212254929902173e-09,5.634212254458413359e-09,4.576852333775606289e-03,2.715341016167136523e-01,2.814252650026514959e-06,0.000000000000000000e+00,1.666666666666667851e+00
2.000000000000000000e+00,2.210000000000000000e+03,2.715341292347475122e-01,0.000000000000000000e+00,4.577541349747416000e-03,5.410799144857390118e-09,0.000000000000000000e+00,5.410799144857390118e-09,5.410799144456994170e-09,4.576879946304103497e-03,2.715341292347477897e-01,2.814252936267266689e-06,0.000000000000000000e+00,1.666666666666667851e+00
2.000000000000000000e+00,2.215000000000000000e+03,2.715341557524623695e-01,0.000000000000000000e+00,4.577567867462273288e-03,5.196395456927317679e-09,0.000000000000000000e+00,5.196395456927317679e-09,5.196395456684234940e-09,4.576906464290606338e-03,2.715341557524623139e-01,2.814253211104011085e-06,0.000000000000000000e+00,1.666666666666667851e+00
2.000000000000000000e+00,2.220000000000000000e+03,2.715341812155663281e-01,0.000000000000000000e+00,4.577593330566231966e-03,4.990178535156153932e-09,0.000000000000000000e+00,4.990178535156153932e-09,4.990178534719195774e-09,4.576931930725585372e-03,2.715341812155666057e-01,2.814253475010490712e-06,0.000000000000000000e+00,1.666666666666667851e+00
2.000000000000000000e+00,2.225000000000000000e+03,2.715342056670580484e-01,0.000000000000000000e+00,4.577617782057952223e-03,4.793364144424087738e-09,0.000000000000000000e+00,4.793364144424087738e-09,4.793364144001189168e-09,4.576956389582281445e-03,2.715342056670582149e-01,2.814253728432343577e-06,0.000000000000000000e+00,1.666666666666667851e+00
2.000000000000000000e+00,2.230000000000000000e+03,2.715342291574653899e-01,0.000000000000000000e+00,4.577641272465293731e-03,4.624479819820110720e-09,0.000000000000000000e+00,4.624479819820110720e-09,4.624479819365135741e-09,4.576979934192189868e-03,2.715342291574651679e-01,2.814253971893257120e-06,0.000000000000000000e+00,1.666666666666667851e+00
2.000000000000000000e+00,2.235000000000000000e+03,2.715342517106110187e-01,0.000000000000000000e+00,4.577663825610922554e-03,4.415777987911144960e-09,0.000000000000000000e+00,4.415777987911144960e-09,4.415777987551179945e-09,4.577002534836707194e-03,2.715342517106114628e-01,2.814254205640141442e-06,0.000000000000000000e+00,1.666666666666667851e+00
2.000000000000000000e+00,2.240000000000000000e+03,2.715342733647479467e-01,0.000000000000000000e+00,4.577685479747850561e-03,4.238798504617779839e-09,0.000000000000000000e+00,4.238798504617779839e-09,4.238798504328384084e-09,4.577024171277936995e-03,2.715342733647482243e-01,2.814254430069457516e-06,0.000000000000000000e+00,1.666666666666667851e+00
2.000000000000000000e+00,2.245000000000000000e+03,2.715342941628018925e-01,0.000000000000000000e+00,4.577706277801796286e-03,4.077887201159755820e-09,0.000000000000000000e+00,4.077887201159755820e-09,4.077887200794126273e-09,4.577044962992200469e-03,2.715342941628021700e-01,2.814254645626096267e-06,0.000000000000000000e+00,1.666666666666667851e+00
2.000000000000000000e+00,2.250000000000000000e+03,2.715343141396390769e-01,0.000000000000000000e+00,4.577726254638980752e-03,3.913013532217397139e-09,0.000000000000000000e+00,3.913013532217397139e-09,3.913013531804073185e-09,4.577064940244031550e-03,2.715343141396390769e-01,2.814254852671421434e-06,0.000000000000000000e+00,1.666666666666667851e+00
2.000000000000000000e+00,2.255000000000000000e+03,2.715343333316439511e-01,0.000000000000000000e+00,4.577745446643854965e-03,3.766251457787904168e-09,0.000000000000000000e+00,3.766251457787904168e-09,3.766251457444704450e-09,4.577084138406504500e-03,2.715343333316438956e-01,2.814255051582533777e-06,0.000000000000000000e+00,1.666666666666667851e+00
2.000000000000000000e+00,2.260000000000000000e+03,2.715343517660088191e-01,0.000000000000000000e+00,4.577763881008722890e-03,3.609081642386665024e-09,0.000000000000000000e+00,3.609081642386665024e-09,3.609081641970635776e-09,4.577102576739253137e-03,2.715343517660085415e-01,2.814255242641264028e-06,0.000000000000000000e+00,1.666666666666667851e+00
2.000000000000000000e+00,2.265000000000000000e+03,2.715343694780822936e-01,0.000000000000000000e+00,4.577781593082197453e-03,3.474324288018465201e-09,0.000000000000000000e+00,3.474324288018465201e-09,3.474324287591678055e-09,4.577120285254076930e-03,2.715343694780822936e-01,2.814255426213968761e-06,0.000000000000000000e+00,1.666666666666667851e+00
2.000000000000000000e+00,2.270000000000000000e+03,2.715343864874918411e-01,0.000000000000000000e+00,4.577798602491744973e-03,3.320756107285380026e-09,0.000000000000000000e+00,3.320756107285380026e-09,3.320756106874316756e-09,4.577137272955063285e-03,2.715343864874915081e-01,2.814255602504078608e-06,0.000000000000000000e+00,1.666666666666667851e+00
2.000000000000000000e+00,2.275000000000000000e+03,2.715344028357304929e-01,0.000000000000000000e+00,4.577814950730396681e-03,3.206305178490038762e-09,0.000000000000000000e+00,3.206305178490038762e-09,3.206305178161492549e-09,4.577153590608276298e-03,2.715344028357302153e-01,2.814255771941630501e-06,0.000000000000000000e+00,1.666666666666667851e+00
2.000000000000000000e+00,2.280000000000000000e+03,2.715344185488523521e-01,0.000000000000000000e+00,4.577830663852255899e-03,3.083440192217071178e-09,0.000000000000000000e+00,3.083440192217071178e-09,3.083440191821965877e-09,4.577169314971700487e-03,2.715344185488522410e-01,2.814255934796662356e-06,0.000000000000000000e+00,1.666666666666667851e+00
2.000000000000000000e+00,2.285000000000000000e+03,2.715344336473154430e-01,0.000000000000000000e+00,4.577845762315346789e-03,2.958680646688464891e-09,0.000000000000000000e+00,2.958680646688464891e-09,2.958680646343043780e-09,4.577184420273796434e-03,2.715344336473152764e-01,2.814256091281206425e-06,0.000000000000000000e+00,1.666666666666667851e+00
2.000000000000000000e+00,2.290000000000000000e+03,2.715344481574050728e-01,0.000000000000000000e+00,4.577860272404976616e-03,2.844514406553702248e-09,0.000000000000000000e+00,2.844514406553702248e-09,2.844514406120988353e-09,4.577198928261427130e-03,2.715344481574050728e-01,2.814256241667689257e-06,0.000000000000000000e+00,1.666666666666667851e+00
2.000000000000000000e+00,2.295000000000000000e+03,2.715344621034526673e-01,0.000000000000000000e+00,4.577874218452571142e-03,2.737027589862903731e-09,0.000000000000000000e+00,2.737027589862903731e-09,2.737027589432573358e-09,4.577212882116416144e-03,2.715344621034523898e-01,2.814256386208285264e-06,0.000000000000000000e+00,1.666666666666667851e+00
2.000000000000000000e+00,2.300000000000000000e+03,2.715344755066544380e-01,0.000000000000000000e+00,4.577887621654341821e-03,2.624696576811236430e-09,0.000000000000000000e+00,2.624696576811236430e-09,2.624696576277113914e-09,4.577226286426830382e-03,2.715344755066546600e-01,2.814256525122684301e-06,0.000000000000000000e+00,1.666666666666667851e+00
2.000000000000000000e+00,2.305000000000000000e+03,2.715344883938196063e-01,0.000000000000000000e+00,4.577900508819510161e-03,2.529966603552980875e-09,0.000000000000000000e+00,2.529966603552980875e-09,2.529966603199083231e-09,4.577239173084779456e-03,2.715344883938198284e-01,2.814256658688737738e-06,0.000000000000000000e+00,1.666666666666667851e+00
2.000000000000000000e+00,2.310000000000000000e+03,2.715345007811905687e-01,0.000000000000000000e+00,4.577912896190472480e-03,2.429355137152984369e-09,0.000000000000000000e+00,2.429355137152984369e-09,2.429355136810105184e-09,4.577251571389129650e-03,2.715345007811906797e-01,2.814256787074793374e-06,0.000000000000000000e+00,1.666666666666667851e+00
2.000000000000000000e+00,2.315000000000000000e+03,2.715345126900748918e-01,0.000000000000000000e+00,4.577924805074795600e-03,2.327655396649665387e-09,0.000000000000000000e+00,2.327655396649665387e-09,2.327655396156689317e-09,4.577263463915461419e-03,2.715345126900751138e-01,2.814256910501678202e-06,0.000000000000000000e+00,1.666666666666667851e+00
2.000000000000000000e+00,2.320000000000000000e+03,2.715345241464771076e-01,0.000000000000000000e+00,4.577936261477011382e-03,2.256595928146408301e-09,0.000000000000000000e+00,2.256595928146408301e-09,2.256595927910598547e-09,4.577274924543771502e-03,2.715345241464773296e-01,2.814257029238920649e-06,0.000000000000000000e+00,1.666666666666667851e+00
2.000000000000000000e+00,2.325000000000000000e+03,2.715345351556066045e-01,0.000000000000000000e+00,4.577947270606508301e-03,2.150716586433512460e-09,0.000000000000000000e+00,2.150716586433512460e-09,2.150716585976821908e-09,4.577285942825056256e-03,2.715345351556067710e-01,2.814257143340506783e-06,0.000000000000000000e+00,1.666666666666667851e+00
2.000000000000000000e+00,2.330000000000000000e+03,2.715345457577991173e-01,0.000000000000000000e+00,4.577957872799021111e-03,2.084152037160053700e-09,0.000000000000000000e+00,2.084152037160053700e-09,2.084152036824892937e-09,4.577296529996613232e-03,2.715345457577990618e-01,2.814257253224488021e-06,0.000000000000000000e+00,1.666666666666667851e+00
2.000000000000000000e+00,2.335000000000000000e+03,2.715345559570566669e-01,0.000000000000000000e+00,4.577968072056570747e-03,2.004399003556229693e-09,0.000000000000000000e+00,2.004399003556229693e-09,2.004399003102566622e-09,4.577306751374213452e-03,2.715345559570565004e-01,2.814257358932345259e-06,0.000000000000000000e+00,1.666666666666667851e+00
2.000000000000000000e+00,2.340000000000000000e+03,2.715345657554923964e-01,0.000000000000000000e+00,4.577977870492300205e-03,1.918890680214731442e-09,0.000000000000000000e+00,1.918890680214731442e-09,1.918890679807653529e-09,4.577316559598421097e-03,2.715345657554930070e-01,2.814257460485978536e-06,0.000000000000000000e+00,1.666666666666667851e+00
2.000000000000000000e+00,2.345000000000000000e+03,2.715345751826164777e-01,0.000000000000000000e+00,4.577987297616381568e-03,1.846155984509646469e-09,0.000000000000000000e+00,1.846155984509646469e-09,1.846155984075971390e-09,4.577325972215080287e-03,2.715345751826165888e-01,2.814257558191233660e-06,0.000000000000000000e+00,1.666666666666667851e+00
2.000000000000000000e+00,2.350000000000000000e+03,2.715345842553753553e-01,0.000000000000000000e+00,4.577996370375259083e-03,1.782414729320598542e-09,0.000000000000000000e+00,1.782414729320598542e-09,1.782414728864551743e-09,4.577335043641862777e-03,2.715345842553750777e-01,2.814257652223750961e-06,0.000000000000000000e+00,1.666666666666667851e+00
2.000000000000000000e+00,2.355000000000000000e+03,2.715345929817661319e-01,0.000000000000000000e+00,4.578005096766035731e-03,1.712111031496859453e-09,0.000000000000000000e+00,1.712111031496859453e-09,1.712111031113287531e-09,4.577343779956262980e-03,2.715345929817662429e-01,2.814257742666418964e-06,0.000000000000000000e+00,1.666666666666667851e+00
2.000000000000000000e+00,2.360000000000000000e+03,2.715346013801169800e-01,0.000000000000000000e+00,4.578013495116883824e-03,1.645725353790101065e-09,0.000000000000000000e+00,1.645725353790101065e-09,1.645725353347855154e-09,4.577352174547223707e-03,2.715346013801171465e-01,2.814257829709192432e-06,0.000000000000000000e+00,1.666666666666667851e+00
2.000000000000000000e+00,2.365000000000000000e+03,2.715346094654794706e-01,0.000000000000000000e+00,4.578021580479374464e-03,1.587443104543861723e-09,0.000000000000000000e+00,1.587443104543861723e-09,1.587443104158160845e-09,4.577360257468367742e-03,2.715346094654794151e-01,2.814257913508068999e-06,0.000000000000000000e+00,1.666666666666667851e+00
2.000000000000000000e+00,2.370000000000000000e+03,2.715346172467809072e-01,0.000000000000000000e+00,4.578029361780810991e-03,1.528126157074778160e-09,0.000000000000000000e+00,1.528126157074778160e-09,1.528126156549379505e-09,4.577368046391519160e-03,2.715346172467807961e-01,2.814257994155574731e-06,0.000000000000000000e+00,1.666666666666667851e+00
2.000000000000000000e+00,2.375000000000000000e+03,2.715346247366787757e-01,0.000000000000000000e+00,4.578036851678679575e-03,1.468603307577269810e-09,0.000000000000000000e+00,1.468603307577269810e-09,1.468603307158497011e-09,4.577375538215178868e-03,2.715346247366791088e-01,2.814258071782899788e-06,0.000000000000000000e+00,1.666666666666667851e+00
2.000000000000000000e+00,2.380000000000000000e+03,2.715346319497429217e-01,0.000000000000000000e+00,4.578044064742825547e-03,1.415629611955377131e-09,0.000000000000000000e+00,1.415629611955377131e-09,1.415629611399911081e-09,4.577382748797475046e-03,2.715346319497430883e-01,2.814258146541040072e-06,0.000000000000000000e+00,1.666666666666667851e+00
2.000000000000000000e+00,2.385000000000000000e+03,2.715346388951220269e-01,0.000000000000000000e+00,4.578051010121930720e-03,1.364055665755995068e-09,0.000000000000000000e+00,1.364055665755995068e-09,1.364055665353353118e-09,4.577389698010666912e-03,2.715346388951219159e-01,2.814258218524819652e-06,0.000000000000000000e+00,1.666666666666667851e+00
2.000000000000000000e+00,2.390000000000000000e+03,2.715346455828995809e-01,0.000000000000000000e+00,4.578057697899484690e-03,1.312009822462101776e-09,0.000000000000000000e+00,1.312009822462101776e-09,1.312009822107111839e-09,4.577396388174385933e-03,2.715346455828993588e-01,2.814258287838750112e-06,0.000000000000000000e+00,1.666666666666667851e+00
2.000000000000000000e+00,2.395000000000000000e+03,2.715346520252777673e-01,0.000000000000000000e+00,4.578064140277671168e-03,1.263987233477970181e-09,0.000000000000000000e+00,1.263987233477970181e-09,1.263987233064406552e-09,4.577402828167023187e-03,2.715346520252774898e-01,2.814258354609293471e-06,0.000000000000000000e+00,1.666666666666667851e+00
2.000000000000000000e+00,2.400000000000000000e+03,2.715346582320025126e-01,0.000000000000000000e+00,4.578070347002416440e-03,1.218218870983836098e-09,0.000000000000000000e+00,1.218218870983836098e-09,1.218218870531076722e-09,4.577409033682282823e-03,2.715346582320025681e-01,2.814258418937464336e-06,0.000000000000000000e+00,1.666666666666667851e+00
3.000000000000000000e+00,2.400000000000000455e+03,2.715346582320025126e-01,0.000000000000000000e+00,4.578070347002416440e-03,-4.891864123251799283e-08,0.000000000000000000e+00,-4.891864123251799283e-08,-4.891864123293558007e-08,4.577409033682282823e-03,2.715346582320026236e-01,2.814258418937463913e-06,-5.000000000000000000e+00,1.666666666666667629e+00
3.000000000000000000e+00,2.405000000000000455e+03,2.715359751891992524e-01,0.000000000000000000e+00,4.579387304199156183e-03,5.379625371103782653e-07,0.000000000000000000e+00,5.379625371103782653e-07,5.379625371099801598e-07,4.578631643421975095e-03,2.715359751891993079e-01,2.814272068236974617e-06,-5.000000000000000000e+00,1.659722222222233867e+00
3.000000000000000000e+00,2.410000000000000455e+03,2.715398090310448542e-01,0.000000000000000000e+00,4.583221146044758054e-03,9.780662202067775461e-07,0.000000000000000000e+00,9.780662202067775461e-07,9.780662202063362419e-07,4.582421715315265938e-03,2.715398090310450763e-01,2.814311803207685737e-06,-5.000000000000000000e+00,1.652777777777785895e+00
3.000000000000000000e+00,2.415000000000000455e+03,2.715456055113037448e-01,0.000000000000000000e+00,4.589017626303648623e-03,1.327375242668510553e-06,0.000000000000000000e+00,1.327375242668510553e-06,1.327375242668185293e-06,4.588185318972452451e-03,2.715456055113036893e-01,2.814371879492142932e-06,-5.000000000000000000e+00,1.645833333333341475e+00
3.000000000000000000e+00,2.420000000000000455e+03,2.715529654855974306e-01,0.000000000000000000e+00,4.596377600597334467e-03,1.606131368203910512e-06,0.000000000000000000e+00,1.606131368203910512e-06,1.606131368203428550e-06,4.595519085499631846e-03,2.715529654855973196e-01,2.814448160250387917e-06,-5.000000000000000000e+00,1.638888888888896611e+00
3.000000000000000000e+00,2.425000000000000455e+03,2.715615726619793335e-01,0.000000000000000000e+00,4.604984776979237360e-03,1.828301930342168217e-06,0.000000000000000000e+00,1.828301930342168217e-06,1.828301930341755712e-06,4.604105168745994438e-03,2.715615726619792225e-01,2.814537367347386879e-06,-5.000000000000000000e+00,1.631944444444452413e+00
3.000000000000000000e+00,2.430000000000000455e+03,2.715711726787860547e-01,0.000000000000000000e+00,4.614584793785958539e-03,2.004923691951793696e-06,0.000000000000000000e+00,2.004923691951793696e-06,2.004923691951353238e-06,4.613688232801727018e-03,2.715711726787857216e-01,2.814636864510278921e-06,-5.000000000000000000e+00,1.625000000000008660e+00
3.000000000000000000e+00,2.435000000000000455e+03,2.715815610783756107e-01,0.000000000000000000e+00,4.624973193375514491e-03,2.144998610168269491e-06,0.000000000000000000e+00,2.144998610168269491e-06,2.144998610167852751e-06,4.624063038557025065e-03,2.715815610783756662e-01,2.814744532684922375e-06,-5.000000000000000000e+00,1.618055555555566238e+00
3.000000000000000000e+00,2.440000000000000455e+03,2.715925740254062637e-01,0.000000000000000000e+00,4.635986140406167522e-03,2.255837709413201263e-06,0.000000000000000000e+00,2.255837709413201263e-06,2.255837709412734548e-06,4.635065129355977163e-03,2.715925740254066523e-01,2.814858673837662485e-06,-5.000000000000000000e+00,1.611111111111123817e+00
3.000000000000000000e+00,2.445000000000000455e+03,2.716040805963902960e-01,0.000000000000000000e+00,4.647492711390199815e-03,2.343323797625906425e-06,0.000000000000000000e+00,2.343323797625906425e-06,2.343323797625276232e-06,4.646563033123571849e-03,2.716040805963901850e-01,2.814977931042154537e-06,-5.000000000000000000e+00,1.604166666666681396e+00
3.000000000000000000e+00,2.450000000000000455e+03,2.716159763873329247e-01,0.000000000000000000e+00,4.659388502332828530e-03,2.412225558745797398e-06,0.000000000000000000e+00,2.412225558745797398e-06,2.412225558745342541e-06,4.658451906514498100e-03,2.716159763873327027e-01,2.815101222227257181e-06,-5.000000000000000000e+00,1.597222222222239196e+00
3.000000000000000000e+00,2.455000000000000455e+03,2.716281782729590422e-01,0.000000000000000000e+00,4.671590387958945989e-03,2.466325948288345369e-06,0.000000000000000000e+00,2.466325948288345369e-06,2.466325948287977757e-06,4.670648285282081279e-03,2.716281782729589311e-01,2.815227685860203579e-06,-5.000000000000000000e+00,1.590277777777793888e+00
3.000000000000000000e+00,2.460000000000000455e+03,2.716406201412739363e-01,0.000000000000000000e+00,4.684032256273840122e-03,2.508662823946665769e-06,0.000000000000000000e+00,2.508662823946665769e-06,2.508662823946105033e-06,4.683085757212666726e-03,2.716406201412740473e-01,2.815356636738447564e-06,-5.000000000000000000e+00,1.583333333333347914e+00
3.000000000000000000e+00,2.465000000000000455e+03,2.716532494663357333e-01,0.000000000000000000e+00,4.696661581335637159e-03,2.541679379178133150e-06,0.000000000000000000e+00,2.541679379178133150e-06,2.541679379177722339e-06,4.695711612720476769e-03,2.716532494663356223e-01,2.815487530468962181e-06,-5.000000000000000000e+00,1.576388888888901940e+00
3.000000000000000000e+00,2.470000000000000455e+03,2.716660245765689097e-01,0.000000000000000000e+00,4.709436691568813504e-03,2.567265406752095003e-06,0.000000000000000000e+00,2.567265406752095003e-06,2.567265406751502080e-06,4.708483974685299771e-03,2.716660245765692427e-01,2.815619935156311233e-06,-5.000000000000000000e+00,1.569444444444455966e+00
3.000000000000000000e+00,2.475000000000000455e+03,2.716789124365847075e-01,0.000000000000000000e+00,4.722324551584611285e-03,2.587013451975733410e-06,0.000000000000000000e+00,2.587013451975733410e-06,2.587013451975271777e-06,4.721369671832116414e-03,2.716789124365847075e-01,2.815753508412803748e-06,-5.000000000000000000e+00,1.562500000000009992e+00
3.000000000000000000e+00,2.480000000000000455e+03,2.716918869357555222e-01,0.000000000000000000e+00,4.735299050755426009e-03,2.602118416067926042e-06,0.000000000000000000e+00,2.602118416067926042e-06,2.602118416067577911e-06,4.734342501502223320e-03,2.716918869357554112e-01,2.815887979620864270e-06,-5.000000000000000000e+00,1.555555555555564240e+00
3.000000000000000000e+00,2.485000000000000455e+03,2.717049274451420193e-01,0.000000000000000000e+00,4.748339560141923155e-03,2.613557078893774131e-06,0.000000000000000000e+00,2.613557078893774131e-06,2.613557078893252359e-06,4.747381690239626043e-03,2.717049274451420748e-01,2.816023134976601962e-06,-5.000000000000000000e+00,1.548611111111118266e+00
3.000000000000000000e+00,2.490000000000000455e+03,2.717180177195180901e-01,0.000000000000000000e+00,4.761429834517993953e-03,2.622129490386556076e-06,0.000000000000000000e+00,2.622129490386556076e-06,2.622129490386252839e-06,4.760470906662823964e-03,2.717180177195183122e-01,2.816158806110110150e-06,-5.000000000000000000e+00,1.541666666666672514e+00
3.000000000000000000e+00,2.495000000000000455e+03,2.717311449923957012e-01,0.000000000000000000e+00,4.774557107395605016e-03,2.628445867701696226e-06,0.000000000000000000e+00,2.628445867701696226e-06,2.628445867701153278e-06,4.773597345058042986e-03,2.717311449923958677e-01,2.816294860706066365e-06,-5.000000000000000000e+00,1.534722222222226984e+00
3.000000000000000000e+00,2.500000000000000455e+03,2.717442992536513446e-01,0.000000000000000000e+00,4.787711368651248467e-03,2.632998010388507980e-06,0.000000000000000000e+00,2.632998010388507980e-06,2.632998010387909128e-06,4.786750954753265369e-03,2.717442992536514002e-01,2.816431195016848777e-06,-5.000000000000000000e+00,1.527777777777782342e+00
3.000000000000000000e+00,2.505000000000000455e+03,2.717574727072705754e-01,0.000000000000000000e+00,4.800884822270479191e-03,2.636184954495024381e-06,0.000000000000000000e+00,2.636184954495024381e-06,2.636184954494710979e-06,4.799923912165471838e-03,2.717574727072709084e-01,2.816567728242463279e-06,-5.000000000000000000e+00,1.520833333333338144e+00
3.000000000000000000e+00,2.510000000000000455e+03,2.717706592889553296e-01,0.000000000000000000e+00,4.814071403955233475e-03,2.638276213687072269e-06,0.000000000000000000e+00,2.638276213687072269e-06,2.638276213686678398e-06,4.813110065085925149e-03,2.717706592889553852e-01,2.816704397530885766e-06,-5.000000000000000000e+00,1.513888888888894169e+00
3.000000000000000000e+00,2.515000000000000455e+03,2.717838543031523280e-01,0.000000000000000000e+00,4.827266418152231786e-03,2.639588871118371234e-06,0.000000000000000000e+00,2.639588871118371234e-06,2.639588871117890120e-06,4.826304727797937379e-03,2.717838543031523280e-01,2.816841154216140647e-06,-5.000000000000000000e+00,1.506944444444449971e+00
3.000000000000000000e+00,2.520000000000000455e+03,2.717970541393575079e-01,0.000000000000000000e+00,4.840466254357411735e-03,2.640268067236555384e-06,0.000000000000000000e+00,2.640268067236555384e-06,2.640268067235985331e-06,4.839504370143821524e-03,2.717970541393576189e-01,2.816977960877991553e-06,-5.000000000000000000e+00,1.500000000000005995e+00
3.000000000000000000e+00,2.525000000000000455e+03,2.718102560353764519e-01,0.000000000000000000e+00,4.853668150376355683e-03,2.640447364696809566e-06,0.000000000000000000e+00,2.640447364696809566e-06,2.640447364696220031e-06,4.852706158723652310e-03,2.718102560353764519e-01,2.817114788888304584e-06,-5.000000000000000000e+00,1.493055555555561797e+00
3.000000000000000000e+00,2.530000000000000455e+03,2.718234578871825402e-01,0.000000000000000000e+00,4.866870002182444033e-03,2.640251996717209778e-06,0.000000000000000000e+00,2.640251996717209778e-06,2.640251996716924328e-06,4.865907907127185045e-03,2.718234578871829843e-01,2.817251616440382955e-06,-5.000000000000000000e+00,1.486111111111117600e+00
3.000000000000000000e+00,2.535000000000000455e+03,2.718366581039395879e-01,0.000000000000000000e+00,4.880070218939491777e-03,2.639806434736208804e-06,0.000000000000000000e+00,2.639806434736208804e-06,2.639806434735659927e-06,4.879108053205816545e-03,2.718366581039397545e-01,2.817388427046376711e-06,-5.000000000000000000e+00,1.479166666666673846e+00
3.000000000000000000e+00,2.540000000000000455e+03,2.718498554863806871e-01,0.000000000000000000e+00,4.893267601380590914e-03,2.639134932884574234e-06,0.000000000000000000e+00,2.639134932884574234e-06,2.639134932884120224e-06,4.892305406624866161e-03,2.718498554863806871e-01,2.817525208276754555e-06,-5.000000000000000000e+00,1.472222222222230315e+00
3.000000000000000000e+00,2.545000000000000455e+03,2.718630491330547572e-01,0.000000000000000000e+00,4.906461248054660995e-03,2.638311085616492691e-06,0.000000000000000000e+00,2.638311085616492691e-06,2.638311085616031905e-06,4.905499021671116087e-03,2.718630491330550347e-01,2.817661950788631269e-06,-5.000000000000000000e+00,1.465277777777786561e+00
3.000000000000000000e+00,2.550000000000000455e+03,2.718762383644967584e-01,0.000000000000000000e+00,4.919650479496662232e-03,2.637382093433887219e-06,0.000000000000000000e+00,2.637382093433887219e-06,2.637382093433338342e-06,4.918688254618739340e-03,2.718762383644968694e-01,2.817798647539857516e-06,-5.000000000000000000e+00,1.458333333333342807e+00
3.000000000000000000e+00,2.555000000000000455e+03,2.718894226583147278e-01,0.000000000000000000e+00,4.932834773314631605e-03,2.636333763125339106e-06,0.000000000000000000e+00,2.636333763125339106e-06,2.636333763124865615e-06,4.931872544260135563e-03,2.718894226583148388e-01,2.817935293116211826e-06,-5.000000000000000000e+00,1.451388888888899054e+00
3.000000000000000000e+00,2.560000000000000455e+03,2.719026016052462635e-01,0.000000000000000000e+00,4.946013720246167367e-03,2.635233163983391599e-06,0.000000000000000000e+00,2.635233163983391599e-06,2.635233163982732607e-06,4.945051461577904157e-03,2.719026016052462635e-01,2.818071883275994604e-06,-5.000000000000000000e+00,1.444444444444455078e+00
3.000000000000000000e+00,2.565000000000000455e+03,2.719157748689815524e-01,0.000000000000000000e+00,4.959186983981456187e-03,2.634079835407824894e-06,0.000000000000000000e+00,2.634079835407824894e-06,2.634079835407348861e-06,4.958224744076379295e-03,2.719157748689817189e-01,2.818208414533601321e-06,-5.000000000000000000e+00,1.437500000000011324e+00
3.000000000000000000e+00,2.570000000000000455e+03,2.719289421539434759e-01,0.000000000000000000e+00,4.972354268943379729e-03,2.632843826018626220e-06,0.000000000000000000e+00,2.632843826018626220e-06,2.632843826018139176e-06,4.971392053229942848e-03,2.719289421539436424e-01,2.818344883825590362e-06,-5.000000000000000000e+00,1.430555555555567571e+00
3.000000000000000000e+00,2.575000000000000455e+03,2.719421031822233381e-01,0.000000000000000000e+00,4.985515297223241937e-03,2.631546469082017385e-06,0.000000000000000000e+00,2.631546469082017385e-06,2.631546469081484601e-06,4.984553028967692034e-03,2.719421031822231161e-01,2.818481288271635932e-06,-5.000000000000000000e+00,1.423611111111123817e+00
3.000000000000000000e+00,2.580000000000000455e+03,2.719552576714601710e-01,0.000000000000000000e+00,4.998669786460074871e-03,2.630216247617252385e-06,0.000000000000000000e+00,2.630216247617252385e-06,2.630216247616675556e-06,4.997707435759437752e-03,2.719552576714602821e-01,2.818617624945276044e-06,-5.000000000000000000e+00,1.416666666666680063e+00
3.000000000000000000e+00,2.585000000000000455e+03,2.719684053218590636e-01,0.000000000000000000e+00,5.011817436858967412e-03,2.628813143052649939e-06,0.000000000000000000e+00,2.628813143052649939e-06,2.628813143052234046e-06,5.010855009236109964e-03,2.719684053218591746e-01,2.818753890739358795e-06,-5.000000000000000000e+00,1.409722222222236310e+00
3.000000000000000000e+00,2.590000000000000455e+03,2.719815458032395217e-01,0.000000000000000000e+00,5.024957918239425503e-03,2.627354032766340082e-06,0.000000000000000000e+00,2.627354032766340082e-06,2.627354032765852191e-06,5.023995427175654942e-03,2.719815458032397437e-01,2.818890082231796116e-06,-5.000000000000000000e+00,1.402777777777791446e+00
3.000000000000000000e+00,2.595000000000000455e+03,2.719946787432155899e-01,0.000000000000000000e+00,5.038090858215493739e-03,2.625807008642179225e-06,0.000000000000000000e+00,2.625807008642179225e-06,2.625807008641452471e-06,5.037128329779173679e-03,2.719946787432153679e-01,2.819026195563087042e-06,-5.000000000000000000e+00,1.395833333333346360e+00
3.000000000000000000e+00,2.600000000000000455e+03,2.720078037221989598e-01,0.000000000000000000e+00,5.051215837198863579e-03,2.624169105515818774e-06,0.000000000000000000e+00,2.624169105515818774e-06,2.624169105515426597e-06,5.050253270064565536e-03,2.720078037221991818e-01,2.819162226384504705e-06,-5.000000000000000000e+00,1.388888888888902606e+00
3.000000000000000000e+00,2.605000000000000455e+03,2.720209202659033543e-01,0.000000000000000000e+00,5.064332380903258102e-03,2.622430695121083933e-06,0.000000000000000000e+00,2.622430695121083933e-06,2.622430695120543526e-06,5.063369769566155448e-03,2.720209202659030767e-01,2.819298169780414099e-06,-5.000000000000000000e+00,1.381944444444458409e+00
3.000000000000000000e+00,2.610000000000000455e+03,2.720340278413396762e-01,0.000000000000000000e+00,5.077439956339580007e-03,2.620579699869764027e-06,0.000000000000000000e+00,2.620579699869764027e-06,2.620579699869107577e-06,5.076477295553629560e-03,2.720340278413395652e-01,2.819434020226778473e-06,-5.000000000000000000e+00,1.375000000000014433e+00
3.000000000000000000e+00,2.615000000000000455e+03,2.720471258530998138e-01,0.000000000000000000e+00,5.090537968099717592e-03,2.618603094866521703e-06,0.000000000000000000e+00,2.618603094866521703e-06,2.618603094865872875e-06,5.089575252540466666e-03,2.720471258530998693e-01,2.819569771552620181e-06,-5.000000000000000000e+00,1.368055555555570679e+00
3.000000000000000000e+00,2.620000000000000455e+03,2.720602136407035965e-01,0.000000000000000000e+00,5.103625755703500300e-03,2.616487732095416810e-06,0.000000000000000000e+00,2.616487732095416810e-06,2.616487732094837439e-06,5.102662979607868778e-03,2.720602136407034854e-01,2.819705416912549287e-06,-5.000000000000000000e+00,1.361111111111126482e+00
3.000000000000000000e+00,2.625000000000000455e+03,2.720732904768841109e-01,0.000000000000000000e+00,5.116702591884014772e-03,2.614220219119624841e-06,0.000000000000000000e+00,2.614220219119624841e-06,2.614220219119147962e-06,5.115739749485904118e-03,2.720732904768839999e-01,2.819840948768973330e-06,-5.000000000000000000e+00,1.354166666666682506e+00
3.000000000000000000e+00,2.630000000000000455e+03,2.720863555662156319e-01,0.000000000000000000e+00,5.129767681215535724e-03,2.611786698564892999e-06,0.000000000000000000e+00,2.611786698564892999e-06,2.611786698564269582e-06,5.128804766780112323e-03,2.720863555662154099e-01,2.819976358877888346e-06,-5.000000000000000000e+00,1.347222222222238752e+00
3.000000000000000000e+00,2.635000000000000455e+03,2.720994080445160446e-01,0.000000000000000000e+00,5.142820159515948397e-03,2.609173515434539022e-06,0.000000000000000000e+00,2.609173515434539022e-06,2.609173515434086706e-06,5.141857167315108494e-03,2.720994080445159335e-01,2.820111638282676048e-06,-5.000000000000000000e+00,1.340277777777794110e+00
3.000000000000000000e+00,2.640000000000000455e+03,2.721124469785815569e-01,0.000000000000000000e+00,5.155859093581460773e-03,2.606366705391978866e-06,0.000000000000000000e+00,2.606366705391978866e-06,2.606366705391105575e-06,5.154896017867171241e-03,2.721124469785815569e-01,2.820246777311364520e-06,-5.000000000000000000e+00,1.333333333333349691e+00
3.000000000000000000e+00,2.645000000000000455e+03,2.721254713661018787e-01,0.000000000000000000e+00,5.168883481101782529e-03,2.603352484548753193e-06,0.000000000000000000e+00,2.603352484548753193e-06,2.603352484548243279e-06,5.167920315842019531e-03,2.721254713661018787e-01,2.820381765575732480e-06,-5.000000000000000000e+00,1.326388888888905049e+00
3.000000000000000000e+00,2.650000000000000455e+03,2.721384801357910055e-01,0.000000000000000000e+00,5.181892250790909316e-03,2.600117290027674825e-06,0.000000000000000000e+00,2.600117290027674825e-06,2.600117290027155593e-06,5.180928990278457769e-03,2.721384801357912275e-01,2.820516591972685284e-06,-5.000000000000000000e+00,1.319444444444460407e+00
3.000000000000000000e+00,2.655000000000000455e+03,2.721514721482907184e-01,0.000000000000000000e+00,5.194884263290622251e-03,2.596647359900223443e-06,0.000000000000000000e+00,2.596647359900223443e-06,2.596647359899755881e-06,5.193920901903275461e-03,2.721514721482904964e-01,2.820651244693608713e-06,-5.000000000000000000e+00,1.312500000000015987e+00
3.000000000000000000e+00,2.660000000000000455e+03,2.721644461967969719e-01,0.000000000000000000e+00,5.207858311796875750e-03,2.592929410023861708e-06,0.000000000000000000e+00,2.592929410023861708e-06,2.592929410023309442e-06,5.206894843828083035e-03,2.721644461967971385e-01,2.820785711230860207e-06,-5.000000000000000000e+00,1.305555555555571345e+00
3.000000000000000000e+00,2.665000000000000455e+03,2.721774010079094919e-01,0.000000000000000000e+00,5.220813122909395698e-03,2.588950321087064616e-06,0.000000000000000000e+00,2.588950321087064616e-06,2.588950321086381060e-06,5.219849543155857460e-03,2.721774010079098804e-01,2.820919978386577165e-06,-5.000000000000000000e+00,1.298611111111126704e+00
3.000000000000000000e+00,2.670000000000000455e+03,2.721903352433421852e-01,0.000000000000000000e+00,5.233747358342089040e-03,2.584697050376675654e-06,0.000000000000000000e+00,2.584697050376675654e-06,2.584697050375998027e-06,5.232783661584513267e-03,2.721903352433421297e-01,2.821054032290400680e-06,-5.000000000000000000e+00,1.291666666666682284e+00
3.000000000000000000e+00,2.675000000000000455e+03,2.722032475009586450e-01,0.000000000000000000e+00,5.246659615958548795e-03,2.580157076123760856e-06,0.000000000000000000e+00,2.580157076123760856e-06,2.580157076123246707e-06,5.245695796900761397e-03,2.722032475009585339e-01,2.821187858410207453e-06,-5.000000000000000000e+00,1.284722222222237642e+00
3.000000000000000000e+00,2.680000000000000455e+03,2.722161363161900161e-01,0.000000000000000000e+00,5.259548431189919881e-03,2.575318144342523500e-06,0.000000000000000000e+00,2.575318144342523500e-06,2.575318144342088125e-06,5.258584484951924279e-03,2.722161363161900716e-01,2.821321441566814702e-06,-5.000000000000000000e+00,1.277777777777793222e+00
3.000000000000000000e+00,2.685000000000000455e+03,2.722290001640613188e-01,0.000000000000000000e+00,5.272412279061222673e-03,2.570168162096773403e-06,0.000000000000000000e+00,2.570168162096773403e-06,2.570168162096075448e-06,5.271448200718020088e-03,2.722290001640610413e-01,2.821454765954969644e-06,-5.000000000000000000e+00,1.270833333333348580e+00
3.000000000000000000e+00,2.690000000000000455e+03,2.722418374608366887e-01,0.000000000000000000e+00,5.285249575836592495e-03,2.564695730529059907e-06,0.000000000000000000e+00,2.564695730529059907e-06,2.564695730528577099e-06,5.284285360449581317e-03,2.722418374608369662e-01,2.821587815160408735e-06,-5.000000000000000000e+00,1.263888888888904161e+00
3.000000000000000000e+00,2.695000000000000455e+03,2.722546465659032577e-01,0.000000000000000000e+00,5.298058680903161566e-03,2.558889763971930920e-06,0.000000000000000000e+00,2.558889763971930920e-06,2.558889763971564155e-06,5.297094324185831413e-03,2.722546465659032577e-01,2.821720572179372886e-06,-5.000000000000000000e+00,1.256944444444459519e+00
3.000000000000000000e+00,2.700000000000000455e+03,2.722674257843674672e-01,0.000000000000000000e+00,5.310837899367371051e-03,2.552739321583803853e-06,0.000000000000000000e+00,2.552739321583803853e-06,2.552739321582965290e-06,5.309873396899718496e-03,2.722674257843674117e-01,2.821853019445535068e-06,-5.000000000000000000e+00,1.250000000000014877e+00
3.000000000000000000e+00,2.705000000000000455e+03,2.722801733690471404e-01,0.000000000000000000e+00,5.323585484047044236e-03,2.546234491201025631e-06,0.000000000000000000e+00,2.546234491201025631e-06,2.546234491200209091e-06,5.322620831431676240e-03,2.722801733690471404e-01,2.821985138850620897e-06,-5.000000000000000000e+00,1.243055555555570457e+00
3.000000000000000000e+00,2.710000000000000455e+03,2.722928875229691514e-01,0.000000000000000000e+00,5.336299637969055265e-03,2.539365637155912040e-06,0.000000000000000000e+00,2.539365637155912040e-06,2.539365637155178510e-06,5.335334831752564996e-03,2.722928875229694845e-01,2.822116911770317265e-06,-5.000000000000000000e+00,1.236111111111125815e+00
3.000000000000000000e+00,2.715000000000000455e+03,2.723055664024122136e-01,0.000000000000000000e+00,5.348978517412117384e-03,2.532123113769303442e-06,0.000000000000000000e+00,2.532123113769303442e-06,2.532123113768580923e-06,5.348013553629874135e-03,2.723055664024124356e-01,2.822248319095805673e-06,-5.000000000000000000e+00,1.229166666666681174e+00
3.000000000000000000e+00,2.720000000000000455e+03,2.723182081191444781e-01,0.000000000000000000e+00,5.361620234144381936e-03,2.524498999444668159e-06,0.000000000000000000e+00,2.524498999444668159e-06,2.524498999443797409e-06,5.360655108912904497e-03,2.723182081191443671e-01,2.822379341256937905e-06,-5.000000000000000000e+00,1.222222222222236754e+00
3.000000000000000000e+00,2.725000000000000455e+03,2.723308107437084624e-01,0.000000000000000000e+00,5.374222858708366246e-03,2.516485385641437078e-06,0.000000000000000000e+00,2.516485385641437078e-06,2.516485385640760299e-06,5.373257569875616521e-03,2.723308107437087955e-01,2.822509958256295646e-06,-5.000000000000000000e+00,1.215277777777792334e+00
3.000000000000000000e+00,2.730000000000000455e+03,2.723433723090477043e-01,0.000000000000000000e+00,5.386784424047608155e-03,2.508073811529239465e-06,0.000000000000000000e+00,2.508073811529239465e-06,2.508073811528648236e-06,5.385818967868539336e-03,2.723433723090477598e-01,2.822640149706776719e-06,-5.000000000000000000e+00,1.208333333333347692e+00
3.000000000000000000e+00,2.735000000000000455e+03,2.723558908124991129e-01,0.000000000000000000e+00,5.399302927499016747e-03,2.499259277852264565e-06,0.000000000000000000e+00,2.499259277852264565e-06,2.499259277851517482e-06,5.398337300591990115e-03,2.723558908124988354e-01,2.822769894852235162e-06,-5.000000000000000000e+00,1.201388888888903272e+00
3.000000000000000000e+00,2.740000000000000455e+03,2.723683642205221300e-01,0.000000000000000000e+00,5.411776335522033854e-03,2.490035778135809728e-06,0.000000000000000000e+00,2.490035778135809728e-06,2.490035778134993188e-06,5.410810538231956672e-03,2.723683642205222410e-01,2.822899172616518509e-06,-5.000000000000000000e+00,1.194444444444458631e+00
3.000000000000000000e+00,2.745000000000000455e+03,2.723807904730261020e-01,0.000000000000000000e+00,5.424202588026005856e-03,2.480395172600015970e-06,0.000000000000000000e+00,2.480395172600015970e-06,2.480395172599021553e-06,5.423236615608791056e-03,2.723807904730261575e-01,2.823027961648287687e-06,-5.000000000000000000e+00,1.187500000000013989e+00
3.000000000000000000e+00,2.750000000000000455e+03,2.723931674834453309e-01,0.000000000000000000e+00,5.436579598445234751e-03,2.470337725104116691e-06,0.000000000000000000e+00,2.470337725104116691e-06,2.470337725103321327e-06,5.435613447853046912e-03,2.723931674834456085e-01,2.823156240321814923e-06,-5.000000000000000000e+00,1.180555555555569569e+00
3.000000000000000000e+00,2.755000000000000455e+03,2.724054931472165153e-01,0.000000000000000000e+00,5.448905262216419132e-03,2.459859015597320043e-06,0.000000000000000000e+00,2.459859015597320043e-06,2.459859015596683921e-06,5.447938939704797742e-03,2.724054931472165153e-01,2.823283986824827839e-06,-5.000000000000000000e+00,1.173611111111124927e+00
3.000000000000000000e+00,2.760000000000000455e+03,2.724177653469003202e-01,0.000000000000000000e+00,5.461177461900224017e-03,2.448947888481757226e-06,0.000000000000000000e+00,2.448947888481757226e-06,2.448947888480947462e-06,5.460210956964991688e-03,2.724177653469003202e-01,2.823411179211630272e-06,-5.000000000000000000e+00,1.166666666666680285e+00
3.000000000000000000e+00,2.765000000000000455e+03,2.724299819447049131e-01,0.000000000000000000e+00,5.473394059704816961e-03,2.437617242938026137e-06,0.000000000000000000e+00,2.437617242938026137e-06,2.437617242937185033e-06,5.472427369793536264e-03,2.724299819447049131e-01,2.823537795325557681e-06,-5.000000000000000000e+00,1.159722222222235866e+00
3.000000000000000000e+00,2.770000000000000455e+03,2.724421408033124159e-01,0.000000000000000000e+00,5.485552918312319726e-03,2.425861584747284144e-06,0.000000000000000000e+00,2.425861584747284144e-06,2.425861584746429488e-06,5.484586066862745871e-03,2.724421408033123604e-01,2.823663813014876527e-06,-5.000000000000000000e+00,1.152777777777791224e+00
3.000000000000000000e+00,2.775000000000000455e+03,2.724542397913413128e-01,0.000000000000000000e+00,5.497651906341216588e-03,2.413654998546542810e-06,0.000000000000000000e+00,2.413654998546542810e-06,2.413654998545825373e-06,5.496684858320976738e-03,2.724542397913412572e-01,2.823789210189376240e-06,-5.000000000000000000e+00,1.145833333333346804e+00
3.000000000000000000e+00,2.780000000000000455e+03,2.724662767475247160e-01,0.000000000000000000e+00,5.509688862524619868e-03,2.401049677460481908e-06,0.000000000000000000e+00,2.401049677460481908e-06,2.401049677459600993e-06,5.508721620010989875e-03,2.724662767475247160e-01,2.823913964449104511e-06,-5.000000000000000000e+00,1.138888888888902162e+00
3.000000000000000000e+00,2.785000000000000455e+03,2.724782495488441425e-01,0.000000000000000000e+00,5.521661663844046330e-03,2.388025208710483412e-06,0.000000000000000000e+00,2.388025208710483412e-06,2.388025208709892183e-06,5.520694307226414049e-03,2.724782495488439760e-01,2.824038053790517486e-06,-5.000000000000000000e+00,1.131944444444457742e+00
3.000000000000000000e+00,2.790000000000000455e+03,2.724901561153643681e-01,0.000000000000000000e+00,5.533568230364271923e-03,2.374497385688802988e-06,0.000000000000000000e+00,2.374497385688802988e-06,2.374497385688354061e-06,5.532600613712409382e-03,2.724901561153640350e-01,2.824161456656613104e-06,-5.000000000000000000e+00,1.125000000000013323e+00
3.000000000000000000e+00,2.795000000000000455e+03,2.725019943043790471e-01,0.000000000000000000e+00,5.545406419378950957e-03,2.360645074710679837e-06,0.000000000000000000e+00,2.360645074710679837e-06,2.360645074710038633e-06,5.544438469863405619e-03,2.725019943043789916e-01,2.824284150839805746e-06,-5.000000000000000000e+00,1.118055555555568903e+00
3.000000000000000000e+00,2.800000000000000455e+03,2.725137620159983620e-01,0.000000000000000000e+00,5.557174130998265849e-03,2.346373766070612070e-06,0.000000000000000000e+00,2.346373766070612070e-06,2.346373766069968325e-06,5.556206016965355501e-03,2.725137620159985841e-01,2.824406114576260187e-06,-5.000000000000000000e+00,1.111111111111124261e+00
3.000000000000000000e+00,2.805000000000000455e+03,2.725254571600561615e-01,0.000000000000000000e+00,5.568869275056065327e-03,2.331631149572216562e-06,0.000000000000000000e+00,2.331631149572216562e-06,2.331631149571489808e-06,5.567901029254459198e-03,2.725254571600558284e-01,2.824527326202947866e-06,-5.000000000000000000e+00,1.104166666666679841e+00
3.000000000000000000e+00,2.810000000000000455e+03,2.725370777064980432e-01,0.000000000000000000e+00,5.580489821497947034e-03,2.316529089650255053e-06,0.000000000000000000e+00,2.316529089650255053e-06,2.316529089649407173e-06,5.579521429852511705e-03,2.725370777064980987e-01,2.824647764679825328e-06,-5.000000000000000000e+00,1.097222222222235422e+00
3.000000000000000000e+00,2.815000000000000455e+03,2.725486217452105508e-01,0.000000000000000000e+00,5.592033860210454677e-03,2.301040991662210158e-06,0.000000000000000000e+00,2.301040991662210158e-06,2.301040991661660433e-06,5.591065355055789554e-03,2.725486217452106619e-01,2.824767410209963993e-06,-5.000000000000000000e+00,1.090277777777790780e+00
3.000000000000000000e+00,2.820000000000000455e+03,2.725600873145009317e-01,0.000000000000000000e+00,5.603499429500835571e-03,2.285140920101762262e-06,0.000000000000000000e+00,2.285140920101762262e-06,2.285140920100778857e-06,5.602530809835195094e-03,2.725600873145011538e-01,2.824886242461851185e-06,-5.000000000000000000e+00,1.083333333333346138e+00
3.000000000000000000e+00,2.825000000000000455e+03,2.725714725106248570e-01,0.000000000000000000e+00,5.614884625624760872e-03,2.268865466589846088e-06,0.000000000000000000e+00,2.268865466589846088e-06,2.268865466589169308e-06,5.613915825801920473e-03,2.725714725106249126e-01,2.825004241704567600e-06,-5.000000000000000000e+00,1.076388888888901718e+00
3.000000000000000000e+00,2.830000000000000455e+03,2.725827754839069694e-01,0.000000000000000000e+00,5.626187598906873255e-03,2.252255946445757531e-06,0.000000000000000000e+00,2.252255946445757531e-06,2.252255946445373825e-06,5.625218629334506788e-03,2.725827754839069139e-01,2.825121388767582885e-06,-5.000000000000000000e+00,1.069444444444457076e+00
3.000000000000000000e+00,2.835000000000000455e+03,2.725939944218868094e-01,0.000000000000000000e+00,5.637406536886713226e-03,2.235268593867797439e-06,0.000000000000000000e+00,2.235268593867797439e-06,2.235268593867102025e-06,5.636437440685287958e-03,2.725939944218870314e-01,2.825237664866063139e-06,-5.000000000000000000e+00,1.062500000000012434e+00
3.000000000000000000e+00,2.840000000000000455e+03,2.726051275320862666e-01,0.000000000000000000e+00,5.648539647086170401e-03,2.217916987877729712e-06,0.000000000000000000e+00,2.217916987877729712e-06,2.217916987876990252e-06,5.647570404639647504e-03,2.726051275320864331e-01,2.825353051422280792e-06,-5.000000000000000000e+00,1.055555555555568459e+00
3.000000000000000000e+00,2.845000000000000455e+03,2.726161731503109475e-01,0.000000000000000000e+00,5.659585265310851376e-03,2.200278620025576031e-06,0.000000000000000000e+00,2.200278620025576031e-06,2.200278620024674787e-06,5.658615893659402207e-03,2.726161731503110031e-01,2.825467531188081070e-06,-5.000000000000000000e+00,1.048611111111124261e+00
3.000000000000000000e+00,2.850000000000000455e+03,2.726271297044680075e-01,0.000000000000000000e+00,5.670541819467911360e-03,2.182305586158469687e-06,0.000000000000000000e+00,2.182305586158469687e-06,2.182305586157642983e-06,5.669572354174858171e-03,2.726271297044680075e-01,2.825581087869870861e-06,-5.000000000000000000e+00,1.041666666666679841e+00
3.000000000000000000e+00,2.855000000000000455e+03,2.726379956628756096e-01,0.000000000000000000e+00,5.681407777875513432e-03,2.164026677076815776e-06,0.000000000000000000e+00,2.164026677076815776e-06,2.164026677076322802e-06,5.680438184832942682e-03,2.726379956628753876e-01,2.825693705592883503e-06,-5.000000000000000000e+00,1.034722222222235422e+00
3.000000000000000000e+00,2.860000000000000455e+03,2.726487695331207828e-01,0.000000000000000000e+00,5.692181648120686610e-03,2.145473777061399827e-06,0.000000000000000000e+00,2.145473777061399827e-06,2.145473777060606157e-06,5.691211935968285354e-03,2.726487695331206162e-01,2.825805368889341504e-06,-5.000000000000000000e+00,1.027777777777790780e+00
3.000000000000000000e+00,2.865000000000000455e+03,2.726594499101226976e-01,0.000000000000000000e+00,5.702862025122601430e-03,2.126634994950108164e-06,0.000000000000000000e+00,2.126634994950108164e-06,2.126634994949356846e-06,5.701892207898309750e-03,2.726594499101225311e-01,2.825916063196623294e-06,-5.000000000000000000e+00,1.020833333333346360e+00
3.000000000000000000e+00,2.870000000000000455e+03,2.726700354872995669e-01,0.000000000000000000e+00,5.713447602299470685e-03,2.107547729883609911e-06,0.000000000000000000e+00,2.107547729883609911e-06,2.107547729883005976e-06,5.712477664710390556e-03,2.726700354872992893e-01,2.826025774972946755e-06,-5.000000000000000000e+00,1.013888888888901940e+00
3.000000000000000000e+00,2.875000000000000455e+03,2.726805250397341673e-01,0.000000000000000000e+00,5.723937154734071164e-03,2.088233014941771339e-06,0.000000000000000000e+00,2.088233014941771339e-06,2.088233014941271590e-06,5.722967116572451156e-03,2.726805250397342228e-01,2.826134491522957084e-06,-5.000000000000000000e+00,1.006944444444457298e+00
3.000000000000000000e+00,2.880000000000000455e+03,2.726909174229263377e-01,0.000000000000000000e+00,5.734329537926241560e-03,2.068685570690848702e-06,0.000000000000000000e+00,2.068685570690848702e-06,2.068685570689950000e-06,5.733359413036528962e-03,2.726909174229262822e-01,2.826242200984728656e-06,-5.000000000000000000e+00,1.000000000000013101e+00
3.000000000000000000e+00,2.885000000000000455e+03,2.727012115853426621e-01,0.000000000000000000e+00,5.744623700342565975e-03,2.048936445689497469e-06,0.000000000000000000e+00,2.048936445689497469e-06,2.048936445688561498e-06,5.743653468077475691e-03,2.727012115853424401e-01,2.826348892459897655e-06,-5.000000000000000000e+00,9.930555555555686809e-01
3.000000000000000000e+00,2.890000000000000455e+03,2.727114065366719742e-01,0.000000000000000000e+00,5.754818651671878005e-03,2.029001756029123098e-06,0.000000000000000000e+00,2.029001756029123098e-06,2.029001756028506458e-06,5.753848313581768834e-03,2.727114065366720852e-01,2.826454555684605446e-06,-5.000000000000000000e+00,9.861111111111243721e-01
3.000000000000000000e+00,2.895000000000000455e+03,2.727215013746970285e-01,0.000000000000000000e+00,5.764913489696932292e-03,2.008899089115066805e-06,0.000000000000000000e+00,2.008899089115066805e-06,2.008899089114285841e-06,5.763943065694625625e-03,2.727215013746968064e-01,2.826559181308034775e-06,-5.000000000000000000e+00,9.791666666666799523e-01
3.000000000000000000e+00,2.900000000000000455e+03,2.727314953078537330e-01,0.000000000000000000e+00,5.774907422853636785e-03,1.988643577796485307e-06,0.000000000000000000e+00,1.988643577796485307e-06,1.988643577795682320e-06,5.773936922361900745e-03,2.727314953078535664e-01,2.826662761126197630e-06,-5.000000000000000000e+00,9.722222222222356436e-01
3.000000000000000000e+00,2.905000000000000455e+03,2.727413876327240416e-01,0.000000000000000000e+00,5.784799747723945451e-03,1.968254558340063376e-06,0.000000000000000000e+00,1.968254558340063376e-06,1.968254558339285800e-06,5.783829167702238261e-03,2.727413876327240416e-01,2.826765287848677623e-06,-5.000000000000000000e+00,9.652777777777912238e-01
3.000000000000000000e+00,2.910000000000000455e+03,2.727511777070111831e-01,0.000000000000000000e+00,5.794589822011086966e-03,1.947752241459302011e-06,0.000000000000000000e+00,1.947752241459302011e-06,1.947752241458362652e-06,5.793619184701732060e-03,2.727511777070113497e-01,2.826866754818546261e-06,-5.000000000000000000e+00,9.583333333333468040e-01
3.000000000000000000e+00,2.915000000000000000e+03,2.727608649997331769e-01,0.000000000000000000e+00,5.804277114733080722e-03,1.927148391677279532e-06,0.000000000000000000e+00,1.927148391677279532e-06,1.927148391676406242e-06,5.803306436284567764e-03,2.727608649997332324e-01,2.826967156532558911e-06,-5.000000000000000000e+00,9.513888888889031614e-01
3.000000000000000000e+00,2.920000000000000000e+03,2.727704490686693184e-01,0.000000000000000000e+00,5.813861183669222221e-03,1.906464683623867063e-06,0.000000000000000000e+00,1.906464683623867063e-06,1.906464683623141156e-06,5.812890468972816554e-03,2.727704490686695404e-01,2.827066488407417330e-06,-5.000000000000000000e+00,9.444444444444588527e-01
3.000000000000000000e+00,2.925000000000000000e+03,2.727799295444749972e-01,0.000000000000000000e+00,5.823341659474901011e-03,1.885719713264103435e-06,0.000000000000000000e+00,1.885719713264103435e-06,1.885719713263460537e-06,5.822370929965033255e-03,2.727799295444752192e-01,2.827164746615136955e-06,-5.000000000000000000e+00,9.375000000000144329e-01
3.000000000000000000e+00,2.930000000000000000e+03,2.727893061588071988e-01,0.000000000000000000e+00,5.832718273807102616e-03,1.864923062874916150e-06,0.000000000000000000e+00,1.864923062874916150e-06,1.864923062873964932e-06,5.831747536905376901e-03,2.727893061588072543e-01,2.827261928374536772e-06,-5.000000000000000000e+00,9.305555555555701241e-01
3.000000000000000000e+00,2.935000000000000000e+03,2.727985787270812423e-01,0.000000000000000000e+00,5.841990842081146162e-03,1.844098981567081211e-06,0.000000000000000000e+00,1.844098981567081211e-06,1.844098981566315494e-06,5.841020092016477490e-03,2.727985787270810203e-01,2.827358031772536967e-06,-5.000000000000000000e+00,9.236111111111257044e-01
3.000000000000000000e+00,2.940000000000000000e+03,2.728077471373235863e-01,0.000000000000000000e+00,5.851159252323490101e-03,1.823259455217800934e-06,0.000000000000000000e+00,1.823259455217800934e-06,1.823259455217064016e-06,5.850188488108436571e-03,2.728077471373236973e-01,2.827453055648606262e-06,-5.000000000000000000e+00,9.166666666666813956e-01
3.000000000000000000e+00,2.945000000000000000e+03,2.728168113559369390e-01,0.000000000000000000e+00,5.860223470936842816e-03,1.802420711463314476e-06,0.000000000000000000e+00,1.802420711463314476e-06,1.802420711462500478e-06,5.859252688525135033e-03,2.728168113559368280e-01,2.827546999654538308e-06,-5.000000000000000000e+00,9.097222222222369759e-01
3.000000000000000000e+00,2.950000000000000000e+03,2.728257714251500765e-01,0.000000000000000000e+00,5.869183540149980338e-03,1.781598999283282004e-06,0.000000000000000000e+00,1.781598999283282004e-06,1.781598999282809359e-06,5.868212737801998570e-03,2.728257714251502430e-01,2.827639864228003498e-06,-5.000000000000000000e+00,9.027777777777925561e-01
3.000000000000000000e+00,2.955000000000000000e+03,2.728346274570626062e-01,0.000000000000000000e+00,5.878039572062510043e-03,1.760808206848983300e-06,0.000000000000000000e+00,1.760808206848983300e-06,1.760808206848281109e-06,5.877068755817326309e-03,2.728346274570623842e-01,2.827731650530830763e-06,-5.000000000000000000e+00,8.958333333333482473e-01
3.000000000000000000e+00,2.960000000000000000e+03,2.728433796261244826e-01,0.000000000000000000e+00,5.886791741124386412e-03,1.740063141576860450e-06,0.000000000000000000e+00,1.740063141576860450e-06,1.740063141576089650e-06,5.885820934188387178e-03,2.728433796261247046e-01,2.827822360371064022e-06,-5.000000000000000000e+00,8.888888888889039386e-01
3.000000000000000000e+00,2.965000000000000000e+03,2.728520282054905932e-01,0.000000000000000000e+00,5.895440320490497044e-03,1.719376060084326348e-06,0.000000000000000000e+00,1.719376060084326348e-06,1.719376060083563171e-06,5.894469532192535971e-03,2.728520282054909263e-01,2.827911996579757163e-06,-5.000000000000000000e+00,8.819444444444595188e-01
3.000000000000000000e+00,2.970000000000000000e+03,2.728605735200116400e-01,0.000000000000000000e+00,5.903985635011543831e-03,1.698760882027417526e-06,0.000000000000000000e+00,1.698760882027417526e-06,1.698760882026238456e-06,5.903014874547810736e-03,2.728605735200117510e-01,2.828000562523751804e-06,-5.000000000000000000e+00,8.750000000000152101e-01
3.000000000000000000e+00,2.975000000000000000e+03,2.728690159595646980e-01,0.000000000000000000e+00,5.912428074564601843e-03,1.678229875486958748e-06,0.000000000000000000e+00,1.678229875486958748e-06,1.678229875486254864e-06,5.911457351441592144e-03,2.728690159595646980e-01,2.828088062243836406e-06,-5.000000000000000000e+00,8.680555555555707903e-01
3.000000000000000000e+00,2.980000000000000000e+03,2.728773559783668756e-01,0.000000000000000000e+00,5.920768093366779450e-03,1.657795082577962961e-06,0.000000000000000000e+00,1.657795082577962961e-06,1.657795082577255689e-06,5.919797413836750538e-03,2.728773559783669311e-01,2.828174500447638401e-06,-5.000000000000000000e+00,8.611111111111264815e-01
3.000000000000000000e+00,2.985000000000000000e+03,2.728855940906290689e-01,0.000000000000000000e+00,5.929006205628972737e-03,1.637467358872561206e-06,0.000000000000000000e+00,1.637467358872561206e-06,1.637467358871854781e-06,5.928035569940373443e-03,2.728855940906291244e-01,2.828259882464583639e-06,-5.000000000000000000e+00,8.541666666666820618e-01
3.000000000000000000e+00,2.990000000000000000e+03,2.728937308610191459e-01,0.000000000000000000e+00,5.937142976019049723e-03,1.617257228191588709e-06,0.000000000000000000e+00,1.617257228191588709e-06,1.617257228190742523e-06,5.936172381408030135e-03,2.728937308610193679e-01,2.828344214147038322e-06,-5.000000000000000000e+00,8.472222222222377530e-01
3.000000000000000000e+00,2.995000000000000000e+03,2.729017669078526165e-01,0.000000000000000000e+00,5.945179022852520312e-03,1.597176255271654140e-06,0.000000000000000000e+00,1.597176255271654140e-06,1.597176255270634312e-06,5.944208465116683320e-03,2.729017669078524500e-01,2.828427501903389031e-06,-5.000000000000000000e+00,8.402777777777933332e-01
3.000000000000000000e+00,3.000000000000000000e+03,2.729097028912807477e-01,0.000000000000000000e+00,5.953115006280651489e-03,1.577232492424416482e-06,0.000000000000000000e+00,1.577232492424416482e-06,1.577232492423410207e-06,5.952144486985918095e-03,2.729097028912807477e-01,2.828509752575624018e-06,-5.000000000000000000e+00,8.333333333333490245e-01
3.000000000000000000e+00,3.005000000000000000e+03,2.729175395167917628e-01,0.000000000000000000e+00,5.960951631791666649e-03,1.557436709123025370e-06,0.000000000000000000e+00,1.557436709123025370e-06,1.557436709122013165e-06,5.959981159989782319e-03,2.729175395167919294e-01,2.828590973475617134e-06,-5.000000000000000000e+00,8.263888888889046047e-01
3.000000000000000000e+00,3.010000000000000000e+03,2.729252775372044693e-01,0.000000000000000000e+00,5.968689652204373086e-03,1.537797276740540350e-06,0.000000000000000000e+00,1.537797276740540350e-06,1.537797276739625554e-06,5.967719244954435877e-03,2.729252775372044693e-01,2.828671172405781457e-06,-5.000000000000000000e+00,8.194444444444602960e-01
3.000000000000000000e+00,3.015000000000000000e+03,2.729329177620481994e-01,0.000000000000000000e+00,5.976329877048103256e-03,1.518321626503466883e-06,0.000000000000000000e+00,1.518321626503466883e-06,1.518321626502609686e-06,5.975359542212541758e-03,2.729329177620483660e-01,2.828750357756296812e-06,-5.000000000000000000e+00,8.125000000000158762e-01
3.000000000000000000e+00,3.020000000000000000e+03,2.729404610368154072e-01,0.000000000000000000e+00,5.983873151815310987e-03,1.499019514427014530e-06,0.000000000000000000e+00,1.499019514427014530e-06,1.499019514425915929e-06,5.982902895064863384e-03,2.729404610368154072e-01,2.828828538290076488e-06,-5.000000000000000000e+00,8.055555555555715674e-01
3.000000000000000000e+00,3.025000000000000000e+03,2.729479082501195530e-01,0.000000000000000000e+00,5.991320365119456870e-03,1.479898961187713460e-06,0.000000000000000000e+00,1.479898961187713460e-06,1.479898961187035833e-06,5.990350191253895722e-03,2.729479082501199416e-01,2.828905723216945719e-06,-5.000000000000000000e+00,7.986111111111272587e-01
3.000000000000000000e+00,3.030000000000000000e+03,2.729552603350168805e-01,0.000000000000000000e+00,5.998672450016784286e-03,1.460967488140474358e-06,0.000000000000000000e+00,1.460967488140474358e-06,1.460967488139850095e-06,5.997702357377212613e-03,2.729552603350168249e-01,2.828981922207358538e-06,-5.000000000000000000e+00,7.916666666666828389e-01
3.000000000000000000e+00,3.035000000000000000e+03,2.729625182602071209e-01,0.000000000000000000e+00,6.005930375207024774e-03,1.442234436553744734e-06,0.000000000000000000e+00,1.442234436553744734e-06,1.442234436552714742e-06,6.004960362188943926e-03,2.729625182602071765e-01,2.829057145301174869e-06,-5.000000000000000000e+00,7.847222222222384191e-01
3.000000000000000000e+00,3.040000000000000000e+03,2.729696830343359415e-01,0.000000000000000000e+00,6.013095149335845324e-03,1.423708506427941124e-06,0.000000000000000000e+00,1.423708506427941124e-06,1.423708506427266886e-06,6.012125219546394193e-03,2.729696830343357195e-01,2.829131402952268671e-06,-5.000000000000000000e+00,7.777777777777943324e-01
3.000000000000000000e+00,3.045000000000000000e+03,2.729767557148861656e-01,0.000000000000000000e+00,6.020167829886069466e-03,1.405399464350470774e-06,0.000000000000000000e+00,1.405399464350470774e-06,1.405399464349466193e-06,6.019197989473335300e-03,2.729767557148860546e-01,2.829204706120686393e-06,-5.000000000000000000e+00,7.708333333333502457e-01
3.000000000000000000e+00,3.050000000000000000e+03,2.729837374163470720e-01,0.000000000000000000e+00,6.027149531346975841e-03,1.387318612306201145e-06,0.000000000000000000e+00,1.387318612306201145e-06,1.387318612305526060e-06,6.026179784664973185e-03,2.729837374163468500e-01,2.829277066357287164e-06,-5.000000000000000000e+00,7.638888888889063811e-01
3.000000000000000000e+00,3.055000000000000000e+03,2.729906293119951921e-01,0.000000000000000000e+00,6.034041426995095936e-03,1.369478710066839619e-06,0.000000000000000000e+00,1.369478710066839619e-06,1.369478710066073901e-06,6.033071777970902203e-03,2.729906293119950256e-01,2.829348495822227171e-06,-5.000000000000000000e+00,7.569444444444621833e-01
3.000000000000000000e+00,3.060000000000000000e+03,2.729974326383532990e-01,0.000000000000000000e+00,6.040844753353202812e-03,1.351894078582180608e-06,0.000000000000000000e+00,1.351894078582180608e-06,1.351894078581216684e-06,6.039875209942520071e-03,2.729974326383531880e-01,2.829419007331164033e-06,-5.000000000000000000e+00,7.500000000000180966e-01
3.000000000000000000e+00,3.065000000000000000e+03,2.730041487143713974e-01,0.000000000000000000e+00,6.047560829371301239e-03,1.334582834663735110e-06,0.000000000000000000e+00,1.334582834663735110e-06,1.334582834662804221e-06,6.046591402225630872e-03,2.730041487143715084e-01,2.829488614554046966e-06,-5.000000000000000000e+00,7.430555555555738989e-01
3.000000000000000000e+00,3.070000000000000000e+03,2.730107789600533241e-01,0.000000000000000000e+00,6.054191075053227955e-03,1.317566135180308295e-06,0.000000000000000000e+00,1.317566135180308295e-06,1.317566135179600175e-06,6.053221774650236441e-03,2.730107789600531576e-01,2.829557332208180155e-06,-5.000000000000000000e+00,7.361111111111301453e-01
3.000000000000000000e+00,3.075000000000000000e+03,2.730173249110000033e-01,0.000000000000000000e+00,6.060737025999907157e-03,1.300869357413752961e-06,0.000000000000000000e+00,1.300869357413752961e-06,1.300869357412495117e-06,6.059767863381716572e-03,2.730173249110001144e-01,2.829625176208948878e-06,-5.000000000000000000e+00,7.291666666666859475e-01
3.000000000000000000e+00,3.080000000000000000e+03,2.730237882403332428e-01,0.000000000000000000e+00,6.067200355333146611e-03,1.284522856282517729e-06,0.000000000000000000e+00,1.284522856282517729e-06,1.284522856281686790e-06,6.066231343915952194e-03,2.730237882403331873e-01,2.829692163897035248e-06,-5.000000000000000000e+00,7.222222222222418608e-01
3.000000000000000000e+00,3.085000000000000000e+03,2.730301707854950743e-01,0.000000000000000000e+00,6.073582900494978176e-03,1.268562429004338498e-06,0.000000000000000000e+00,1.268562429004338498e-06,1.268562429003512641e-06,6.072614057129164730e-03,2.730301707854950743e-01,2.829758314316186150e-06,-5.000000000000000000e+00,7.152777777777976631e-01
3.000000000000000000e+00,3.090000000000000000e+03,2.730364745783869784e-01,0.000000000000000000e+00,6.079886693386882257e-03,1.253029740851508247e-06,0.000000000000000000e+00,1.253029740851508247e-06,1.253029740850375764e-06,6.078918037553799475e-03,2.730364745783872005e-01,2.829823648525575701e-06,-5.000000000000000000e+00,7.083333333333539095e-01
3.000000000000000000e+00,3.095000000000000000e+03,2.730427018718608601e-01,0.000000000000000000e+00,6.086113986860763880e-03,1.237970966741479696e-06,0.000000000000000000e+00,1.237970966741479696e-06,1.237970966740542030e-06,6.085145539322777547e-03,2.730427018718609156e-01,2.829888189874367163e-06,-5.000000000000000000e+00,7.013888888889097117e-01
3.000000000000000000e+00,3.100000000000000000e+03,2.730488551600488978e-01,0.000000000000000000e+00,6.092267275048801611e-03,1.223435978475284451e-06,0.000000000000000000e+00,1.223435978475284451e-06,1.223435978474456053e-06,6.091299056685814568e-03,2.730488551600488978e-01,2.829951964212419594e-06,-5.000000000000000000e+00,6.944444444444656250e-01
3.000000000000000000e+00,3.105000000000000000e+03,2.730549371866614616e-01,0.000000000000000000e+00,6.098349301661365462e-03,1.209474601128526772e-06,0.000000000000000000e+00,1.209474601128526772e-06,1.209474601127272316e-06,6.097381333134819018e-03,2.730549371866609620e-01,2.830014999976287525e-06,-5.000000000000000000e+00,6.875000000000217604e-01
3.000000000000000000e+00,3.110000000000000000e+03,2.730609509357992959e-01,0.000000000000000000e+00,6.104363050799199719e-03,1.196132110329735615e-06,0.000000000000000000e+00,1.196132110329735615e-06,1.196132110328553157e-06,6.103395349913458626e-03,2.730609509357992404e-01,2.830077328094001324e-06,-5.000000000000000000e+00,6.805555555555776737e-01
3.000000000000000000e+00,3.115000000000000000e+03,2.730668995965576107e-01,0.000000000000000000e+00,6.110311711557514514e-03,1.183443988329668057e-06,0.000000000000000000e+00,1.183443988329668057e-06,1.183443988328777826e-06,6.109344290160101734e-03,2.730668995965576107e-01,2.830138981618191822e-06,-5.000000000000000000e+00,6.736111111111334759e-01
3.000000000000000000e+00,3.120000000000000000e+03,2.730727864955087569e-01,0.000000000000000000e+00,6.116198610508660760e-03,1.171428702297903663e-06,0.000000000000000000e+00,1.171428702297903663e-06,1.171428702297283635e-06,6.115231471886667380e-03,2.730727864955087569e-01,2.830199995026361048e-06,-5.000000000000000000e+00,6.666666666666893892e-01
3.000000000000000000e+00,3.125000000000000000e+03,2.730786149992925349e-01,0.000000000000000000e+00,6.122027114292438732e-03,1.160083170924583744e-06,0.000000000000000000e+00,1.160083170924583744e-06,1.160083170923718923e-06,6.121060251569719265e-03,2.730786149992924794e-01,2.830260403211267665e-06,-5.000000000000000000e+00,6.597222222222455246e-01
3.000000000000000000e+00,3.130000000000000000e+03,2.730843883964936269e-01,0.000000000000000000e+00,6.127800511493530777e-03,1.149379308289467862e-06,0.000000000000000000e+00,1.149379308289467862e-06,1.149379308288317591e-06,6.126833907767749790e-03,2.730843883964934049e-01,2.830320240256693731e-06,-5.000000000000000000e+00,6.527777777778013268e-01
3.000000000000000000e+00,3.135000000000000000e+03,2.730901097738388517e-01,0.000000000000000000e+00,6.133521888838755487e-03,1.139264817672175703e-06,0.000000000000000000e+00,1.139264817672175703e-06,1.139264817671536193e-06,6.132555518082649301e-03,2.730901097738387961e-01,2.830379538154304980e-06,-5.000000000000000000e+00,6.458333333333572401e-01
3.000000000000000000e+00,3.140000000000000000e+03,2.730957819044534940e-01,0.000000000000000000e+00,6.139194019453397821e-03,1.129667534442397399e-06,0.000000000000000000e+00,1.129667534442397399e-06,1.129667534441420770e-06,6.138227848962931645e-03,2.730957819044532719e-01,2.830438325645521312e-06,-5.000000000000000000e+00,6.388888888889130424e-01
3.000000000000000000e+00,3.145000000000000000e+03,2.731014071675478827e-01,0.000000000000000000e+00,6.144819282547786532e-03,1.120503155383286873e-06,0.000000000000000000e+00,1.120503155383286873e-06,1.120503155382363607e-06,6.143853275687491400e-03,2.731014071675475496e-01,2.830496627389113795e-06,-5.000000000000000000e+00,6.319444444444692888e-01
3.000000000000000000e+00,3.150000000000000000e+03,2.731069875065595398e-01,0.000000000000000000e+00,6.150399621559443641e-03,1.111683075772970501e-06,0.000000000000000000e+00,1.111683075772970501e-06,1.111683075772186995e-06,6.149433741265377361e-03,2.731069875065595398e-01,2.830554463527410294e-06,-5.000000000000000000e+00,6.250000000000250910e-01
3.000000000000000000e+00,3.155000000000000000e+03,2.731125244283954534e-01,0.000000000000000000e+00,6.155936543395357230e-03,1.103122435543731452e-06,0.000000000000000000e+00,1.103122435543731452e-06,1.103122435542692143e-06,6.154970755043664803e-03,2.731125244283953979e-01,2.830611849678379949e-06,-5.000000000000000000e+00,6.180555555555810043e-01
3.000000000000000000e+00,3.160000000000000000e+03,2.731180190370144922e-01,0.000000000000000000e+00,6.161431152014396062e-03,1.094745865237668671e-06,0.000000000000000000e+00,1.094745865237668671e-06,1.094745865236673408e-06,6.160465425795612696e-03,2.731180190370146588e-01,2.830668797283765413e-06,-5.000000000000000000e+00,6.111111111111368066e-01
3.000000000000000000e+00,3.165000000000000000e+03,2.731234720904838764e-01,0.000000000000000000e+00,6.166884205483780246e-03,1.086490705378074162e-06,0.000000000000000000e+00,1.086490705378074162e-06,1.086490705377317761e-06,6.165918517222148190e-03,2.731234720904838764e-01,2.830725314200368170e-06,-5.000000000000000000e+00,6.041666666666930530e-01
3.000000000000000000e+00,3.170000000000000000e+03,2.731288840697779219e-01,0.000000000000000000e+00,6.172296184777825712e-03,1.078309202706535211e-06,0.000000000000000000e+00,1.078309202706535211e-06,1.078309202705820315e-06,6.171330516992356088e-03,2.731288840697783105e-01,2.830781405413149064e-06,-5.000000000000000000e+00,5.972222222222488552e-01
3.000000000000000000e+00,3.175000000000000000e+03,2.731342552539335888e-01,0.000000000000000000e+00,6.177667368933492664e-03,1.070168318397158496e-06,0.000000000000000000e+00,1.070168318397158496e-06,1.070168318396121727e-06,6.176701710795110857e-03,2.731342552539338109e-01,2.830837073814111932e-06,-5.000000000000000000e+00,5.902777777778047685e-01
3.000000000000000000e+00,3.180000000000000000e+03,2.731395857927814141e-01,0.000000000000000000e+00,6.182997907781317970e-03,1.062049191584647962e-06,0.000000000000000000e+00,1.062049191584647962e-06,1.062049191583369790e-06,6.182032254570059976e-03,2.731395857927814697e-01,2.830892320956143455e-06,-5.000000000000000000e+00,5.833333333333609039e-01
3.000000000000000000e+00,3.185000000000000000e+03,2.731448757749215250e-01,0.000000000000000000e+00,6.188287889921428864e-03,1.053945895491854585e-06,0.000000000000000000e+00,1.053945895491854585e-06,1.053945895490606906e-06,6.187322242287743995e-03,2.731448757749211365e-01,2.830947147757520096e-06,-5.000000000000000000e+00,5.763888888889168172e-01
3.000000000000000000e+00,3.190000000000000000e+03,2.731501252893863141e-01,0.000000000000000000e+00,6.193537404386217915e-03,1.045864123065028410e-06,0.000000000000000000e+00,1.045864123065028410e-06,1.045864123063910327e-06,6.192571767334131144e-03,2.731501252893860920e-01,2.831001555140997430e-06,-5.000000000000000000e+00,5.694444444444726194e-01
3.000000000000000000e+00,3.195000000000000000e+03,2.731553344790883520e-01,0.000000000000000000e+00,6.198746594088255790e-03,1.037819514443004897e-06,0.000000000000000000e+00,1.037819514443004897e-06,1.037819514442212922e-06,6.197780976427895959e-03,2.731553344790880189e-01,2.831055544587760374e-06,-5.000000000000000000e+00,5.625000000000285327e-01
3.000000000000000000e+00,3.200000000000000000e+03,2.731605035860911745e-01,0.000000000000000000e+00,6.203915701091078372e-03,1.029835737005499159e-06,0.000000000000000000e+00,1.029835737005499159e-06,1.029835737004606387e-06,6.202950114556513191e-03,2.731605035860907860e-01,2.831109118606620990e-06,-5.000000000000000000e+00,5.555555555555846681e-01
3.000000000000000000e+00,3.205000000000000000e+03,2.731656329869196487e-01,0.000000000000000000e+00,6.209045101919552501e-03,1.021942500663861140e-06,0.000000000000000000e+00,1.021942500663861140e-06,1.021942500662896369e-06,6.208079560150681943e-03,2.731656329869198707e-01,2.831162281099979075e-06,-5.000000000000000000e+00,5.486111111111404703e-01
3.000000000000000000e+00,3.210000000000000000e+03,2.731707232164323207e-01,0.000000000000000000e+00,6.214135331432224518e-03,1.014172921677052800e-06,0.000000000000000000e+00,1.014172921677052800e-06,1.014172921675857637e-06,6.213169848706528824e-03,2.731707232164322097e-01,2.831215037611262504e-06,-5.000000000000000000e+00,5.416666666666963836e-01
3.000000000000000000e+00,3.215000000000000000e+03,2.731757749770943877e-01,0.000000000000000000e+00,6.219187092094291547e-03,1.006560368709595121e-06,0.000000000000000000e+00,1.006560368709595121e-06,1.006560368707958654e-06,6.218221681932488247e-03,2.731757749770946098e-01,2.831267395421004062e-06,-5.000000000000000000e+00,5.347222222222521859e-01
3.000000000000000000e+00,3.220000000000000000e+03,2.731807891310035763e-01,0.000000000000000000e+00,6.224201246003480126e-03,9.991348249580709229e-07,0.000000000000000000e+00,9.991348249580709229e-07,9.991348249568113849e-07,6.223235919916650372e-03,2.731807891310034653e-01,2.831319363464216344e-06,-5.000000000000000000e+00,5.277777777778084323e-01
3.000000000000000000e+00,3.225000000000000000e+03,2.731857666742738000e-01,0.000000000000000000e+00,6.229178789273703831e-03,9.919191384402355812e-07,0.000000000000000000e+00,9.919191384402355812e-07,9.919191384392945276e-07,6.228213554825140497e-03,2.731857666742737445e-01,2.831370952064892240e-06,-5.000000000000000000e+00,5.208333333333642345e-01
3.000000000000000000e+00,3.230000000000000000e+03,2.731907086923425210e-01,0.000000000000000000e+00,6.234120807342424797e-03,9.849258149522517256e-07,0.000000000000000000e+00,9.849258149522517256e-07,9.849258149512132632e-07,6.233155667208617121e-03,2.731907086923430761e-01,2.831422172472807090e-06,-5.000000000000000000e+00,5.138888888889201478e-01
3.000000000000000000e+00,3.235000000000000000e+03,2.731956163005824223e-01,0.000000000000000000e+00,6.239028415582326126e-03,9.781540381162973498e-07,0.000000000000000000e+00,9.781540381162973498e-07,9.781540381151419968e-07,6.238063366841282466e-03,2.731956163005820892e-01,2.831473036247970520e-06,-5.000000000000000000e+00,5.069444444444762832e-01
3.000000000000000000e+00,3.240000000000000000e+03,2.732004905775597403e-01,0.000000000000000000e+00,6.243902692559644141e-03,9.715899576626660979e-07,0.000000000000000000e+00,9.715899576626660979e-07,9.715899576617640078e-07,6.242937726830724565e-03,2.732004905775601844e-01,2.831523554568943151e-06,-5.000000000000000000e+00,5.000000000000321965e-01
3.000000000000000000e+00,3.245000000000000000e+03,2.732053324992395060e-01,0.000000000000000000e+00,6.248744614239409856e-03,9.652067378318251794e-07,0.000000000000000000e+00,9.652067378318251794e-07,9.652067378310213452e-07,6.247779718569456721e-03,2.732053324992398946e-01,2.831573737550886135e-06,-5.000000000000000000e+00,4.930555555555879987e-01
3.000000000000000000e+00,3.250000000000000000e+03,2.732101428834397550e-01,0.000000000000000000e+00,6.253554998439658785e-03,9.589685565438259827e-07,0.000000000000000000e+00,9.589685565438259827e-07,9.589685565428264838e-07,6.252590156805391299e-03,2.732101428834400880e-01,2.831623593669888769e-06,-5.000000000000000000e+00,4.861111111111438565e-01
3.000000000000000000e+00,3.255000000000000000e+03,2.732149223523286374e-01,0.000000000000000000e+00,6.258334467328541262e-03,9.528334387661556676e-07,0.000000000000000000e+00,9.528334387661556676e-07,9.528334387652908469e-07,6.257369661793662011e-03,2.732149223523288595e-01,2.831673129374266344e-06,-5.000000000000000000e+00,4.791666666667000474e-01
3.000000000000000000e+00,3.260000000000000000e+03,2.732196713154990131e-01,0.000000000000000000e+00,6.263083430498916915e-03,9.467588303557029428e-07,0.000000000000000000e+00,9.467588303557029428e-07,9.467588303544027472e-07,6.262118642466460786e-03,2.732196713154988466e-01,2.831722348909148939e-06,-5.000000000000000000e+00,4.722222222222559052e-01
3.000000000000000000e+00,3.265000000000000000e+03,2.732243899735273818e-01,0.000000000000000000e+00,6.267802088527285598e-03,9.407048709812184609e-07,0.000000000000000000e+00,9.407048709812184609e-07,9.407048709798953955e-07,6.266837301719796645e-03,2.732243899735274928e-01,2.831771254353375212e-06,-5.000000000000000000e+00,4.652777777778117629e-01
3.000000000000000000e+00,3.270000000000000000e+03,2.732290783375602161e-01,0.000000000000000000e+00,6.272490452560119945e-03,9.346355562805111960e-07,0.000000000000000000e+00,9.346355562805111960e-07,9.346355562790246532e-07,6.271525652787943508e-03,2.732290783375604937e-01,2.831819845822455044e-06,-5.000000000000000000e+00,4.583333333333676207e-01
3.000000000000000000e+00,3.275000000000000000e+03,2.732337362632085709e-01,0.000000000000000000e+00,6.277148378208474711e-03,9.285254194404271382e-07,0.000000000000000000e+00,9.285254194404271382e-07,9.285254194393353127e-07,6.276183555227240335e-03,2.732337362632083488e-01,2.831868121819913731e-06,-5.000000000000000000e+00,4.513888888889238116e-01
3.000000000000000000e+00,3.280000000000000000e+03,2.732383634879325673e-01,0.000000000000000000e+00,6.281775602932471170e-03,9.223523527145127427e-07,0.000000000000000000e+00,9.223523527145127427e-07,9.223523527136055704e-07,6.280810749657621955e-03,2.732383634879325673e-01,2.831916079624712561e-06,-5.000000000000000000e+00,4.444444444444796694e-01
3.000000000000000000e+00,3.285000000000000000e+03,2.732429596739422428e-01,0.000000000000000000e+00,6.286371788942146654e-03,9.161084872911408740e-07,0.000000000000000000e+00,9.161084872911408740e-07,9.161084872896890595e-07,6.285406901757630699e-03,2.732429596739421873e-01,2.831963715735905545e-06,-5.000000000000000000e+00,4.375000000000355271e-01
3.000000000000000000e+00,3.290000000000000000e+03,2.732475244491285871e-01,0.000000000000000000e+00,6.290936564128490893e-03,9.097892819748482421e-07,0.000000000000000000e+00,9.097892819748482421e-07,9.097892819737801335e-07,6.289971646180789536e-03,2.732475244491284760e-01,2.832011026296859771e-06,-5.000000000000000000e+00,4.305555555555914959e-01
3.000000000000000000e+00,3.295000000000000000e+03,2.732520574463260243e-01,0.000000000000000000e+00,6.295469561325928165e-03,9.033983921373487150e-07,0.000000000000000000e+00,9.033983921373487150e-07,9.033983921365541981e-07,6.294504615366064773e-03,2.732520574463261354e-01,2.832058007502165798e-06,-5.000000000000000000e+00,4.236111111111472982e-01
3.000000000000000000e+00,3.300000000000000000e+03,2.732565583348693927e-01,0.000000000000000000e+00,6.299970449869296552e-03,8.969479284556800577e-07,0.000000000000000000e+00,8.969479284556800577e-07,8.969479284545475747e-07,6.299005481167543191e-03,2.732565583348696148e-01,2.832104655924722816e-06,-5.000000000000000000e+00,4.166666666667026564e-01
3.000000000000000000e+00,3.305000000000000000e+03,2.732610268503770645e-01,0.000000000000000000e+00,6.304438965376968351e-03,8.904516045853857185e-07,0.000000000000000000e+00,8.904516045853857185e-07,8.904516045844887106e-07,6.303473980000140475e-03,2.732610268503770090e-01,2.832150968824407615e-06,-5.000000000000000000e+00,4.097222222222581811e-01
3.000000000000000000e+00,3.310000000000000000e+03,2.732654628166163446e-01,0.000000000000000000e+00,6.308874931616248460e-03,8.839315147892253715e-07,0.000000000000000000e+00,8.839315147892253715e-07,8.839315147881072880e-07,6.307909937798571870e-03,2.732654628166163446e-01,2.832196944374695713e-06,-5.000000000000000000e+00,4.027777777778135948e-01
3.000000000000000000e+00,3.315000000000000000e+03,2.732698661560757358e-01,0.000000000000000000e+00,6.313278271075639658e-03,8.774050072079723301e-07,0.000000000000000000e+00,8.774050072079723301e-07,8.774050072065078102e-07,6.312313279103557925e-03,2.732698661560760134e-01,2.832242581772242003e-06,-5.000000000000000000e+00,3.958333333333692861e-01
3.000000000000000000e+00,3.320000000000000000e+03,2.732742368950449308e-01,0.000000000000000000e+00,6.317649010044834590e-03,8.708951640118417622e-07,0.000000000000000000e+00,8.708951640118417622e-07,8.708951640105144616e-07,6.316684029531600617e-03,2.732742368950450418e-01,2.832287881289514540e-06,-5.000000000000000000e+00,3.888888888889250883e-01
3.000000000000000000e+00,3.325000000000000000e+03,2.732785751582085809e-01,0.000000000000000000e+00,6.321987273208484748e-03,8.644170856796098653e-07,0.000000000000000000e+00,8.644170856796098653e-07,8.644170856787289511e-07,6.321022310155823692e-03,2.732785751582084144e-01,2.832332844218783632e-06,-5.000000000000000000e+00,3.819444444444809461e-01
3.000000000000000000e+00,3.330000000000000000e+03,2.732828811538217662e-01,0.000000000000000000e+00,6.326293268821669979e-03,8.579899212929364451e-07,0.000000000000000000e+00,8.579899212929364451e-07,8.579899212917438227e-07,6.325328327673249498e-03,2.732828811538215996e-01,2.832377472718456519e-06,-5.000000000000000000e+00,3.750000000000364153e-01
3.000000000000000000e+00,3.335000000000000000e+03,2.732871551505266505e-01,0.000000000000000000e+00,6.330567265526554355e-03,8.516190988935249534e-07,0.000000000000000000e+00,8.516190988935249534e-07,8.516190988921722418e-07,6.329602350223709553e-03,2.732871551505267615e-01,2.832421769572815201e-06,-5.000000000000000000e+00,3.680555555555915515e-01
3.000000000000000000e+00,3.340000000000000000e+03,2.732913974458366924e-01,0.000000000000000000e+00,6.334809560836596187e-03,8.453091635329392319e-07,0.000000000000000000e+00,8.453091635329392319e-07,8.453091635317864201e-07,6.333844670879770072e-03,2.732913974458366368e-01,2.832465737865369621e-06,-5.000000000000000000e+00,3.611111111111466876e-01
3.000000000000000000e+00,3.345000000000000000e+03,2.732956083380005952e-01,0.000000000000000000e+00,6.339020453000498989e-03,8.390568281866706349e-07,0.000000000000000000e+00,8.390568281866706349e-07,8.390568281854483663e-07,6.338055585859063076e-03,2.732956083380007617e-01,2.832509380687251323e-06,-5.000000000000000000e+00,3.541666666667018237e-01
3.000000000000000000e+00,3.350000000000000000e+03,2.732997880959917580e-01,0.000000000000000000e+00,6.343200210991661869e-03,8.328535697350701464e-07,0.000000000000000000e+00,8.328535697350701464e-07,8.328535697342569948e-07,6.342235361853861865e-03,2.732997880959918691e-01,2.832552700826169827e-06,-5.000000000000000000e+00,3.472222222222575705e-01
3.000000000000000000e+00,3.355000000000000000e+03,2.733039369351026870e-01,0.000000000000000000e+00,6.347349050102590873e-03,8.266867779846832735e-07,0.000000000000000000e+00,8.266867779846832735e-07,8.266867779834584639e-07,6.346384212723155983e-03,2.733039369351028536e-01,2.832595700513472073e-06,-5.000000000000000000e+00,3.402777777778133173e-01
3.000000000000000000e+00,3.360000000000000000e+03,2.733080550011752763e-01,0.000000000000000000e+00,6.351467116175180116e-03,8.205416830610386017e-07,0.000000000000000000e+00,8.205416830610386017e-07,8.205416830594156866e-07,6.350502283875763231e-03,2.733080550011752763e-01,2.832638381260712495e-06,-5.000000000000000000e+00,3.333333333333692861e-01
3.000000000000000000e+00,3.365000000000000000e+03,2.733121423634181091e-01,0.000000000000000000e+00,6.355554478418012909e-03,8.144027883554266073e-07,0.000000000000000000e+00,8.144027883554266073e-07,8.144027883543805216e-07,6.354589645054298068e-03,2.733121423634179981e-01,2.832680743785181887e-06,-5.000000000000000000e+00,3.263888888889250328e-01
3.000000000000000000e+00,3.370000000000000000e+03,2.733161990165705602e-01,0.000000000000000000e+00,6.359611131570463982e-03,8.082559037286374086e-07,0.000000000000000000e+00,8.082559037286374086e-07,8.082559037276184280e-07,6.358646291784502726e-03,2.733161990165709487e-01,2.832722788032356313e-06,-5.000000000000000000e+00,3.194444444444807796e-01
3.000000000000000000e+00,3.375000000000000000e+03,2.733202248898659037e-01,0.000000000000000000e+00,6.363637004865807523e-03,8.020890809489535653e-07,0.000000000000000000e+00,8.020890809489535653e-07,8.020890809477075798e-07,6.362672154246191113e-03,2.733202248898657372e-01,2.832764513268788252e-06,-5.000000000000000000e+00,3.125000000000365818e-01
3.000000000000000000e+00,3.380000000000000000e+03,2.733242198610810747e-01,0.000000000000000000e+00,6.367631976080978529e-03,7.958938349797068409e-07,0.000000000000000000e+00,7.958938349797068409e-07,7.958938349785896045e-07,6.366667111536007326e-03,2.733242198610810747e-01,2.832805918227734002e-06,-5.000000000000000000e+00,3.055555555555923286e-01
3.000000000000000000e+00,3.385000000000000000e+03,2.733281837737649989e-01,0.000000000000000000e+00,6.371595888764902682e-03,7.896650802974913082e-07,0.000000000000000000e+00,7.896650802974913082e-07,7.896650802964274348e-07,6.370631008824194710e-03,2.733281837737647768e-01,2.832847001287682815e-06,-5.000000000000000000e+00,2.986111111111480754e-01
3.000000000000000000e+00,3.390000000000000000e+03,2.733321164556927751e-01,0.000000000000000000e+00,6.375528570692678976e-03,7.834015797345629572e-07,0.000000000000000000e+00,7.834015797345629572e-07,7.834015797336710315e-07,6.374563675474270025e-03,2.733321164556928307e-01,2.832887760663654210e-06,-5.000000000000000000e+00,2.916666666667038221e-01
3.000000000000000000e+00,3.395000000000000000e+03,2.733360177369539845e-01,0.000000000000000000e+00,6.379429851953888342e-03,7.771054613117715998e-07,0.000000000000000000e+00,7.771054613117715998e-07,7.771054613104468403e-07,6.378464943076880833e-03,2.733360177369539845e-01,2.832928194594651444e-06,-5.000000000000000000e+00,2.847222222222595689e-01
3.000000000000000000e+00,3.400000000000000000e+03,2.733398874664783595e-01,0.000000000000000000e+00,6.383299581478263374e-03,7.707820311958103331e-07,0.000000000000000000e+00,7.707820311958103331e-07,7.707820311945812883e-07,6.382334661808142934e-03,2.733398874664784706e-01,2.832968301514939195e-06,-5.000000000000000000e+00,2.777777777778153712e-01
3.000000000000000000e+00,3.405000000000000000e+03,2.733437255261297327e-01,0.000000000000000000e+00,6.387137641129636556e-03,7.644390501022248359e-07,0.000000000000000000e+00,7.644390501022248359e-07,7.644390501006646013e-07,6.386172714511381340e-03,2.733437255261298438e-01,2.833008080200121597e-06,-5.000000000000000000e+00,2.708333333333711179e-01
3.000000000000000000e+00,3.410000000000000000e+03,2.733475318416946354e-01,0.000000000000000000e+00,6.390943956694539185e-03,7.580861710710062569e-07,0.000000000000000000e+00,7.580861710710062569e-07,7.580861710700016759e-07,6.389979027564308099e-03,2.733475318416948019e-01,2.833047529881035136e-06,-5.000000000000000000e+00,2.638888888889268647e-01
3.000000000000000000e+00,3.415000000000000000e+03,2.733513063902077711e-01,0.000000000000000000e+00,6.394718505207674930e-03,7.517341098623158552e-07,0.000000000000000000e+00,7.517341098623158552e-07,7.517341098613502376e-07,6.393753578266636248e-03,2.733513063902081597e-01,2.833086650319656355e-06,-5.000000000000000000e+00,2.569444444444828335e-01
3.000000000000000000e+00,3.420000000000000000e+03,2.733550492033907098e-01,0.000000000000000000e+00,6.398461318390613606e-03,7.453938642013450988e-07,0.000000000000000000e+00,7.453938642013450988e-07,7.453938642002998601e-07,6.397496398201790030e-03,2.733550492033907098e-01,2.833125441844757279e-06,-5.000000000000000000e+00,2.500000000000385803e-01
3.000000000000000000e+00,3.425000000000000000e+03,2.733587603668643506e-01,0.000000000000000000e+00,6.402172481864254472e-03,7.390758912309089586e-07,0.000000000000000000e+00,7.390758912309089586e-07,7.390758912298442382e-07,6.401207572590365651e-03,2.733587603668644062e-01,2.833163905343735364e-06,-5.000000000000000000e+00,2.430555555555943270e-01
3.000000000000000000e+00,3.430000000000000000e+03,2.733624400153454870e-01,0.000000000000000000e+00,6.405852130345390805e-03,7.327892821651712943e-07,0.000000000000000000e+00,7.327892821651712943e-07,7.327892821636034363e-07,6.404887235523849288e-03,2.733624400153453760e-01,2.833202042212834638e-06,-5.000000000000000000e+00,2.361111111111501015e-01
3.000000000000000000e+00,3.435000000000000000e+03,2.733660883243447803e-01,0.000000000000000000e+00,6.409500439344684164e-03,7.265412024517767871e-07,0.000000000000000000e+00,7.265412024517767871e-07,7.265412024507874526e-07,6.408535561735385563e-03,2.733660883243449469e-01,2.833239854271093931e-06,-5.000000000000000000e+00,2.291666666667058483e-01
3.000000000000000000e+00,3.440000000000000000e+03,2.733697054991777176e-01,0.000000000000000000e+00,6.413117614177621384e-03,7.203363665455448078e-07,0.000000000000000000e+00,7.203363665455448078e-07,7.203363665446859163e-07,6.412152755657873904e-03,2.733697054991777731e-01,2.833277343646452283e-06,-5.000000000000000000e+00,2.222222222222616228e-01
3.000000000000000000e+00,3.445000000000000000e+03,2.733732917624884795e-01,0.000000000000000000e+00,6.416703877488383334e-03,7.141769813639583186e-07,0.000000000000000000e+00,7.141769813639583186e-07,7.141769813625903604e-07,6.415739039027642393e-03,2.733732917624882020e-01,2.833314512646464611e-06,-5.000000000000000000e+00,2.152777777778173696e-01
3.000000000000000000e+00,3.450000000000000000e+03,2.733768473416807732e-01,0.000000000000000000e+00,6.420259456680676990e-03,7.080627403008432218e-07,0.000000000000000000e+00,7.080627403008432218e-07,7.080627402996870218e-07,6.419294638331797878e-03,2.733768473416805511e-01,2.833351363628000515e-06,-5.000000000000000000e+00,2.083333333333731163e-01
3.000000000000000000e+00,3.455000000000000000e+03,2.733803724576182592e-01,0.000000000000000000e+00,6.423784572618163047e-03,7.019913539073904894e-07,0.000000000000000000e+00,7.019913539073904894e-07,7.019913539064147074e-07,6.422819773567313255e-03,2.733803724576181482e-01,2.833387898880144935e-06,-5.000000000000000000e+00,2.013888888889288908e-01
3.000000000000000000e+00,3.460000000000000000e+03,2.733838673157265586e-01,0.000000000000000000e+00,6.427279430726462461e-03,6.959589910977880337e-07,0.000000000000000000e+00,6.959589910977880337e-07,6.959589910966496214e-07,6.426314649429821363e-03,2.733838673157266141e-01,2.833424120531990146e-06,-5.000000000000000000e+00,1.944444444444846376e-01
3.000000000000000000e+00,3.465000000000000000e+03,2.733873321002099344e-01,0.000000000000000000e+00,6.430744215209838188e-03,6.899610602471785599e-07,0.000000000000000000e+00,6.899610602471785599e-07,6.899610602455776676e-07,6.429779449558177193e-03,2.733873321002099899e-01,2.833460030492675144e-06,-5.000000000000000000e+00,1.875000000000404121e-01
3.000000000000000000e+00,3.470000000000000000e+03,2.733907669716529876e-01,0.000000000000000000e+00,6.434179086652891399e-03,6.839928409067377629e-07,0.000000000000000000e+00,6.839928409067377629e-07,6.839928409053435467e-07,6.433214334311054133e-03,2.733907669716529876e-01,2.833495630426546824e-06,-5.000000000000000000e+00,1.805555555555963532e-01
3.000000000000000000e+00,3.475000000000000000e+03,2.733941720676507092e-01,0.000000000000000000e+00,6.437584182650613052e-03,6.780499392333746273e-07,0.000000000000000000e+00,6.780499392333746273e-07,6.780499392319854933e-07,6.436619441261397408e-03,2.733941720676508758e-01,2.833530921759674940e-06,-5.000000000000000000e+00,1.736111111111521277e-01
3.000000000000000000e+00,3.480000000000000000e+03,2.733975475062315197e-01,0.000000000000000000e+00,6.440959621231423515e-03,6.721290944831193959e-07,0.000000000000000000e+00,6.721290944831193959e-07,6.721290944818319058e-07,6.439994888845682053e-03,2.733975475062316862e-01,2.833565905715331768e-06,-5.000000000000000000e+00,1.666666666667078744e-01
3.000000000000000000e+00,3.485000000000000000e+03,2.734008933911386552e-01,0.000000000000000000e+00,6.444305506138559014e-03,6.662278857855018352e-07,0.000000000000000000e+00,6.662278857855018352e-07,6.662278857842346739e-07,6.443340781296347589e-03,2.734008933911389327e-01,2.833600583368750671e-06,-5.000000000000000000e+00,1.597222222222636212e-01
3.000000000000000000e+00,3.490000000000000000e+03,2.734042098183289693e-01,0.000000000000000000e+00,6.447621933328873123e-03,6.603457760488156574e-07,0.000000000000000000e+00,6.603457760488156574e-07,6.603457760475628957e-07,6.446657215450926799e-03,2.734042098183290803e-01,2.833634955714446163e-06,-5.000000000000000000e+00,1.527777777778193957e-01
3.000000000000000000e+00,3.495000000000000000e+03,2.734074968829294239e-01,0.000000000000000000e+00,6.450908997929327704e-03,6.544828745644210044e-07,0.000000000000000000e+00,6.544828745644210044e-07,6.544828745629810483e-07,6.449944287077452945e-03,2.734074968829294239e-01,2.833669023738342148e-06,-5.000000000000000000e+00,1.458333333333751425e-01
3.000000000000000000e+00,3.500000000000000000e+03,2.734107546861365146e-01,0.000000000000000000e+00,6.454166801136418385e-03,6.486415962083156130e-07,0.000000000000000000e+00,6.486415962083156130e-07,6.486415962073906530e-07,6.453202098254378488e-03,2.734107546861366811e-01,2.833702788489264466e-06,-5.000000000000000000e+00,1.388888888889309170e-01
3.000000000000000000e+00,3.505000000000000000e+03,2.734139833414387377e-01,0.000000000000000000e+00,6.457395456438641546e-03,6.428242873342287405e-07,0.000000000000000000e+00,6.428242873342287405e-07,6.428242873332631229e-07,6.456430762963230770e-03,2.734139833414390708e-01,2.833736251143445845e-06,-5.000000000000000000e+00,1.319444444444866638e-01
3.000000000000000000e+00,3.510000000000000000e+03,2.734171829799242337e-01,0.000000000000000000e+00,6.460595094924137527e-03,6.370356099854744460e-07,0.000000000000000000e+00,6.370356099854744460e-07,6.370356099842852118e-07,6.459630412706524397e-03,2.734171829799241227e-01,2.833769413059510190e-06,-5.000000000000000000e+00,1.250000000000424105e-01
3.000000000000000000e+00,3.515000000000000000e+03,2.734203537542210793e-01,0.000000000000000000e+00,6.463765869220983173e-03,6.312795816047897177e-07,0.000000000000000000e+00,6.312795816047897177e-07,6.312795816037292324e-07,6.462801200685494921e-03,2.734203537542210238e-01,2.833802275819342353e-06,-5.000000000000000000e+00,1.180555555555981850e-01
3.000000000000000000e+00,3.520000000000000000e+03,2.734234958410451943e-01,0.000000000000000000e+00,6.466907956045098160e-03,6.255612972626785665e-07,0.000000000000000000e+00,6.255612972626785665e-07,6.255612972616341749e-07,6.465943302882658228e-03,2.734234958410450278e-01,2.833834841254471934e-06,-5.000000000000000000e+00,1.111111111111539318e-01
3.000000000000000000e+00,3.525000000000000000e+03,2.734266094421160531e-01,0.000000000000000000e+00,6.470021557115956945e-03,6.198864465538442975e-07,0.000000000000000000e+00,6.198864465538442975e-07,6.198864465526669217e-07,6.469056922242193142e-03,2.734266094421160531e-01,2.833867111455571489e-06,-5.000000000000000000e+00,1.041666666667099006e-01
3.000000000000000000e+00,3.530000000000000000e+03,2.734296947835944680e-01,0.000000000000000000e+00,6.473106898594371827e-03,6.142580689872322811e-07,0.000000000000000000e+00,6.142580689872322811e-07,6.142580689856559528e-07,6.472142283531039098e-03,2.734296947835944680e-01,2.833899088766635292e-06,-5.000000000000000000e+00,9.722222222226566124e-02
3.000000000000000000e+00,3.535000000000000000e+03,2.734327521140552664e-01,0.000000000000000000e+00,6.476164229055170196e-03,6.086830560055270386e-07,0.000000000000000000e+00,6.086830560055270386e-07,6.086830560039930619e-07,6.475199636343513532e-03,2.734327521140550443e-01,2.833930775763958098e-06,-5.000000000000000000e+00,9.027777777782140800e-02
3.000000000000000000e+00,3.540000000000000000e+03,2.734357817012487701e-01,0.000000000000000000e+00,6.479193816248673965e-03,6.031611263758533117e-07,0.000000000000000000e+00,6.031611263758533117e-07,6.031611263746445957e-07,6.478229246799459620e-03,2.734357817012482705e-01,2.833962175222579932e-06,-5.000000000000000000e+00,8.333333333337716864e-02
3.000000000000000000e+00,3.545000000000000000e+03,2.734387838280923910e-01,0.000000000000000000e+00,6.482195943092294854e-03,5.976997010538931984e-07,0.000000000000000000e+00,5.976997010538931984e-07,5.976997010525074525e-07,6.481231398868027641e-03,2.734387838280918914e-01,2.833993290074732768e-06,-5.000000000000000000e+00,7.638888888893292928e-02
3.000000000000000000e+00,3.550000000000000000e+03,2.734417587882242984e-01,0.000000000000000000e+00,6.485170903224202199e-03,5.922946261557244835e-07,0.000000000000000000e+00,5.922946261557244835e-07,5.922946261547148202e-07,6.484206384686046210e-03,2.734417587882245759e-01,2.834024123363753895e-06,-5.000000000000000000e+00,6.944444444448868992e-02
3.000000000000000000e+00,3.555000000000000000e+03,2.734447068814747084e-01,0.000000000000000000e+00,6.488118996474612210e-03,5.869532246614533161e-07,0.000000000000000000e+00,5.869532246614533161e-07,5.869532246602395179e-07,6.487154504313083665e-03,2.734447068814744308e-01,2.834054678197173413e-06,-5.000000000000000000e+00,6.250000000004443668e-02
3.000000000000000000e+00,3.560000000000000000e+03,2.734476284100432752e-01,0.000000000000000000e+00,6.491040525043179077e-03,5.816689351920218873e-07,0.000000000000000000e+00,5.816689351920218873e-07,5.816689351907437146e-07,6.490076059712711343e-03,2.734476284100430532e-01,2.834084957707066747e-06,-5.000000000000000000e+00,5.555555555560019038e-02
3.000000000000000000e+00,3.565000000000000000e+03,2.734505236749196766e-01,0.000000000000000000e+00,6.493935789919580426e-03,5.764473824592538883e-07,0.000000000000000000e+00,5.764473824592538883e-07,5.764473824578512018e-07,6.492971350506832051e-03,2.734505236749198431e-01,2.834114965012974502e-06,-5.000000000000000000e+00,4.861111111115593714e-02
3.000000000000000000e+00,3.570000000000000000e+03,2.734533929739034752e-01,0.000000000000000000e+00,6.496805088903379044e-03,5.712825678005908838e-07,0.000000000000000000e+00,5.712825678005908838e-07,5.712825677997828143e-07,6.495840675382476628e-03,2.734533929739039193e-01,2.834144703201363613e-06,-5.000000000000000000e+00,4.166666666671169084e-02
3.000000000000000000e+00,3.575000000000000000e+03,2.734562366001229705e-01,0.000000000000000000e+00,6.499648715122874343e-03,5.661785197647609342e-07,0.000000000000000000e+00,5.661785197647609342e-07,5.661785197630338340e-07,6.498684328101383967e-03,2.734562366001225819e-01,2.834174175310303669e-06,-5.000000000000000000e+00,3.472222222226763882e-02
3.000000000000000000e+00,3.580000000000000000e+03,2.734590548412521027e-01,0.000000000000000000e+00,6.502466956252006547e-03,5.611263208964549780e-07,0.000000000000000000e+00,5.611263208964549780e-07,5.611263208953868695e-07,6.501502590203029827e-03,2.734590548412522137e-01,2.834203384321324808e-06,-5.000000000000000000e+00,2.777777777782339599e-02
3.000000000000000000e+00,3.585000000000000000e+03,2.734618479817189640e-01,0.000000000000000000e+00,6.505260096718867846e-03,5.561412455018865746e-07,0.000000000000000000e+00,5.561412455018865746e-07,5.561412455002365544e-07,6.504295759119018729e-03,2.734618479817188530e-01,2.834232333182309212e-06,-5.000000000000000000e+00,2.083333333337890336e-02
3.000000000000000000e+00,3.590000000000000000e+03,2.734646163013589315e-01,0.000000000000000000e+00,6.508028416358835333e-03,5.511981673215503633e-07,0.000000000000000000e+00,5.511981673215503633e-07,5.511981673197910759e-07,6.507064107651068519e-03,2.734646163013588205e-01,2.834261024793554865e-06,-5.000000000000000000e+00,1.388888888893441420e-02
3.000000000000000000e+00,3.595000000000000000e+03,2.734673600783280034e-01,0.000000000000000000e+00,6.510772193327907242e-03,5.463204527128657172e-07,0.000000000000000000e+00,5.463204527128657172e-07,5.463204527113757863e-07,6.509807904201147383e-03,2.734673600783282255e-01,2.834289462037937134e-06,-5.000000000000000000e+00,6.944444444489880804e-03
3.000000000000000000e+00,3.600000000000000000e+03,2.734700795913603266e-01,0.000000000000000000e+00,6.513491706360230449e-03,5.414948307151472816e-07,0.000000000000000000e+00,5.414948307151472816e-07,5.414948307135167432e-07,6.512527442409709287e-03,2.734700795913603266e-01,2.834317647804338965e-06,-5.000000000000000000e+00,4.543717832539151402e-14
4.000000000000000000e+00,3.600000000000000455e+03,2.734700795913603821e-01,0.000000000000000000e+00,6.513491706360285960e-03,-3.782876300099001874e-07,0.000000000000000000e+00,-3.782876300099001874e-07,-3.782876300113273320e-07,6.512527442409709287e-03,2.734700795913603266e-01,2.834317647804339389e-06,0.000000000000000000e+00,4.543717832539151402e-14
4.000000000000000000e+00,3.605000000000000455e+03,2.734688980053023855e-01,0.000000000000000000e+00,6.512310120302289285e-03,-1.656452649480587820e-07,0.000000000000000000e+00,-1.656452649480587820e-07,-1.656452649499272838e-07,6.511167610172305907e-03,2.734688980053021634e-01,2.834305401527811342e-06,0.000000000000000000e+00,4.543717832539151402e-14
4.000000000000000000e+00,3.610000000000000455e+03,2.734682015316383108e-01,0.000000000000000000e+00,6.511613646638214625e-03,-1.173851107877974093e-07,0.000000000000000000e+00,-1.173851107877974093e-07,-1.173851107889119591e-07,6.510460034232959381e-03,2.734682015316384773e-01,2.834298183086947920e-06,0.000000000000000000e+00,4.543717832539151402e-14
4.000000000000000000e+00,3.615000000000000455e+03,2.734677089625293656e-01,0.000000000000000000e+00,6.511121077529269385e-03,-8.047019219077818387e-08,0.000000000000000000e+00,-8.047019219077818387e-08,-8.047019219210920350e-08,6.509965395975506226e-03,2.734677089625289215e-01,2.834293077967878604e-06,0.000000000000000000e+00,4.543717832539151402e-14
4.000000000000000000e+00,3.620000000000000455e+03,2.734673873590109938e-01,0.000000000000000000e+00,6.510799474010897647e-03,-4.925332778665472426e-08,0.000000000000000000e+00,-4.925332778665472426e-08,-4.925332778797561920e-08,6.509641087175555875e-03,2.734673873590108828e-01,2.834289744782291018e-06,0.000000000000000000e+00,4.543717832539151402e-14
4.000000000000000000e+00,3.625000000000000455e+03,2.734672051338127852e-01,0.000000000000000000e+00,6.510617248812688995e-03,-2.475635407068662377e-08,0.000000000000000000e+00,-2.475635407068662377e-08,-2.475635407176834771e-08,6.509456062970906537e-03,2.734672051338128962e-01,2.834287856151200578e-06,0.000000000000000000e+00,4.543717832539151402e-14
4.000000000000000000e+00,3.630000000000000455e+03,2.734671292644271223e-01,0.000000000000000000e+00,6.510541379427026154e-03,-6.557275439164638445e-09,0.000000000000000000e+00,-6.557275439164638445e-09,-6.557275440205003354e-09,6.509377778897126703e-03,2.734671292644271778e-01,2.834287069820428184e-06,0.000000000000000000e+00,4.543717832539151402e-14
4.000000000000000000e+00,3.635000000000000455e+03,2.734671309107571391e-01,0.000000000000000000e+00,6.510543025757042912e-03,6.452293945189063662e-09,0.000000000000000000e+00,6.452293945189063662e-09,6.452293943667072842e-09,6.509377516443385671e-03,2.734671309107572501e-01,2.834287086883435956e-06,0.000000000000000000e+00,4.543717832539151402e-14
4.000000000000000000e+00,3.640000000000000455e+03,2.734671871292833623e-01,0.000000000000000000e+00,6.510599244283266085e-03,1.545975560112181472e-08,0.000000000000000000e+00,1.545975560112181472e-08,1.545975559993711341e-08,6.509432296567244612e-03,2.734671871292836398e-01,2.834287669547401996e-06,0.000000000000000000e+00,4.543717832539151402e-14
4.000000000000000000e+00,3.645000000000000455e+03,2.734672805744315927e-01,0.000000000000000000e+00,6.510692689431496483e-03,2.149805730754508336e-08,0.000000000000000000e+00,2.149805730754508336e-08,2.149805730589324007e-08,6.509524691099509257e-03,2.734672805744321478e-01,2.834288638038116681e-06,0.000000000000000000e+00,4.543717832539151402e-14
4.000000000000000000e+00,3.650000000000000455e+03,2.734673985429768583e-01,0.000000000000000000e+00,6.510810657976762172e-03,2.538850362089006966e-08,0.000000000000000000e+00,2.538850362089006966e-08,2.538850361926764422e-08,6.509641907501821992e-03,2.734673985429769694e-01,2.834289860695929230e-06,0.000000000000000000e+00,4.543717832539151402e-14
4.000000000000000000e+00,3.655000000000000455e+03,2.734675319285836403e-01,0.000000000000000000e+00,6.510944043583544172e-03,2.775415918889124829e-08,0.000000000000000000e+00,2.775415918889124829e-08,2.775415918791920850e-08,6.509774764158839794e-03,2.734675319285834738e-01,2.834291243140326055e-06,0.000000000000000000e+00,4.543717832539151402e-14
4.000000000000000000e+00,3.660000000000000455e+03,2.734676743168255042e-01,0.000000000000000000e+00,6.511086431825408027e-03,2.905421288760266366e-08,0.000000000000000000e+00,2.905421288760266366e-08,2.905421288614769598e-08,6.509916785089025180e-03,2.734676743168256152e-01,2.834292718890460502e-06,0.000000000000000000e+00,4.543717832539151402e-14
4.000000000000000000e+00,3.665000000000000455e+03,2.734678212559181198e-01,0.000000000000000000e+00,6.511233370918023677e-03,2.962119718409703683e-08,0.000000000000000000e+00,2.962119718409703683e-08,2.962119718279451853e-08,6.510063473614197301e-03,2.734678212559180643e-01,2.834294241806841958e-06,0.000000000000000000e+00,4.543717832539151402e-14
4.000000000000000000e+00,3.670000000000000455e+03,2.734679697068944648e-01,0.000000000000000000e+00,6.511381821894368649e-03,2.969219882547248364e-08,0.000000000000000000e+00,2.969219882547248364e-08,2.969219882440353136e-08,6.510211757104215381e-03,2.734679697068944648e-01,2.834295780392789989e-06,0.000000000000000000e+00,4.543717832539151402e-14
4.000000000000000000e+00,3.675000000000000455e+03,2.734681176340673092e-01,0.000000000000000000e+00,6.511529749067213046e-03,2.943489840638411304e-08,0.000000000000000000e+00,2.943489840638411304e-08,2.943489840531323840e-08,6.510359574847289846e-03,2.734681176340671427e-01,2.834297313549896763e-06,0.000000000000000000e+00,4.543717832539151402e-14
4.000000000000000000e+00,3.680000000000000455e+03,2.734682637076789602e-01,0.000000000000000000e+00,6.511675822678864023e-03,2.896706803662520411e-08,0.000000000000000000e+00,2.896706803662520411e-08,2.896706803545898533e-08,6.510505579763391573e-03,2.734682637076787937e-01,2.834298827496198884e-06,0.000000000000000000e+00,4.543717832539151402e-14
4.000000000000000000e+00,3.685000000000000455e+03,2.734684070905938902e-01,0.000000000000000000e+00,6.511819205593794013e-03,2.836993652956991344e-08,0.000000000000000000e+00,2.836993652956991344e-08,2.836993652862167991e-08,6.510648922274801624e-03,2.734684070905939457e-01,2.834300313555393031e-06,0.000000000000000000e+00,4.543717832539151402e-14
4.000000000000000000e+00,3.690000000000000455e+03,2.734685472857101285e-01,0.000000000000000000e+00,6.511959400710032320e-03,2.769966363509104821e-08,0.000000000000000000e+00,2.769966363509104821e-08,2.769966363353319250e-08,6.510789096275207757e-03,2.734685472857104616e-01,2.834301766575384361e-06,0.000000000000000000e+00,4.543717832539151402e-14
4.000000000000000000e+00,3.695000000000000455e+03,2.734686840289849985e-01,0.000000000000000000e+00,6.512096143984902330e-03,2.699429953558100983e-08,0.000000000000000000e+00,2.699429953558100983e-08,2.699429953417569946e-08,6.510925831183126539e-03,2.734686840289847765e-01,2.834303183819558925e-06,0.000000000000000000e+00,4.543717832539151402e-14
4.000000000000000000e+00,3.700000000000000455e+03,2.734688172132671569e-01,0.000000000000000000e+00,6.512229328267060691e-03,2.627929082759756756e-08,0.000000000000000000e+00,2.627929082759756756e-08,2.627929082560377443e-08,6.511059015159026409e-03,2.734688172132674899e-01,2.834304564177373094e-06,0.000000000000000000e+00,4.543717832539151402e-14
4.000000000000000000e+00,3.705000000000000455e+03,2.734689468346242491e-01,0.000000000000000000e+00,6.512358949624152960e-03,2.557122999896545018e-08,0.000000000000000000e+00,2.557122999896545018e-08,2.557122999755892219e-08,6.511188641461084121e-03,2.734689468346241936e-01,2.834305907608069761e-06,0.000000000000000000e+00,4.543717832539151402e-14
4.000000000000000000e+00,3.710000000000000455e+03,2.734690729559584588e-01,0.000000000000000000e+00,6.512485070958362599e-03,2.488068730680891157e-08,0.000000000000000000e+00,2.488068730680891157e-08,2.488068730566772989e-08,6.511314771254342326e-03,2.734690729559585698e-01,2.834307214763585199e-06,0.000000000000000000e+00,4.543717832539151402e-14
4.000000000000000000e+00,3.715000000000000455e+03,2.734691956818998682e-01,0.000000000000000000e+00,6.512607796899771984e-03,2.421391158199981790e-08,0.000000000000000000e+00,2.421391158199981790e-08,2.421391158037135735e-08,6.511437507751557073e-03,2.734691956818995906e-01,2.834308486728335455e-06,0.000000000000000000e+00,4.543717832539151402e-14
4.000000000000000000e+00,3.720000000000000455e+03,2.734693151410362844e-01,0.000000000000000000e+00,6.512727256036188184e-03,2.357435483995336999e-08,0.000000000000000000e+00,2.357435483995336999e-08,2.357435483836403509e-08,6.511556978417603822e-03,2.734693151410363954e-01,2.834309724835040898e-06,0.000000000000000000e+00,4.543717832539151402e-14
4.000000000000000000e+00,3.725000000000000455e+03,2.734694314738273513e-01,0.000000000000000000e+00,6.512843588827255115e-03,2.296352700370152848e-08,0.000000000000000000e+00,2.296352700370152848e-08,2.296352700288310936e-08,6.511673323122206883e-03,2.734694314738273513e-01,2.834310930539458938e-06,0.000000000000000000e+00,4.543717832539151402e-14
4.000000000000000000e+00,3.730000000000000455e+03,2.734695448249182537e-01,0.000000000000000000e+00,6.512956939918157495e-03,2.238164971791814888e-08,0.000000000000000000e+00,2.238164971791814888e-08,2.238164971677759254e-08,6.511786686064006263e-03,2.734695448249184757e-01,2.834312105340728624e-06,0.000000000000000000e+00,4.543717832539151402e-14
4.000000000000000000e+00,3.735000000000000455e+03,2.734696553378668238e-01,0.000000000000000000e+00,6.513067452866727614e-03,2.182813616850444873e-08,0.000000000000000000e+00,2.182813616850444873e-08,2.182813616714873941e-08,6.511897210528715986e-03,2.734696553378668793e-01,2.834313250726728974e-06,0.000000000000000000e+00,4.543717832539151402e-14
4.000000000000000000e+00,3.740000000000000455e+03,2.734697631519231176e-01,0.000000000000000000e+00,6.513175266923021400e-03,2.130188624313079977e-08,0.000000000000000000e+00,2.130188624313079977e-08,2.130188624131362624e-08,6.512005035584736944e-03,2.734697631519230621e-01,2.834314368140680886e-06,0.000000000000000000e+00,4.543717832539151402e-14
4.000000000000000000e+00,3.745000000000000455e+03,2.734698684000216318e-01,0.000000000000000000e+00,6.513280515021535599e-03,2.080151223416673815e-08,0.000000000000000000e+00,2.080151223416673815e-08,2.080151223262318604e-08,6.512110294080922582e-03,2.734698684000210767e-01,2.834315458960352482e-06,0.000000000000000000e+00,4.543717832539151402e-14
4.000000000000000000e+00,3.750000000000000455e+03,2.734699712077288680e-01,0.000000000000000000e+00,6.513383322728771851e-03,2.032547406748021042e-08,0.000000000000000000e+00,2.032547406748021042e-08,2.032547406643141820e-08,6.512213111546669674e-03,2.734699712077287015e-01,2.834316524487153981e-06,0.000000000000000000e+00,4.543717832539151402e-14
4.000000000000000000e+00,3.755000000000000455e+03,2.734700716927525033e-01,0.000000000000000000e+00,6.513483807752407095e-03,1.987217528432666993e-08,0.000000000000000000e+00,1.987217528432666993e-08,1.987217528316538114e-08,6.512313605670044109e-03,2.734700716927526143e-01,2.834317565941036868e-06,0.000000000000000000e+00,4.543717832539151402e-14
4.000000000000000000e+00,3.760000000000000455e+03,2.734701699648231510e-01,0.000000000000000000e+00,6.513582079823054816e-03,1.944003479658863954e-08,0.000000000000000000e+00,1.944003479658863954e-08,1.944003479546232394e-08,6.512411886195240522e-03,2.734701699648227624e-01,2.834318584459275859e-06,0.000000000000000000e+00,4.543717832539151402e-14
4.000000000000000000e+00,3.765000000000000455e+03,2.734702661258531231e-01,0.000000000000000000e+00,6.513678240853026935e-03,1.902751125605164072e-08,0.000000000000000000e+00,1.902751125605164072e-08,1.902751125488674542e-08,6.512508055060366174e-03,2.734702661258530676e-01,2.834319581098121885e-06,0.000000000000000000e+00,4.543717832539151402e-14
4.000000000000000000e+00,3.770000000000000455e+03,2.734703602702235337e-01,0.000000000000000000e+00,6.513772385223437489e-03,1.863313411380283223e-08,0.000000000000000000e+00,1.863313411380283223e-08,1.863313411243385824e-08,6.512602206673784137e-03,2.734703602702233671e-01,2.834320556835763323e-06,0.000000000000000000e+00,4.543717832539151402e-14
4.000000000000000000e+00,3.775000000000000455e+03,2.734704524851622742e-01,0.000000000000000000e+00,6.513864600162178053e-03,1.825551383945543527e-08,0.000000000000000000e+00,1.825551383945543527e-08,1.825551383830649463e-08,6.512694428293661249e-03,2.734704524851619967e-01,2.834321512576255377e-06,0.000000000000000000e+00,4.543717832539151402e-14
4.000000000000000000e+00,3.780000000000000455e+03,2.734705428511574610e-01,0.000000000000000000e+00,6.513954966157364801e-03,1.789334879332148816e-08,0.000000000000000000e+00,1.789334879332148816e-08,1.789334879192926708e-08,6.512784800450237103e-03,2.734705428511570169e-01,2.834322449153796329e-06,0.000000000000000000e+00,4.543717832539151402e-14
4.000000000000000000e+00,3.785000000000000455e+03,2.734706314423850926e-01,0.000000000000000000e+00,6.514043557384996408e-03,1.754541502859084197e-08,0.000000000000000000e+00,1.754541502859084197e-08,1.754541502742078176e-08,6.512873397359785453e-03,2.734706314423848705e-01,2.834323367337168105e-06,0.000000000000000000e+00,4.543717832539151402e-14
4.000000000000000000e+00,3.790000000000000455e+03,2.734707183271240516e-01,0.000000000000000000e+00,6.514130442123955422e-03,1.721056386735235186e-08,0.000000000000000000e+00,1.721056386735235186e-08,1.721056386601262698e-08,6.512960287307019251e-03,2.734707183271241071e-01,2.834324267834030308e-06,0.000000000000000000e+00,4.543717832539151402e-14
4.000000000000000000e+00,3.795000000000000455e+03,2.734708035681431282e-01,0.000000000000000000e+00,6.514215683143032010e-03,1.688774960750669549e-08,0.000000000000000000e+00,1.688774960750669549e-08,1.688774960615721319e-08,6.513045533090699481e-03,2.734708035681429061e-01,2.834325151294936855e-06,0.000000000000000000e+00,4.543717832539151402e-14
4.000000000000000000e+00,3.800000000000000455e+03,2.734708872230757759e-01,0.000000000000000000e+00,6.514299338075679735e-03,1.657599453793653005e-08,0.000000000000000000e+00,1.657599453793653005e-08,1.657599453624871764e-08,6.513129192451055406e-03,2.734708872230753318e-01,2.834326018317220460e-06,0.000000000000000000e+00,4.543717832539151402e-14
4.000000000000000000e+00,3.805000000000000455e+03,2.734709693447824885e-01,0.000000000000000000e+00,6.514381459782392358e-03,1.627430358791712613e-08,0.000000000000000000e+00,1.627430358791712613e-08,1.627430358668469320e-08,6.513211318196363009e-03,2.734709693447823220e-01,2.834326869448731871e-06,0.000000000000000000e+00,4.543717832539151402e-14
4.000000000000000000e+00,3.810000000000000455e+03,2.734710499815803386e-01,0.000000000000000000e+00,6.514462096580242445e-03,1.598188363038010362e-08,0.000000000000000000e+00,1.598188363038010362e-08,1.598188362885442854e-08,6.513291958664401381e-03,2.734710499815802831e-01,2.834327705190249670e-06,0.000000000000000000e+00,4.543717832539151402e-14
4.000000000000000000e+00,3.815000000000000455e+03,2.734711291776814601e-01,0.000000000000000000e+00,6.514541292681363949e-03,1.569789759378969319e-08,0.000000000000000000e+00,1.569789759378969319e-08,1.569789759275933055e-08,6.513371158117455331e-03,2.734711291776814601e-01,2.834328525999995390e-06,0.000000000000000000e+00,4.543717832539151402e-14
4.000000000000000000e+00,3.820000000000000455e+03,2.734712069732531114e-01,0.000000000000000000e+00,6.514619088253015278e-03,1.542156618166580782e-08,0.000000000000000000e+00,1.542156618166580782e-08,1.542156618011065864e-08,6.513448956776887559e-03,2.734712069732535000e-01,2.834329332294280642e-06,0.000000000000000000e+00,4.543717832539151402e-14
4.000000000000000000e+00,3.825000000000000455e+03,2.734712834047561825e-01,0.000000000000000000e+00,6.514695519756086295e-03,1.515216901757620817e-08,0.000000000000000000e+00,1.515216901757620817e-08,1.515216901636857411e-08,6.513525391114879243e-03,2.734712834047561825e-01,2.834330124450989268e-06,0.000000000000000000e+00,4.543717832539151402e-14
4.000000000000000000e+00,3.830000000000000455e+03,2.734713585051420370e-01,0.000000000000000000e+00,6.514770620141940860e-03,1.488897998529479212e-08,0.000000000000000000e+00,1.488897998529479212e-08,1.488897998396810030e-08,6.513600493987380113e-03,2.734713585051420370e-01,2.834330902811639450e-06,0.000000000000000000e+00,4.543717832539151402e-14
4.000000000000000000e+00,3.835000000000000455e+03,2.734714323040299266e-01,0.000000000000000000e+00,6.514844419029830469e-03,1.463126299026749374e-08,0.000000000000000000e+00,1.463126299026749374e-08,1.463126298897401984e-08,6.513674294594811766e-03,2.734714323040300377e-01,2.834331667683212866e-06,0.000000000000000000e+00,4.543717832539151402e-14
4.000000000000000000e+00,3.840000000000000455e+03,2.734715048280354499e-01,0.000000000000000000e+00,6.514916943035353736e-03,1.437872980807992253e-08,0.000000000000000000e+00,1.437872980807992253e-08,1.437872980696420643e-08,6.513746819576802204e-03,2.734715048280351168e-01,2.834332419341563584e-06,0.000000000000000000e+00,4.543717832539151402e-14
4.000000000000000000e+00,3.845000000000000455e+03,2.734715761007951440e-01,0.000000000000000000e+00,6.514988215795047832e-03,1.413070684321794215e-08,0.000000000000000000e+00,1.413070684321794215e-08,1.413070684188879195e-08,6.513818093168423709e-03,2.734715761007954771e-01,2.834333158031661579e-06,0.000000000000000000e+00,4.543717832539151402e-14
4.000000000000000000e+00,3.850000000000000455e+03,2.734716461430933832e-01,0.000000000000000000e+00,6.515058258093286980e-03,1.388651471468978108e-08,0.000000000000000000e+00,1.388651471468978108e-08,1.388651471330004155e-08,6.513888136222311873e-03,2.734716461430933276e-01,2.834333883968928082e-06,0.000000000000000000e+00,4.543717832539151402e-14
4.000000000000000000e+00,3.855000000000000455e+03,2.734717149731112906e-01,0.000000000000000000e+00,6.515127088111194453e-03,1.364587146787351167e-08,0.000000000000000000e+00,1.364587146787351167e-08,1.364587146645126725e-08,6.513956967187761737e-03,2.734717149731107910e-01,2.834334597341794889e-06,0.000000000000000000e+00,4.543717832539151402e-14
4.000000000000000000e+00,3.860000000000000455e+03,2.734717826066578317e-01,0.000000000000000000e+00,6.515194721657735499e-03,1.340790168480117840e-08,0.000000000000000000e+00,1.340790168480117840e-08,1.340790168355454443e-08,6.514024601620636325e-03,2.734717826066581092e-01,2.834335298314112055e-06,0.000000000000000000e+00,4.543717832539151402e-14
4.000000000000000000e+00,3.865000000000000455e+03,2.734718490572612404e-01,0.000000000000000000e+00,6.515261172261144207e-03,1.317253107036001197e-08,0.000000000000000000e+00,1.317253107036001197e-08,1.317253106908230248e-08,6.514091052702518196e-03,2.734718490572609628e-01,2.834335987026081318e-06,0.000000000000000000e+00,4.543717832539151402e-14
4.000000000000000000e+00,3.870000000000000455e+03,2.734719143363787408e-01,0.000000000000000000e+00,6.515326451378644634e-03,1.293927001845664870e-08,0.000000000000000000e+00,1.293927001845664870e-08,1.293927001623141209e-08,6.514156332205231319e-03,2.734719143363785743e-01,2.834336663596459240e-06,0.000000000000000000e+00,4.543717832539151402e-14
4.000000000000000000e+00,3.875000000000000455e+03,2.734719784536363552e-01,0.000000000000000000e+00,6.515390568636258983e-03,1.270776458538394169e-08,0.000000000000000000e+00,1.270776458538394169e-08,1.270776458409819862e-08,6.514220449791731891e-03,2.734719784536367992e-01,2.834337328125008513e-06,0.000000000000000000e+00,4.543717832539151402e-14
4.000000000000000000e+00,3.880000000000000455e+03,2.734720414170146996e-01,0.000000000000000000e+00,6.515453532014603422e-03,1.247769941798023416e-08,0.000000000000000000e+00,1.247769941798023416e-08,1.247769941647792527e-08,6.514283413451733840e-03,2.734720414170145886e-01,2.834337980694436824e-06,0.000000000000000000e+00,4.543717832539151402e-14
4.000000000000000000e+00,3.885000000000000455e+03,2.734721032330691970e-01,0.000000000000000000e+00,6.515515348069100821e-03,1.224881322649528923e-08,0.000000000000000000e+00,1.224881322649528923e-08,1.224881322548090276e-08,6.514345229733338634e-03,2.734721032330691415e-01,2.834338621372695696e-06,0.000000000000000000e+00,4.543717832539151402e-14
4.000000000000000000e+00,3.890000000000000455e+03,2.734721639071798771e-01,0.000000000000000000e+00,6.515576022179780935e-03,1.202089161051727137e-08,0.000000000000000000e+00,1.202089161051727137e-08,1.202089160954568157e-08,6.514405903995426281e-03,2.734721639071800436e-01,2.834339250215540649e-06,0.000000000000000000e+00,4.543717832539151402e-14
4.000000000000000000e+00,3.895000000000000455e+03,2.734722234438023980e-01,0.000000000000000000e+00,6.515635558802301830e-03,1.179378195198701562e-08,0.000000000000000000e+00,1.179378195198701562e-08,1.179378195050790915e-08,6.514465440679326029e-03,2.734722234438022870e-01,2.834339867269148956e-06,0.000000000000000000e+00,4.543717832539151402e-14
4.000000000000000000e+00,3.900000000000000455e+03,2.734722818467124617e-01,0.000000000000000000e+00,6.515693961712365478e-03,1.156738193613892333e-08,0.000000000000000000e+00,1.156738193613892333e-08,1.156738193462242334e-08,6.514523843589039263e-03,2.734722818467120176e-01,2.834340472572659890e-06,0.000000000000000000e+00,4.543717832539151402e-14
4.000000000000000000e+00,3.905000000000000455e+03,2.734723391192661057e-01,0.000000000000000000e+00,6.515751234266009551e-03,1.134163323064193348e-08,0.000000000000000000e+00,1.134163323064193348e-08,1.134163322952868900e-08,6.514581116126949394e-03,2.734723391192658282e-01,2.834341066160848814e-06,0.000000000000000000e+00,4.543717832539151402e-14
4.000000000000000000e+00,3.910000000000000455e+03,2.734723952646541667e-01,0.000000000000000000e+00,6.515807379654070530e-03,1.111654315933814319e-08,0.000000000000000000e+00,1.111654315933814319e-08,1.111654315802559450e-08,6.514637261567918572e-03,2.734723952646543332e-01,2.834341648066791092e-06,0.000000000000000000e+00,4.543717832539151402e-14
4.000000000000000000e+00,3.915000000000000455e+03,2.734724502861731743e-01,0.000000000000000000e+00,6.515862401173078133e-03,1.089213771000406799e-08,0.000000000000000000e+00,1.089213771000406799e-08,1.089213770891452058e-08,6.514692283270086086e-03,2.734724502861730078e-01,2.834342218324651377e-06,0.000000000000000000e+00,4.543717832539151402e-14
4.000000000000000000e+00,3.920000000000000455e+03,2.734725041873798945e-01,0.000000000000000000e+00,6.515916302379798353e-03,1.066845675239199539e-08,0.000000000000000000e+00,1.066845675239199539e-08,1.066845675098881748e-08,6.514746184756235563e-03,2.734725041873796170e-01,2.834342776971292117e-06,0.000000000000000000e+00,4.543717832539151402e-14
4.000000000000000000e+00,3.925000000000000455e+03,2.734725569724105743e-01,0.000000000000000000e+00,6.515969087410478089e-03,1.044569180103038652e-08,0.000000000000000000e+00,1.044569180103038652e-08,1.044569179918065351e-08,6.514798970127610653e-03,2.734725569724108518e-01,2.834343324049585039e-06,0.000000000000000000e+00,4.543717832539151402e-14
4.000000000000000000e+00,3.930000000000000455e+03,2.734726086461150563e-01,0.000000000000000000e+00,6.516020761114960091e-03,1.022396819400925944e-08,0.000000000000000000e+00,1.022396819400925944e-08,1.022396819312059781e-08,6.514850644277591328e-03,2.734726086461149452e-01,2.834343859609789266e-06,0.000000000000000000e+00,4.543717832539151402e-14
4.000000000000000000e+00,3.935000000000000455e+03,2.734726592142029400e-01,0.000000000000000000e+00,6.516071329202843820e-03,1.000347888996639754e-08,0.000000000000000000e+00,1.000347888996639754e-08,1.000347888848586005e-08,6.514901212895296036e-03,2.734726592142028845e-01,2.834344383711090802e-06,0.000000000000000000e+00,4.543717832539151402e-14
4.000000000000000000e+00,3.940000000000000455e+03,2.734727086834687904e-01,0.000000000000000000e+00,6.516120798468694186e-03,9.784446079591626276e-09,0.000000000000000000e+00,9.784446079591626276e-09,9.784446078423155906e-09,6.514950682707712666e-03,2.734727086834686793e-01,2.834344896423899683e-06,0.000000000000000000e+00,4.543717832539151402e-14
4.000000000000000000e+00,3.945000000000000455e+03,2.734727570618054604e-01,0.000000000000000000e+00,6.516169176805364227e-03,9.567029794186526819e-09,0.000000000000000000e+00,9.567029794186526819e-09,9.567029792589560348e-09,6.514999061397390261e-03,2.734727570618053494e-01,2.834345397830026164e-06,0.000000000000000000e+00,4.543717832539151402e-14
4.000000000000000000e+00,3.950000000000000455e+03,2.734728043583279922e-01,0.000000000000000000e+00,6.516216473327895997e-03,9.351986736462714351e-09,0.000000000000000000e+00,9.351986736462714351e-09,9.351986735091980124e-09,6.515046358938709516e-03,2.734728043583281587e-01,2.834345888023941947e-06,0.000000000000000000e+00,4.543717832539151402e-14
4.000000000000000000e+00,3.955000000000000455e+03,2.734728505833449175e-01,0.000000000000000000e+00,6.516262698344821302e-03,9.138704064573440848e-09,0.000000000000000000e+00,9.138704064573440848e-09,9.138704063868315698e-09,6.515092585665707009e-03,2.734728505833447509e-01,2.834346367112482027e-06,0.000000000000000000e+00,4.543717832539151402e-14
4.000000000000000000e+00,3.960000000000000455e+03,2.734728957484449108e-01,0.000000000000000000e+00,6.516307863444814608e-03,8.927719261861139288e-09,0.000000000000000000e+00,8.927719261861139288e-09,8.927719260630459973e-09,6.515137751724017941e-03,2.734728957484449108e-01,2.834346835215756523e-06,0.000000000000000000e+00,4.543717832539151402e-14
4.000000000000000000e+00,3.965000000000000455e+03,2.734729398664271782e-01,0.000000000000000000e+00,6.516351981427082052e-03,8.719692545497540215e-09,0.000000000000000000e+00,8.719692545497540215e-09,8.719692543747396438e-09,6.515181870253529059e-03,2.734729398664272337e-01,2.834347292466421382e-06,0.000000000000000000e+00,4.543717832539151402e-14
4.000000000000000000e+00,3.970000000000000455e+03,2.734729829513692367e-01,0.000000000000000000e+00,6.516395066369140565e-03,8.514793840112837634e-09,0.000000000000000000e+00,8.514793840112837634e-09,8.514793838660419321e-09,6.515224956469485226e-03,2.734729829513692367e-01,2.834347739010379300e-06,0.000000000000000000e+00,4.543717832539151402e-14
4.000000000000000000e+00,3.975000000000000455e+03,2.734730250184349565e-01,0.000000000000000000e+00,6.516437133434860307e-03,8.312700620365964471e-09,0.000000000000000000e+00,8.312700620365964471e-09,8.312700619258200886e-09,6.515267025205630051e-03,2.734730250184349565e-01,2.834348175004791734e-06,0.000000000000000000e+00,4.543717832539151402e-14
4.000000000000000000e+00,3.980000000000000455e+03,2.734730660837960126e-01,0.000000000000000000e+00,6.516478198795916388e-03,8.113959983985695214e-09,0.000000000000000000e+00,8.113959983985695214e-09,8.113959983068628193e-09,6.515308091857135650e-03,2.734730660837960126e-01,2.834348600617268718e-06,0.000000000000000000e+00,4.543717832539151402e-14
4.000000000000000000e+00,3.985000000000000455e+03,2.734731061645686023e-01,0.000000000000000000e+00,6.516518279568506156e-03,7.918984436059591785e-09,0.000000000000000000e+00,7.918984436059591785e-09,7.918984434452118466e-09,6.515348174218179612e-03,2.734731061645688244e-01,2.834349016025201820e-06,0.000000000000000000e+00,4.543717832539151402e-14
4.000000000000000000e+00,3.990000000000000455e+03,2.734731452787395600e-01,0.000000000000000000e+00,6.516557393739463855e-03,7.727409719238707517e-09,0.000000000000000000e+00,7.727409719238707517e-09,7.727409717980024829e-09,6.515387290203560923e-03,2.734731452787398376e-01,2.834349421415017910e-06,0.000000000000000000e+00,4.543717832539151402e-14
4.000000000000000000e+00,3.995000000000000455e+03,2.734731834450477850e-01,0.000000000000000000e+00,6.516595560047688807e-03,7.539646355102780201e-09,0.000000000000000000e+00,7.539646355102780201e-09,7.539646353788891479e-09,6.515425457843740387e-03,2.734731834450475074e-01,2.834349816980929785e-06,0.000000000000000000e+00,4.543717832539151402e-14
4.000000000000000000e+00,4.000000000000000455e+03,2.734732206828459633e-01,0.000000000000000000e+00,6.516632797845867131e-03,7.356072811866856190e-09,0.000000000000000000e+00,7.356072811866856190e-09,7.356072810264300460e-09,6.515462697141650474e-03,2.734732206828457968e-01,2.834350202923510610e-06,0.000000000000000000e+00,4.543717832539151402e-14
4.000000000000000000e+00,4.005000000000000455e+03,2.734732570120060324e-01,0.000000000000000000e+00,6.516669127005936257e-03,7.176399170271701924e-09,0.000000000000000000e+00,7.176399170271701924e-09,7.176399168788815240e-09,6.515499028321597788e-03,2.734732570120057549e-01,2.834350579448721529e-06,0.000000000000000000e+00,4.543717832539151402e-14
4.000000000000000000e+00,4.010000000000000455e+03,2.734732924528133213e-01,0.000000000000000000e+00,6.516704567813225157e-03,7.000710469372216379e-09,0.000000000000000000e+00,7.000710469372216379e-09,7.000710467910153140e-09,6.515534471095689277e-03,2.734732924528133213e-01,2.834350946766803319e-06,0.000000000000000000e+00,4.543717832539151402e-14
4.000000000000000000e+00,4.015000000000000455e+03,2.734733270258664639e-01,0.000000000000000000e+00,6.516739140866367741e-03,6.829213076298575110e-09,0.000000000000000000e+00,6.829213076298575110e-09,6.829213074895503910e-09,6.515569045904546358e-03,2.734733270258664084e-01,2.834351305091248518e-06,0.000000000000000000e+00,4.543717832539151402e-14
4.000000000000000000e+00,4.020000000000000455e+03,2.734733607519799214e-01,0.000000000000000000e+00,6.516772866979825274e-03,6.661915016829514559e-09,0.000000000000000000e+00,6.661915016829514559e-09,6.661915015798485210e-09,6.515602773724773165e-03,2.734733607519798104e-01,2.834351654637785829e-06,0.000000000000000000e+00,4.543717832539151402e-14
4.000000000000000000e+00,4.025000000000000455e+03,2.734733936520996611e-01,0.000000000000000000e+00,6.516805767099564939e-03,6.498796997411136245e-09,0.000000000000000000e+00,6.498796997411136245e-09,6.498796996227976802e-09,6.515635675504803659e-03,2.734733936520997166e-01,2.834351995623496667e-06,0.000000000000000000e+00,4.543717832539151402e-14
4.000000000000000000e+00,4.030000000000000455e+03,2.734734257471725938e-01,0.000000000000000000e+00,6.516837862172497609e-03,6.339866060446980457e-09,0.000000000000000000e+00,6.339866060446980457e-09,6.339866058930083415e-09,6.515667772162441786e-03,2.734734257471722607e-01,2.834352328265486589e-06,0.000000000000000000e+00,4.543717832539151402e-14
4.000000000000000000e+00,4.035000000000000455e+03,2.734734570580698576e-01,0.000000000000000000e+00,6.516869173069761434e-03,6.185164202087222219e-09,0.000000000000000000e+00,6.185164202087222219e-09,6.185164201120904865e-09,6.515699084738091340e-03,2.734734570580696911e-01,2.834352652780070867e-06,0.000000000000000000e+00,4.543717832539151402e-14
4.000000000000000000e+00,4.040000000000000455e+03,2.734734876056008623e-01,0.000000000000000000e+00,6.516899720600766166e-03,6.034577325649738413e-09,0.000000000000000000e+00,6.034577325649738413e-09,6.034577324688380834e-09,6.515729634091906204e-03,2.734734876056011399e-01,2.834352969382921032e-06,0.000000000000000000e+00,4.543717832539151402e-14
4.000000000000000000e+00,4.045000000000000455e+03,2.734735174104229172e-01,0.000000000000000000e+00,6.516929525422821001e-03,5.888075162166848570e-09,0.000000000000000000e+00,5.888075162166848570e-09,5.888075161012087892e-09,6.515759440723120632e-03,2.734735174104228617e-01,2.834353278288133131e-06,0.000000000000000000e+00,4.543717832539151402e-14
4.000000000000000000e+00,4.050000000000000455e+03,2.734735464929327065e-01,0.000000000000000000e+00,6.516958607932610281e-03,5.745641285140392257e-09,0.000000000000000000e+00,5.745641285140392257e-09,5.745641284104385762e-09,6.515788525014233265e-03,2.734735464929330395e-01,2.834353579707106259e-06,0.000000000000000000e+00,4.543717832539151402e-14
4.000000000000000000e+00,4.055000000000000455e+03,2.734735748732030070e-01,0.000000000000000000e+00,6.516986988202910780e-03,5.607156685874711154e-09,0.000000000000000000e+00,5.607156685874711154e-09,5.607156684069582201e-09,6.515816907009153343e-03,2.734735748732027294e-01,2.834353873847880602e-06,0.000000000000000000e+00,4.543717832539151402e-14
4.000000000000000000e+00,4.060000000000000455e+03,2.734736025710492457e-01,0.000000000000000000e+00,6.517014686049149574e-03,5.472634054441143049e-09,0.000000000000000000e+00,5.472634054441143049e-09,5.472634052926665510e-09,6.515844606485995776e-03,2.734736025710494123e-01,2.834354160915826496e-06,0.000000000000000000e+00,4.543717832539151402e-14
4.000000000000000000e+00,4.065000000000000455e+03,2.734736296059389615e-01,0.000000000000000000e+00,6.517041720938865357e-03,5.342009400708310268e-09,0.000000000000000000e+00,5.342009400708310268e-09,5.342009399653263731e-09,6.515871643094627366e-03,2.734736296059387395e-01,2.834354441112714391e-06,0.000000000000000000e+00,4.543717832539151402e-14
4.000000000000000000e+00,4.070000000000000455e+03,2.734736559969470626e-01,0.000000000000000000e+00,6.517068111946966447e-03,5.215038342228471578e-09,0.000000000000000000e+00,5.215038342228471578e-09,5.215038341141048364e-09,6.515898035713979519e-03,2.734736559969469516e-01,2.834354714636237965e-06,0.000000000000000000e+00,4.543717832539151402e-14
4.000000000000000000e+00,4.075000000000000455e+03,2.734736817627456129e-01,0.000000000000000000e+00,6.517093877745516739e-03,5.091887154988849320e-09,0.000000000000000000e+00,5.091887154988849320e-09,5.091887154109239519e-09,6.515923803027717960e-03,2.734736817627456129e-01,2.834354981679923917e-06,0.000000000000000000e+00,4.543717832539151402e-14
4.000000000000000000e+00,4.080000000000000455e+03,2.734737069215907868e-01,0.000000000000000000e+00,6.517119036590690584e-03,4.972241089000860824e-09,0.000000000000000000e+00,4.972241089000860824e-09,4.972241087397040334e-09,6.515948963348320959e-03,2.734737069215906757e-01,2.834355242432976537e-06,0.000000000000000000e+00,4.543717832539151402e-14
4.000000000000000000e+00,4.085000000000000455e+03,2.734737314912942252e-01,0.000000000000000000e+00,6.517143606294129032e-03,4.856186991296866989e-09,0.000000000000000000e+00,4.856186991296866989e-09,4.856186989898576894e-09,6.515973534418514207e-03,2.734737314912940032e-01,2.834355497080010892e-06,0.000000000000000000e+00,4.543717832539151402e-14
4.000000000000000000e+00,4.090000000000000455e+03,2.734737554892202049e-01,0.000000000000000000e+00,6.517167604220108768e-03,4.743558731560212804e-09,0.000000000000000000e+00,4.743558731560212804e-09,4.743558730067766393e-09,6.515997533782814759e-03,2.734737554892200939e-01,2.834355745800986754e-06,0.000000000000000000e+00,4.543717832539151402e-14
4.000000000000000000e+00,4.095000000000000455e+03,2.734737789322879142e-01,0.000000000000000000e+00,6.517191047287818062e-03,4.634216270607717477e-09,0.000000000000000000e+00,4.634216270607717477e-09,4.634216269206908616e-09,6.516020978220312884e-03,2.734737789322880253e-01,2.834355988771260697e-06,0.000000000000000000e+00,4.543717832539151402e-14
4.000000000000000000e+00,4.100000000000000000e+03,2.734738018369601287e-01,0.000000000000000000e+00,6.517213951960032503e-03,4.528179319407946140e-09,0.000000000000000000e+00,4.528179319407946140e-09,4.528179318031955179e-09,6.516043884209280455e-03,2.734738018369601287e-01,2.834356226161461154e-06,0.000000000000000000e+00,4.543717832539151402e-14
4.000000000000000000e+00,4.105000000000000000e+03,2.734738242192240043e-01,0.000000000000000000e+00,6.517236334223908134e-03,4.425266871038291453e-09,0.000000000000000000e+00,4.425266871038291453e-09,4.425266869519624244e-09,6.516066267824749403e-03,2.734738242192238378e-01,2.834356458137278781e-06,0.000000000000000000e+00,4.543717832539151402e-14
4.000000000000000000e+00,4.110000000000000000e+03,2.734738460946039562e-01,0.000000000000000000e+00,6.517258209603860042e-03,4.325404083078177238e-09,0.000000000000000000e+00,4.325404083078177238e-09,4.325404081827502485e-09,6.516088144502127887e-03,2.734738460946037342e-01,2.834356684859614687e-06,0.000000000000000000e+00,4.543717832539151402e-14
4.000000000000000000e+00,4.115000000000000000e+03,2.734738674782269396e-01,0.000000000000000000e+00,6.517279593226843470e-03,4.228321522072833017e-09,0.000000000000000000e+00,4.228321522072833017e-09,4.228321520732909612e-09,6.516109528816134075e-03,2.734738674782264400e-01,2.834356906485248741e-06,0.000000000000000000e+00,4.543717832539151402e-14
4.000000000000000000e+00,4.120000000000000000e+03,2.734738883846543622e-01,0.000000000000000000e+00,6.517300499654266055e-03,4.134571315702010699e-09,0.000000000000000000e+00,4.134571315702010699e-09,4.134571314117406442e-09,6.516130436048221154e-03,2.734738883846544732e-01,2.834357123165101462e-06,0.000000000000000000e+00,4.543717832539151402e-14
4.000000000000000000e+00,4.125000000000000000e+03,2.734739088280905284e-01,0.000000000000000000e+00,6.517320943090432195e-03,4.043297914709440199e-09,0.000000000000000000e+00,4.043297914709440199e-09,4.043297913882946146e-09,6.516150880721291103e-03,2.734739088280906394e-01,2.834357335046390139e-06,0.000000000000000000e+00,4.543717832539151402e-14
4.000000000000000000e+00,4.130000000000000000e+03,2.734739288223174691e-01,0.000000000000000000e+00,6.517340937317372962e-03,3.954832282888560508e-09,0.000000000000000000e+00,3.954832282888560508e-09,3.954832281341209984e-09,6.516170876046779338e-03,2.734739288223177467e-01,2.834357542271949094e-06,0.000000000000000000e+00,4.543717832539151402e-14
4.000000000000000000e+00,4.135000000000000000e+03,2.734739483806916116e-01,0.000000000000000000e+00,6.517360495691515432e-03,3.868886442174161655e-09,0.000000000000000000e+00,3.868886442174161655e-09,3.868886441118041437e-09,6.516190435343585663e-03,2.734739483806915561e-01,2.834357744980208919e-06,0.000000000000000000e+00,4.543717832539151402e-14
4.000000000000000000e+00,4.140000000000000000e+03,2.734739675161614869e-01,0.000000000000000000e+00,6.517379631161390741e-03,3.785478856415139773e-09,0.000000000000000000e+00,3.785478856415139773e-09,3.785478854737111257e-09,6.516209571256825067e-03,2.734739675161614869e-01,2.834357943305380715e-06,0.000000000000000000e+00,4.543717832539151402e-14
4.000000000000000000e+00,4.145000000000000000e+03,2.734739862411444400e-01,0.000000000000000000e+00,6.517398356144343818e-03,3.704819360104697569e-09,0.000000000000000000e+00,3.704819360104697569e-09,3.704819358740641584e-09,6.516228297002359116e-03,2.734739862411446065e-01,2.834358137376150387e-06,0.000000000000000000e+00,4.543717832539151402e-14
4.000000000000000000e+00,4.150000000000000000e+03,2.734740045675435050e-01,0.000000000000000000e+00,6.517416682543408779e-03,3.626186007115799954e-09,0.000000000000000000e+00,3.626186007115799954e-09,3.626186005897742174e-09,6.516246624515770539e-03,2.734740045675435050e-01,2.834358327315893364e-06,0.000000000000000000e+00,4.543717832539151402e-14
4.000000000000000000e+00,4.155000000000000000e+03,2.734740225070930730e-01,0.000000000000000000e+00,6.517434622092976859e-03,3.549971992437279681e-09,0.000000000000000000e+00,3.549971992437279681e-09,3.549971990636089761e-09,6.516264564910762176e-03,2.734740225070930175e-01,2.834358513246223249e-06,0.000000000000000000e+00,4.543717832539151402e-14
4.000000000000000000e+00,4.160000000000000000e+03,2.734740400711461739e-01,0.000000000000000000e+00,6.517452186146077686e-03,3.476007430280840434e-09,0.000000000000000000e+00,3.476007430280840434e-09,3.476007428848786067e-09,6.516282129859310782e-03,2.734740400711461183e-01,2.834358695284806472e-06,0.000000000000000000e+00,4.543717832539151402e-14
4.000000000000000000e+00,4.165000000000000000e+03,2.734740572706391148e-01,0.000000000000000000e+00,6.517469385639018675e-03,3.404142876906165219e-09,0.000000000000000000e+00,3.404142876906165219e-09,3.404142875481942597e-09,6.516299330235071630e-03,2.734740572706389483e-01,2.834358873544988322e-06,0.000000000000000000e+00,4.543717832539151402e-14
4.000000000000000000e+00,4.170000000000000000e+03,2.734740741161214017e-01,0.000000000000000000e+00,6.517486231121305540e-03,3.334391809633012325e-09,0.000000000000000000e+00,3.334391809633012325e-09,3.334391808123487530e-09,6.516316176571780930e-03,2.734740741161215127e-01,2.834359048136108472e-06,0.000000000000000000e+00,4.543717832539151402e-14
4.000000000000000000e+00,4.175000000000000000e+03,2.734740906177761666e-01,0.000000000000000000e+00,6.517502732776070395e-03,3.266598103989729583e-09,0.000000000000000000e+00,3.266598103989729583e-09,3.266598103032477714e-09,6.516332679046558246e-03,2.734740906177758335e-01,2.834359219163710190e-06,0.000000000000000000e+00,4.543717832539151402e-14
4.000000000000000000e+00,4.180000000000000000e+03,2.734741067854569163e-01,0.000000000000000000e+00,6.517518900456820141e-03,3.200778478487227317e-09,0.000000000000000000e+00,3.200778478487227317e-09,3.200778477335337369e-09,6.516348847488009390e-03,2.734741067854568608e-01,2.834359386729912193e-06,0.000000000000000000e+00,4.543717832539151402e-14
4.000000000000000000e+00,4.185000000000000000e+03,2.734741226286978022e-01,0.000000000000000000e+00,6.517534743697706023e-03,3.136779026106022057e-09,0.000000000000000000e+00,3.136779026106022057e-09,3.136779024731904247e-09,6.516364691381764523e-03,2.734741226286976357e-01,2.834359550933532308e-06,0.000000000000000000e+00,4.543717832539151402e-14
4.000000000000000000e+00,4.190000000000000000e+03,2.734741381567270535e-01,0.000000000000000000e+00,6.517550271726957334e-03,3.074717786480668045e-09,0.000000000000000000e+00,3.074717786480668045e-09,3.074717784933795632e-09,6.516380220123788557e-03,2.734741381567269980e-01,2.834359711870216650e-06,0.000000000000000000e+00,4.543717832539151402e-14
4.000000000000000000e+00,4.195000000000000000e+03,2.734741533784471601e-01,0.000000000000000000e+00,6.517565493447063929e-03,3.014287452043176597e-09,0.000000000000000000e+00,3.014287452043176597e-09,3.014287450536588293e-09,6.516395442636877151e-03,2.734741533784471601e-01,2.834359869632227011e-06,0.000000000000000000e+00,4.543717832539151402e-14
4.000000000000000000e+00,4.200000000000000000e+03,2.734741683024486947e-01,0.000000000000000000e+00,6.517580417448598507e-03,2.955598567408213648e-09,0.000000000000000000e+00,2.955598567408213648e-09,2.955598565818216587e-09,6.516410367351918240e-03,2.734741683024489722e-01,2.834360024308605189e-06,0.000000000000000000e+00,4.543717832539151402e-14
4.000000000000000000e+00,4.205000000000000000e+03,2.734741829370463395e-01,0.000000000000000000e+00,6.517595052046243342e-03,2.898535045435991550e-09,0.000000000000000000e+00,2.898535045435991550e-09,2.898535044133477803e-09,6.516425002685942783e-03,2.734741829370463395e-01,2.834360175985521540e-06,0.000000000000000000e+00,4.543717832539151402e-14
4.000000000000000000e+00,4.210000000000000000e+03,2.734741972902923757e-01,0.000000000000000000e+00,6.517609405292279501e-03,2.843023269732713810e-09,0.000000000000000000e+00,2.843023269732713810e-09,2.843023268300774834e-09,6.516439356581723956e-03,2.734741972902926532e-01,2.834360324746433373e-06,0.000000000000000000e+00,4.543717832539151402e-14
4.000000000000000000e+00,4.215000000000000000e+03,2.734742113699524246e-01,0.000000000000000000e+00,6.517623484952328461e-03,2.789063403436106746e-09,0.000000000000000000e+00,2.789063403436106746e-09,2.789063401840699097e-09,6.516453436798399709e-03,2.734742113699523691e-01,2.834360470671824488e-06,0.000000000000000000e+00,4.543717832539151402e-14
4.000000000000000000e+00,4.220000000000000000e+03,2.734742251835116655e-01,0.000000000000000000e+00,6.517637298511569366e-03,2.736586010720404590e-09,0.000000000000000000e+00,2.736586010720404590e-09,2.736586009543389030e-09,6.516467250921927946e-03,2.734742251835118321e-01,2.834360613839278444e-06,0.000000000000000000e+00,4.543717832539151402e-14
4.000000000000000000e+00,4.225000000000000000e+03,2.734742387382086415e-01,0.000000000000000000e+00,6.517650853208545314e-03,2.685539689861534802e-09,0.000000000000000000e+00,2.685539689861534802e-09,2.685539688929424674e-09,6.516480806236174018e-03,2.734742387382085305e-01,2.834360754323813985e-06,0.000000000000000000e+00,4.543717832539151402e-14
4.000000000000000000e+00,4.230000000000000000e+03,2.734742520410530786e-01,0.000000000000000000e+00,6.517664156052982438e-03,2.635849778435444951e-09,0.000000000000000000e+00,2.635849778435444951e-09,2.635849776877673192e-09,6.516494109709838715e-03,2.734742520410530786e-01,2.834360892198081550e-06,0.000000000000000000e+00,4.543717832539151402e-14
4.000000000000000000e+00,4.235000000000000000e+03,2.734742650988398749e-01,0.000000000000000000e+00,6.517677213839778716e-03,2.587495490783832603e-09,0.000000000000000000e+00,2.587495490783832603e-09,2.587495489722789006e-09,6.516507168073005542e-03,2.734742650988399859e-01,2.834361027532504729e-06,0.000000000000000000e+00,4.543717832539151402e-14
4.000000000000000000e+00,4.240000000000000000e+03,2.734742779181119632e-01,0.000000000000000000e+00,6.517690033111867010e-03,2.540437138443055056e-09,0.000000000000000000e+00,2.540437138443055056e-09,2.540437136959927662e-09,6.516519987904571647e-03,2.734742779181121852e-01,2.834361160394896980e-06,0.000000000000000000e+00,4.543717832539151402e-14
4.000000000000000000e+00,4.245000000000000000e+03,2.734742905052168771e-01,0.000000000000000000e+00,6.517702620216780929e-03,2.494603637928383780e-09,0.000000000000000000e+00,2.494603637928383780e-09,2.494603636842665799e-09,6.516532575506506393e-03,2.734742905052168216e-01,2.834361290851046505e-06,0.000000000000000000e+00,4.543717832539151402e-14
4.000000000000000000e+00,4.250000000000000000e+03,2.734743028662459663e-01,0.000000000000000000e+00,6.517714981245870121e-03,2.449999624031715508e-09,0.000000000000000000e+00,2.449999624031715508e-09,2.449999622675517739e-09,6.516544937014655085e-03,2.734743028662460218e-01,2.834361418964085210e-06,0.000000000000000000e+00,4.543717832539151402e-14
4.000000000000000000e+00,4.255000000000000000e+03,2.734743150071010653e-01,0.000000000000000000e+00,6.517727122100969162e-03,2.406570614226952406e-09,0.000000000000000000e+00,2.406570614226952406e-09,2.406570612609838297e-09,6.516557078440243095e-03,2.734743150071010098e-01,2.834361544795179039e-06,0.000000000000000000e+00,4.543717832539151402e-14
4.000000000000000000e+00,4.260000000000000000e+03,2.734743269335229154e-01,0.000000000000000000e+00,6.517739048522819267e-03,2.364246789189205783e-09,0.000000000000000000e+00,2.364246789189205783e-09,2.364246787827776510e-09,6.516569005483744369e-03,2.734743269335226379e-01,2.834361668403832903e-06,0.000000000000000000e+00,4.543717832539151402e-14
4.000000000000000000e+00,4.265000000000000000e+03,2.734743386510649632e-01,0.000000000000000000e+00,6.517750766064867030e-03,2.322998056530715986e-09,0.000000000000000000e+00,2.322998056530715986e-09,2.322998055316237416e-09,6.516580723595852623e-03,2.734743386510651852e-01,2.834361789847597609e-06,0.000000000000000000e+00,4.543717832539151402e-14
4.000000000000000000e+00,4.270000000000000000e+03,2.734743501650952480e-01,0.000000000000000000e+00,6.517762280095151795e-03,2.282821899682193867e-09,0.000000000000000000e+00,2.282821899682193867e-09,2.282821898289154300e-09,6.516592238145736508e-03,2.734743501650951925e-01,2.834361909182115174e-06,0.000000000000000000e+00,4.543717832539151402e-14
4.000000000000000000e+00,4.275000000000000000e+03,2.734743614808252676e-01,0.000000000000000000e+00,6.517773595825171462e-03,2.243682756548308626e-09,0.000000000000000000e+00,2.243682756548308626e-09,2.243682755721898532e-09,6.516603554407371726e-03,2.734743614808256007e-01,2.834362026461389879e-06,0.000000000000000000e+00,4.543717832539151402e-14
4.000000000000000000e+00,4.280000000000000000e+03,2.734743726033054823e-01,0.000000000000000000e+00,6.517784718305386082e-03,2.205498012722587966e-09,0.000000000000000000e+00,2.205498012722587966e-09,2.205498011597072258e-09,6.516614677359289752e-03,2.734743726033053712e-01,2.834362141737773864e-06,0.000000000000000000e+00,4.543717832539151402e-14
4.000000000000000000e+00,4.285000000000000000e+03,2.734743835373596998e-01,0.000000000000000000e+00,6.517795652359603675e-03,2.168266459226222528e-09,0.000000000000000000e+00,2.168266459226222528e-09,2.168266457702656342e-09,6.516625611770463129e-03,2.734743835373595333e-01,2.834362255061264098e-06,0.000000000000000000e+00,4.543717832539151402e-14
4.000000000000000000e+00,4.290000000000000000e+03,2.734743942876710632e-01,0.000000000000000000e+00,6.517806402670967003e-03,2.131973372786291253e-09,0.000000000000000000e+00,2.131973372786291253e-09,2.131973371780307693e-09,6.516636362370036885e-03,2.734743942876708966e-01,2.834362366480385826e-06,0.000000000000000000e+00,4.543717832539151402e-14
4.000000000000000000e+00,4.295000000000000000e+03,2.734744048588026444e-01,0.000000000000000000e+00,6.517816973802548208e-03,2.096605262729154052e-09,0.000000000000000000e+00,2.096605262729154052e-09,2.096605261321722784e-09,6.516646933816619587e-03,2.734744048588023113e-01,2.834362476042443721e-06,0.000000000000000000e+00,4.543717832539151402e-14
4.000000000000000000e+00,4.300000000000000000e+03,2.734744152551327745e-01,0.000000000000000000e+00,6.517827370132678322e-03,2.062087430818700551e-09,0.000000000000000000e+00,2.062087430818700551e-09,2.062087429585864362e-09,6.516657330548346859e-03,2.734744152551329965e-01,2.834362583792817151e-06,0.000000000000000000e+00,4.543717832539151402e-14
4.000000000000000000e+00,4.305000000000000000e+03,2.734744254809236552e-01,0.000000000000000000e+00,6.517837595923559046e-03,2.028385114916968558e-09,0.000000000000000000e+00,2.028385114916968558e-09,2.028385113690732443e-09,6.516667556729705164e-03,2.734744254809235442e-01,2.834362689775665330e-06,0.000000000000000000e+00,4.543717832539151402e-14
4.000000000000000000e+00,4.310000000000000000e+03,2.734744355403136984e-01,0.000000000000000000e+00,6.517847655313602218e-03,1.995484691190955440e-09,0.000000000000000000e+00,1.995484691190955440e-09,1.995484689975842837e-09,6.516677616404214363e-03,2.734744355403136429e-01,2.834362794033899795e-06,0.000000000000000000e+00,4.543717832539151402e-14
4.000000000000000000e+00,4.315000000000000000e+03,2.734744454373014833e-01,0.000000000000000000e+00,6.517857552301387081e-03,1.963404783905091399e-09,0.000000000000000000e+00,1.963404783905091399e-09,1.963404782222925325e-09,6.516687513627894730e-03,2.734744454373014277e-01,2.834362896608947656e-06,0.000000000000000000e+00,4.543717832539151402e-14
4.000000000000000000e+00,4.320000000000000000e+03,2.734744551757657405e-01,0.000000000000000000e+00,6.517867290765644306e-03,1.932104214354761317e-09,0.000000000000000000e+00,1.932104214354761317e-09,1.932104213169768427e-09,6.516697252400382827e-03,2.734744551757656295e-01,2.834362997541018415e-06,0.000000000000000000e+00,4.543717832539151402e-14
4.000000000000000000e+00,4.325000000000000000e+03,2.734744647594667954e-01,0.000000000000000000e+00,6.517876874466699277e-03,1.901514828409780212e-09,0.000000000000000000e+00,1.901514828409780212e-09,1.901514826796866112e-09,6.516706836447982640e-03,2.734744647594667954e-01,2.834363096869080670e-06,0.000000000000000000e+00,4.543717832539151402e-14
4.000000000000000000e+00,4.330000000000000000e+03,2.734744741920489552e-01,0.000000000000000000e+00,6.517886307048859074e-03,1.871640500056536260e-09,0.000000000000000000e+00,1.871640500056536260e-09,1.871640498306833784e-09,6.516716269336295976e-03,2.734744741920488997e-01,2.834363194630906161e-06,0.000000000000000000e+00,4.543717832539151402e-14
4.000000000000000000e+00,4.335000000000000000e+03,2.734744834770450606e-01,0.000000000000000000e+00,6.517895592044964381e-03,1.842463014744452428e-09,0.000000000000000000e+00,1.842463014744452428e-09,1.842463013337232711e-09,6.516725554595074847e-03,2.734744834770452826e-01,2.834363290863110427e-06,0.000000000000000000e+00,4.543717832539151402e-14
4.000000000000000000e+00,4.340000000000000000e+03,2.734744926178768742e-01,0.000000000000000000e+00,6.517904732876778073e-03,1.813969056423572376e-09,0.000000000000000000e+00,1.813969056423572376e-09,1.813969054922749315e-09,6.516734695675245430e-03,2.734744926178767077e-01,2.834363385601156198e-06,0.000000000000000000e+00,4.543717832539151402e-14
4.000000000000000000e+00,4.345000000000000000e+03,2.734745016178632970e-01,0.000000000000000000e+00,6.517913732863200860e-03,1.786133238084758699e-09,0.000000000000000000e+00,1.786133238084758699e-09,1.786133236857441460e-09,6.516743695930975362e-03,2.734745016178635746e-01,2.834363478879441481e-06,0.000000000000000000e+00,4.543717832539151402e-14
4.000000000000000000e+00,4.350000000000000000e+03,2.734745104802246973e-01,0.000000000000000000e+00,6.517922595224601157e-03,1.758923748852075264e-09,0.000000000000000000e+00,1.758923748852075264e-09,1.758923747982187316e-09,6.516752558573437291e-03,2.734745104802248639e-01,2.834363570731346150e-06,0.000000000000000000e+00,4.543717832539151402e-14
4.000000000000000000e+00,4.355000000000000000e+03,2.734745192080825227e-01,0.000000000000000000e+00,6.517931323082426509e-03,1.732320419493759964e-09,0.000000000000000000e+00,1.732320419493759964e-09,1.732320417956855698e-09,6.516761286683852260e-03,2.734745192080826892e-01,2.834363661189217548e-06,0.000000000000000000e+00,4.543717832539151402e-14
4.000000000000000000e+00,4.360000000000000000e+03,2.734745278044665162e-01,0.000000000000000000e+00,6.517939919466420040e-03,1.706318517152157132e-09,0.000000000000000000e+00,1.706318517152157132e-09,1.706318516346460261e-09,6.516769883281187288e-03,2.734745278044667383e-01,2.834363750284460267e-06,0.000000000000000000e+00,4.543717832539151402e-14
4.000000000000000000e+00,4.365000000000000000e+03,2.734745362723191020e-01,0.000000000000000000e+00,6.517948387319005832e-03,1.680905872374346412e-09,0.000000000000000000e+00,1.680905872374346412e-09,1.680905871284377757e-09,6.516778351342156737e-03,2.734745362723191575e-01,2.834363838047565800e-06,0.000000000000000000e+00,4.543717832539151402e-14
4.000000000000000000e+00,4.370000000000000000e+03,2.734745446144938308e-01,0.000000000000000000e+00,6.517956729493734613e-03,1.656058744511099511e-09,0.000000000000000000e+00,1.656058744511099511e-09,1.656058743414089894e-09,6.516786693753693488e-03,2.734745446144939418e-01,2.834363924508113383e-06,0.000000000000000000e+00,4.543717832539151402e-14
4.000000000000000000e+00,4.375000000000000000e+03,2.734745528337611531e-01,0.000000000000000000e+00,6.517964948761056920e-03,1.631746512700957947e-09,0.000000000000000000e+00,1.631746512700957947e-09,1.631746511353671807e-09,6.516794913266830448e-03,2.734745528337609310e-01,2.834364009694817435e-06,0.000000000000000000e+00,4.543717832539151402e-14
4.000000000000000000e+00,4.380000000000000000e+03,2.734745609328123050e-01,0.000000000000000000e+00,6.517973047812208875e-03,1.607958642108662299e-09,0.000000000000000000e+00,1.607958642108662299e-09,1.607958641203990580e-09,6.516803012529711475e-03,2.734745609328121385e-01,2.834364093635564821e-06,0.000000000000000000e+00,4.543717832539151402e-14
4.000000000000000000e+00,4.385000000000000000e+03,2.734745689142604186e-01,0.000000000000000000e+00,6.517981029260322412e-03,1.584690487534134833e-09,0.000000000000000000e+00,1.584690487534134833e-09,1.584690486636606025e-09,6.516810994152531615e-03,2.734745689142600855e-01,2.834364176357446195e-06,0.000000000000000000e+00,4.543717832539151402e-14
4.000000000000000000e+00,4.390000000000000000e+03,2.734745767806416872e-01,0.000000000000000000e+00,6.517988895641591007e-03,1.561935902535667182e-09,0.000000000000000000e+00,1.561935902535667182e-09,1.561935901315134892e-09,6.516818860718501423e-03,2.734745767806418537e-01,2.834364257886744989e-06,0.000000000000000000e+00,4.543717832539151402e-14
4.000000000000000000e+00,4.395000000000000000e+03,2.734745845344217496e-01,0.000000000000000000e+00,6.517996649421653466e-03,1.539658503154214183e-09,0.000000000000000000e+00,1.539658503154214183e-09,1.539658501861276499e-09,6.516826614704509385e-03,2.734745845344217496e-01,2.834364338249011530e-06,0.000000000000000000e+00,4.543717832539151402e-14
4.000000000000000000e+00,4.400000000000000000e+03,2.734745921779974109e-01,0.000000000000000000e+00,6.518004292997314764e-03,1.517852245904195323e-09,0.000000000000000000e+00,1.517852245904195323e-09,1.517852244364742100e-09,6.516834258481375187e-03,2.734745921779973554e-01,2.834364417469092258e-06,0.000000000000000000e+00,4.543717832539151402e-14
4.000000000000000000e+00,4.405000000000000000e+03,2.734745997136978080e-01,0.000000000000000000e+00,6.518011828697711785e-03,1.496501347160478555e-09,0.000000000000000000e+00,1.496501347160478555e-09,1.496501345909568470e-09,6.516841794365350188e-03,2.734745997136977524e-01,2.834364495571121259e-06,0.000000000000000000e+00,4.543717832539151402e-14
4.000000000000000000e+00,4.410000000000000000e+03,2.734746071437879067e-01,0.000000000000000000e+00,6.518019258787810521e-03,1.475599853417054682e-09,0.000000000000000000e+00,1.475599853417054682e-09,1.475599852302613681e-09,6.516849224618346398e-03,2.734746071437875736e-01,2.834364572578581252e-06,0.000000000000000000e+00,4.543717832539151402e-14
4.000000000000000000e+00,4.415000000000000000e+03,2.734746144704679471e-01,0.000000000000000000e+00,6.518026585467850964e-03,1.455137696803231579e-09,0.000000000000000000e+00,1.455137696803231579e-09,1.455137695373872166e-09,6.516856551462214993e-03,2.734746144704679471e-01,2.834364648514267587e-06,0.000000000000000000e+00,4.543717832539151402e-14
4.000000000000000000e+00,4.420000000000000000e+03,2.734746216958794940e-01,0.000000000000000000e+00,6.518033810879397816e-03,1.435098941651006150e-09,0.000000000000000000e+00,1.435098941651006150e-09,1.435098939878046043e-09,6.516863777053803590e-03,2.734746216958794385e-01,2.834364723400380573e-06,0.000000000000000000e+00,4.543717832539151402e-14
4.000000000000000000e+00,4.425000000000000000e+03,2.734746288221000521e-01,0.000000000000000000e+00,6.518040937099955912e-03,1.415471933769840268e-09,0.000000000000000000e+00,1.415471933769840268e-09,1.415471932476847783e-09,6.516870903480984599e-03,2.734746288220999411e-01,2.834364797258453060e-06,0.000000000000000000e+00,4.543717832539151402e-14
4.000000000000000000e+00,4.430000000000000000e+03,2.734746358511570552e-01,0.000000000000000000e+00,6.518047966156959028e-03,1.396236932133557813e-09,0.000000000000000000e+00,1.396236932133557813e-09,1.396236930542336318e-09,6.516877932753141998e-03,2.734746358511572217e-01,2.834364870109493581e-06,0.000000000000000000e+00,4.543717832539151402e-14
4.000000000000000000e+00,4.435000000000000000e+03,2.734746427850131556e-01,0.000000000000000000e+00,6.518054900013059427e-03,1.377380034084526444e-09,0.000000000000000000e+00,1.377380034084526444e-09,1.377380032809663069e-09,6.516884866795549965e-03,2.734746427850131556e-01,2.834364941973850410e-06,0.000000000000000000e+00,4.543717832539151402e-14
4.000000000000000000e+00,4.440000000000000000e+03,2.734746496255917036e-01,0.000000000000000000e+00,6.518061740591607478e-03,1.358901579412464921e-09,0.000000000000000000e+00,1.358901579412464921e-09,1.358901577754664900e-09,6.516891707499576636e-03,2.734746496255915371e-01,2.834365012871449995e-06,0.000000000000000000e+00,4.543717832539151402e-14
4.000000000000000000e+00,4.445000000000000000e+03,2.734746563747488812e-01,0.000000000000000000e+00,6.518068489748785055e-03,1.340792173788182625e-09,0.000000000000000000e+00,1.340792173788182625e-09,1.340792172299453978e-09,6.516898456733952009e-03,2.734746563747490478e-01,2.834365082821535233e-06,0.000000000000000000e+00,4.543717832539151402e-14
4.000000000000000000e+00,4.450000000000000000e+03,2.734746630343079521e-01,0.000000000000000000e+00,6.518075149307855920e-03,1.323049428979180584e-09,0.000000000000000000e+00,1.323049428979180584e-09,1.323049427642548738e-09,6.516905116337951345e-03,2.734746630343081741e-01,2.834365151843000463e-06,0.000000000000000000e+00,4.543717832539151402e-14
4.000000000000000000e+00,4.455000000000000000e+03,2.734746696060277316e-01,0.000000000000000000e+00,6.518081721027635389e-03,1.305672102362319208e-09,0.000000000000000000e+00,1.305672102362319208e-09,1.305672101114860948e-09,6.516911688141773830e-03,2.734746696060277316e-01,2.834365219954076375e-06,0.000000000000000000e+00,4.543717832539151402e-14
4.000000000000000000e+00,4.460000000000000000e+03,2.734746760916375585e-01,0.000000000000000000e+00,6.518088206637462356e-03,1.288632282990822205e-09,0.000000000000000000e+00,1.288632282990822205e-09,1.288632281684575598e-09,6.516918173902730774e-03,2.734746760916377251e-01,2.834365287172687881e-06,0.000000000000000000e+00,4.543717832539151402e-14
4.000000000000000000e+00,4.465000000000000000e+03,2.734746824928067643e-01,0.000000000000000000e+00,6.518094607806668161e-03,1.271917828262923339e-09,0.000000000000000000e+00,1.271917828262923339e-09,1.271917826680257373e-09,6.516924575278001779e-03,2.734746824928069309e-01,2.834365353516129699e-06,0.000000000000000000e+00,4.543717832539151402e-14
4.000000000000000000e+00,4.470000000000000000e+03,2.734746888111737051e-01,0.000000000000000000e+00,6.518100926173608922e-03,1.255516318379704728e-09,0.000000000000000000e+00,1.255516318379704728e-09,1.255516317174730877e-09,6.516930893863360705e-03,2.734746888111735941e-01,2.834365419001387805e-06,0.000000000000000000e+00,4.543717832539151402e-14
4.000000000000000000e+00,4.475000000000000000e+03,2.734746950483255556e-01,0.000000000000000000e+00,6.518107163325459474e-03,1.239410418138458541e-09,0.000000000000000000e+00,1.239410418138458541e-09,1.239410416580282498e-09,6.516937131180195603e-03,2.734746950483252781e-01,2.834365483644909883e-06,0.000000000000000000e+00,4.543717832539151402e-14
4.000000000000000000e+00,4.480000000000000000e+03,2.734747012058148519e-01,0.000000000000000000e+00,6.518113320814755696e-03,1.223607843986147979e-09,0.000000000000000000e+00,1.223607843986147979e-09,1.223607842197103759e-09,6.516943288725842581e-03,2.734747012058147408e-01,2.834365547462792526e-06,0.000000000000000000e+00,4.543717832539151402e-14
4.000000000000000000e+00,4.485000000000000000e+03,2.734747072851522742e-01,0.000000000000000000e+00,6.518119400152178056e-03,1.208118392846173210e-09,0.000000000000000000e+00,1.208118392846173210e-09,1.208118391658576563e-09,6.516949368041427375e-03,2.734747072851524408e-01,2.834365610470684667e-06,0.000000000000000000e+00,4.543717832539151402e-14
4.000000000000000000e+00,4.490000000000000000e+03,2.734747132878087572e-01,0.000000000000000000e+00,6.518125402808661040e-03,1.192936718559932410e-09,0.000000000000000000e+00,1.192936718559932410e-09,1.192936717199078441e-09,6.516955370679198764e-03,2.734747132878085352e-01,2.834365672683833745e-06,0.000000000000000000e+00,4.543717832539151402e-14
4.000000000000000000e+00,4.495000000000000000e+03,2.734747192152198747e-01,0.000000000000000000e+00,6.518131330219778530e-03,1.178050076017376633e-09,0.000000000000000000e+00,1.178050076017376633e-09,1.178050074769379671e-09,6.516961298146178687e-03,2.734747192152197082e-01,2.834365734117122553e-06,0.000000000000000000e+00,4.543717832539151402e-14
4.000000000000000000e+00,4.500000000000000000e+03,2.734747250687864506e-01,0.000000000000000000e+00,6.518137183786354427e-03,1.163441409919580199e-09,0.000000000000000000e+00,1.163441409919580199e-09,1.163441408624654593e-09,6.516967151874887912e-03,2.734747250687863396e-01,2.834365794785062883e-06,0.000000000000000000e+00,4.543717832539151402e-14
4.000000000000000000e+00,4.505000000000000000e+03,2.734747308498763907e-01,0.000000000000000000e+00,6.518142964876294521e-03,1.149080844533544236e-09,0.000000000000000000e+00,1.149080844533544236e-09,1.149080843060217485e-09,6.516972933180516583e-03,2.734747308498766682e-01,2.834365854701841690e-06,0.000000000000000000e+00,4.543717832539151402e-14
4.000000000000000000e+00,4.510000000000000000e+03,2.734747365598211855e-01,0.000000000000000000e+00,6.518148674821089283e-03,1.134958975472780519e-09,0.000000000000000000e+00,1.134958975472780519e-09,1.134958973921558790e-09,6.516978643280059089e-03,2.734747365598209634e-01,2.834365913881246553e-06,0.000000000000000000e+00,4.543717832539151402e-14
4.000000000000000000e+00,4.515000000000000000e+03,2.734747421999234041e-01,0.000000000000000000e+00,6.518154314923307879e-03,1.121108573194919053e-09,0.000000000000000000e+00,1.121108573194919053e-09,1.121108572519589776e-09,6.516984283448924893e-03,2.734747421999234596e-01,2.834365972336785529e-06,0.000000000000000000e+00,4.543717832539151402e-14
4.000000000000000000e+00,4.520000000000000000e+03,2.734747477714486452e-01,0.000000000000000000e+00,6.518159886448549045e-03,1.107523308524991568e-09,0.000000000000000000e+00,1.107523308524991568e-09,1.107523307268800968e-09,6.516989855028625100e-03,2.734747477714489228e-01,2.834366030081578736e-06,0.000000000000000000e+00,4.543717832539151402e-14
4.000000000000000000e+00,4.525000000000000000e+03,2.734747532756371946e-01,0.000000000000000000e+00,6.518165390637098433e-03,1.094182826252040749e-09,0.000000000000000000e+00,1.094182826252040749e-09,1.094182824653844674e-09,6.516995359293954217e-03,2.734747532756373056e-01,2.834366087128470157e-06,0.000000000000000000e+00,4.543717832539151402e-14
4.000000000000000000e+00,4.530000000000000000e+03,2.734747587136948099e-01,0.000000000000000000e+00,6.518170828694713759e-03,1.081086655153382576e-09,0.000000000000000000e+00,1.081086655153382576e-09,1.081086654277146844e-09,6.517000797467652033e-03,2.734747587136946989e-01,2.834366143489965388e-06,0.000000000000000000e+00,4.543717832539151402e-14
4.000000000000000000e+00,4.535000000000000000e+03,2.734747640868059326e-01,0.000000000000000000e+00,6.518176201805836456e-03,1.068216945684942353e-09,0.000000000000000000e+00,1.068216945684942353e-09,1.068216944497635012e-09,6.517006170726648631e-03,2.734747640868056551e-01,2.834366199178337934e-06,0.000000000000000000e+00,4.543717832539151402e-14
4.000000000000000000e+00,4.540000000000000000e+03,2.734747693961193660e-01,0.000000000000000000e+00,6.518181511119269800e-03,1.055565037723498593e-09,0.000000000000000000e+00,1.055565037723498593e-09,1.055565036124018527e-09,6.517011480181600716e-03,2.734747693961197545e-01,2.834366254205495386e-06,0.000000000000000000e+00,4.543717832539151402e-14
4.000000000000000000e+00,4.545000000000000000e+03,2.734747746427574344e-01,0.000000000000000000e+00,6.518186757757338246e-03,1.043127906146114748e-09,0.000000000000000000e+00,1.043127906146114748e-09,1.043127904896926853e-09,6.517016726913953117e-03,2.734747746427578230e-01,2.834366308583067930e-06,0.000000000000000000e+00,4.543717832539151402e-14
4.000000000000000000e+00,4.550000000000000000e+03,2.734747798278178710e-01,0.000000000000000000e+00,6.518191942817774809e-03,1.030904706650133296e-09,0.000000000000000000e+00,1.030904706650133296e-09,1.030904705089995180e-09,6.517021911995477847e-03,2.734747798278175379e-01,2.834366362322429947e-06,0.000000000000000000e+00,4.543717832539151402e-14
4.000000000000000000e+00,4.555000000000000000e+03,2.734747849523774255e-01,0.000000000000000000e+00,6.518197067377329290e-03,1.018908404819575342e-09,0.000000000000000000e+00,1.018908404819575342e-09,1.018908403176485487e-09,6.517027036528248198e-03,2.734747849523772034e-01,2.834366415434748720e-06,0.000000000000000000e+00,4.543717832539151402e-14
4.000000000000000000e+00,4.560000000000000000e+03,2.734747900174816504e-01,0.000000000000000000e+00,6.518202132481554223e-03,1.007134644186421470e-09,0.000000000000000000e+00,1.007134644186421470e-09,1.007134642435887264e-09,6.517032101635862780e-03,2.734747900174814839e-01,2.834366467930855682e-06,0.000000000000000000e+00,4.543717832539151402e-14
4.000000000000000000e+00,4.565000000000000000e+03,2.734747950241521175e-01,0.000000000000000000e+00,6.518207139152021323e-03,9.955744608869832076e-10,0.000000000000000000e+00,9.955744608869832076e-10,9.955744594566495826e-10,6.517037108408616983e-03,2.734747950241520065e-01,2.834366519821338746e-06,0.000000000000000000e+00,4.543717832539151402e-14
4.000000000000000000e+00,4.570000000000000000e+03,2.734747999733917467e-01,0.000000000000000000e+00,6.518212088391650560e-03,9.842079406732728865e-10,0.000000000000000000e+00,9.842079406732728865e-10,9.842079389537937288e-10,6.517042057864613075e-03,2.734747999733914692e-01,2.834366571116591852e-06,0.000000000000000000e+00,4.543717832539151402e-14
4.000000000000000000e+00,4.575000000000000000e+03,2.734748048661806985e-01,0.000000000000000000e+00,6.518216981180602332e-03,9.730035506720477947e-10,0.000000000000000000e+00,9.730035506720477947e-10,9.730035494175973765e-10,6.517046950893333988e-03,2.734748048661807540e-01,2.834366621826777279e-06,0.000000000000000000e+00,4.543717832539151402e-14
4.000000000000000000e+00,4.580000000000000000e+03,2.734748097034740977e-01,0.000000000000000000e+00,6.518221818474001505e-03,9.619702210672369939e-10,0.000000000000000000e+00,9.619702210672369939e-10,9.619702195962662601e-10,6.517051788327756640e-03,2.734748097034739867e-01,2.834366671961789218e-06,0.000000000000000000e+00,4.543717832539151402e-14
4.000000000000000000e+00,4.585000000000000000e+03,2.734748144862041985e-01,0.000000000000000000e+00,6.518226601204102355e-03,9.511306318790593757e-10,0.000000000000000000e+00,9.511306318790593757e-10,9.511306307976086127e-10,6.517056571079882406e-03,2.734748144862044761e-01,2.834366721531294857e-06,0.000000000000000000e+00,4.543717832539151402e-14
4.000000000000000000e+00,4.590000000000000000e+03,2.734748192152866575e-01,0.000000000000000000e+00,6.518231330286561320e-03,9.404827775420119443e-10,0.000000000000000000e+00,9.404827775420119443e-10,9.404827755884344694e-10,6.517061300113398750e-03,2.734748192152866575e-01,2.834366770544779693e-06,0.000000000000000000e+00,4.543717832539151402e-14
4.000000000000000000e+00,4.595000000000000000e+03,2.734748238916127616e-01,0.000000000000000000e+00,6.518236006612665445e-03,9.300491046096526965e-10,0.000000000000000000e+00,9.300491046096526965e-10,9.300491034595946429e-10,6.517065976443096355e-03,2.734748238916127616e-01,2.834366819011484434e-06,0.000000000000000000e+00,4.543717832539151402e-14
4.000000000000000000e+00,4.600000000000000000e+03,2.734748285160598091e-01,0.000000000000000000e+00,6.518240631059712964e-03,9.197772856573876317e-10,0.000000000000000000e+00,9.197772856573876317e-10,9.197772844108386495e-10,6.517070601009066107e-03,2.734748285160600312e-01,2.834366866940501553e-06,0.000000000000000000e+00,4.543717832539151402e-14
4.000000000000000000e+00,4.605000000000000000e+03,2.734748330894821722e-01,0.000000000000000000e+00,6.518245204482076005e-03,9.096496912221732325e-10,0.000000000000000000e+00,9.096496912221732325e-10,9.096496898383640708e-10,6.517075174576501470e-03,2.734748330894818946e-01,2.834366914340680427e-06,0.000000000000000000e+00,4.543717832539151402e-14
4.000000000000000000e+00,4.610000000000000000e+03,2.734748376127180136e-01,0.000000000000000000e+00,6.518249727717917441e-03,8.996863864662377591e-10,0.000000000000000000e+00,8.996863864662377591e-10,8.996863846501246740e-10,6.517079697916688258e-03,2.734748376127179026e-01,2.834366961220716698e-06,0.000000000000000000e+00,4.543717832539151402e-14
4.000000000000000000e+00,4.615000000000000000e+03,2.734748420865858454e-01,0.000000000000000000e+00,6.518254201585749197e-03,8.898781205326574055e-10,0.000000000000000000e+00,8.898781205326574055e-10,8.898781187703627589e-10,6.517084171827946214e-03,2.734748420865857343e-01,2.834367007589092129e-06,0.000000000000000000e+00,4.543717832539151402e-14
4.000000000000000000e+00,4.620000000000000000e+03,2.734748465118885807e-01,0.000000000000000000e+00,6.518258626888484564e-03,8.802376630617682685e-10,0.000000000000000000e+00,8.802376630617682685e-10,8.802376617463249641e-10,6.517088597117397936e-03,2.734748465118888583e-01,2.834367053454124160e-06,0.000000000000000000e+00,4.543717832539151402e-14
4.000000000000000000e+00,4.625000000000000000e+03,2.734748508894097596e-01,0.000000000000000000e+00,6.518263004409663441e-03,8.707716259062009529e-10,0.000000000000000000e+00,8.707716259062009529e-10,8.707716247765132559e-10,6.517092974640614246e-03,2.734748508894097041e-01,2.834367098823933720e-06,0.000000000000000000e+00,4.543717832539151402e-14
4.000000000000000000e+00,4.630000000000000000e+03,2.734748552199174898e-01,0.000000000000000000e+00,6.518267334917393629e-03,8.614639601041565166e-10,0.000000000000000000e+00,8.614639601041565166e-10,8.614639583310370744e-10,6.517097305229571994e-03,2.734748552199173788e-01,2.834367143706482495e-06,0.000000000000000000e+00,4.543717832539151402e-14
4.000000000000000000e+00,4.635000000000000000e+03,2.734748595041620600e-01,0.000000000000000000e+00,6.518271619161963848e-03,8.523084973698411694e-10,0.000000000000000000e+00,8.523084973698411694e-10,8.523084959910643678e-10,6.517101589660707385e-03,2.734748595041621710e-01,2.834367188109548788e-06,0.000000000000000000e+00,4.543717832539151402e-14
4.000000000000000000e+00,4.640000000000000000e+03,2.734748637428802143e-01,0.000000000000000000e+00,6.518275857880118096e-03,8.432740500742587677e-10,0.000000000000000000e+00,8.432740500742587677e-10,8.432740487468937227e-10,6.517105828617069524e-03,2.734748637428802143e-01,2.834367232040767331e-06,0.000000000000000000e+00,4.543717832539151402e-14
4.000000000000000000e+00,4.645000000000000000e+03,2.734748679367906554e-01,0.000000000000000000e+00,6.518280051790559249e-03,8.343522788295324450e-10,0.000000000000000000e+00,8.343522788295324450e-10,8.343522782429436209e-10,6.517110022682887256e-03,2.734748679367908775e-01,2.834367275507584815e-06,0.000000000000000000e+00,4.543717832539151402e-14
4.000000000000000000e+00,4.650000000000000000e+03,2.734748720865989302e-01,0.000000000000000000e+00,6.518284201598834038e-03,8.255773541670211215e-10,0.000000000000000000e+00,8.255773541670211215e-10,8.255773534706916931e-10,6.517114172506966244e-03,2.734748720865988192e-01,2.834367318517316638e-06,0.000000000000000000e+00,4.543717832539151402e-14
4.000000000000000000e+00,4.655000000000000000e+03,2.734748761929962635e-01,0.000000000000000000e+00,6.518288307996167319e-03,8.169586910666126893e-10,0.000000000000000000e+00,8.169586910666126893e-10,8.169586895110548796e-10,6.517118278847073599e-03,2.734748761929961525e-01,2.834367361077126159e-06,0.000000000000000000e+00,4.543717832539151402e-14
4.000000000000000000e+00,4.660000000000000000e+03,2.734748802566598358e-01,0.000000000000000000e+00,6.518292371659739626e-03,8.084930735075728368e-10,0.000000000000000000e+00,8.084930735075728368e-10,8.084930721140150414e-10,6.517122342476477925e-03,2.734748802566596693e-01,2.834367403194031046e-06,0.000000000000000000e+00,4.543717832539151402e-14
4.000000000000000000e+00,4.665000000000000000e+03,2.734748842782533940e-01,0.000000000000000000e+00,6.518296393253297794e-03,8.001708185624264471e-10,0.000000000000000000e+00,8.001708185624264471e-10,8.001708173672447605e-10,6.517126364136201049e-03,2.734748842782534495e-01,2.834367444874913441e-06,0.000000000000000000e+00,4.543717832539151402e-14
4.000000000000000000e+00,4.670000000000000000e+03,2.734748882584274732e-01,0.000000000000000000e+00,6.518300373427377004e-03,7.919511338223119736e-10,0.000000000000000000e+00,7.919511338223119736e-10,7.919511325359455153e-10,6.517130344441075807e-03,2.734748882584273622e-01,2.834367486126508527e-06,0.000000000000000000e+00,4.543717832539151402e-14
4.000000000000000000e+00,4.675000000000000000e+03,2.734748921978186198e-01,0.000000000000000000e+00,6.518304312818523627e-03,7.838454737059299487e-10,0.000000000000000000e+00,7.838454737059299487e-10,7.838454721957524048e-10,6.517134283932588326e-03,2.734748921978186198e-01,2.834367526955419773e-06,0.000000000000000000e+00,4.543717832539151402e-14
4.000000000000000000e+00,4.680000000000000000e+03,2.734748960970510012e-01,0.000000000000000000e+00,6.518308212050905048e-03,7.758633768285550058e-10,0.000000000000000000e+00,7.758633768285550058e-10,7.758633754644859925e-10,6.517138183204707058e-03,2.734748960970510012e-01,2.834367567368120205e-06,0.000000000000000000e+00,4.543717832539151402e-14
4.000000000000000000e+00,4.685000000000000000e+03,2.734748999567373495e-01,0.000000000000000000e+00,6.518312071737253355e-03,7.680072781431951082e-10,0.000000000000000000e+00,7.680072781431951082e-10,7.680072766751682068e-10,6.517142042881337444e-03,2.734748999567374050e-01,2.834367607370947323e-06,0.000000000000000000e+00,4.543717832539151402e-14
4.000000000000000000e+00,4.690000000000000000e+03,2.734749037774769631e-01,0.000000000000000000e+00,6.518315892476866935e-03,7.602895689986529063e-10,0.000000000000000000e+00,7.602895689986529063e-10,7.602895680496104950e-10,6.517145863623449026e-03,2.734749037774771852e-01,2.834367646970124701e-06,0.000000000000000000e+00,4.543717832539151402e-14
4.000000000000000000e+00,4.695000000000000000e+03,2.734749075598575940e-01,0.000000000000000000e+00,6.518319674857497859e-03,7.526927105737189161e-10,0.000000000000000000e+00,7.526927105737189161e-10,7.526927090706599851e-10,6.517149646079142301e-03,2.734749075598573165e-01,2.834367686171735307e-06,0.000000000000000000e+00,4.543717832539151402e-14
4.000000000000000000e+00,4.700000000000000000e+03,2.734749113044543378e-01,0.000000000000000000e+00,6.518323419454241652e-03,7.452111912906443067e-10,0.000000000000000000e+00,7.452111912906443067e-10,7.452111897903153820e-10,6.517153390838889386e-03,2.734749113044545044e-01,2.834367724981746487e-06,0.000000000000000000e+00,4.543717832539151402e-14
4.000000000000000000e+00,4.705000000000000000e+03,2.734749150118330752e-01,0.000000000000000000e+00,6.518327126832978990e-03,7.378245938002577963e-10,0.000000000000000000e+00,7.378245938002577963e-10,7.378245920051793971e-10,6.517157098428343585e-03,2.734749150118328531e-01,2.834367763406017170e-06,0.000000000000000000e+00,4.543717832539151402e-14
4.000000000000000000e+00,4.710000000000000000e+03,2.734749186825465306e-01,0.000000000000000000e+00,6.518330797546434408e-03,7.305157049522649290e-10,0.000000000000000000e+00,7.305157049522649290e-10,7.305157034944844172e-10,6.517160769279082416e-03,2.734749186825462530e-01,2.834367801450282614e-06,0.000000000000000000e+00,4.543717832539151402e-14
4.000000000000000000e+00,4.715000000000000000e+03,2.734749223171389354e-01,0.000000000000000000e+00,6.518334432138839230e-03,7.233268858319448657e-10,0.000000000000000000e+00,7.233268858319448657e-10,7.233268847985010805e-10,6.517164403885553244e-03,2.734749223171388799e-01,2.834367839120177284e-06,0.000000000000000000e+00,4.543717832539151402e-14
4.000000000000000000e+00,4.720000000000000000e+03,2.734749259161404766e-01,0.000000000000000000e+00,6.518338031140380462e-03,7.162665621298417310e-10,0.000000000000000000e+00,7.162665621298417310e-10,7.162665610572830563e-10,6.517168002869167844e-03,2.734749259161401436e-01,2.834367876421201810e-06,0.000000000000000000e+00,4.543717832539151402e-14
4.000000000000000000e+00,4.725000000000000000e+03,2.734749294800687403e-01,0.000000000000000000e+00,6.518341595068644079e-03,7.093093243416519094e-10,0.000000000000000000e+00,7.093093243416519094e-10,7.093093228413155400e-10,6.517171566808878033e-03,2.734749294800689623e-01,2.834367913358716218e-06,0.000000000000000000e+00,4.543717832539151402e-14
4.000000000000000000e+00,4.730000000000000000e+03,2.734749330094461972e-01,0.000000000000000000e+00,6.518345124446101035e-03,7.024590142619902105e-10,0.000000000000000000e+00,7.024590142619902105e-10,7.024590129492372076e-10,6.517175096229716955e-03,2.734749330094459752e-01,2.834367949938133895e-06,0.000000000000000000e+00,4.543717832539151402e-14
4.000000000000000000e+00,4.735000000000000000e+03,2.734749365047605685e-01,0.000000000000000000e+00,6.518348619760472307e-03,6.957048329187208489e-10,0.000000000000000000e+00,6.957048329187208489e-10,6.957048313938061518e-10,6.517178591639328014e-03,2.734749365047606795e-01,2.834367986164514168e-06,0.000000000000000000e+00,4.543717832539151402e-14
4.000000000000000000e+00,4.740000000000000000e+03,2.734749399665195591e-01,0.000000000000000000e+00,6.518352081519462882e-03,6.890417892497802123e-10,0.000000000000000000e+00,6.890417892497802123e-10,6.890417877343039562e-10,6.517182053505875781e-03,2.734749399665195035e-01,2.834368022043120078e-06,0.000000000000000000e+00,4.543717832539151402e-14
4.000000000000000000e+00,4.745000000000000000e+03,2.734749433952036179e-01,0.000000000000000000e+00,6.518355510203521774e-03,6.824707478943004463e-10,0.000000000000000000e+00,6.824707478943004463e-10,6.824707462558281200e-10,6.517185482287211028e-03,2.734749433952038955e-01,2.834368057578924131e-06,0.000000000000000000e+00,4.543717832539151402e-14
4.000000000000000000e+00,4.750000000000000000e+03,2.734749467912969134e-01,0.000000000000000000e+00,6.518358906296817246e-03,6.759900081386498572e-10,0.000000000000000000e+00,6.759900081386498572e-10,6.759900064750428208e-10,6.517188878439092448e-03,2.734749467912967469e-01,2.834368092776951349e-06,0.000000000000000000e+00,4.543717832539151402e-14
4.000000000000000000e+00,4.755000000000000000e+03,2.734749501552588002e-01,0.000000000000000000e+00,6.518362270258704072e-03,6.696091807668810007e-10,0.000000000000000000e+00,6.696091807668810007e-10,6.696091795406887266e-10,6.517192242437058053e-03,2.734749501552586892e-01,2.834368127641960788e-06,0.000000000000000000e+00,4.543717832539151402e-14
4.000000000000000000e+00,4.760000000000000000e+03,2.734749534875537957e-01,0.000000000000000000e+00,6.518365602553699567e-03,6.633232476764682116e-10,0.000000000000000000e+00,6.633232476764682116e-10,6.633232464716397379e-10,6.517195574768122786e-03,2.734749534875540178e-01,2.834368162178761901e-06,0.000000000000000000e+00,4.543717832539151402e-14
4.000000000000000000e+00,4.765000000000000000e+03,2.734749567886293198e-01,0.000000000000000000e+00,6.518368903629223610e-03,6.571299320610742305e-10,0.000000000000000000e+00,6.571299320610742305e-10,6.571299312548297661e-10,6.517198875901067043e-03,2.734749567886290422e-01,2.834368196392001510e-06,0.000000000000000000e+00,4.543717832539151402e-14
4.000000000000000000e+00,4.770000000000000000e+03,2.734749600589282403e-01,0.000000000000000000e+00,6.518372173928144164e-03,6.510236523284120089e-10,0.000000000000000000e+00,6.510236523284120089e-10,6.510236507937618096e-10,6.517202146285022007e-03,2.734749600589281848e-01,2.834368230286257829e-06,0.000000000000000000e+00,4.543717832539151402e-14
4.000000000000000000e+00,4.775000000000000000e+03,2.734749632988839885e-01,0.000000000000000000e+00,6.518375413883892300e-03,6.449971953233444476e-10,0.000000000000000000e+00,6.449971953233444476e-10,6.449971943713594446e-10,6.517205386337134899e-03,2.734749632988839330e-01,2.834368263866036225e-06,0.000000000000000000e+00,4.543717832539151402e-14
4.000000000000000000e+00,4.780000000000000000e+03,2.734749665089269977e-01,0.000000000000000000e+00,6.518378623926901483e-03,6.390515843644048702e-10,0.000000000000000000e+00,6.390515843644048702e-10,6.390515832124525730e-10,6.517208596459079205e-03,2.734749665089271642e-01,2.834368297135786163e-06,0.000000000000000000e+00,4.543717832539151402e-14
4.000000000000000000e+00,4.785000000000000000e+03,2.734749696894762105e-01,0.000000000000000000e+00,6.518381804476114372e-03,6.331895955874024777e-10,0.000000000000000000e+00,6.331895955874024777e-10,6.331895943307704740e-10,6.517211777062022551e-03,2.734749696894764326e-01,2.834368330099857156e-06,0.000000000000000000e+00,4.543717832539151402e-14
4.000000000000000000e+00,4.790000000000000000e+03,2.734749728409481273e-01,0.000000000000000000e+00,6.518384955948031134e-03,6.274124783539662008e-10,0.000000000000000000e+00,6.274124783539662008e-10,6.274124773598321063e-10,6.517214928567201769e-03,2.734749728409478498e-01,2.834368362762561451e-06,0.000000000000000000e+00,4.543717832539151402e-14
4.000000000000000000e+00,4.795000000000000000e+03,2.734749759637368771e-01,0.000000000000000000e+00,6.518388078736780944e-03,6.217142675202311341e-10,0.000000000000000000e+00,6.217142675202311341e-10,6.217142662652571106e-10,6.517218051384061038e-03,2.734749759637367106e-01,2.834368395127983439e-06,0.000000000000000000e+00,4.543717832539151402e-14
4.000000000000000000e+00,4.800000000000000000e+03,2.734749790582377549e-01,0.000000000000000000e+00,6.518391173237658709e-03,6.160975051928443625e-10,0.000000000000000000e+00,6.160975051928443625e-10,6.160975036463099559e-10,6.517221145913486280e-03,2.734749790582378104e-01,2.834368427200228689e-06,0.000000000000000000e+00,4.543717832539151402e-14
